source_file,section,no,npd,description,ident,qty,iso,area,flag
6820-R2-61007-01_NOHD-SS02_0.pdf,OTHER THAN SHOP MATERIALS,6,10,PS401-4-28-2,PS401,1.0,6820-R2-61007-01,6820,
6820-R2-61007-01_NOHD-SS02_0.pdf,OTHER THAN SHOP MATERIALS,7,10,PS204-10,PS204,1.0,6820-R2-61007-01,6820,
6820-R2-61019-01_NOHD-SS01_1..pdf,PIPE SUPPORTS,5,8,PS206-8-1,PS206,1.0,6820-R2-61019-01,6820,
6820-R2-61019-02_NOHD-SS01_1.pdf,PIPE SUPPORTS,7,8,PS204-8,PS204,1.0,6820-R2-61019-02,6820,
6820-R2-61019-02_NOHD-SS01_1.pdf,PIPE SUPPORTS,8,8,PS219-3-4-4,PS219,1.0,6820-R2-61019-02,6820,
6820-R2-61021-01_EPCL-SS01_0..pdf,OTHER THAN SHOP MATERIALS,5,3/4,"SBlt 2 HHx N, A193 Gr.B7/A194 Gr.2H, -, Xylan PTFE Coated, - 7.25 in. Length",C6S4K8BR,8.0,6820-R2-61021-01,6820,
6820-R2-61021-01_EPCL-SS01_0..pdf,PIPE SUPPORTS,6,8,PS433-8,PS433,1.0,6820-R2-61021-01,6820,
6820-R2-61021-01_EPCL-SS01_0..pdf,PIPE SUPPORTS,7,8,PS406-2-54.76-48-16,PS406,1.0,6820-R2-61021-01,6820,
6820-R2-61029-01_WWXL-FP01_1..pdf,OTHER THAN SHOP MATERIALS,5,10,"NM Flat Gk, EPDM, 150 Lbs, FF as per ASME B16.5, Full Face, Thk=1/8in, -,",C7V61SDZ,1.0,6820-R2-61029-01,6820,
6820-R2-61029-01_WWXL-FP01_1..pdf,OTHER THAN SHOP MATERIALS,6,7/8,"SBlt 2 HHx N&2W, A193 Gr.B7/A194",C9PNU7FL,12.0,6820-R2-61029-01,6820,
6820-R2-61029-01_WWXL-FP01_1..pdf,PIPE SUPPORTS,8,10,PS-NM122-10-5-WWXL-FP01,PS-NM122,1.0,6820-R2-61029-01,6820,
6820-R2-61029-01_WWXL-FP01_1..pdf,PIPE SUPPORTS,9,10,PS406-2-19.2-20-10,PS406,1.0,6820-R2-61029-01,6820,
6820-R2-61029-01_WWXL-FP01_1..pdf,PIPE SUPPORTS,10,10,PS-NM130-10-WWXL-FP01,PS-NM130,1.0,6820-R2-61029-01,6820,
6820-R2-61029-01_WWXL-FP01_1..pdf,PIPE SUPPORTS,11,10,PS435-B-46-20.75-20.75-1,PS435,1.0,6820-R2-61029-01,6820,
6820-R2-61029-02_WWXL-FP01_1..pdf,OTHER THAN SHOP MATERIALS,11,8,"NM Flat Gk, EPDM, 150 Lbs, FF as per ASME B16.5, Full Face, Thk=1/8in, -,",C7V61SEE,3.0,6820-R2-61029-02,6820,
6820-R2-61029-02_WWXL-FP01_1..pdf,OTHER THAN SHOP MATERIALS,12,2,"NM Flat Gk, EPDM, 150 Lbs, FF as per ASME B16.5, Full Face, Thk=1/8in, -,",C7V61SE4,2.0,6820-R2-61029-02,6820,
6820-R2-61029-02_WWXL-FP01_1..pdf,OTHER THAN SHOP MATERIALS,13,3/4,"SBlt 2 HHx N&2W, A193 Gr.B7/A194 Gr.2H, -, Xylan PTFE Coated, Typ B wsh, - 6 in. Length",C7CT0CKJ,8.0,6820-R2-61029-02,6820,
6820-R2-61029-02_WWXL-FP01_1..pdf,OTHER THAN SHOP MATERIALS,14,3/4,"SBlt 2 HHx N&2W, A193 Gr.B7/A194 Gr.2H, -, Extra 1 Hex nut & 2",C9PNU7E1,8.0,6820-R2-61029-02,6820,
6820-R2-61029-02_WWXL-FP01_1..pdf,OTHER THAN SHOP MATERIALS,15,3/4,"SBlt 2 HHx N&2W, A193 Gr.B7/A194 Gr.2H, -, Extra 1 Hex nut & 2 Lock Wsh, - 13.5 in. Length",C9PNU7C2,8.0,6820-R2-61029-02,6820,
6820-R2-61029-02_WWXL-FP01_1..pdf,OTHER THAN SHOP MATERIALS,16,5/8,"SBlt 2 HHx N&2W, A193 Gr.B7/A194 Gr.2H, -, Xylan PTFE Coated, Typ B wsh, - 4.75 in. Length",C7CT0CGV,8.0,6820-R2-61029-02,6820,
6820-R2-61029-02_WWXL-FP01_1..pdf,OTHER THAN SHOP MATERIALS,17,8,"Plug Flg,SP, Inverted Tapered Plug, Non Lubricated, API 599, ASTM A395 Gr.60-40-18 PFA Lined, 150 Lbs, RF, Ends as per ASME B16.5, -, GO,-, -, Valve Tag: PL-0618",C6SWL10L,1.0,6820-R2-61029-02,6820,
6820-R2-61029-02_WWXL-FP01_1..pdf,OTHER THAN SHOP MATERIALS,18,2,"Plug Flg,SP, Inverted Tapered Plug, Non Lubricated, API 599, ASTM A395 Gr.60-40-18 PFA Lined, 150 Lbs, RF, Ends as per ASME B16.5, -, LO,-, -, Valve Tag: PL-0618",C6SWL10P,1.0,6820-R2-61029-02,6820,
6820-R2-61029-02_WWXL-FP01_1..pdf,PIPE SUPPORTS,19,10,PS407-3-61.17-22-4,PS407,1.0,6820-R2-61029-02,6820,
6820-R2-61029-02_WWXL-FP01_1..pdf,PIPE SUPPORTS,20,10,PS-NM110-10-WWXL-FP01,PS-NM110,1.0,6820-R2-61029-02,6820,
6820-R2-61029-02_WWXL-FP01_1..pdf,PIPE SUPPORTS,21,8,PS-NM102-8-10-6-WWXL-FP01,PS-NM102,1.0,6820-R2-61029-02,6820,
6820-R2-61029-02_WWXL-FP01_1..pdf,PIPE SUPPORTS,22,8,PS412-43.68-16.25,PS412,1.0,6820-R2-61029-02,6820,
6820-R2-61029-02_WWXL-FP01_1..pdf,PIPE SUPPORTS,23,8,PS-NM104-8-6-WWXL-FP01,PS-NM104,1.0,6820-R2-61029-02,6820,
6820-R2-61029-03_WWXL-FP01_1..pdf,OTHER THAN SHOP MATERIALS,5,8,"NM Flat Gk, EPDM, 150 Lbs, FF as per ASME B16.5, Full Face, Thk=1/8in, -,",C7V61SEE,3.0,6820-R2-61029-03,6820,
6820-R2-61029-03_WWXL-FP01_1..pdf,OTHER THAN SHOP MATERIALS,6,2,"NM Flat Gk, EPDM, 150 Lbs, FF as per ASME B16.5, Full Face, Thk=1/8in, -,",C7V61SE4,2.0,6820-R2-61029-03,6820,
6820-R2-61029-03_WWXL-FP01_1..pdf,OTHER THAN SHOP MATERIALS,7,3/4,"SBlt 2 HHx N&2W, A193 Gr.B7/A194 Gr.2H, -, Xylan PTFE Coated, Typ B wsh, - 6 in. Length",C7CT0CKJ,8.0,6820-R2-61029-03,6820,
6820-R2-61029-03_WWXL-FP01_1..pdf,OTHER THAN SHOP MATERIALS,8,3/4,"SBlt 2 HHx N&2W, A193 Gr.B7/A194 Gr.2H, -, Extra 1 Hex nut & 2",C9PNU7E1,8.0,6820-R2-61029-03,6820,
6820-R2-61029-03_WWXL-FP01_1..pdf,OTHER THAN SHOP MATERIALS,9,3/4,"SBlt 2 HHx N&2W, A193 Gr.B7/A194 Gr.2H, -, Extra 1 Hex nut & 2 Lock Wsh, - 13.5 in. Length",C9PNU7C2,8.0,6820-R2-61029-03,6820,
6820-R2-61029-03_WWXL-FP01_1..pdf,OTHER THAN SHOP MATERIALS,10,5/8,"SBlt 2 HHx N&2W, A193 Gr.B7/A194 Gr.2H, -, Xylan PTFE Coated, Typ B wsh, - 4.75 in. Length",C7CT0CGV,8.0,6820-R2-61029-03,6820,
6820-R2-61029-03_WWXL-FP01_1..pdf,OTHER THAN SHOP MATERIALS,11,8,"Plug Flg,SP, Inverted Tapered Plug, Non Lubricated, API 599, ASTM A395 Gr.60-40-18 PFA Lined, 150 Lbs, RF, Ends as per ASME B16.5, -, GO,-, -, Valve Tag: PL-0618",C6SWL10L,1.0,6820-R2-61029-03,6820,
6820-R2-61029-03_WWXL-FP01_1..pdf,OTHER THAN SHOP MATERIALS,12,2,"Plug Flg,SP, Inverted Tapered Plug, Non Lubricated, API 599, ASTM A395 Gr.60-40-18 PFA Lined, 150 Lbs, RF, Ends as per ASME B16.5, -, LO,-, -, Valve Tag: PL-0618",C6SWL10P,1.0,6820-R2-61029-03,6820,
6820-R2-61029-03_WWXL-FP01_1..pdf,PIPE SUPPORTS,13,8,PS412-43.68-16.25,PS412,1.0,6820-R2-61029-03,6820,
6820-R2-61029-03_WWXL-FP01_1..pdf,PIPE SUPPORTS,14,8,PS-NM104-8-6-WWXL-FP01,PS-NM104,1.0,6820-R2-61029-03,6820,
6820-R2-61060-01_WWXL-FP01_1..pdf,OTHER THAN SHOP MATERIALS,6,8,"NM Flat Gk, EPDM, 150 Lbs, FF as per ASME B16.5, Full Face, Thk=1/8in, -,",C7V61SEE,3.0,6820-R2-61060-01,6820,
6820-R2-61060-01_WWXL-FP01_1..pdf,OTHER THAN SHOP MATERIALS,7,2,"NM Flat Gk, EPDM, 150 Lbs, FF as per ASME B16.5, Full Face, Thk=1/8in, -,",C7V61SE4,2.0,6820-R2-61060-01,6820,
6820-R2-61060-01_WWXL-FP01_1..pdf,OTHER THAN SHOP MATERIALS,8,3/4,"SBlt 2 HHx N&2W, A193 Gr.B7/A194 Gr.2H, -, Xylan PTFE Coated, Typ B wsh, - 6 in. Length",C7CT0CKJ,8.0,6820-R2-61060-01,6820,
6820-R2-61060-01_WWXL-FP01_1..pdf,OTHER THAN SHOP MATERIALS,1,3/4,"SBlt 2 HHx N&2W, A193 Gr.B7/A194 Gr.2H, -, Extra 1 Hex nut & 2 Lock Wsh, - 7.5 in. Length",C9PNU7E1,16.0,6820-R2-61060-01,6820,
6820-R2-61060-01_WWXL-FP01_1..pdf,OTHER THAN SHOP MATERIALS,10,5/8,"SBlt 2 HHx N&2W, A193 Gr.B7/A194 Gr.2H, -, Xylan PTFE Coated, Typ B wsh, - 4.75 in. Length",C7CT0CGV,8.0,6820-R2-61060-01,6820,
6820-R2-61060-01_WWXL-FP01_1..pdf,OTHER THAN SHOP MATERIALS,11,8,"Plug Flg,SP, Inverted Tapered Plug, Non Lubricated, API 599, ASTM A395 Gr.60-40-18 PFA Lined, 150 Lbs, RF, Ends as per ASME B16.5, -, GO,-, -, Valve Tag: PL-0618",C6SWL10L,1.0,6820-R2-61060-01,6820,
6820-R2-61060-01_WWXL-FP01_1..pdf,OTHER THAN SHOP MATERIALS,12,2,"Plug Flg,SP, Inverted Tapered Plug, Non Lubricated, API 599, ASTM A395 Gr.60-40-18 PFA Lined, 150 Lbs, RF, Ends as per ASME B16.5, -, LO,-, -, Valve Tag: PL-0618",C6SWL10P,1.0,6820-R2-61060-01,6820,
6820-R2-61060-01_WWXL-FP01_1..pdf,PIPE SUPPORTS,13,8,PS407-2-32.75-20-/,PS407,1.0,6820-R2-61060-01,6820,
6820-R2-61060-01_WWXL-FP01_1..pdf,PIPE SUPPORTS,14,8,PS-NM107-8-6-WWXL-FP01,PS-NM107,1.0,6820-R2-61060-01,6820,
6820-R2-61060-01_WWXL-FP01_1..pdf,PIPE SUPPORTS,15,8,PS407-2-28.69-16-/,PS407,1.0,6820-R2-61060-01,6820,
6820-R2-61060-01_WWXL-FP01_1..pdf,PIPE SUPPORTS,16,8,PS-NM104-8-6-WWXL-FP01,PS-NM104,1.0,6820-R2-61060-01,6820,
6820-R2-67001-01_NOHD-NI01_1..pdf,OTHER THAN SHOP MATERIALS,7,8,"NM Flat Gk, Barium Sulfate filled PTFE, 150 Lbs, RF as per ASME B16.5, -, Thk=1/8in, -,",C6SBWZF4,2.0,6820-R2-67001-01,6820,
6820-R2-67001-01_NOHD-NI01_1..pdf,OTHER THAN SHOP MATERIALS,8,3/4,"SBlt 2 HHx N, A193 Gr.B7/A194 Gr.2H, -, Xylan PTFE Coated, - 4.5 in. Length",C6S4K8BD,8.0,6820-R2-67001-01,6820,
6820-R2-67001-01_NOHD-NI01_1..pdf,OTHER THAN SHOP MATERIALS,9,3/4,"SBlt 2 HHx N, A193 Gr.B7/A194 Gr.2H, -, Xylan PTFE Coated, - 4.75 in. Length",C6S4K8BE,8.0,6820-R2-67001-01,6820,
6820-R2-67001-01_NOHD-NI01_1..pdf,OTHER THAN SHOP MATERIALS,10,8,"Plug Flg,SP, Inverted Tapered Plug, Non Lubricated, API 599, ASTM A494 Gr.CZ100, 150 Lbs, RF, Ends as per ASME B16.5, -, GO,-, -, Valve Tag: PL-0503",C8P7NJK0,1.0,6820-R2-67001-01,6820,
6820-R2-67001-01_NOHD-NI01_1..pdf,PIPE SUPPORTS,11,8,PS413-2-10-16,PS413,1.0,6820-R2-67001-01,6820,
6820-R2-67001-01_NOHD-NI01_1..pdf,PIPE SUPPORTS,12,8,PS902-SH-6820-R2-67001-0001,PS902,1.0,6820-R2-67001-01,6820,
6820-R2-67001-01_NOHD-NI01_1..pdf,PIPE SUPPORTS,13,8,PS430-3-A-46,PS430,2.0,6820-R2-67001-01,6820,
6820-R2-67001-01_NOHD-NI01_1..pdf,PIPE SUPPORTS,14,8,PS406-2-50.25-16-8 1,PS406,1.0,6820-R2-67001-01,6820,
6820-R2-67001-02_NOHD-NI01_0..pdf,OTHER THAN SHOP MATERIALS,9,1,"NM Flat Gk, Barium Sulfate filled PTFE, 150 Lbs, RF as per ASME B16.5, -, Thk=1/8in, -,",C6S4K87F,2.0,6820-R2-67001-02,6820,
6820-R2-67001-02_NOHD-NI01_0..pdf,OTHER THAN SHOP MATERIALS,10,1/2,"SBlt 2 HHx N, A193 Gr.B7/A194 Gr.2H, -, Xylan PTFE Coated, - 2.75 in. Length",C6S4K87U,8.0,6820-R2-67001-02,6820,
6820-R2-67001-02_NOHD-NI01_0..pdf,OTHER THAN SHOP MATERIALS,11,1,"Plug Flg,SP, Inverted Tapered Plug, Non Lubricated, API 599, ASTM B564 UNS N02200, 150 Lbs, RF, Ends as per ASME B16.5, -, LO,-, -, Valve Tag: PL-0503_LO",C8RR9V37,1.0,6820-R2-67001-02,6820,
6820-R2-67001-02_NOHD-NI01_0..pdf,OTHER THAN SHOP MATERIALS,12,1,"Bld Flg, ASME B16.5, ASTM B564 UNS N02200, 150 Lbs, RF, -,",C7T63YAU,1.0,6820-R2-67001-02,6820,
6820-R2-67001-02_NOHD-NI01_0..pdf,PIPE SUPPORTS,13,8,PS406-2-30.62-36-9,PS406,1.0,6820-R2-67001-02,6820,
6820-R2-67001-02_NOHD-NI01_0..pdf,PIPE SUPPORTS,14,8,PS206-8-A1,PS206,1.0,6820-R2-67001-02,6820,
6820-R2-67001-03_NOHD-NI01_1..pdf,OTHER THAN SHOP MATERIALS,7,8,"NM Flat Gk, Barium Sulfate filled PTFE, 150 Lbs, RF as per ASME B16.5, -, Thk=1/8in, -,",C6SBWZF4,2.0,6820-R2-67001-03,6820,
6820-R2-67001-03_NOHD-NI01_1..pdf,OTHER THAN SHOP MATERIALS,8,3/4,"SBlt 2 HHx N, A193 Gr.B7/A194 Gr.2H, -, Xylan PTFE Coated, - 4.5 in. Length",C6S4K8BD,16.0,6820-R2-67001-03,6820,
6820-R2-67001-03_NOHD-NI01_1..pdf,PIPE SUPPORTS,10,8,PS412-20.1875-10,PS412,1.0,6820-R2-67001-03,6820,
6820-R2-67001-04_NOHD-NI01_0..pdf,OTHER THAN SHOP MATERIALS,10,1,"NM Flat Gk, Barium Sulfate filled PTFE, 150 Lbs, RF as per ASME B16.5, -, Thk=1/8in, -,",C6S4K87F,2.0,6820-R2-67001-04,6820,
6820-R2-67001-04_NOHD-NI01_0..pdf,OTHER THAN SHOP MATERIALS,11,1/2,"SBlt 2 HHx N, A193 Gr.B7/A194 Gr.2H, -, Xylan PTFE Coated, - 2.75 in. Length",C6S4K87U,8.0,6820-R2-67001-04,6820,
6820-R2-67001-04_NOHD-NI01_0..pdf,OTHER THAN SHOP MATERIALS,12,1,"Plug Flg,SP, Inverted Tapered Plug, Non Lubricated, API 599, ASTM B564 UNS N02200, 150 Lbs, RF, Ends as per ASME B16.5, -, LO,-, -, Valve Tag: PL-0503_LO",C8RR9V37,1.0,6820-R2-67001-04,6820,
6820-R2-67001-04_NOHD-NI01_0..pdf,OTHER THAN SHOP MATERIALS,13,1,"Bld Flg, ASME B16.5, ASTM B564 UNS N02200, 150 Lbs, RF, -,",C7T63YAU,1.0,6820-R2-67001-04,6820,
6820-R2-67001-04_NOHD-NI01_0..pdf,PIPE SUPPORTS,14,8,PS204-8,PS204,1.0,6820-R2-67001-04,6820,
6820-R2-67001-04_NOHD-NI01_0..pdf,PIPE SUPPORTS,15,8,PS206-8-A1,PS206,1.0,6820-R2-67001-04,6820,
6820-R2-67001-04_NOHD-NI01_0..pdf,PIPE SUPPORTS,16,8,PS406-1-20.02-14-7,PS406,1.0,6820-R2-67001-04,6820,
6820-R2-67001-05_NOHD-NI01_0..pdf,OTHER THAN SHOP MATERIALS,5,8,"NM Flat Gk, Barium Sulfate filled PTFE, 150 Lbs, RF as per ASME B16.5, -, Thk=1/8in, -,",C6SBWZF4,2.0,6820-R2-67001-05,6820,
6820-R2-67001-05_NOHD-NI01_0..pdf,OTHER THAN SHOP MATERIALS,6,3/4,"SBlt 2 HHx N, A193 Gr.B7/A194 Gr.2H, -, Xylan PTFE Coated, - 4.75 in. Length",C6S4K8BE,16.0,6820-R2-67001-05,6820,
6820-R2-67001-05_NOHD-NI01_0..pdf,OTHER THAN SHOP MATERIALS,7,8,"Plug Flg,SP, Inverted Tapered Plug, Non Lubricated, API 599, ASTM A494 Gr.CZ100, 150 Lbs, RF, Ends as per ASME B16.5, -, GO,-, -, Valve Tag: PL-0503",C8P7NJK0,1.0,6820-R2-67001-05,6820,
6820-R2-67001-06_NOHD-NI01_0..pdf,OTHER THAN SHOP MATERIALS,4,8,"NM Flat Gk, Barium Sulfate filled PTFE, 150 Lbs, RF as per ASME B16.5, -, Thk=1/8in, -,",C6SBWZF4,2.0,6820-R2-67001-06,6820,
6820-R2-67001-06_NOHD-NI01_0..pdf,OTHER THAN SHOP MATERIALS,5,3/4,"SBlt 2 HHx N, A193 Gr.B7/A194 Gr.2H, -, Xylan PTFE Coated, - 5.25 in. Length",C6S4K8BG,8.0,6820-R2-67001-06,6820,
6820-R2-67006-01_NOHD-SS03_1..pdf,OTHER THAN SHOP MATERIALS,8,4,PS209-B1,PS209,1.0,6820-R2-67006-01,6820,
6820-R2-67006-01_NOHD-SS03_1..pdf,OTHER THAN SHOP MATERIALS,9,4,PS214-14,PS214,1.0,6820-R2-67006-01,6820,
6820-R2-67006-02_NOHD-SS03_1..pdf,PIPE SUPPORTS,5,4,PS214-12,PS214,2.0,6820-R2-67006-02,6820,
6820-R2-67007-01_SCXL-CS01_2..pdf,OTHER THAN SHOP MATERIALS,5,8,"NM Flat Gk, Barium Sulfate filled PTFE, 300 Lbs, RF as per ASME B16.5, Full Face, Thk=1/8in, -,",C7CX7CSU,1.0,6820-R2-67007-01,6820,
6820-R2-67007-01_SCXL-CS01_2..pdf,OTHER THAN SHOP MATERIALS,6,7/8,"SBlt 2 HHx N, A193 Gr.B7/A194 Gr.2H, -, Xylan PTFE Coated, - 5.75 in. Length",C6S4K8CX,12.0,6820-R2-67007-01,6820,
6820-R2-67007-01_SCXL-CS01_2..pdf,PIPE SUPPORTS,7,8,PS413-2-10-14,PS413,2.0,6820-R2-67007-01,6820,
6820-R2-67007-01_SCXL-CS01_2..pdf,PIPE SUPPORTS,8,8,PS406-2-52.37-17-8.5,PS406,1.0,6820-R2-67007-01,6820,
6820-R2-67007-01_SCXL-CS01_2..pdf,PIPE SUPPORTS,9,8,PS206-8-1 2,PS206,1.0,6820-R2-67007-01,6820,
6820-R2-67007-03_SCXL-CS01_0..pdf,OTHER THAN SHOP MATERIALS,5,8,"NM Flat Gk, Barium Sulfate filled PTFE, 150 Lbs, RF as per ASME B16.5, Full Face, Thk=1/8in, -,",C7CT1ZG2,1.0,6820-R2-67007-03,6820,
6820-R2-67007-03_SCXL-CS01_0..pdf,OTHER THAN SHOP MATERIALS,6,3/4,"SBlt 2 HHx N, A193 Gr.B7/A194 Gr.2H, -, Xylan PTFE Coated, - 4.5 in. Length",C6S4K8BD,8.0,6820-R2-67007-03,6820,
6820-R2-67007-03_SCXL-CS01_0..pdf,PIPE SUPPORTS,7,8,PS206-8-1,PS206,1.0,6820-R2-67007-03,6820,
6820-R2-67007-03_SCXL-CS01_0..pdf,PIPE SUPPORTS,8,8,PS406-1-60-20-8,PS406,1.0,6820-R2-67007-03,6820,
6820-R2-67008-01_EPCW-CS01_1..pdf,OTHER THAN SHOP MATERIALS,6,4,"NM Flat Gk, Barium Sulfate filled PTFE, 300 Lbs, RF as per ASME B16.5, Full Face, Thk=1/8in, -,",C7CX7CSR,1.0,6820-R2-67008-01,6820,
6820-R2-67008-01_EPCW-CS01_1..pdf,OTHER THAN SHOP MATERIALS,7,4,"NM Flat Gk, Barium Sulfate filled PTFE, 150 Lbs, RF as per ASME B16.5, Full Face, Thk=1/8in, -,",C7CT1ZFZ,2.0,6820-R2-67008-01,6820,
6820-R2-67008-01_EPCW-CS01_1..pdf,OTHER THAN SHOP MATERIALS,8,3/4,"SBlt 2 HHx N, A193 Gr.B7/A194 Gr.2H, -, Xylan PTFE Coated, - 4.5 in. Length",C6S4K8BD,8.0,6820-R2-67008-01,6820,
6820-R2-67008-01_EPCW-CS01_1..pdf,OTHER THAN SHOP MATERIALS,9,5/8,"SBlt 2 HHx N, A193 Gr.B7/A194 Gr.2H, -, Xylan PTFE Coated, - 3.75 in. Length",C6S4K88S,16.0,6820-R2-67008-01,6820,
6820-R2-67008-01_EPCW-CS01_1..pdf,OTHER THAN SHOP MATERIALS,10,4,"Glo Flg, API 623, ASTM A216 Gr.WCB,150 Lbs, RF, Ends as per ASME B16.5, HO,-, Valve Tag: GL-0627",C84KV7D0,1.0,6820-R2-67008-01,6820,
6820-R2-67008-01_EPCW-CS01_1..pdf,PIPE SUPPORTS,11,4,PS404-1-40.75-10-10 1,PS404,1.0,6820-R2-67008-01,6820,
6820-R2-67008-02_EPCW-CS01_1..pdf,PIPE SUPPORTS,6,4,PS204-4,PS204,2.0,6820-R2-67008-02,6820,
6820-R2-67008-02_EPCW-CS01_1..pdf,PIPE SUPPORTS,7,4,PS434-C-2-26.19-16.71-6,PS434,1.0,6820-R2-67008-02,6820,
6820-R2-67008-03_EPCW-CS01_1..pdf,OTHER THAN SHOP MATERIALS,9,4,"NM Flat Gk, Barium Sulfate filled PTFE, 150 Lbs, RF as per ASME B16.5, Full Face, Thk=1/8in, -,",C7CT1ZFZ,3.0,6820-R2-67008-03,6820,
6820-R2-67008-03_EPCW-CS01_1..pdf,OTHER THAN SHOP MATERIALS,11,5/8,"SBlt 2 HHx N, A193 Gr.B7/A194 Gr.2H, -, Xylan PTFE Coated, - 3.75 in. Length",C6S4K88S,24.0,6820-R2-67008-03,6820,
6820-R2-67008-03_EPCW-CS01_1..pdf,OTHER THAN SHOP MATERIALS,12,1/2,"SBlt 2 HHx N, A193 Gr.B7/A194 Gr.2H, -, Xylan PTFE Coated, - 3 in. Length",C6S4K87V,4.0,6820-R2-67008-03,6820,
6820-R2-67008-03_EPCW-CS01_1..pdf,OTHER THAN SHOP MATERIALS,13,4,"Glo Flg, API 623, ASTM A216 Gr.WCB,150 Lbs, RF, Ends as per ASME B16.5, HO,-, Valve Tag: GL-0627",C84KV7D0,1.0,6820-R2-67008-03,6820,
6820-R2-67008-03_EPCW-CS01_1..pdf,PIPE SUPPORTS,15,4,PS406-2-35.51-24-12,PS406,1.0,6820-R2-67008-03,6820,
6820-R2-67008-03_EPCW-CS01_1..pdf,PIPE SUPPORTS,16,4,PS902-SH-6820-R2-67008-0001,PS902,1.0,6820-R2-67008-03,6820,
6820-R2-67008-03_EPCW-CS01_1..pdf,PIPE SUPPORTS,17,4,PS431-A1-16 1,PS431,1.0,6820-R2-67008-03,6820,
6820-R2-67008-04_EPCW-CS01_1..pdf,OTHER THAN SHOP MATERIALS,2,2,"Pipes, Seamless, ASME B36.10, ASTM ' A106 Gr.B, NPTM Ends, w/ coupling, -, S-XS",CEZCLWH,20.7,6820-R2-67008-04,6820,
6820-R2-67008-04_EPCW-CS01_1..pdf,OTHER THAN SHOP MATERIALS,3,2,"45° Elb, ASME B16.11, ASTM A105N, 3000 Lbs, NPTF Ends, -,",C5PKSACZ,1.0,6820-R2-67008-04,6820,
6820-R2-67008-04_EPCW-CS01_1..pdf,OTHER THAN SHOP MATERIALS,4,2,"90° Elb, ASME B16.11, ASTM A105N, 3000 Lbs, NPTF Ends, -,",C5PKSAD1,2.0,6820-R2-67008-04,6820,
6820-R2-67008-04_EPCW-CS01_1..pdf,PIPE SUPPORTS,5,2,PS719-H-10-18-4,PS719,3.0,6820-R2-67008-04,6820,
6820-R2-67008-04_EPCW-CS01_1..pdf,PIPE SUPPORTS,6,2,"PS204-2 TYPE: INSUL THK: SHOP: FIELD: PAINT CODE: MODULE: V Per LDT Per LDT N Y Per LDT - P&ID: 202998C-001-PID-0021-0320 UNIT#: EWP AREA: SPEC: STRESS CALC #: 6800 6820 EPCW-CS01 CN-0383 LINE No. 2""-R2-67008-EPCW-CS01-H Battleground DRAWING NUMBER REV. 6820-R2-67008-04 *6820-R2-67008-04*",PS204,3.0,6820-R2-67008-04,6820,
6820-R2-67008-05_EPCW-CS01_1..pdf,OTHER THAN SHOP MATERIALS,2,2,"Pipes, Seamless, ASME B36.10, ASTM ' A106 Gr.B, NPTM Ends, w/ coupling, -, S-XS",CEZCLWH,11.3,6820-R2-67008-05,6820,
6820-R2-67008-05_EPCW-CS01_1..pdf,OTHER THAN SHOP MATERIALS,3,2,"90° Elb, ASME B16.11, ASTM A105N, 3000 Lbs, NPTF Ends, -,",C5PKSAD1,4.0,6820-R2-67008-05,6820,
6820-R2-67008-05_EPCW-CS01_1..pdf,OTHER THAN SHOP MATERIALS,4,2,"THD Flg, ASME B16.5, ASTM A105N, 150 Lbs, RF/NPTF End, -,",C56FCLX2,2.0,6820-R2-67008-05,6820,
6820-R2-67008-05_EPCW-CS01_1..pdf,OTHER THAN SHOP MATERIALS,5,2,"NM Flat Gk, Barium Sulfate filled PTFE, 150 Lbs, RF as per ASME B16.5, Full Face, Thk=1/8in, -,",C7CT1ZFS,2.0,6820-R2-67008-05,6820,
6820-R2-67008-05_EPCW-CS01_1..pdf,OTHER THAN SHOP MATERIALS,6,5/8,"SBlt 2 HHx N, A193 Gr.B7/A194 Gr.2H, -, Xylan PTFE Coated, - 3.5 in. Length",C6S4K88R,8.0,6820-R2-67008-05,6820,
6820-R2-67008-05_EPCW-CS01_1..pdf,OTHER THAN SHOP MATERIALS,7,2,"Glo Flg, API 623, ASTM A216 Gr.WCB,150 Lbs, RF, Ends as per ASME B16.5, HO,-, Valve Tag: GL-0627",C84KV7CX,1.0,6820-R2-67008-05,6820,
6820-R2-67008-05_EPCW-CS01_1..pdf,PIPE SUPPORTS,8,2,PS434-A-3-30.86-14-7,PS434,1.0,6820-R2-67008-05,6820,
6820-R2-67008-05_EPCW-CS01_1..pdf,PIPE SUPPORTS,9,2,PS205-A,PS205,1.0,6820-R2-67008-05,6820,
6820-R2-67008-05_EPCW-CS01_1..pdf,PIPE SUPPORTS,10,2,"PS413-1-12-8 TYPE: INSUL THK: SHOP: FIELD: PAINT CODE: MODULE: V Per LDT Per LDT N Y Per LDT - P&ID: 202998C-001-PID-0021-0320 UNIT#: EWP AREA: SPEC: STRESS CALC #: 6800 6820 EPCW-CS01 CN-0383 LINE No. 2""-R2-67008-EPCW-CS01-H Battleground DRAWING NUMBER REV. 6820-R2-67008-05 *6820-R2-67008-05*",PS413,1.0,6820-R2-67008-05,6820,
6820-R2-67011-01_EPCW-CS01_1..pdf,OTHER THAN SHOP MATERIALS,4,2,"Pipes, Seamless, ASME B36.10, ASTM ' A106 Gr.B, NPTM Ends, w/ coupling, -, S-XS",CEZCLWH,23.8,6820-R2-67011-01,6820,
6820-R2-67011-01_EPCW-CS01_1..pdf,OTHER THAN SHOP MATERIALS,5,2,"90° Elb, ASME B16.11, ASTM A105N, 3000 Lbs, NPTF Ends, -,",C5PKSAD1,5.0,6820-R2-67011-01,6820,
6820-R2-67011-01_EPCW-CS01_1..pdf,OTHER THAN SHOP MATERIALS,6,2,"THD Flg, ASME B16.5, ASTM A105N, 300 Lbs, RF/NPTF End, -,",C66PJZHA,1.0,6820-R2-67011-01,6820,
6820-R2-67011-01_EPCW-CS01_1..pdf,OTHER THAN SHOP MATERIALS,7,2,"THD Flg, ASME B16.5, ASTM A105N, 150 Lbs, RF/NPTF End, -,",C56FCLX2,2.0,6820-R2-67011-01,6820,
6820-R2-67011-01_EPCW-CS01_1..pdf,OTHER THAN SHOP MATERIALS,8,2,"NM Flat Gk, Barium Sulfate filled PTFE, 300 Lbs, RF as per ASME B16.5, Full Face, Thk=1/8in, -,",C7CX7CSL,1.0,6820-R2-67011-01,6820,
6820-R2-67011-01_EPCW-CS01_1..pdf,OTHER THAN SHOP MATERIALS,9,2,"NM Flat Gk, Barium Sulfate filled PTFE, 150 Lbs, RF as per ASME B16.5, Full Face, Thk=1/8in, -,",C7CT1ZFS,2.0,6820-R2-67011-01,6820,
6820-R2-67011-01_EPCW-CS01_1..pdf,OTHER THAN SHOP MATERIALS,10,5/8,"SBlt 2 HHx N, A193 Gr.B7/A194 Gr.2H, -, Xylan PTFE Coated, - 3.5 in. Length",C6S4K88R,16.0,6820-R2-67011-01,6820,
6820-R2-67011-01_EPCW-CS01_1..pdf,OTHER THAN SHOP MATERIALS,11,2,"Glo Flg, API 623, ASTM A216 Gr.WCB,150 Lbs, RF, Ends as per ASME B16.5, HO,-, Valve Tag: GL-0627 1",C84KV7CX,1.0,6820-R2-67011-01,6820,
6820-R2-67011-01_EPCW-CS01_1..pdf,PIPE SUPPORTS,12,2,PS434-C-3-10.71-12-6.81,PS434,1.0,6820-R2-67011-01,6820,
6820-R2-67011-01_EPCW-CS01_1..pdf,PIPE SUPPORTS,13,2,PS206-2-1,PS206,1.0,6820-R2-67011-01,6820,
6820-R2-67011-01_EPCW-CS01_1..pdf,PIPE SUPPORTS,14,2,PS204-2,PS204,3.0,6820-R2-67011-01,6820,
6820-R2-67011-01_EPCW-CS01_1..pdf,PIPE SUPPORTS,15,2,PS902-SH-6820-R2-67011-0001,PS902,1.0,6820-R2-67011-01,6820,
6820-R2-67011-01_EPCW-CS01_1..pdf,PIPE SUPPORTS,16,2,PS434-C-3-44.14-12-6,PS434,1.0,6820-R2-67011-01,6820,
6820-R2-67011-01_EPCW-CS01_1..pdf,PIPE SUPPORTS,17,2,PS434-C-3-26-12-6 1,PS434,1.0,6820-R2-67011-01,6820,
6820-R2-67011-01_EPCW-CS01_1..pdf,PIPE SUPPORTS,18,2,"PS434-C-3-26-13-6 TYPE: INSUL THK: SHOP: FIELD: PAINT CODE: MODULE: V Per LDT Per LDT Y Y Per LDT - P&ID: 202998C-001-PID-0021-0320 UNIT#: EWP AREA: SPEC: STRESS CALC #: 6800 6820 EPCW-CS01 CN-0383 LINE No. 2""-R2-67011-EPCW-CS01-H Battleground DRAWING NUMBER REV. 6820-R2-67011-01 *6820-R2-67011-01*",PS434,1.0,6820-R2-67011-01,6820,
6820-R2-67012-01_NOHD-SS03_0..pdf,OTHER THAN SHOP MATERIALS,11,1,"NM Flat Gk, Barium Sulfate filled PTFE, 150 Lbs, RF as per ASME B16.5, -, Thk=1/8in, -,",C6S4K87F,3.0,6820-R2-67012-01,6820,
6820-R2-67012-01_NOHD-SS03_0..pdf,OTHER THAN SHOP MATERIALS,12,1/2,"SBlt 2 HHx N, A193 Gr.B7/A194 Gr.2H, -, Xylan PTFE Coated, - 2.75 in. Length",C6S4K87U,12.0,6820-R2-67012-01,6820,
6820-R2-67012-01_NOHD-SS03_0..pdf,OTHER THAN SHOP MATERIALS,13,1,"Plug Flg,SP, Tapered Plug, Non Lubricated, API 599, ASTM A351 Gr.CF8M, 150 Lbs, RF, Ends as per ASME B16.5, -, LO,-, -, Valve Tag: PL-0548",C76KHSRR,2.0,6820-R2-67012-01,6820,
6820-R2-67012-01_NOHD-SS03_0..pdf,PIPE SUPPORTS,14,1,PS433-1,PS433,2.0,6820-R2-67012-01,6820,
6820-R2-67012-01_NOHD-SS03_0..pdf,PIPE SUPPORTS,15,1,PS709-B-20.84-8,PS709,1.0,6820-R2-67012-01,6820,
6820-R2-67012-01_NOHD-SS03_0..pdf,PIPE SUPPORTS,16,1,PS201-1-S,PS201,1.0,6820-R2-67012-01,6820,
6820-R2-67012-01_NOHD-SS03_0..pdf,PIPE SUPPORTS,17,1,PS719-B-5-6.69-/,PS719,1.0,6820-R2-67012-01,6820,
6820-R2-67012-02_NOHD-SS03_1..pdf,PIPE SUPPORTS,4,1,PS433-1,PS433,1.0,6820-R2-67012-02,6820,
6820-R2-67012-02_NOHD-SS03_1..pdf,PIPE SUPPORTS,5,1,PS709-A-37.84-13,PS709,1.0,6820-R2-67012-02,6820,
6820-R2-67012-02_NOHD-SS03_1..pdf,PIPE SUPPORTS,6,1,PS201-1-S,PS201,1.0,6820-R2-67012-02,6820,
6820-R2-67012-02_NOHD-SS03_1..pdf,PIPE SUPPORTS,7,1,PS212-1,PS212,1.0,6820-R2-67012-02,6820,
6820-R2-67012-02_NOHD-SS03_1..pdf,PIPE SUPPORTS,8,1,PS201-0.75,PS201,1.0,6820-R2-67012-02,6820,
6820-R2-67013-01_SLPG-CS01_0..pdf,OTHER THAN SHOP MATERIALS,4,10,"NM Flat Gk, Aramid Fiber Reinforced SBR, 150 Lbs, RF as per ASME B16.5, -, Thk=1/8in, -,",C7SMNYW4,1.0,6820-R2-67013-01,6820,
6820-R2-67013-01_SLPG-CS01_0..pdf,PIPE SUPPORTS,5,12,PS433-12,PS433,1.0,6820-R2-67013-01,6820,
6820-R2-67013-01_SLPG-CS01_0..pdf,PIPE SUPPORTS,6,12,PS203-12,PS203,1.0,6820-R2-67013-01,6820,
6820-R2-67014-01_SCXL-CS01_0..pdf,PIPE SUPPORTS,5,1,PS212-1,PS212,1.0,6820-R2-67014-01,6820,
6820-R2-67014-01_SCXL-CS01_0..pdf,PIPE SUPPORTS,6,1,PS213-1,PS213,1.0,6820-R2-67014-01,6820,
6820-R2-67014-02_SCXL-CS01_0..pdf,PIPE SUPPORTS,4,1,PS709-B-20.20-8,PS709,1.0,6820-R2-67014-02,6820,
6820-R2-67014-02_SCXL-CS01_0..pdf,PIPE SUPPORTS,5,1,PS433-1,PS433,2.0,6820-R2-67014-02,6820,
6820-R2-67014-02_SCXL-CS01_0..pdf,PIPE SUPPORTS,6,1,PS719-H-23.11-12-4,PS719,1.0,6820-R2-67014-02,6820,
6820-R2-67014-03_SCXL-CS01_0..pdf,PIPE SUPPORTS,4,1,PS709-B-11.34-10,PS709,2.0,6820-R2-67014-03,6820,
6820-R2-67014-03_SCXL-CS01_0..pdf,PIPE SUPPORTS,5,1,PS213-1,PS213,1.0,6820-R2-67014-03,6820,
6820-R2-67014-03_SCXL-CS01_0..pdf,PIPE SUPPORTS,6,1,PS212-1,PS212,1.0,6820-R2-67014-03,6820,
6820-R2-67014-03_SCXL-CS01_0..pdf,PIPE SUPPORTS,7,1,PS433-1,PS433,3.0,6820-R2-67014-03,6820,
6820-R2-67014-03_SCXL-CS01_0..pdf,PIPE SUPPORTS,8,1,PS709-A-21.02-10,PS709,3.0,6820-R2-67014-03,6820,
6820-R2-67014-03_SCXL-CS01_0..pdf,PIPE SUPPORTS,9,1,PS201-1,PS201,1.0,6820-R2-67014-03,6820,
6820-R2-67017-01_EPCW-CS01_0..pdf,OTHER THAN SHOP MATERIALS,1,2,"Pipes, Seamless, ASME B36.10, ASTM ' A106 Gr.B, NPTM Ends, w/ coupling, -, S-XS",CEZCLWH,32.0,6820-R2-67017-01,6820,
6820-R2-67017-01_EPCW-CS01_0..pdf,OTHER THAN SHOP MATERIALS,2,2,"90° Elb, ASME B16.11, ASTM A105N, 3000 Lbs, NPTF Ends, -,",C5PKSAD1,5.0,6820-R2-67017-01,6820,
6820-R2-67017-01_EPCW-CS01_0..pdf,OTHER THAN SHOP MATERIALS,3,2,"THD Flg, ASME B16.5, ASTM A105N, 150 Lbs, RF/NPTF End, -,",C56FCLX2,1.0,6820-R2-67017-01,6820,
6820-R2-67017-01_EPCW-CS01_0..pdf,OTHER THAN SHOP MATERIALS,4,2,"NM Flat Gk, Barium Sulfate filled PTFE, 150 Lbs, RF as per ASME B16.5, Full Face, Thk=1/8in, -,",C7CT1ZFS,1.0,6820-R2-67017-01,6820,
6820-R2-67017-01_EPCW-CS01_0..pdf,OTHER THAN SHOP MATERIALS,5,5/8,"SBlt 2 HHx N, A193 Gr.B7/A194 Gr.2H, -, Xylan PTFE Coated, - 3.5 in. Length",C6S4K88R,4.0,6820-R2-67017-01,6820,
6820-R2-67017-01_EPCW-CS01_0..pdf,PIPE SUPPORTS,6,2,PS101-2-12-4-1,PS101,3.0,6820-R2-67017-01,6820,
6820-R2-67017-01_EPCW-CS01_0..pdf,PIPE SUPPORTS,7,2,PS719-H-15.87-14.50-4,PS719,1.0,6820-R2-67017-01,6820,
6820-R2-67017-01_EPCW-CS01_0..pdf,PIPE SUPPORTS,8,2,PS205-A,PS205,1.0,6820-R2-67017-01,6820,
6820-R2-67017-01_EPCW-CS01_0..pdf,PIPE SUPPORTS,9,2,"PS709-B-6.92-8 TYPE: INSUL THK: SHOP: FIELD: PAINT CODE: MODULE: L Per LDT Per LDT N Y Per LDT - P&ID: 202998C-001-PID-0021-0321 UNIT#: EWP AREA: SPEC: STRESS CALC #: 6800 6820 EPCW-CS01 - LINE No. 2""-R2-67017-EPCW-CS01-H Battleground DRAWING NUMBER REV. 6820-R2-67017-01 *6820-R2-67017-01*",PS709,1.0,6820-R2-67017-01,6820,
6820-R2-67017-02_EPCW-CS01_0..pdf,OTHER THAN SHOP MATERIALS,1,2,"Pipes, Seamless, ASME B36.10, ASTM ' A106 Gr.B, NPTM Ends, w/ coupling, -, S-XS",CEZCLWH,24.1,6820-R2-67017-02,6820,
6820-R2-67017-02_EPCW-CS01_0..pdf,OTHER THAN SHOP MATERIALS,2,2,"90° Elb, ASME B16.11, ASTM A105N, 3000 Lbs, NPTF Ends, -,",C5PKSAD1,3.0,6820-R2-67017-02,6820,
6820-R2-67017-02_EPCW-CS01_0..pdf,OTHER THAN SHOP MATERIALS,3,2,"THD Flg, ASME B16.5, ASTM A105N, 300 Lbs, RF/NPTF End, -,",C66PJZHA,1.0,6820-R2-67017-02,6820,
6820-R2-67017-02_EPCW-CS01_0..pdf,OTHER THAN SHOP MATERIALS,4,2,"NM Flat Gk, Barium Sulfate filled PTFE, 300 Lbs, RF as per ASME B16.5, Full Face, Thk=1/8in, -,",C7CX7CSL,1.0,6820-R2-67017-02,6820,
6820-R2-67017-02_EPCW-CS01_0..pdf,OTHER THAN SHOP MATERIALS,5,5/8,"SBlt 2 HHx N, A193 Gr.B7/A194 Gr.2H, -, Xylan PTFE Coated, - 3.5 in. Length",C6S4K88R,8.0,6820-R2-67017-02,6820,
6820-R2-67017-02_EPCW-CS01_0..pdf,PIPE SUPPORTS,6,2,PS101-2-12-4-1,PS101,3.0,6820-R2-67017-02,6820,
6820-R2-67017-02_EPCW-CS01_0..pdf,PIPE SUPPORTS,7,2,PS719-B-21.29-8.81-4,PS719,1.0,6820-R2-67017-02,6820,
6820-R2-67017-02_EPCW-CS01_0..pdf,PIPE SUPPORTS,8,2,PS204-2,PS204,1.0,6820-R2-67017-02,6820,
6820-R2-67017-02_EPCW-CS01_0..pdf,PIPE SUPPORTS,9,2,PS719-H-20.99-14-4,PS719,1.0,6820-R2-67017-02,6820,
6820-R2-67017-02_EPCW-CS01_0..pdf,PIPE SUPPORTS,10,2,"PS719-H-25.05-6-4 TYPE: INSUL THK: SHOP: FIELD: PAINT CODE: MODULE: L Per LDT Per LDT N Y Per LDT - P&ID: 202998C-001-PID-0021-0321 UNIT#: EWP AREA: SPEC: STRESS CALC #: 6800 6820 EPCW-CS01 - LINE No. 2""-R2-67017-EPCW-CS01-H Battleground DRAWING NUMBER REV. 6820-R2-67017-02 *6820-R2-67017-02*",PS719,1.0,6820-R2-67017-02,6820,
6820-R2-67018-01_SCXL-CS02_0..pdf,OTHER THAN SHOP MATERIALS,10,1,"Plug, Solid Round Head Type, ASME B16.11, ASTM A105N, NPTM End, -,",CBBPLK4,1.0,6820-R2-67018-01,6820,
6820-R2-67018-01_SCXL-CS02_0..pdf,OTHER THAN SHOP MATERIALS,11,6,"NM Flat Gk, Barium Sulfate filled PTFE, 300 Lbs, RF as per ASME B16.5, Full Face, Thk=1/8in, -,",C7CX7CST,1.0,6820-R2-67018-01,6820,
6820-R2-67018-01_SCXL-CS02_0..pdf,OTHER THAN SHOP MATERIALS,12,3,"NM Flat Gk, Barium Sulfate filled PTFE, 300 Lbs, RF as per ASME B16.5, Full Face, Thk=1/8in, -,",C7CX7CSN,1.0,6820-R2-67018-01,6820,
6820-R2-67018-01_SCXL-CS02_0..pdf,OTHER THAN SHOP MATERIALS,13,3/4,"SBlt 2 HHx N, A193 Gr.B7/A194 Gr.2H, -, Xylan PTFE Coated, - 4.25 in. Length",C6S4K8BC,8.0,6820-R2-67018-01,6820,
6820-R2-67018-01_SCXL-CS02_0..pdf,OTHER THAN SHOP MATERIALS,14,3/4,"SBlt 2 HHx N, A193 Gr.B7/A194 Gr.2H, -, Xylan PTFE Coated, - 5 in. Length",C6S4K8BF,12.0,6820-R2-67018-01,6820,
6820-R2-67018-01_SCXL-CS02_0..pdf,OTHER THAN SHOP MATERIALS,15,1,"Gat Fem, API 602, ASTM A105N,800 Lbs, NPTF Ends, HO,-, Valve Tag: GA-0120",C76SPABV,1.0,6820-R2-67018-01,6820,
6820-R2-67018-01_SCXL-CS02_0..pdf,PIPE SUPPORTS,16,6,PS209-B1,PS209,1.0,6820-R2-67018-01,6820,
6820-R2-67018-01_SCXL-CS02_0..pdf,PIPE SUPPORTS,17,6,PS407-2-17.97-10-/,PS407,1.0,6820-R2-67018-01,6820,
6820-R2-67018-01_SCXL-CS02_0..pdf,PIPE SUPPORTS,18,6,PS413-2-14-10,PS413,1.0,6820-R2-67018-01,6820,
6820-R2-67018-01_SCXL-CS02_0..pdf,PIPE SUPPORTS,19,6,PS219-1-3-3,PS219,1.0,6820-R2-67018-01,6820,
6820-R2-67018-02_SCXL-CS02_0..pdf,OTHER THAN SHOP MATERIALS,8,1,"Plug, Solid Round Head Type, ASME B16.11, ASTM A105N, NPTM End, -,",CBBPLK4,1.0,6820-R2-67018-02,6820,
6820-R2-67018-02_SCXL-CS02_0..pdf,OTHER THAN SHOP MATERIALS,10,3/4,"SBlt 2 HHx N, A193 Gr.B7/A194 Gr.2H, -, Xylan PTFE Coated, - 3.5 in. Length",C6S4K8B9,4.0,6820-R2-67018-02,6820,
6820-R2-67018-02_SCXL-CS02_0..pdf,OTHER THAN SHOP MATERIALS,11,3/4,"SBlt 2 HHx N, A193 Gr.B7/A194 Gr.2H, -, Xylan PTFE Coated, - 4.25 in. Length",C6S4K8BC,4.0,6820-R2-67018-02,6820,
6820-R2-67018-02_SCXL-CS02_0..pdf,OTHER THAN SHOP MATERIALS,13,1,"Gat Fem, API 602, ASTM A105N,800 Lbs, NPTF Ends, HO,-, Valve Tag: GA-0120",C76SPABV,1.0,6820-R2-67018-02,6820,
6820-R2-67018-03_SCXL-CS02_0..pdf,OTHER THAN SHOP MATERIALS,8,1,"Plug, Solid Round Head Type, ASME B16.11, ASTM A105N, NPTM End, -,",CBBPLK4,1.0,6820-R2-67018-03,6820,
6820-R2-67018-03_SCXL-CS02_0..pdf,OTHER THAN SHOP MATERIALS,9,6,"NM Flat Gk, Barium Sulfate filled PTFE, 300 Lbs, RF as per ASME B16.5, Full Face, Thk=1/8in, -,",C7CX7CST,2.0,6820-R2-67018-03,6820,
6820-R2-67018-03_SCXL-CS02_0..pdf,OTHER THAN SHOP MATERIALS,10,3/4,"SBlt 2 HHx N, A193 Gr.B7/A194 Gr.2H, -, Xylan PTFE Coated, - 5 in. Length",C6S4K8BF,24.0,6820-R2-67018-03,6820,
6820-R2-67018-03_SCXL-CS02_0..pdf,OTHER THAN SHOP MATERIALS,11,6,"SwgChk Flg, API 594, ASTM A216 Gr.WCB,300 Lbs, RF, Ends as per ASME B16.5,-, Valve Tag: CH-1193",C99ZZ9E8,1.0,6820-R2-67018-03,6820,
6820-R2-67018-03_SCXL-CS02_0..pdf,OTHER THAN SHOP MATERIALS,12,1,"Gat Fem, API 602, ASTM A105N,800 Lbs, NPTF Ends, HO,-, Valve Tag: GA-0120",C76SPABV,1.0,6820-R2-67018-03,6820,
6820-R2-67018-03_SCXL-CS02_0..pdf,PIPE SUPPORTS,13,6,PS219-1-3-3,PS219,1.0,6820-R2-67018-03,6820,
6820-R2-67018-03_SCXL-CS02_0..pdf,PIPE SUPPORTS,14,6,PS214-16,PS214,1.0,6820-R2-67018-03,6820,
6820-R2-67018-03_SCXL-CS02_0..pdf,PIPE SUPPORTS,15,6,PS209-B2,PS209,1.0,6820-R2-67018-03,6820,
6820-R2-67018-04_SCXL-CS02_0..pdf,OTHER THAN SHOP MATERIALS,6,6,"NM Flat Gk, Barium Sulfate filled PTFE, 300 Lbs, RF as per ASME B16.5, Full Face, Thk=1/8in, -,",C7CX7CST,2.0,6820-R2-67018-04,6820,
6820-R2-67018-04_SCXL-CS02_0..pdf,OTHER THAN SHOP MATERIALS,7,3/4,"SBlt 2 HHx N, A193 Gr.B7/A194 Gr.2H, -, Xylan PTFE Coated, - 5 in. Length",C6S4K8BF,24.0,6820-R2-67018-04,6820,
6820-R2-67018-04_SCXL-CS02_0..pdf,OTHER THAN SHOP MATERIALS,8,6,"Gat Flg, -, API 600, ASTM A216 Gr.WCB,300 Lbs, RF, Ends as per ASME B16.5, HO,-, Valve Tag: GA-1192",C99ZZ9EJ,1.0,6820-R2-67018-04,6820,
6820-R2-67018-04_SCXL-CS02_0..pdf,PIPE SUPPORTS,9,6,PS204-6,PS204,1.0,6820-R2-67018-04,6820,
6820-R2-67018-05_SCXL-CS02_0.pdf,PIPE SUPPORTS,6,6,PS204-6,PS204,3.0,6820-R2-67018-05,6820,
6820-R2-67018-05_SCXL-CS02_0.pdf,PIPE SUPPORTS,7,6,PS406-3-28.52-39-13.1,PS406,1.0,6820-R2-67018-05,6820,
6820-R2-67018-05_SCXL-CS02_0.pdf,PIPE SUPPORTS,8,6,PS406-2-30.52-54-28,PS406,1.0,6820-R2-67018-05,6820,
6820-R2-67018-05_SCXL-CS02_0.pdf,PIPE SUPPORTS,9,6,PS206-6-1,PS206,1.0,6820-R2-67018-05,6820,
6820-R2-67018-06_SCXL-CS02_1..pdf,OTHER THAN SHOP MATERIALS,10,1,"Plug, Solid Round Head Type, ASME B16.11, ASTM A105N, NPTM End, -,",CBBPLK4,1.0,6820-R2-67018-06,6820,
6820-R2-67018-06_SCXL-CS02_1..pdf,OTHER THAN SHOP MATERIALS,11,6,"NM Flat Gk, Barium Sulfate filled PTFE, 300 Lbs, RF as per ASME B16.5, Full Face, Thk=1/8in, -,",C7CX7CST,2.0,6820-R2-67018-06,6820,
6820-R2-67018-06_SCXL-CS02_1..pdf,OTHER THAN SHOP MATERIALS,12,3/4,"SBlt 2 HHx N, A193 Gr.B7/A194 Gr.2H, -, Xylan PTFE Coated, - 5 in. Length",C6S4K8BF,24.0,6820-R2-67018-06,6820,
6820-R2-67018-06_SCXL-CS02_1..pdf,OTHER THAN SHOP MATERIALS,13,6,"Gat Flg, -, API 600, ASTM A216 Gr.WCB,300 Lbs, RF, Ends as per ASME B16.5, HO,-, Valve Tag: GA-1192",C99ZZ9EJ,1.0,6820-R2-67018-06,6820,
6820-R2-67018-06_SCXL-CS02_1..pdf,OTHER THAN SHOP MATERIALS,14,1,"Gat Fem, API 602, ASTM A105N,800 Lbs, NPTF Ends, HO,-, Valve Tag: GA-0120",C76SPABV,1.0,6820-R2-67018-06,6820,
6820-R2-67018-06_SCXL-CS02_1..pdf,PIPE SUPPORTS,15,6,PS209-B2,PS209,1.0,6820-R2-67018-06,6820,
6820-R2-67018-06_SCXL-CS02_1..pdf,PIPE SUPPORTS,16,6,PS214-16,PS214,1.0,6820-R2-67018-06,6820,
6820-R2-67018-07_SCXL-CS02_0..pdf,OTHER THAN SHOP MATERIALS,8,1,"Plug, Solid Round Head Type, ASME B16.11, ASTM A105N, NPTM End, -,",CBBPLK4,1.0,6820-R2-67018-07,6820,
6820-R2-67018-07_SCXL-CS02_0..pdf,OTHER THAN SHOP MATERIALS,9,6,"NM Flat Gk, Barium Sulfate filled PTFE, 300 Lbs, RF as per ASME B16.5, Full Face, Thk=1/8in, -,",C7CX7CST,1.0,6820-R2-67018-07,6820,
6820-R2-67018-07_SCXL-CS02_0..pdf,OTHER THAN SHOP MATERIALS,10,3/4,"SBlt 2 HHx N, A193 Gr.B7/A194 Gr.2H, -, Xylan PTFE Coated, - 5 in. Length",C6S4K8BF,12.0,6820-R2-67018-07,6820,
6820-R2-67018-07_SCXL-CS02_0..pdf,OTHER THAN SHOP MATERIALS,11,1,"Gat Fem, API 602, ASTM A105N,800 Lbs, NPTF Ends, HO,-, Valve Tag: GA-0120",C76SPABV,1.0,6820-R2-67018-07,6820,
6820-R2-67018-07_SCXL-CS02_0..pdf,PIPE SUPPORTS,12,6,PS206-6-1,PS206,1.0,6820-R2-67018-07,6820,
6820-R2-67018-07_SCXL-CS02_0..pdf,PIPE SUPPORTS,13,6,PS204-6,PS204,1.0,6820-R2-67018-07,6820,
6820-R2-67018-07_SCXL-CS02_0..pdf,PIPE SUPPORTS,14,6,PS407-2-36.69-12-/,PS407,1.0,6820-R2-67018-07,6820,
6820-R2-67019-01_EPCL-SS01_2..pdf,OTHER THAN SHOP MATERIALS,5,1,"Pipes, Seamless, ASME ' B36.19/B36.10, ASTM A312 Gr.TP304L, NPTM Ends, w/ coupling, -, S-80S",C76KFFTD,6.6,6820-R2-67019-01,6820,
6820-R2-67019-01_EPCL-SS01_2..pdf,OTHER THAN SHOP MATERIALS,6,1,"Full Coup, ASME B16.11, ASTM A182 Gr.F304L, 3000 Lbs, NPTF Ends, Annealed,",C7BP51NV,1.0,6820-R2-67019-01,6820,
6820-R2-67019-01_EPCL-SS01_2..pdf,OTHER THAN SHOP MATERIALS,7,1,"90° Elb, ASME B16.11, ASTM A182 Gr.F304L, 3000 Lbs, NPTF Ends, Annealed,",C7BP5GGW,3.0,6820-R2-67019-01,6820,
6820-R2-67019-01_EPCL-SS01_2..pdf,OTHER THAN SHOP MATERIALS,8,1,"THD Flg, ASME B16.5, ASTM A182 Gr.F304L, 150 Lbs, RF/NPTF End, Annealed,",C7W2U48L,1.0,6820-R2-67019-01,6820,
6820-R2-67019-01_EPCL-SS01_2..pdf,OTHER THAN SHOP MATERIALS,9,1,"NM Flat Gk, Barium Sulfate filled PTFE, 150 Lbs, RF as per ASME B16.5, Full Face, Thk=1/8in, -,",C7CT1ZFH,1.0,6820-R2-67019-01,6820,
6820-R2-67019-01_EPCL-SS01_2..pdf,OTHER THAN SHOP MATERIALS,10,1/2,"SBlt 2 HHx N, A193 Gr.B7/A194 Gr.2H, -, Xylan PTFE Coated, - 2.75 in. Length",C6S4K87U,4.0,6820-R2-67019-01,6820,
6820-R2-67019-01_EPCL-SS01_2..pdf,PIPE SUPPORTS,2,1,PS206-1-1,PS206,1.0,6820-R2-67019-01,6820,
6820-R2-67019-01_EPCL-SS01_2..pdf,PIPE SUPPORTS,12,1,PS430-3-A-43.57,PS430,1.0,6820-R2-67019-01,6820,
6820-R2-67019-01_EPCL-SS01_2..pdf,PIPE SUPPORTS,13,1,PS406-3-20-16.6-/,PS406,1.0,6820-R2-67019-01,6820,
6820-R2-67020-01_NOHD-NI03_0..pdf,OTHER THAN SHOP MATERIALS,13,10,"NM Flat Gk, Barium Sulfate filled PTFE, 150 Lbs, RF as per ASME B16.5, -, Thk=1/8in, -,",C6SBWZET,2.0,6820-R2-67020-01,6820,
6820-R2-67020-01_NOHD-NI03_0..pdf,OTHER THAN SHOP MATERIALS,14,6,"NM Flat Gk, Barium Sulfate filled PTFE, 150 Lbs, RF as per ASME B16.5, -, Thk=1/8in, -,",C6S4K87R,1.0,6820-R2-67020-01,6820,
6820-R2-67020-01_NOHD-NI03_0..pdf,OTHER THAN SHOP MATERIALS,15,7/8,"SBlt 2 HHx N, A193 Gr.B7/A194 Gr.2H, -, Xylan PTFE Coated, - 5 in. Length",C6S4K8CU,24.0,6820-R2-67020-01,6820,
6820-R2-67020-01_NOHD-NI03_0..pdf,OTHER THAN SHOP MATERIALS,16,3/4,"SBlt 2 HHx N, A193 Gr.B7/A194 Gr.2H, -, Xylan PTFE Coated, - 4.5 in. Length",C6S4K8BD,8.0,6820-R2-67020-01,6820,
6820-R2-67020-01_NOHD-NI03_0..pdf,OTHER THAN SHOP MATERIALS,17,10,"Plug Flg,SP, Inverted Tapered Plug, Non Lubricated, API 599, ASTM A494 Gr.CZ100, 150 Lbs, RF, Ends as per ASME B16.5, -, GO,-, -, Valve Tag: PL-1194",C99ZZ9D7,1.0,6820-R2-67020-01,6820,
6820-R2-67020-01_NOHD-NI03_0..pdf,PIPE SUPPORTS,18,10,PS219-2-3.5-3.5,PS219,1.0,6820-R2-67020-01,6820,
6820-R2-67020-01_NOHD-NI03_0..pdf,PIPE SUPPORTS,19,10,PS214-22,PS214,1.0,6820-R2-67020-01,6820,
6820-R2-67020-02_NOHD-NI03_1..pdf,OTHER THAN SHOP MATERIALS,8,6,"NM Flat Gk, Barium Sulfate filled PTFE, 300 Lbs, RF as per ASME B16.5, -, Thk=1/8in, -,",C6S4K87E,1.0,6820-R2-67020-02,6820,
6820-R2-67020-02_NOHD-NI03_1..pdf,OTHER THAN SHOP MATERIALS,9,6,"NM Flat Gk, Barium Sulfate filled PTFE, 150 Lbs, RF as per ASME B16.5, -, Thk=1/8in, -,",C6S4K87R,2.0,6820-R2-67020-02,6820,
6820-R2-67020-02_NOHD-NI03_1..pdf,OTHER THAN SHOP MATERIALS,10,3/4,"SBlt 2 HHx N, A193 Gr.B7/A194 Gr.2H, -, Xylan PTFE Coated, - 4.5 in. Length",C6S4K8BD,12.0,6820-R2-67020-02,6820,
6820-R2-67020-02_NOHD-NI03_1..pdf,OTHER THAN SHOP MATERIALS,11,3/4,"SBlt 2 HHx N, A193 Gr.B7/A194 Gr.2H, -, Xylan PTFE Coated, - 4.75 in. Length",C6S4K8BE,8.0,6820-R2-67020-02,6820,
6820-R2-67020-02_NOHD-NI03_1..pdf,PIPE SUPPORTS,12,6,PS218-B,PS218,1.0,6820-R2-67020-02,6820,
6820-R2-67020-02_NOHD-NI03_1..pdf,PIPE SUPPORTS,13,6,PS209-D1,PS209,1.0,6820-R2-67020-02,6820,
6820-R2-67020-02_NOHD-NI03_1..pdf,PIPE SUPPORTS,14,6,PS214-18,PS214,1.0,6820-R2-67020-02,6820,
6820-R2-67020-03_NOHD-NI03_0..pdf,OTHER THAN SHOP MATERIALS,1,1,"NM Flat Gk, Barium Sulfate filled PTFE, 150 Lbs, RF as per ASME B16.5, -, Thk=1/8in, -,",C6S4K87F,2.0,6820-R2-67020-03,6820,
6820-R2-67020-03_NOHD-NI03_0..pdf,OTHER THAN SHOP MATERIALS,2,1/2,"SBlt 2 HHx N, A193 Gr.B7/A194 Gr.2H, -, Xylan PTFE Coated, - 2.75 in. Length",C6S4K87U,8.0,6820-R2-67020-03,6820,
6820-R2-67020-03_NOHD-NI03_0..pdf,OTHER THAN SHOP MATERIALS,3,1,"Plug Flg,SP, Inverted Tapered Plug, Non Lubricated, API 599, ASTM B564 UNS N02200, 150 Lbs, RF, Ends as per ASME B16.5, -, LO,-, -, Valve Tag: PL-1194",C99ZZ9D2,1.0,6820-R2-67020-03,6820,
6820-R2-67020-03_NOHD-NI03_0..pdf,OTHER THAN SHOP MATERIALS,4,1,"Bld Flg, ASME B16.5, ASTM B564 UNS N02200, 150 Lbs, RF, -, TYPE: INSUL THK: SHOP: FIELD: PAINT CODE: MODULE: L Per LDT Per LDT N Y Per LDT - P&ID: 202998C-001-PID-0021-0322 UNIT#: EWP AREA: SPEC: STRESS CALC #: 6800 6820 NOHD-NI03 CN-0387 LINE No. 1""-R2-67020-NOHD-NI03-H Battleground DRAWING NUMBER REV. 6820-R2-67020-03 *6820-R2-67020-03*",C7T63YAU,1.0,6820-R2-67020-03,6820,
6820-R2-67021-01_NOHD-NI03_0..pdf,OTHER THAN SHOP MATERIALS,13,8,"NM Flat Gk, Barium Sulfate filled PTFE, 150 Lbs, RF as per ASME B16.5, -, Thk=1/8in, -,",C6SBWZF4,1.0,6820-R2-67021-01,6820,
6820-R2-67021-01_NOHD-NI03_0..pdf,OTHER THAN SHOP MATERIALS,14,4,"NM Flat Gk, Barium Sulfate filled PTFE, 300 Lbs, RF as per ASME B16.5, -, Thk=1/8in, -,",C6S4K87C,1.0,6820-R2-67021-01,6820,
6820-R2-67021-01_NOHD-NI03_0..pdf,OTHER THAN SHOP MATERIALS,15,1,"NM Flat Gk, Barium Sulfate filled PTFE, 150 Lbs, RF as per ASME B16.5, -, Thk=1/8in, -,",C6S4K87F,2.0,6820-R2-67021-01,6820,
6820-R2-67021-01_NOHD-NI03_0..pdf,OTHER THAN SHOP MATERIALS,16,3/4,"SBlt 2 HHx N, A193 Gr.B7/A194 Gr.2H, -, Xylan PTFE Coated, - 4 in. Length",C6S4K8BB,8.0,6820-R2-67021-01,6820,
6820-R2-67021-01_NOHD-NI03_0..pdf,OTHER THAN SHOP MATERIALS,17,3/4,"SBlt 2 HHx N, A193 Gr.B7/A194 Gr.2H, -, Xylan PTFE Coated, - 5 in. Length",C6S4K8BF,8.0,6820-R2-67021-01,6820,
6820-R2-67021-01_NOHD-NI03_0..pdf,OTHER THAN SHOP MATERIALS,18,1/2,"SBlt 2 HHx N, A193 Gr.B7/A194 Gr.2H, -, Xylan PTFE Coated, - 2.75 in. Length",C6S4K87U,8.0,6820-R2-67021-01,6820,
6820-R2-67021-01_NOHD-NI03_0..pdf,OTHER THAN SHOP MATERIALS,19,1,"Plug Flg,SP, Inverted Tapered Plug, Non Lubricated, API 599, ASTM B564 UNS N02200, 150 Lbs, RF, Ends as per ASME B16.5, -, LO,-, -, Valve Tag: PL-1194",C99ZZ9D2,1.0,6820-R2-67021-01,6820,
6820-R2-67021-01_NOHD-NI03_0..pdf,OTHER THAN SHOP MATERIALS,20,1,"Bld Flg, ASME B16.5, ASTM B564 UNS N02200, 150 Lbs, RF, -,",C7T63YAU,1.0,6820-R2-67021-01,6820,
6820-R2-67021-01_NOHD-NI03_0.pdf,OTHER THAN SHOP MATERIALS,13,8,"NM Flat Gk, Barium Sulfate filled PTFE, 150 Lbs, RF as per ASME B16.5, -, Thk=1/8in, -,",C6SBWZF4,1.0,6820-R2-67021-01,6820,
6820-R2-67021-01_NOHD-NI03_0.pdf,OTHER THAN SHOP MATERIALS,14,4,"NM Flat Gk, Barium Sulfate filled PTFE, 300 Lbs, RF as per ASME B16.5, -, Thk=1/8in, -,",C6S4K87C,1.0,6820-R2-67021-01,6820,
6820-R2-67021-01_NOHD-NI03_0.pdf,OTHER THAN SHOP MATERIALS,15,1,"NM Flat Gk, Barium Sulfate filled PTFE, 150 Lbs, RF as per ASME B16.5, -, Thk=1/8in, -,",C6S4K87F,2.0,6820-R2-67021-01,6820,
6820-R2-67021-01_NOHD-NI03_0.pdf,OTHER THAN SHOP MATERIALS,16,3/4,"SBlt 2 HHx N, A193 Gr.B7/A194 Gr.2H, -, Xylan PTFE Coated, - 4 in. Length",C6S4K8BB,8.0,6820-R2-67021-01,6820,
6820-R2-67021-01_NOHD-NI03_0.pdf,OTHER THAN SHOP MATERIALS,17,3/4,"SBlt 2 HHx N, A193 Gr.B7/A194 Gr.2H, -, Xylan PTFE Coated, - 5 in. Length",C6S4K8BF,8.0,6820-R2-67021-01,6820,
6820-R2-67021-01_NOHD-NI03_0.pdf,OTHER THAN SHOP MATERIALS,18,1/2,"SBlt 2 HHx N, A193 Gr.B7/A194 Gr.2H, -, Xylan PTFE Coated, - 2.75 in. Length",C6S4K87U,8.0,6820-R2-67021-01,6820,
6820-R2-67021-01_NOHD-NI03_0.pdf,OTHER THAN SHOP MATERIALS,19,1,"Plug Flg,SP, Inverted Tapered Plug, Non Lubricated, API 599, ASTM B564 UNS N02200, 150 Lbs, RF, Ends as per ASME B16.5, -, LO,-, -, Valve Tag: PL-1194",C99ZZ9D2,1.0,6820-R2-67021-01,6820,
6820-R2-67021-01_NOHD-NI03_0.pdf,OTHER THAN SHOP MATERIALS,20,1,"Bld Flg, ASME B16.5, ASTM B564 UNS N02200, 150 Lbs, RF, -,",C7T63YAU,1.0,6820-R2-67021-01,6820,
6820-R2-67021-02_NOHD-NI01_2..pdf,OTHER THAN SHOP MATERIALS,12,8,"NM Flat Gk, Barium Sulfate filled PTFE, 150 Lbs, RF as per ASME B16.5, -, Thk=1/8in, -,",C6SBWZF4,2.0,6820-R2-67021-02,6820,
6820-R2-67021-02_NOHD-NI01_2..pdf,OTHER THAN SHOP MATERIALS,13,1,"NM Flat Gk, Barium Sulfate filled PTFE, 150 Lbs, RF as per ASME B16.5, -, Thk=1/8in, -,",C6S4K87F,2.0,6820-R2-67021-02,6820,
6820-R2-67021-02_NOHD-NI01_2..pdf,OTHER THAN SHOP MATERIALS,14,3/4,"SBlt 2 HHx N, A193 Gr.B7/A194 Gr.2H, -, Xylan PTFE Coated, - 4.75 in. Length",C6S4K8BE,16.0,6820-R2-67021-02,6820,
6820-R2-67021-02_NOHD-NI01_2..pdf,OTHER THAN SHOP MATERIALS,15,1/2,"SBlt 2 HHx N, A193 Gr.B7/A194 Gr.2H, -, Xylan PTFE Coated, - 2.75 in. Length",C6S4K87U,8.0,6820-R2-67021-02,6820,
6820-R2-67021-02_NOHD-NI01_2..pdf,OTHER THAN SHOP MATERIALS,16,8,"SwgChk Flg, ASME B16.34, ASTM A494 Gr.CZ100,150 Lbs, RF, Ends as per ASME B16.5,-, Valve Tag: CH-0529",C8YJYLYU,1.0,6820-R2-67021-02,6820,
6820-R2-67021-02_NOHD-NI01_2..pdf,OTHER THAN SHOP MATERIALS,17,1,"Plug Flg,SP, Inverted Tapered Plug, Non Lubricated, API 599, ASTM B564 UNS N02200, 150 Lbs, RF, Ends as per ASME B16.5, -, LO,-, -, Valve Tag: PL-1194",C99ZZ9D2,1.0,6820-R2-67021-02,6820,
6820-R2-67021-02_NOHD-NI01_2..pdf,OTHER THAN SHOP MATERIALS,18,1,"Bld Flg, ASME B16.5, ASTM B564 UNS N02200, 150 Lbs, RF, -,",C7T63YAU,1.0,6820-R2-67021-02,6820,
6820-R2-67021-02_NOHD-NI01_2..pdf,PIPE SUPPORTS,19,8,PS407-3-13.89-10-5,PS407,1.0,6820-R2-67021-02,6820,
6820-R2-67021-02_NOHD-NI01_2..pdf,PIPE SUPPORTS,20,8,PS209-D3,PS209,1.0,6820-R2-67021-02,6820,
6820-R2-67021-02_NOHD-NI01_2..pdf,PIPE SUPPORTS,21,8,PS218-B,PS218,1.0,6820-R2-67021-02,6820,
6820-R2-67021-02_NOHD-NI01_2..pdf,PIPE SUPPORTS,22,8,PS413-1-20-20,PS413,1.0,6820-R2-67021-02,6820,
6820-R2-67021-03_NOHD-NI03_1..pdf,OTHER THAN SHOP MATERIALS,8,8,"NM Flat Gk, Barium Sulfate filled PTFE, 150 Lbs, RF as per ASME B16.5, -, Thk=1/8in, -,",C6SBWZF4,2.0,6820-R2-67021-03,6820,
6820-R2-67021-03_NOHD-NI03_1..pdf,OTHER THAN SHOP MATERIALS,9,1,"NM Flat Gk, Barium Sulfate filled PTFE, 150 Lbs, RF as per ASME B16.5, -, Thk=1/8in, -,",C6S4K87F,2.0,6820-R2-67021-03,6820,
6820-R2-67021-03_NOHD-NI03_1..pdf,OTHER THAN SHOP MATERIALS,10,3/4,"SBlt 2 HHx N, A193 Gr.B7/A194 Gr.2H, -, Xylan PTFE Coated, - 4.75 in. Length",C6S4K8BE,16.0,6820-R2-67021-03,6820,
6820-R2-67021-03_NOHD-NI03_1..pdf,OTHER THAN SHOP MATERIALS,11,1/2,"SBlt 2 HHx N, A193 Gr.B7/A194 Gr.2H, -, Xylan PTFE Coated, - 2.75 in. Length",C6S4K87U,8.0,6820-R2-67021-03,6820,
6820-R2-67021-03_NOHD-NI03_1..pdf,OTHER THAN SHOP MATERIALS,12,8,"Plug Flg,SP, Inverted Tapered Plug, Non Lubricated, API 599, ASTM A494 Gr.CZ100, 150 Lbs, RF, Ends as per ASME B16.5, -, GO,-, -, Valve Tag: PL-1194",C99ZZ9DB,1.0,6820-R2-67021-03,6820,
6820-R2-67021-03_NOHD-NI03_1..pdf,OTHER THAN SHOP MATERIALS,13,1,"Plug Flg,SP, Inverted Tapered Plug, Non Lubricated, API 599, ASTM B564 UNS N02200, 150 Lbs, RF, Ends as per ASME B16.5, -, LO,-, -, Valve Tag: PL-1194",C99ZZ9D2,1.0,6820-R2-67021-03,6820,
6820-R2-67021-03_NOHD-NI03_1..pdf,OTHER THAN SHOP MATERIALS,14,1,"Bld Flg, ASME B16.5, ASTM B564 UNS N02200, 150 Lbs, RF, -,",C7T63YAU,1.0,6820-R2-67021-03,6820,
6820-R2-67021-04_NOHD-NI03_1..pdf,OTHER THAN SHOP MATERIALS,11,1,"NM Flat Gk, Barium Sulfate filled PTFE, 150 Lbs, RF as per ASME B16.5, -, Thk=1/8in, -,",C6S4K87F,2.0,6820-R2-67021-04,6820,
6820-R2-67021-04_NOHD-NI03_1..pdf,OTHER THAN SHOP MATERIALS,12,1/2,"SBlt 2 HHx N, A193 Gr.B7/A194 Gr.2H, -, Xylan PTFE Coated, - 2.75 in. Length",C6S4K87U,8.0,6820-R2-67021-04,6820,
6820-R2-67021-04_NOHD-NI03_1..pdf,OTHER THAN SHOP MATERIALS,13,1,"Plug Flg,SP, Inverted Tapered Plug, Non Lubricated, API 599, ASTM B564 UNS N02200, 150 Lbs, RF, Ends as per ASME B16.5, -, LO,-, -, Valve Tag: PL-1194",C99ZZ9D2,1.0,6820-R2-67021-04,6820,
6820-R2-67021-04_NOHD-NI03_1..pdf,OTHER THAN SHOP MATERIALS,14,1,"Bld Flg, ASME B16.5, ASTM B564 UNS N02200, 150 Lbs, RF, -,",C7T63YAU,1.0,6820-R2-67021-04,6820,
6820-R2-67021-04_NOHD-NI03_1..pdf,PIPE SUPPORTS,15,8,PS407-3-24.95-12-6,PS407,1.0,6820-R2-67021-04,6820,
6820-R2-67021-04_NOHD-NI03_1..pdf,PIPE SUPPORTS,16,8,PS204-8,PS204,1.0,6820-R2-67021-04,6820,
6820-R2-67021-05_NOHD-NI03_1..pdf,OTHER THAN SHOP MATERIALS,4,2,"NM Flat Gk, Barium Sulfate filled PTFE, 150 Lbs, RF as per ASME B16.5, -, Thk=1/8in, -,",C6S4K87J,3.0,6820-R2-67021-05,6820,
6820-R2-67021-05_NOHD-NI03_1..pdf,OTHER THAN SHOP MATERIALS,5,5/8,"SBlt 2 HHx N, A193 Gr.B7/A194 Gr.2H, -, Xylan PTFE Coated, - 1 3.25 in. Length",C6S4K88P,4.0,6820-R2-67021-05,6820,
6820-R2-67021-05_NOHD-NI03_1..pdf,OTHER THAN SHOP MATERIALS,6,5/8,"SBlt 2 HHx N, A193 Gr.B7/A194 1 Gr.2H, -, Xylan PTFE Coated, - 6.75 in. Length",C6S4K894,4.0,6820-R2-67021-05,6820,
6820-R2-67021-05_NOHD-NI03_1..pdf,OTHER THAN SHOP MATERIALS,7,2,"Plug Flg,SP, Inverted Tapered Plug, Non Lubricated, API 599, ASTM B564 UNS N02200, 150 Lbs, RF, Ends as per ASME B16.5, -, LO,-, -, Valve Tag: PL-1194",C99ZZ9D4,1.0,6820-R2-67021-05,6820,
6820-R2-67022-01_NOHD-NI03_0..pdf,OTHER THAN SHOP MATERIALS,11,4,"NM Flat Gk, Barium Sulfate filled PTFE, 300 Lbs, RF as per ASME B16.5, -, Thk=1/8in, -,",C6S4K87C,1.0,6820-R2-67022-01,6820,
6820-R2-67022-01_NOHD-NI03_0..pdf,OTHER THAN SHOP MATERIALS,12,1,"NM Flat Gk, Barium Sulfate filled PTFE, 150 Lbs, RF as per ASME B16.5, -, Thk=1/8in, -,",C6S4K87F,2.0,6820-R2-67022-01,6820,
6820-R2-67022-01_NOHD-NI03_0..pdf,OTHER THAN SHOP MATERIALS,13,3/4,"SBlt 2 HHx N, A193 Gr.B7/A194 Gr.2H, -, Xylan PTFE Coated, - 4 in. Length",C6S4K8BB,8.0,6820-R2-67022-01,6820,
6820-R2-67022-01_NOHD-NI03_0..pdf,OTHER THAN SHOP MATERIALS,14,1/2,"SBlt 2 HHx N, A193 Gr.B7/A194 Gr.2H, -, Xylan PTFE Coated, - 2.75 in. Length",C6S4K87U,8.0,6820-R2-67022-01,6820,
6820-R2-67022-01_NOHD-NI03_0..pdf,OTHER THAN SHOP MATERIALS,15,1,"Plug Flg,SP, Inverted Tapered Plug, Non Lubricated, API 599, ASTM B564 UNS N02200, 150 Lbs, RF, Ends as per ASME B16.5, -, LO,-, -, Valve Tag: PL-1194",C99ZZ9D2,1.0,6820-R2-67022-01,6820,
6820-R2-67022-01_NOHD-NI03_0..pdf,OTHER THAN SHOP MATERIALS,16,1,"Bld Flg, ASME B16.5, ASTM B564 UNS N02200, 150 Lbs, RF, -,",C7T63YAU,1.0,6820-R2-67022-01,6820,
6820-R2-67022-03_NOHD-NI01_2..pdf,OTHER THAN SHOP MATERIALS,12,8,"NM Flat Gk, Barium Sulfate filled PTFE, 150 Lbs, RF as per ASME B16.5, -, Thk=1/8in, -,",C6SBWZF4,2.0,6820-R2-67022-03,6820,
6820-R2-67022-03_NOHD-NI01_2..pdf,OTHER THAN SHOP MATERIALS,13,1,"NM Flat Gk, Barium Sulfate filled PTFE, 150 Lbs, RF as per ASME B16.5, -, Thk=1/8in, -,",C6S4K87F,2.0,6820-R2-67022-03,6820,
6820-R2-67022-03_NOHD-NI01_2..pdf,OTHER THAN SHOP MATERIALS,14,3/4,"SBlt 2 HHx N, A193 Gr.B7/A194 Gr.2H, -, Xylan PTFE Coated, - 4.75 in. Length",C6S4K8BE,8.0,6820-R2-67022-03,6820,
6820-R2-67022-03_NOHD-NI01_2..pdf,OTHER THAN SHOP MATERIALS,15,3/4,"SBlt 2 HHx N, A193 Gr.B7/A194 Gr.2H, -, Xylan PTFE Coated, - 5 in. Length",C6S4K8BF,8.0,6820-R2-67022-03,6820,
6820-R2-67022-03_NOHD-NI01_2..pdf,OTHER THAN SHOP MATERIALS,16,1/2,"SBlt 2 HHx N, A193 Gr.B7/A194 Gr.2H, -, Xylan PTFE Coated, - 2.75 in. Length",C6S4K87U,8.0,6820-R2-67022-03,6820,
6820-R2-67022-03_NOHD-NI01_2..pdf,OTHER THAN SHOP MATERIALS,17,1,"Plug Flg,SP, Inverted Tapered Plug, Non Lubricated, API 599, ASTM B564 UNS N02200, 150 Lbs, RF, Ends as per ASME B16.5, -, LO,-, -, Valve Tag: PL-1194",C99ZZ9D2,1.0,6820-R2-67022-03,6820,
6820-R2-67022-03_NOHD-NI01_2..pdf,OTHER THAN SHOP MATERIALS,18,1,"Bld Flg, ASME B16.5, ASTM B564 UNS N02200, 150 Lbs, RF, -,",C7T63YAU,1.0,6820-R2-67022-03,6820,
6820-R2-67022-03_NOHD-NI01_2..pdf,PIPE SUPPORTS,19,8,PS407-3-13.89-10-5,PS407,1.0,6820-R2-67022-03,6820,
6820-R2-67022-03_NOHD-NI01_2..pdf,PIPE SUPPORTS,20,8,PS413-1-20-20,PS413,1.0,6820-R2-67022-03,6820,
6820-R2-67022-03_NOHD-NI01_2..pdf,PIPE SUPPORTS,21,8,PS218-B,PS218,1.0,6820-R2-67022-03,6820,
6820-R2-67022-03_NOHD-NI01_2..pdf,PIPE SUPPORTS,22,8,PS209-D3,PS209,1.0,6820-R2-67022-03,6820,
6820-R2-67022-04_NOHD-NI03_1..pdf,OTHER THAN SHOP MATERIALS,8,8,"NM Flat Gk, Barium Sulfate filled PTFE, 150 Lbs, RF as per ASME B16.5, -, Thk=1/8in, -,",C6SBWZF4,2.0,6820-R2-67022-04,6820,
6820-R2-67022-04_NOHD-NI03_1..pdf,OTHER THAN SHOP MATERIALS,9,1,"NM Flat Gk, Barium Sulfate filled PTFE, 150 Lbs, RF as per ASME B16.5, -, Thk=1/8in, -,",C6S4K87F,2.0,6820-R2-67022-04,6820,
6820-R2-67022-04_NOHD-NI03_1..pdf,OTHER THAN SHOP MATERIALS,10,3/4,"SBlt 2 HHx N, A193 Gr.B7/A194 Gr.2H, -, Xylan PTFE Coated, - 4.75 in. Length",C6S4K8BE,16.0,6820-R2-67022-04,6820,
6820-R2-67022-04_NOHD-NI03_1..pdf,OTHER THAN SHOP MATERIALS,11,1/2,"SBlt 2 HHx N, A193 Gr.B7/A194 Gr.2H, -, Xylan PTFE Coated, - 2.75 in. Length",C6S4K87U,8.0,6820-R2-67022-04,6820,
6820-R2-67022-04_NOHD-NI03_1..pdf,OTHER THAN SHOP MATERIALS,12,8,"SwgChk Flg, ASME B16.34, ASTM A494 Gr.CZ100,150 Lbs, RF, Ends as per ASME B16.5,-, Valve Tag: CH-0529",C8YJYLYU,1.0,6820-R2-67022-04,6820,
6820-R2-67022-04_NOHD-NI03_1..pdf,OTHER THAN SHOP MATERIALS,13,1,"Plug Flg,SP, Inverted Tapered Plug, Non Lubricated, API 599, ASTM B564 UNS N02200, 150 Lbs, RF, Ends as per ASME B16.5, -, LO,-, -, Valve Tag: PL-1194",C99ZZ9D2,1.0,6820-R2-67022-04,6820,
6820-R2-67022-04_NOHD-NI03_1..pdf,OTHER THAN SHOP MATERIALS,14,1,"Bld Flg, ASME B16.5, ASTM B564 UNS N02200, 150 Lbs, RF, -,",C7T63YAU,1.0,6820-R2-67022-04,6820,
6820-R2-67022-05_NOHD-NI03_1..pdf,OTHER THAN SHOP MATERIALS,10,1,"LJ Flg, ASME B16.5, ASTM A182 Gr.F316/316L, 150 Lbs, FF, -,",C15RCMLV,1.0,6820-R2-67022-05,6820,
6820-R2-67022-05_NOHD-NI03_1..pdf,OTHER THAN SHOP MATERIALS,11,8,"NM Flat Gk, Barium Sulfate filled PTFE, 150 Lbs, RF as per ASME B16.5, -, Thk=1/8in, -,",C6SBWZF4,1.0,6820-R2-67022-05,6820,
6820-R2-67022-05_NOHD-NI03_1..pdf,OTHER THAN SHOP MATERIALS,12,1,"NM Flat Gk, Barium Sulfate filled PTFE, 150 Lbs, RF as per ASME B16.5, -, Thk=1/8in, -,",C6S4K87F,2.0,6820-R2-67022-05,6820,
6820-R2-67022-05_NOHD-NI03_1..pdf,OTHER THAN SHOP MATERIALS,13,3/4,"SBlt 2 HHx N, A193 Gr.B7/A194 Gr.2H, -, Xylan PTFE Coated, - 4.75 in. Length",C6S4K8BE,8.0,6820-R2-67022-05,6820,
6820-R2-67022-05_NOHD-NI03_1..pdf,OTHER THAN SHOP MATERIALS,14,1/2,"SBlt 2 HHx N, A193 Gr.B7/A194 Gr.2H, -, Xylan PTFE Coated, - 2.75 in. Length",C6S4K87U,8.0,6820-R2-67022-05,6820,
6820-R2-67022-05_NOHD-NI03_1..pdf,OTHER THAN SHOP MATERIALS,15,8,"Plug Flg,SP, Inverted Tapered Plug, Non Lubricated, API 599, ASTM A494 Gr.CZ100, 150 Lbs, RF, Ends as per ASME B16.5, -, GO,-, -, Valve Tag: PL-1194",C99ZZ9DB,1.0,6820-R2-67022-05,6820,
6820-R2-67022-05_NOHD-NI03_1..pdf,OTHER THAN SHOP MATERIALS,16,1,"Plug Flg,SP, Inverted Tapered Plug, Non Lubricated, API 599, ASTM B564 UNS N02200, 150 Lbs, RF, Ends as per ASME B16.5, -, LO,-, -, Valve Tag: PL-1194",C99ZZ9D2,1.0,6820-R2-67022-05,6820,
6820-R2-67022-05_NOHD-NI03_1..pdf,OTHER THAN SHOP MATERIALS,17,1,"Bld Flg, ASME B16.5, ASTM B564 UNS N02200, 150 Lbs, RF, -,",C7T63YAU,1.0,6820-R2-67022-05,6820,
6820-R2-67022-05_NOHD-NI03_1..pdf,PIPE SUPPORTS,18,8,PS204-8,PS204,1.0,6820-R2-67022-05,6820,
6820-R2-67022-05_NOHD-NI03_1..pdf,PIPE SUPPORTS,19,8,PS407-3-23.95-12-/,PS407,1.0,6820-R2-67022-05,6820,
6820-R2-67022-06_NOHD-NI03_1..pdf,OTHER THAN SHOP MATERIALS,12,4,"NM Flat Gk, Barium Sulfate filled PTFE, 150 Lbs, RF as per ASME B16.5, -, Thk=1/8in, -,",C6S4K87N,2.0,6820-R2-67022-06,6820,
6820-R2-67022-06_NOHD-NI03_1..pdf,OTHER THAN SHOP MATERIALS,13,5/8,"SBlt 2 HHx N, A193 Gr.B7/A194 Gr.2H, -, Xylan PTFE Coated, - 4 in. Length",C6S4K88T,16.0,6820-R2-67022-06,6820,
6820-R2-67022-06_NOHD-NI03_1..pdf,OTHER THAN SHOP MATERIALS,14,4,"Plug Flg,SP, Inverted Tapered Plug, Non Lubricated, API 599, ASTM A494 Gr.CZ100, 150 Lbs, RF, Ends as per ASME B16.5, -, GO,-, -, Valve Tag: PL-1194",C99ZZ9D9,1.0,6820-R2-67022-06,6820,
6820-R2-67022-06_NOHD-NI03_1..pdf,PIPE SUPPORTS,15,4,PS434-C-3-24.80-16-5.25,PS434,1.0,6820-R2-67022-06,6820,
6820-R2-67022-06_NOHD-NI03_1..pdf,PIPE SUPPORTS,16,4,PS434-A-3-22.5-18-7.15,PS434,1.0,6820-R2-67022-06,6820,
6820-R2-67022-06_NOHD-NI03_1..pdf,PIPE SUPPORTS,17,4,PS204-4,PS204,1.0,6820-R2-67022-06,6820,
6820-R2-67022-07_NOHD-NI03_3..pdf,PIPE SUPPORTS,8,8,PS204-8,PS204,1.0,6820-R2-67022-07,6820,
6820-R2-67022-07_NOHD-NI03_3..pdf,PIPE SUPPORTS,9,8,PS206-8-1,PS206,1.0,6820-R2-67022-07,6820,
6820-R2-67022-07_NOHD-NI03_3..pdf,PIPE SUPPORTS,10,8,PS902-SH-6820-R2-67022-0001,PS902,1.0,6820-R2-67022-07,6820,
6820-R2-67022-07_NOHD-NI03_3..pdf,PIPE SUPPORTS,11,8,PS406-2--333...555777--57-10.25 7.75 3,PS406,1.0,6820-R2-67022-07,6820,
6820-R2-67022-08_NOHD-NI03_0..pdf,PIPE SUPPORTS,5,8,PS204-8,PS204,4.0,6820-R2-67022-08,6820,
6820-R2-67022-08_NOHD-NI03_0..pdf,PIPE SUPPORTS,6,8,PS206-8-1,PS206,1.0,6820-R2-67022-08,6820,
6820-R2-67022-09_NOHD-NI03_0..pdf,OTHER THAN SHOP MATERIALS,12,1,"NM Flat Gk, Barium Sulfate filled PTFE, 150 Lbs, RF as per ASME B16.5, -, Thk=1/8in, -,",C6S4K87F,2.0,6820-R2-67022-09,6820,
6820-R2-67022-09_NOHD-NI03_0..pdf,OTHER THAN SHOP MATERIALS,13,1/2,"SBlt 2 HHx N, A193 Gr.B7/A194 Gr.2H, -, Xylan PTFE Coated, - 2.75 in. Length",C6S4K87U,8.0,6820-R2-67022-09,6820,
6820-R2-67022-09_NOHD-NI03_0..pdf,OTHER THAN SHOP MATERIALS,14,1,"Plug Flg,SP, Inverted Tapered Plug, Non Lubricated, API 599, ASTM B564 UNS N02200, 150 Lbs, RF, Ends as per ASME B16.5, -, LO,-, -, Valve Tag: PL-1194",C99ZZ9D2,1.0,6820-R2-67022-09,6820,
6820-R2-67022-09_NOHD-NI03_0..pdf,OTHER THAN SHOP MATERIALS,15,1,"Bld Flg, ASME B16.5, ASTM B564 UNS N02200, 150 Lbs, RF, -,",C7T63YAU,1.0,6820-R2-67022-09,6820,
6820-R2-67022-09_NOHD-NI03_0..pdf,PIPE SUPPORTS,16,8,PS214-18,PS214,1.0,6820-R2-67022-09,6820,
6820-R2-67022-09_NOHD-NI03_0..pdf,PIPE SUPPORTS,17,8,PS209-B2,PS209,1.0,6820-R2-67022-09,6820,
6820-R2-67022-10_NOHD-NI03_0..pdf,OTHER THAN SHOP MATERIALS,11,8,"NM Flat Gk, Barium Sulfate filled PTFE, 150 Lbs, RF as per ASME B16.5, -, Thk=1/8in, -,",C6SBWZF4,2.0,6820-R2-67022-10,6820,
6820-R2-67022-10_NOHD-NI03_0..pdf,OTHER THAN SHOP MATERIALS,12,1,"NM Flat Gk, Barium Sulfate filled PTFE, 150 Lbs, RF as per ASME B16.5, -, Thk=1/8in, -,",C6S4K87F,2.0,6820-R2-67022-10,6820,
6820-R2-67022-10_NOHD-NI03_0..pdf,OTHER THAN SHOP MATERIALS,13,3/4,"SBlt 2 HHx N, A193 Gr.B7/A194 Gr.2H, -, Xylan PTFE Coated, - 4.75 in. Length",C6S4K8BE,16.0,6820-R2-67022-10,6820,
6820-R2-67022-10_NOHD-NI03_0..pdf,OTHER THAN SHOP MATERIALS,14,1/2,"SBlt 2 HHx N, A193 Gr.B7/A194 Gr.2H, -, Xylan PTFE Coated, - 2.75 in. Length",C6S4K87U,8.0,6820-R2-67022-10,6820,
6820-R2-67022-10_NOHD-NI03_0..pdf,OTHER THAN SHOP MATERIALS,15,8,"Plug Flg,SP, Inverted Tapered Plug, Non Lubricated, API 599, ASTM A494 Gr.CZ100, 150 Lbs, RF, Ends as per ASME B16.5, -, GO,-, -, Valve Tag: PL-1194",C99ZZ9DB,1.0,6820-R2-67022-10,6820,
6820-R2-67022-10_NOHD-NI03_0..pdf,OTHER THAN SHOP MATERIALS,16,1,"Plug Flg,SP, Inverted Tapered Plug, Non Lubricated, API 599, ASTM B564 UNS N02200, 150 Lbs, RF, Ends as per ASME B16.5, -, LO,-, -, Valve Tag: PL-1194",C99ZZ9D2,1.0,6820-R2-67022-10,6820,
6820-R2-67022-10_NOHD-NI03_0..pdf,OTHER THAN SHOP MATERIALS,17,1,"Bld Flg, ASME B16.5, ASTM B564 UNS N02200, 150 Lbs, RF, -,",C7T63YAU,1.0,6820-R2-67022-10,6820,
6820-R2-67022-10_NOHD-NI03_0..pdf,PIPE SUPPORTS,18,8,PS214-18,PS214,1.0,6820-R2-67022-10,6820,
6820-R2-67022-10_NOHD-NI03_0..pdf,PIPE SUPPORTS,19,8,PS209-B1,PS209,1.0,6820-R2-67022-10,6820,
6820-R2-67022-11_NOHD-NI03_0..pdf,OTHER THAN SHOP MATERIALS,12,8,"NM Flat Gk, Barium Sulfate filled PTFE, 150 Lbs, RF as per ASME B16.5, -, Thk=1/8in, -,",C6SBWZF4,1.0,6820-R2-67022-11,6820,
6820-R2-67022-11_NOHD-NI03_0..pdf,OTHER THAN SHOP MATERIALS,13,6,"NM Flat Gk, Barium Sulfate filled PTFE, 150 Lbs, RF as per ASME B16.5, -, Thk=1/8in, -,",C6S4K87R,1.0,6820-R2-67022-11,6820,
6820-R2-67022-11_NOHD-NI03_0..pdf,OTHER THAN SHOP MATERIALS,14,1,"NM Flat Gk, Barium Sulfate filled PTFE, 150 Lbs, RF as per ASME B16.5, -, Thk=1/8in, -,",C6S4K87F,2.0,6820-R2-67022-11,6820,
6820-R2-67022-11_NOHD-NI03_0..pdf,OTHER THAN SHOP MATERIALS,15,3/4,"SBlt 2 HHx N, A193 Gr.B7/A194 Gr.2H, -, Xylan PTFE Coated, - 4.25 in. Length",C6S4K8BC,8.0,6820-R2-67022-11,6820,
6820-R2-67022-11_NOHD-NI03_0..pdf,OTHER THAN SHOP MATERIALS,16,3/4,"SBlt 2 HHx N, A193 Gr.B7/A194 Gr.2H, -, Xylan PTFE Coated, - 5 in. Length",C6S4K8BF,8.0,6820-R2-67022-11,6820,
6820-R2-67022-11_NOHD-NI03_0..pdf,OTHER THAN SHOP MATERIALS,17,1/2,"SBlt 2 HHx N, A193 Gr.B7/A194 Gr.2H, -, Xylan PTFE Coated, - 2.75 in. Length",C6S4K87U,8.0,6820-R2-67022-11,6820,
6820-R2-67022-11_NOHD-NI03_0..pdf,OTHER THAN SHOP MATERIALS,18,1,"Plug Flg,SP, Inverted Tapered Plug, Non Lubricated, API 599, ASTM B564 UNS N02200, 150 Lbs, RF, Ends as per ASME B16.5, -, LO,-, -, Valve Tag: PL-1194",C99ZZ9D2,1.0,6820-R2-67022-11,6820,
6820-R2-67022-11_NOHD-NI03_0..pdf,OTHER THAN SHOP MATERIALS,19,1,"Bld Flg, ASME B16.5, ASTM B564 UNS N02200, 150 Lbs, RF, -,",C7T63YAU,1.0,6820-R2-67022-11,6820,
6820-R2-67022-12_NOHD-NI03_1..pdf,OTHER THAN SHOP MATERIALS,4,2,"NM Flat Gk, Barium Sulfate filled PTFE, 150 Lbs, RF as per ASME B16.5, -, Thk=1/8in, -,",C6S4K87J,3.0,6820-R2-67022-12,6820,
6820-R2-67022-12_NOHD-NI03_1..pdf,OTHER THAN SHOP MATERIALS,5,5/8,"SBlt 2 HHx N, A193 Gr.B7/A194 Gr.2H, -, Xylan PTFE Coated, - 1 3.25 in. Length",C6S4K88P,4.0,6820-R2-67022-12,6820,
6820-R2-67022-12_NOHD-NI03_1..pdf,OTHER THAN SHOP MATERIALS,6,5/8,"1 SBlt 2 HHx N, A193 Gr.B7/A194 Gr.2H, -, Xylan PTFE Coated, - 6.75 in. Length",C6S4K894,4.0,6820-R2-67022-12,6820,
6820-R2-67022-12_NOHD-NI03_1..pdf,OTHER THAN SHOP MATERIALS,7,2,"Plug Flg,SP, Inverted Tapered Plug, Non Lubricated, API 599, ASTM B564 UNS N02200, 150 Lbs, RF, Ends as per ASME B16.5, -, LO,-, -, Valve Tag: PL-1194",C99ZZ9D4,1.0,6820-R2-67022-12,6820,
6820-R2-67023-01_NOHD-NI01_0..pdf,OTHER THAN SHOP MATERIALS,10,1,"NM Flat Gk, Barium Sulfate filled PTFE, 150 Lbs, RF as per ASME B16.5, -, Thk=1/8in, -,",C6S4K87F,2.0,6820-R2-67023-01,6820,
6820-R2-67023-01_NOHD-NI01_0..pdf,OTHER THAN SHOP MATERIALS,11,1/2,"SBlt 2 HHx N, A193 Gr.B7/A194 Gr.2H, -, Xylan PTFE Coated, - 2.75 in. Length",C6S4K87U,8.0,6820-R2-67023-01,6820,
6820-R2-67023-01_NOHD-NI01_0..pdf,OTHER THAN SHOP MATERIALS,12,1,"Plug Flg,SP, Inverted Tapered Plug, Non Lubricated, API 599, ASTM B564 UNS N02200, 150 Lbs, RF, Ends as per ASME B16.5, -, LO,-, -, Valve Tag: PL-0503_LO",C8RR9V37,1.0,6820-R2-67023-01,6820,
6820-R2-67023-01_NOHD-NI01_0..pdf,OTHER THAN SHOP MATERIALS,13,1,"Bld Flg, ASME B16.5, ASTM B564 UNS N02200, 150 Lbs, RF, -,",C7T63YAU,1.0,6820-R2-67023-01,6820,
6820-R2-67023-01_NOHD-NI01_0..pdf,PIPE SUPPORTS,14,4,PS204-4,PS204,1.0,6820-R2-67023-01,6820,
6820-R2-67023-01_NOHD-NI01_0..pdf,PIPE SUPPORTS,15,4,PS406-1-22.5-21.62-10.85,PS406,1.0,6820-R2-67023-01,6820,
6820-R2-67023-01_NOHD-NI01_0..pdf,PIPE SUPPORTS,16,4,PS206-4-A,PS206,1.0,6820-R2-67023-01,6820,
6820-R2-67023-02_NOHD-NI01_0..pdf,OTHER THAN SHOP MATERIALS,5,4,"NM Flat Gk, Barium Sulfate filled PTFE, 150 Lbs, RF as per ASME B16.5, -, Thk=1/8in, -,",C6S4K87N,1.0,6820-R2-67023-02,6820,
6820-R2-67023-02_NOHD-NI01_0..pdf,OTHER THAN SHOP MATERIALS,6,5/8,"SBlt 2 HHx N, A193 Gr.B7/A194 Gr.2H, -, Xylan PTFE Coated, - 4 in. Length",C6S4K88T,8.0,6820-R2-67023-02,6820,
6820-R2-67024-01_NOHD-NI01_0..pdf,OTHER THAN SHOP MATERIALS,8,24,"NM Flat Gk, Barium Sulfate filled PTFE, 150 Lbs, RF as per ASME B16.5, -, Thk=1/8in, -,",C6SBWZF1,1.0,6820-R2-67024-01,6820,
6820-R2-67024-01_NOHD-NI01_0..pdf,OTHER THAN SHOP MATERIALS,9,6,"NM Flat Gk, Barium Sulfate filled PTFE, 150 Lbs, RF as per ASME B16.5, -, Thk=1/8in, -,",C6S4K87R,1.0,6820-R2-67024-01,6820,
6820-R2-67024-01_NOHD-NI01_0..pdf,OTHER THAN SHOP MATERIALS,10,1,"NM Flat Gk, Barium Sulfate filled PTFE, 150 Lbs, RF as per ASME B16.5, -, Thk=1/8in, -,",C6S4K87F,1.0,6820-R2-67024-01,6820,
6820-R2-67024-01_NOHD-NI01_0..pdf,OTHER THAN SHOP MATERIALS,12,3/4,"SBlt 2 HHx N, A193 Gr.B7/A194 Gr.2H, -, Xylan PTFE Coated, - 4.25 in. Length",C6S4K8BC,8.0,6820-R2-67024-01,6820,
6820-R2-67024-01_NOHD-NI01_0..pdf,OTHER THAN SHOP MATERIALS,13,1/2,"SBlt 2 HHx N, A193 Gr.B7/A194 Gr.2H, -, Xylan PTFE Coated, - 2.75 in. Length",C6S4K87U,4.0,6820-R2-67024-01,6820,
6820-R2-67024-02_NOHD-NI01_1.pdf,OTHER THAN SHOP MATERIALS,7,24,PS203-14-A,PS203,1.0,6820-R2-67024-02,6820,
6820-R2-67024-02_NOHD-NI01_1.pdf,OTHER THAN SHOP MATERIALS,8,24,PS432-B-8,PS432,2.0,6820-R2-67024-02,6820,
6820-R2-67024-02_NOHD-NI01_1.pdf,OTHER THAN SHOP MATERIALS,9,24,PS907-SH-6820-R2-67024-0001,PS907,1.0,6820-R2-67024-02,6820,
6820-R2-67025-01_NOHD-NI01_0..pdf,OTHER THAN SHOP MATERIALS,7,10,"NM Flat Gk, Barium Sulfate filled PTFE, 150 Lbs, RF as per ASME B16.5, -, Thk=1/8in, -,",C6SBWZET,2.0,6820-R2-67025-01,6820,
6820-R2-67025-01_NOHD-NI01_0..pdf,OTHER THAN SHOP MATERIALS,8,7/8,"SBlt 2 HHx N, A193 Gr.B7/A194 Gr.2H, -, Xylan PTFE Coated, - 5 in. Length",C6S4K8CU,12.0,6820-R2-67025-01,6820,
6820-R2-67025-01_NOHD-NI01_0..pdf,OTHER THAN SHOP MATERIALS,9,7/8,"SBlt 2 HHx N, A193 Gr.B7/A194 Gr.2H, -, Xylan PTFE Coated, - 5.25 in. Length",C6S4K8CV,12.0,6820-R2-67025-01,6820,
6820-R2-67025-01_NOHD-NI01_0..pdf,PIPE SUPPORTS,10,10,PS206-10-1,PS206,1.0,6820-R2-67025-01,6820,
6820-R2-67025-01_NOHD-NI01_0..pdf,PIPE SUPPORTS,11,10,PS204-10,PS204,1.0,6820-R2-67025-01,6820,
6820-R2-67025-02_NOHD-NI01_2..pdf,OTHER THAN SHOP MATERIALS,11,10,"NM Flat Gk, Barium Sulfate filled PTFE, 150 Lbs, RF as per ASME B16.5, -, Thk=1/8in, -,",C6SBWZET,2.0,6820-R2-67025-02,6820,
6820-R2-67025-02_NOHD-NI01_2..pdf,OTHER THAN SHOP MATERIALS,12,1,"NM Flat Gk, Barium Sulfate filled PTFE, 150 Lbs, RF as per ASME B16.5, -, Thk=1/8in, -,",C6S4K87F,2.0,6820-R2-67025-02,6820,
6820-R2-67025-02_NOHD-NI01_2..pdf,OTHER THAN SHOP MATERIALS,13,7/8,"SBlt 2 HHx N, A193 Gr.B7/A194 Gr.2H, -, Xylan PTFE Coated, - 5 in. Length",C6S4K8CU,24.0,6820-R2-67025-02,6820,
6820-R2-67025-02_NOHD-NI01_2..pdf,OTHER THAN SHOP MATERIALS,14,1/2,"SBlt 2 HHx N, A193 Gr.B7/A194 Gr.2H, -, Xylan PTFE Coated, - 2.75 in. Length",C6S4K87U,8.0,6820-R2-67025-02,6820,
6820-R2-67025-02_NOHD-NI01_2..pdf,OTHER THAN SHOP MATERIALS,15,10,"Plug Flg,SP, Inverted Tapered Plug, Non Lubricated, API 599, ASTM A494 Gr.CZ100, 150 Lbs, RF, Ends as per ASME B16.5, -, GO,-, -, Valve Tag: PL-0503",C8P7NJJW,1.0,6820-R2-67025-02,6820,
6820-R2-67025-02_NOHD-NI01_2..pdf,OTHER THAN SHOP MATERIALS,16,1,"Plug Flg,SP, Inverted Tapered Plug, Non Lubricated, API 599, ASTM B564 UNS N02200, 150 Lbs, RF, Ends as per ASME B16.5, -, LO,-, -, Valve Tag: PL-0503_LO",C8RR9V37,1.0,6820-R2-67025-02,6820,
6820-R2-67025-02_NOHD-NI01_2..pdf,PIPE SUPPORTS,17,10,PS401-3-18-2,PS401,1.0,6820-R2-67025-02,6820,
6820-R2-67025-02_NOHD-NI01_2..pdf,PIPE SUPPORTS,18,10,PS219-1-3-3,PS219,1.0,6820-R2-67025-02,6820,
6820-R2-67025-03_NOHD-NI01_0..pdf,OTHER THAN SHOP MATERIALS,10,8,"NM Flat Gk, Barium Sulfate filled PTFE, 150 Lbs, RF as per ASME B16.5, -, Thk=1/8in, -,",C6SBWZF4,2.0,6820-R2-67025-03,6820,
6820-R2-67025-03_NOHD-NI01_0..pdf,OTHER THAN SHOP MATERIALS,11,3/4,"SBlt 2 HHx N, A193 Gr.B7/A194 Gr.2H, -, Xylan PTFE Coated, - 4.75 in. Length",C6S4K8BE,16.0,6820-R2-67025-03,6820,
6820-R2-67025-03_NOHD-NI01_0..pdf,OTHER THAN SHOP MATERIALS,12,8,"Plug Flg,SP, Inverted Tapered Plug, Non Lubricated, API 599, ASTM A494 Gr.CZ100, 150 Lbs, RF, Ends as per ASME B16.5, -, GO,-, -, Valve Tag: PL-0503",C8P7NJK0,1.0,6820-R2-67025-03,6820,
6820-R2-67025-03_NOHD-NI01_0..pdf,PIPE SUPPORTS,13,10,PS219-2-3.5-3.5,PS219,1.0,6820-R2-67025-03,6820,
6820-R2-67025-04_NOHD-NI01_2.pdf,PIPE SUPPORTS,8,10,PS219-1-3-3,PS219,1.0,6820-R2-67025-04,6820,
6820-R2-67025-04_NOHD-NI01_2.pdf,PIPE SUPPORTS,9,10,PS206-10-1,PS206,1.0,6820-R2-67025-04,6820,
6820-R2-67025-04_NOHD-NI01_2.pdf,PIPE SUPPORTS,10,10,PS407-4-20.83-36-/,PS407,1.0,6820-R2-67025-04,6820,
6820-R2-67040-01_NOHD-NI01_1..pdf,OTHER THAN SHOP MATERIALS,11,8,"NM Flat Gk, Barium Sulfate filled PTFE, 150 Lbs, RF as per ASME B16.5, -, Thk=1/8in, -,",C6SBWZF4,1.0,6820-R2-67040-01,6820,
6820-R2-67040-01_NOHD-NI01_1..pdf,OTHER THAN SHOP MATERIALS,12,1,"NM Flat Gk, Barium Sulfate filled PTFE, 150 Lbs, RF as per ASME B16.5, -, Thk=1/8in, -,",C6S4K87F,2.0,6820-R2-67040-01,6820,
6820-R2-67040-01_NOHD-NI01_1..pdf,OTHER THAN SHOP MATERIALS,13,3/4,"SBlt 2 HHx N, A193 Gr.B7/A194 Gr.2H, -, Xylan PTFE Coated, - 4.75 in. Length",C6S4K8BE,8.0,6820-R2-67040-01,6820,
6820-R2-67040-01_NOHD-NI01_1..pdf,OTHER THAN SHOP MATERIALS,14,1/2,"SBlt 2 HHx N, A193 Gr.B7/A194 Gr.2H, -, Xylan PTFE Coated, - 2.75 in. Length",C6S4K87U,8.0,6820-R2-67040-01,6820,
6820-R2-67040-01_NOHD-NI01_1..pdf,OTHER THAN SHOP MATERIALS,15,1,"Plug Flg,SP, Inverted Tapered Plug, Non Lubricated, API 599, ASTM B564 UNS N02200, 150 Lbs, RF, Ends as per ASME B16.5, -, LO,-, -, Valve Tag: PL-0503_LO",C8RR9V37,1.0,6820-R2-67040-01,6820,
6820-R2-67040-01_NOHD-NI01_1..pdf,OTHER THAN SHOP MATERIALS,16,1,"Bld Flg, ASME B16.5, ASTM B564 UNS N02200, 150 Lbs, RF, -,",C7T63YAU,1.0,6820-R2-67040-01,6820,
6820-R2-67040-01_NOHD-NI01_1..pdf,PIPE SUPPORTS,17,8,PS214-12,PS214,1.0,6820-R2-67040-01,6820,
6820-R2-67040-02_NOHD-NI01_0..pdf,OTHER THAN SHOP MATERIALS,6,8,"NM Flat Gk, Barium Sulfate filled PTFE, 150 Lbs, RF as per ASME B16.5, -, Thk=1/8in, -,",C6SBWZF4,2.0,6820-R2-67040-02,6820,
6820-R2-67040-02_NOHD-NI01_0..pdf,OTHER THAN SHOP MATERIALS,7,3/4,"SBlt 2 HHx N, A193 Gr.B7/A194 Gr.2H, -, Xylan PTFE Coated, - 4.75 in. Length",C6S4K8BE,16.0,6820-R2-67040-02,6820,
6820-R2-67040-02_NOHD-NI01_0..pdf,OTHER THAN SHOP MATERIALS,8,8,"Plug Flg,SP, Inverted Tapered Plug, Non Lubricated, API 599, ASTM A494 Gr.CZ100, 150 Lbs, RF, Ends as per ASME B16.5, -, GO,-, -, Valve Tag: PL-0503",C8P7NJK0,1.0,6820-R2-67040-02,6820,
6820-R2-67040-03_NOHD-NI01_1..pdf,OTHER THAN SHOP MATERIALS,12,1/2,"SBlt 2 HHx N, A193 Gr.B7/A194 Gr.2H, -, Xylan PTFE Coated, - 2.75 in. Length 1",C6S4K87U,4.0,6820-R2-67040-03,6820,
6820-R2-67040-03_NOHD-NI01_1..pdf,PIPE SUPPORTS,14,8,PS204-8,PS204,1.0,6820-R2-67040-03,6820,
6820-R2-67040-03_NOHD-NI01_1..pdf,PIPE SUPPORTS,15,8,PS407-3-25-14-7,PS407,1.0,6820-R2-67040-03,6820,
6820-R2-67040-03_NOHD-NI01_1..pdf,PIPE SUPPORTS,16,8,PS206-8-1,PS206,1.0,6820-R2-67040-03,6820,
6820-R2-67040-04_NOHD-NI01_1..pdf,OTHER THAN SHOP MATERIALS,12,8,"NM Flat Gk, Barium Sulfate filled PTFE, 150 Lbs, RF as per ASME B16.5, -, Thk=1/8in, -,",C6SBWZF4,1.0,6820-R2-67040-04,6820,
6820-R2-67040-04_NOHD-NI01_1..pdf,OTHER THAN SHOP MATERIALS,13,3/4,"SBlt 2 HHx N, A193 Gr.B7/A194 Gr.2H, -, Xylan PTFE Coated, - 4.75 in. Length",C6S4K8BE,8.0,6820-R2-67040-04,6820,
6820-R2-67040-04_NOHD-NI01_1..pdf,OTHER THAN SHOP MATERIALS,14,8,"Plug Flg,SP, Inverted Tapered Plug, Non Lubricated, API 599, ASTM A494 Gr.CZ100, 150 Lbs, RF, Ends as per ASME B16.5, -, GO,-, -, Valve Tag: PL-0503",C8P7NJK0,1.0,6820-R2-67040-04,6820,
6820-R2-67040-04_NOHD-NI01_1..pdf,PIPE SUPPORTS,15,8,PS406-2-40.44-18-9,PS406,1.0,6820-R2-67040-04,6820,
6820-R2-67040-04_NOHD-NI01_1..pdf,PIPE SUPPORTS,16,8,PS406-1-43.68-52-8,PS406,1.0,6820-R2-67040-04,6820,
6820-R2-67040-04_NOHD-NI01_1..pdf,PIPE SUPPORTS,17,8,PS204-8,PS204,2.0,6820-R2-67040-04,6820,
6820-R2-67040-04_NOHD-NI01_1..pdf,PIPE SUPPORTS,18,8,PS401-1-36-1,PS401,1.0,6820-R2-67040-04,6820,
6820-R2-67040-05_NOHD-NI01_1..pdf,OTHER THAN SHOP MATERIALS,10,8,"NM Flat Gk, Barium Sulfate filled PTFE, 150 Lbs, RF as per ASME B16.5, -, Thk=1/8in, -,",C6SBWZF4,1.0,6820-R2-67040-05,6820,
6820-R2-67040-05_NOHD-NI01_1..pdf,OTHER THAN SHOP MATERIALS,11,1,"NM Flat Gk, Barium Sulfate filled PTFE, 150 Lbs, RF as per ASME B16.5, -, Thk=1/8in, -,",C6S4K87F,2.0,6820-R2-67040-05,6820,
6820-R2-67040-05_NOHD-NI01_1..pdf,OTHER THAN SHOP MATERIALS,12,3/4,"SBlt 2 HHx N, A193 Gr.B7/A194 Gr.2H, -, Xylan PTFE Coated, - 4.75 in. Length",C6S4K8BE,8.0,6820-R2-67040-05,6820,
6820-R2-67040-05_NOHD-NI01_1..pdf,OTHER THAN SHOP MATERIALS,13,1/2,"SBlt 2 HHx N, A193 Gr.B7/A194 Gr.2H, -, Xylan PTFE Coated, - 2.75 in. Length",C6S4K87U,8.0,6820-R2-67040-05,6820,
6820-R2-67040-05_NOHD-NI01_1..pdf,OTHER THAN SHOP MATERIALS,14,1,"Plug Flg,SP, Inverted Tapered Plug, Non Lubricated, API 599, ASTM B564 UNS N02200, 150 Lbs, RF, Ends as per ASME B16.5, -, LO,-, -, Valve Tag: PL-0503_LO",C8RR9V37,1.0,6820-R2-67040-05,6820,
6820-R2-67040-05_NOHD-NI01_1..pdf,OTHER THAN SHOP MATERIALS,15,1,"Bld Flg, ASME B16.5, ASTM B564 UNS N02200, 150 Lbs, RF, -,",C7T63YAU,1.0,6820-R2-67040-05,6820,
6820-R2-67040-05_NOHD-NI01_1..pdf,PIPE SUPPORTS,16,8,PS206-8-1,PS206,1.0,6820-R2-67040-05,6820,
6820-R2-67040-05_NOHD-NI01_1..pdf,PIPE SUPPORTS,17,8,PS406-1-27.98-14-7,PS406,1.0,6820-R2-67040-05,6820,
6820-R2-67040-05_NOHD-NI01_1..pdf,PIPE SUPPORTS,18,8,PS430-3-A-84 1,PS430,1.0,6820-R2-67040-05,6820,
6820-R2-67040-05_NOHD-NI01_1..pdf,PIPE SUPPORTS,19,8,PS204-8,PS204,1.0,6820-R2-67040-05,6820,
6820-R2-67040-06_NOHD-NI01_0..pdf,OTHER THAN SHOP MATERIALS,8,8,"NM Flat Gk, Barium Sulfate filled PTFE, 150 Lbs, RF as per ASME B16.5, -, Thk=1/8in, -,",C6SBWZF4,2.0,6820-R2-67040-06,6820,
6820-R2-67040-06_NOHD-NI01_0..pdf,OTHER THAN SHOP MATERIALS,9,1,"NM Flat Gk, Barium Sulfate filled PTFE, 150 Lbs, RF as per ASME B16.5, -, Thk=1/8in, -,",C6S4K87F,2.0,6820-R2-67040-06,6820,
6820-R2-67040-06_NOHD-NI01_0..pdf,OTHER THAN SHOP MATERIALS,10,3/4,"SBlt 2 HHx N, A193 Gr.B7/A194 Gr.2H, -, Xylan PTFE Coated, - 4.5 in. Length",C6S4K8BD,16.0,6820-R2-67040-06,6820,
6820-R2-67040-06_NOHD-NI01_0..pdf,OTHER THAN SHOP MATERIALS,11,1/2,"SBlt 2 HHx N, A193 Gr.B7/A194 Gr.2H, -, Xylan PTFE Coated, - 2.75 in. Length",C6S4K87U,8.0,6820-R2-67040-06,6820,
6820-R2-67040-06_NOHD-NI01_0..pdf,OTHER THAN SHOP MATERIALS,12,1,"Plug Flg,SP, Inverted Tapered Plug, Non Lubricated, API 599, ASTM B564 UNS N02200, 150 Lbs, RF, Ends as per ASME B16.5, -, LO,-, -, Valve Tag: PL-0503_LO",C8RR9V37,1.0,6820-R2-67040-06,6820,
6820-R2-67040-06_NOHD-NI01_0..pdf,OTHER THAN SHOP MATERIALS,13,1,"Bld Flg, ASME B16.5, ASTM B564 UNS N02200, 150 Lbs, RF, -,",C7T63YAU,1.0,6820-R2-67040-06,6820,
6820-R2-67040-07_NOHD-NI01_2..pdf,PIPE SUPPORTS,7,8,PS401-4-31.7-2,PS401,2.0,6820-R2-67040-07,6820,
6820-R2-67040-07_NOHD-NI01_2..pdf,PIPE SUPPORTS,8,8,PS204-8,PS204,3.0,6820-R2-67040-07,6820,
6820-R2-67040-07_NOHD-NI01_2..pdf,PIPE SUPPORTS,9,8,PS434-C-3-27.72-24.76-7.75,PS434,1.0,6820-R2-67040-07,6820,
6820-R2-67040-08_NOHD-NI01_0..pdf,PIPE SUPPORTS,5,8,PS406-2-60-36-17,PS406,1.0,6820-R2-67040-08,6820,
6820-R2-67040-08_NOHD-NI01_0..pdf,PIPE SUPPORTS,6,8,PS610-6-N-2,PS610,1.0,6820-R2-67040-08,6820,
6820-R2-67040-08_NOHD-NI01_0..pdf,PIPE SUPPORTS,7,8,PS915-SH-6820-R2-67040-0001,PS915,1.0,6820-R2-67040-08,6820,
6820-R2-67040-08_NOHD-NI01_0..pdf,PIPE SUPPORTS,8,8,PS430-3-B-50.95,PS430,1.0,6820-R2-67040-08,6820,
6820-R2-67040-08_NOHD-NI01_0..pdf,PIPE SUPPORTS,9,8,PS203-6-A,PS203,1.0,6820-R2-67040-08,6820,
6820-R2-67040-09_NOHD-NI01_0..pdf,OTHER THAN SHOP MATERIALS,4,1,"NM Flat Gk, Barium Sulfate filled PTFE, 150 Lbs, RF as per ASME B16.5, -, Thk=1/8in, -,",C6S4K87F,2.0,6820-R2-67040-09,6820,
6820-R2-67040-09_NOHD-NI01_0..pdf,OTHER THAN SHOP MATERIALS,5,1/2,"SBlt 2 HHx N, A193 Gr.B7/A194 Gr.2H, -, Xylan PTFE Coated, - 2.75 in. Length",C6S4K87U,8.0,6820-R2-67040-09,6820,
6820-R2-67040-09_NOHD-NI01_0..pdf,OTHER THAN SHOP MATERIALS,6,1,"Plug Flg,SP, Inverted Tapered Plug, Non Lubricated, API 599, ASTM B564 UNS N02200, 150 Lbs, RF, Ends as per ASME B16.5, -, LO,-, -, Valve Tag: PL-0503_LO",C8RR9V37,1.0,6820-R2-67040-09,6820,
6820-R2-67040-09_NOHD-NI01_0..pdf,OTHER THAN SHOP MATERIALS,7,1,"Bld Flg, ASME B16.5, ASTM B564 UNS N02200, 150 Lbs, RF, -,",C7T63YAU,1.0,6820-R2-67040-09,6820,
6820-R2-67040-10_NOHD-NI01_0..pdf,OTHER THAN SHOP MATERIALS,5,1/2,"SBlt 2 HHx N, A193 Gr.B7/A194 Gr.2H, -, Xylan PTFE Coated, - 2.75 in. Length",C6S4K87U,4.0,6820-R2-67040-10,6820,
6820-R2-67040-11_NOHD-NI01_0..pdf,OTHER THAN SHOP MATERIALS,8,8,"NM Flat Gk, Barium Sulfate filled PTFE, 150 Lbs, RF as per ASME B16.5, -, Thk=1/8in, -,",C6SBWZF4,2.0,6820-R2-67040-11,6820,
6820-R2-67040-11_NOHD-NI01_0..pdf,OTHER THAN SHOP MATERIALS,9,1,"NM Flat Gk, Barium Sulfate filled PTFE, 150 Lbs, RF as per ASME B16.5, -, Thk=1/8in, -,",C6S4K87F,2.0,6820-R2-67040-11,6820,
6820-R2-67040-11_NOHD-NI01_0..pdf,OTHER THAN SHOP MATERIALS,10,3/4,"SBlt 2 HHx N, A193 Gr.B7/A194 Gr.2H, -, Xylan PTFE Coated, - 4.5 in. Length",C6S4K8BD,8.0,6820-R2-67040-11,6820,
6820-R2-67040-11_NOHD-NI01_0..pdf,OTHER THAN SHOP MATERIALS,11,3/4,"SBlt 2 HHx N, A193 Gr.B7/A194 Gr.2H, -, Xylan PTFE Coated, - 4.75 in. Length",C6S4K8BE,8.0,6820-R2-67040-11,6820,
6820-R2-67040-11_NOHD-NI01_0..pdf,OTHER THAN SHOP MATERIALS,12,1/2,"SBlt 2 HHx N, A193 Gr.B7/A194 Gr.2H, -, Xylan PTFE Coated, - 2.75 in. Length",C6S4K87U,8.0,6820-R2-67040-11,6820,
6820-R2-67040-11_NOHD-NI01_0..pdf,OTHER THAN SHOP MATERIALS,13,8,"Plug Flg,SP, Inverted Tapered Plug, Non Lubricated, API 599, ASTM A494 Gr.CZ100, 150 Lbs, RF, Ends as per ASME B16.5, -, GO,-, -, Valve Tag: PL-0503",C8P7NJK0,1.0,6820-R2-67040-11,6820,
6820-R2-67040-11_NOHD-NI01_0..pdf,OTHER THAN SHOP MATERIALS,14,1,"Plug Flg,SP, Inverted Tapered Plug, Non Lubricated, API 599, ASTM B564 UNS N02200, 150 Lbs, RF, Ends as per ASME B16.5, -, LO,-, -, Valve Tag: PL-0503_LO",C8RR9V37,1.0,6820-R2-67040-11,6820,
6820-R2-67040-11_NOHD-NI01_0..pdf,OTHER THAN SHOP MATERIALS,15,1,"Bld Flg, ASME B16.5, ASTM B564 UNS N02200, 150 Lbs, RF, -,",C7T63YAU,1.0,6820-R2-67040-11,6820,
6820-R2-67041-01_NOHD-NI01_0..pdf,OTHER THAN SHOP MATERIALS,7,6,"NM Flat Gk, Barium Sulfate filled PTFE, 150 Lbs, RF as per ASME B16.5, -, Thk=1/8in, -,",C6S4K87R,2.0,6820-R2-67041-01,6820,
6820-R2-67041-01_NOHD-NI01_0..pdf,OTHER THAN SHOP MATERIALS,8,3/4,"SBlt 2 HHx N, A193 Gr.B7/A194 Gr.2H, -, Xylan PTFE Coated, - 4.25 in. Length",C6S4K8BC,16.0,6820-R2-67041-01,6820,
6820-R2-67041-01_NOHD-NI01_0..pdf,OTHER THAN SHOP MATERIALS,9,6,"Plug Flg,SP, Inverted Tapered Plug, Non Lubricated, API 599, ASTM A494 Gr.CZ100, 150 Lbs, RF, Ends as per ASME B16.5, -, GO,-, -, Valve Tag: PL-0503",C8P7NJJZ,1.0,6820-R2-67041-01,6820,
6820-R2-67041-01_NOHD-NI01_0..pdf,PIPE SUPPORTS,10,6,PS407-2-54.43-20-4,PS407,1.0,6820-R2-67041-01,6820,
6820-R2-67043-01_SCXL-CS02_0..pdf,OTHER THAN SHOP MATERIALS,5,4,"NM Flat Gk, Barium Sulfate filled PTFE, 300 Lbs, RF as per ASME B16.5, Full Face, Thk=1/8in, -,",C7CX7CSR,2.0,6820-R2-67043-01,6820,
6820-R2-67043-01_SCXL-CS02_0..pdf,OTHER THAN SHOP MATERIALS,6,3/4,"SBlt 2 HHx N, A193 Gr.B7/A194 Gr.2H, -, Xylan PTFE Coated, - 4.5 in. Length",C6S4K8BD,16.0,6820-R2-67043-01,6820,
6820-R2-67043-01_SCXL-CS02_0..pdf,OTHER THAN SHOP MATERIALS,7,4,"Gat Flg, -, API 600, ASTM A216 Gr.WCB,300 Lbs, RF, Ends as per ASME B16.5, HO,-, Valve Tag: GA-1192",C99ZZ9EG,1.0,6820-R2-67043-01,6820,
6820-R2-67043-01_SCXL-CS02_0..pdf,PIPE SUPPORTS,8,4,PS407-2-58.37-8-/,PS407,1.0,6820-R2-67043-01,6820,
6820-R2-67044-01_SCXL-CS02_1..pdf,OTHER THAN SHOP MATERIALS,11,1,"Plug, Solid Round Head Type, ASME B16.11, ASTM A105N, NPTM End, -,",CBBPLK4,1.0,6820-R2-67044-01,6820,
6820-R2-67044-01_SCXL-CS02_1..pdf,OTHER THAN SHOP MATERIALS,12,6,"NM Flat Gk, Barium Sulfate filled PTFE, 300 Lbs, RF as per ASME B16.5, Full Face, Thk=1/8in, -,",C7CX7CST,1.0,6820-R2-67044-01,6820,
6820-R2-67044-01_SCXL-CS02_1..pdf,OTHER THAN SHOP MATERIALS,14,3/4,"SBlt 2 HHx N, A193 Gr.B7/A194 Gr.2H, -, Xylan PTFE Coated, - 5 in. Length",C6S4K8BF,12.0,6820-R2-67044-01,6820,
6820-R2-67044-01_SCXL-CS02_1..pdf,OTHER THAN SHOP MATERIALS,15,3/4,"SBlt 2 HHx N, A193 Gr.B7/A194 Gr.2H, -, Xylan PTFE Coated, - 3.5 in. Length",C6S4K8B9,4.0,6820-R2-67044-01,6820,
6820-R2-67044-01_SCXL-CS02_1..pdf,OTHER THAN SHOP MATERIALS,16,1,"Gat Fem, API 602, ASTM A105N,800 Lbs, NPTF Ends, HO,-, Valve Tag: GA-0120",C76SPABV,1.0,6820-R2-67044-01,6820,
6820-R2-67044-01_SCXL-CS02_1..pdf,PIPE SUPPORTS,18,6,PS214-16,PS214,1.0,6820-R2-67044-01,6820,
6820-R2-67044-01_SCXL-CS02_1..pdf,PIPE SUPPORTS,19,6,PS209-B3,PS209,1.0,6820-R2-67044-01,6820,
6820-R2-67044-02_SCXL-CS02_1..pdf,OTHER THAN SHOP MATERIALS,8,1,"Plug, Solid Round Head Type, ASME B16.11, ASTM A105N, NPTM End, -,",CBBPLK4,1.0,6820-R2-67044-02,6820,
6820-R2-67044-02_SCXL-CS02_1..pdf,OTHER THAN SHOP MATERIALS,9,6,"NM Flat Gk, Barium Sulfate filled PTFE, 300 Lbs, RF as per ASME B16.5, Full Face, Thk=1/8in, -,",C7CX7CST,2.0,6820-R2-67044-02,6820,
6820-R2-67044-02_SCXL-CS02_1..pdf,OTHER THAN SHOP MATERIALS,10,3/4,"SBlt 2 HHx N, A193 Gr.B7/A194 Gr.2H, -, Xylan PTFE Coated, - 5 in. Length",C6S4K8BF,24.0,6820-R2-67044-02,6820,
6820-R2-67044-02_SCXL-CS02_1..pdf,OTHER THAN SHOP MATERIALS,11,6,"Gat Flg, -, API 600, ASTM A216 Gr.WCB,300 Lbs, RF, Ends as per ASME B16.5, HO,-, Valve Tag: GA-1192",C99ZZ9EJ,1.0,6820-R2-67044-02,6820,
6820-R2-67044-02_SCXL-CS02_1..pdf,OTHER THAN SHOP MATERIALS,12,1,"Gat Fem, API 602, ASTM A105N,800 Lbs, NPTF Ends, HO,-, Valve Tag: GA-0120",C76SPABV,1.0,6820-R2-67044-02,6820,
6820-R2-67044-02_SCXL-CS02_1..pdf,PIPE SUPPORTS,13,6,PS214-16,PS214,1.0,6820-R2-67044-02,6820,
6820-R2-67044-02_SCXL-CS02_1..pdf,PIPE SUPPORTS,14,6,PS209-B2,PS209,1.0,6820-R2-67044-02,6820,
6820-R2-67044-02_SCXL-CS02_1..pdf,PIPE SUPPORTS,15,6,PS219-2-4-4,PS219,1.0,6820-R2-67044-02,6820,
6820-R2-67044-03_SCXL-CS02_0..pdf,PIPE SUPPORTS,5,6,PS204-6,PS204,2.0,6820-R2-67044-03,6820,
6820-R2-67044-03_SCXL-CS02_0..pdf,PIPE SUPPORTS,6,6,PS206-6-1,PS206,1.0,6820-R2-67044-03,6820,
6820-R2-67044-04_SCXL-CS02_0..pdf,OTHER THAN SHOP MATERIALS,7,6,"NM Flat Gk, Barium Sulfate filled PTFE, 300 Lbs, RF as per ASME B16.5, Full Face, Thk=1/8in, -,",C7CX7CST,1.0,6820-R2-67044-04,6820,
6820-R2-67044-04_SCXL-CS02_0..pdf,OTHER THAN SHOP MATERIALS,8,3/4,"SBlt 2 HHx N, A193 Gr.B7/A194 Gr.2H, -, Xylan PTFE Coated, - 5 in. Length",C6S4K8BF,12.0,6820-R2-67044-04,6820,
6820-R2-67044-04_SCXL-CS02_0..pdf,PIPE SUPPORTS,9,6,PS209-B2,PS209,1.0,6820-R2-67044-04,6820,
6820-R2-67044-04_SCXL-CS02_0..pdf,PIPE SUPPORTS,10,6,PS214-16,PS214,1.0,6820-R2-67044-04,6820,
6820-R2-67044-05_SCXL-CS02_1..pdf,OTHER THAN SHOP MATERIALS,10,1,"Plug, Solid Round Head Type, ASME B16.11, ASTM A105N, NPTM End, -,",CBBPLK4,1.0,6820-R2-67044-05,6820,
6820-R2-67044-05_SCXL-CS02_1..pdf,OTHER THAN SHOP MATERIALS,11,6,"NM Flat Gk, Barium Sulfate filled PTFE, 300 Lbs, RF as per ASME B16.5, Full Face, Thk=1/8in, -,",C7CX7CST,2.0,6820-R2-67044-05,6820,
6820-R2-67044-05_SCXL-CS02_1..pdf,OTHER THAN SHOP MATERIALS,13,3/4,"SBlt 2 HHx N, A193 Gr.B7/A194 Gr.2H, -, Xylan PTFE Coated, - 5 in. Length",C6S4K8BF,24.0,6820-R2-67044-05,6820,
6820-R2-67044-05_SCXL-CS02_1..pdf,OTHER THAN SHOP MATERIALS,14,3/4,"SBlt 2 HHx N, A193 Gr.B7/A194 Gr.2H, -, Xylan PTFE Coated, - 3.5 in. Length",C6S4K8B9,4.0,6820-R2-67044-05,6820,
6820-R2-67044-05_SCXL-CS02_1..pdf,OTHER THAN SHOP MATERIALS,15,6,"Gat Flg, -, API 600, ASTM A216 Gr.WCB,300 Lbs, RF, Ends as per ASME B16.5, HO,-, Valve Tag: GA-1192",C99ZZ9EJ,1.0,6820-R2-67044-05,6820,
6820-R2-67044-05_SCXL-CS02_1..pdf,OTHER THAN SHOP MATERIALS,16,1,"Gat Fem, API 602, ASTM A105N,800 Lbs, NPTF Ends, HO,-, Valve Tag: GA-0120",C76SPABV,1.0,6820-R2-67044-05,6820,
6820-R2-67044-05_SCXL-CS02_1..pdf,PIPE SUPPORTS,18,6,PS209-B3,PS209,1.0,6820-R2-67044-05,6820,
6820-R2-67044-05_SCXL-CS02_1..pdf,PIPE SUPPORTS,19,6,PS214-16,PS214,1.0,6820-R2-67044-05,6820,
6820-R2-67044-06_SCXL-CS02_0..pdf,OTHER THAN SHOP MATERIALS,6,1,"Plug, Solid Round Head Type, ASME B16.11, ASTM A105N, NPTM End, -,",CBBPLK4,1.0,6820-R2-67044-06,6820,
6820-R2-67044-06_SCXL-CS02_0..pdf,OTHER THAN SHOP MATERIALS,7,6,"NM Flat Gk, Barium Sulfate filled PTFE, 300 Lbs, RF as per ASME B16.5, Full Face, Thk=1/8in, -,",C7CX7CST,1.0,6820-R2-67044-06,6820,
6820-R2-67044-06_SCXL-CS02_0..pdf,OTHER THAN SHOP MATERIALS,8,3/4,"SBlt 2 HHx N, A193 Gr.B7/A194 Gr.2H, -, Xylan PTFE Coated, - 5 in. Length",C6S4K8BF,12.0,6820-R2-67044-06,6820,
6820-R2-67044-06_SCXL-CS02_0..pdf,OTHER THAN SHOP MATERIALS,9,1,"Gat Fem, API 602, ASTM A105N,800 Lbs, NPTF Ends, HO,-, Valve Tag: GA-0120",C76SPABV,1.0,6820-R2-67044-06,6820,
6820-R2-67045-01_NOHD-SS03_0..pdf,OTHER THAN SHOP MATERIALS,8,1,"NM Flat Gk, Barium Sulfate filled PTFE, 150 Lbs, RF as per ASME B16.5, -, Thk=1/8in, -,",C6S4K87F,1.0,6820-R2-67045-01,6820,
6820-R2-67045-01_NOHD-SS03_0..pdf,OTHER THAN SHOP MATERIALS,9,1/2,"SBlt 2 HHx N, A193 Gr.B7/A194 Gr.2H, -, Xylan PTFE Coated, - 2.75 in. Length",C6S4K87U,4.0,6820-R2-67045-01,6820,
6820-R2-67045-01_NOHD-SS03_0..pdf,PIPE SUPPORTS,10,1,PS212-1,PS212,1.0,6820-R2-67045-01,6820,
6820-R2-67045-01_NOHD-SS03_0..pdf,PIPE SUPPORTS,11,1,PS201-1-S,PS201,3.0,6820-R2-67045-01,6820,
6820-R2-67045-01_NOHD-SS03_0..pdf,PIPE SUPPORTS,12,1,PS433-1,PS433,3.0,6820-R2-67045-01,6820,
6820-R2-67045-01_NOHD-SS03_0..pdf,PIPE SUPPORTS,11,1,PS709-A-23.66-8,PS709,2.0,6820-R2-67045-01,6820,
6820-R2-67045-01_NOHD-SS03_0..pdf,PIPE SUPPORTS,14,1,PS718-A-23.66-11.50,PS718,1.0,6820-R2-67045-01,6820,
6820-R2-67047-01_NOHD-NI01_2.pdf,OTHER THAN SHOP MATERIALS,9,8,"NM Flat Gk, Barium Sulfate filled PTFE, 150 Lbs, RF as per ASME B16.5, -, Thk=1/8in, -,",C6SBWZF4,2.0,6820-R2-67047-01,6820,
6820-R2-67047-01_NOHD-NI01_2.pdf,OTHER THAN SHOP MATERIALS,10,3/4,"SBlt 2 HHx N, A193 Gr.B7/A194 Gr.2H, -, Xylan PTFE Coated, - 4.5 in. Length",C6S4K8BD,8.0,6820-R2-67047-01,6820,
6820-R2-67047-01_NOHD-NI01_2.pdf,OTHER THAN SHOP MATERIALS,11,3/4,"SBlt 2 HHx N, A193 Gr.B7/A194 Gr.2H, -, Xylan PTFE Coated, - 4.75 in. Length",C6S4K8BE,8.0,6820-R2-67047-01,6820,
6820-R2-67047-01_NOHD-NI01_2.pdf,OTHER THAN SHOP MATERIALS,12,8,"Plug Flg,SP, Inverted Tapered Plug, Non Lubricated, API 599, ASTM A494 Gr.CZ100, 150 Lbs, RF, Ends as per ASME B16.5, -, GO,-, -, Valve Tag: PL-0503",C8P7NJK0,1.0,6820-R2-67047-01,6820,
6820-R2-67047-01_NOHD-NI01_2.pdf,PIPE SUPPORTS,13,8,PS406-2-40.875-24-12,PS406,1.0,6820-R2-67047-01,6820,
6820-R2-67047-01_NOHD-NI01_2.pdf,PIPE SUPPORTS,14,8,PS902-SH-6820-R2-67047-0001,PS902,1.0,6820-R2-67047-01,6820,
6820-R2-67047-01_NOHD-NI01_2.pdf,PIPE SUPPORTS,15,8,PS401-4-28.25-2,PS401,1.0,6820-R2-67047-01,6820,
6820-R2-67047-01_NOHD-NI01_2.pdf,PIPE SUPPORTS,16,8,2 PS206-8-1 2,PS206,1.0,6820-R2-67047-01,6820,
6820-R2-67047-01_NOHD-NI01_2.pdf,PIPE SUPPORTS,17,8,PS204-8,PS204,3.0,6820-R2-67047-01,6820,
6820-R2-67047-01_NOHD-NI01_2.pdf,PIPE SUPPORTS,18,8,PS406-2-34.5-30-16,PS406,1.0,6820-R2-67047-01,6820,
6820-R2-67047-01_NOHD-NI01_2.pdf,PIPE SUPPORTS,19,8,PS406-2-28.5-30-16,PS406,1.0,6820-R2-67047-01,6820,
6820-R2-67047-01_NOHD-NI01_2.pdf,PIPE SUPPORTS,20,8,PS406-3-34.5-60-16,PS406,1.0,6820-R2-67047-01,6820,
6820-R2-67047-01_NOHD-NI01_2.pdf,PIPE SUPPORTS,21,8,PS430-3-A-47.5,PS430,1.0,6820-R2-67047-01,6820,
6820-R2-67047-01_NOHD-NI01_2.pdf,PIPE SUPPORTS,22,8,PS434-C-3-34.72-14-6,PS434,1.0,6820-R2-67047-01,6820,
6820-R2-67047-02_NOHD-NI01_1.pdf,OTHER THAN SHOP MATERIALS,12,1,"NM Flat Gk, Barium Sulfate filled PTFE, 150 Lbs, RF as per ASME B16.5, -, Thk=1/8in, -,",C6S4K87F,2.0,6820-R2-67047-02,6820,
6820-R2-67047-02_NOHD-NI01_1.pdf,OTHER THAN SHOP MATERIALS,13,1/2,"SBlt 2 HHx N, A193 Gr.B7/A194 Gr.2H, -, Xylan PTFE Coated, - 2.75 in. Length",C6S4K87U,8.0,6820-R2-67047-02,6820,
6820-R2-67047-02_NOHD-NI01_1.pdf,OTHER THAN SHOP MATERIALS,14,1,"Plug Flg,SP, Inverted Tapered Plug, Non Lubricated, API 599, ASTM B564 UNS N02200, 150 Lbs, RF, Ends as per ASME B16.5, -, LO,-, -, Valve Tag: PL-0503_LO",C8RR9V37,1.0,6820-R2-67047-02,6820,
6820-R2-67047-02_NOHD-NI01_1.pdf,OTHER THAN SHOP MATERIALS,15,1,"Bld Flg, ASME B16.5, ASTM B564 UNS N02200, 150 Lbs, RF, -,",C7T63YAU,1.0,6820-R2-67047-02,6820,
6820-R2-67047-02_NOHD-NI01_1.pdf,PIPE SUPPORTS,16,8,PS407-2-28-10-/,PS407,1.0,6820-R2-67047-02,6820,
6820-R2-67047-02_NOHD-NI01_1.pdf,PIPE SUPPORTS,17,8,PS407-3-28-14-/,PS407,1.0,6820-R2-67047-02,6820,
6820-R2-67047-02_NOHD-NI01_1.pdf,PIPE SUPPORTS,18,8,PS204-8 1,PS204,2.0,6820-R2-67047-02,6820,
6820-R2-67047-02_NOHD-NI01_1.pdf,PIPE SUPPORTS,19,8,PS412-15.43-15,PS412,1.0,6820-R2-67047-02,6820,
6820-R2-67047-02_NOHD-NI01_1.pdf,PIPE SUPPORTS,20,8,PS206-8-1,PS206,1.0,6820-R2-67047-02,6820,
6820-R2-67047-03_NOHD-NI01_0.pdf,OTHER THAN SHOP MATERIALS,10,8,"NM Flat Gk, Barium Sulfate filled PTFE, 150 Lbs, RF as per ASME B16.5, -, Thk=1/8in, -,",C6SBWZF4,3.0,6820-R2-67047-03,6820,
6820-R2-67047-03_NOHD-NI01_0.pdf,OTHER THAN SHOP MATERIALS,11,1,"NM Flat Gk, Barium Sulfate filled PTFE, 150 Lbs, RF as per ASME B16.5, -, Thk=1/8in, -,",C6S4K87F,2.0,6820-R2-67047-03,6820,
6820-R2-67047-03_NOHD-NI01_0.pdf,OTHER THAN SHOP MATERIALS,12,3/4,"SBlt 2 HHx N, A193 Gr.B7/A194 Gr.2H, -, Xylan PTFE Coated, - 4.75 in. Length",C6S4K8BE,24.0,6820-R2-67047-03,6820,
6820-R2-67047-03_NOHD-NI01_0.pdf,OTHER THAN SHOP MATERIALS,13,1/2,"SBlt 2 HHx N, A193 Gr.B7/A194 Gr.2H, -, Xylan PTFE Coated, - 2.75 in. Length",C6S4K87U,8.0,6820-R2-67047-03,6820,
6820-R2-67047-03_NOHD-NI01_0.pdf,OTHER THAN SHOP MATERIALS,14,8,"Plug Flg,SP, Inverted Tapered Plug, Non Lubricated, API 599, ASTM A494 Gr.CZ100, 150 Lbs, RF, Ends as per ASME B16.5, -, GO,-, -, Valve Tag: PL-0503",C8P7NJK0,1.0,6820-R2-67047-03,6820,
6820-R2-67047-03_NOHD-NI01_0.pdf,OTHER THAN SHOP MATERIALS,15,1,"Plug Flg,SP, Inverted Tapered Plug, Non Lubricated, API 599, ASTM B564 UNS N02200, 150 Lbs, RF, Ends as per ASME B16.5, -, LO,-, -, Valve Tag: PL-0503_LO",C8RR9V37,1.0,6820-R2-67047-03,6820,
6820-R2-67047-03_NOHD-NI01_0.pdf,OTHER THAN SHOP MATERIALS,16,1,"Bld Flg, ASME B16.5, ASTM B564 UNS N02200, 150 Lbs, RF, -,",C7T63YAU,1.0,6820-R2-67047-03,6820,
6820-R2-67047-03_NOHD-NI01_0.pdf,PIPE SUPPORTS,17,8,PS407-4-27.5-20-/,PS407,1.0,6820-R2-67047-03,6820,
6820-R2-67047-03_NOHD-NI01_0.pdf,PIPE SUPPORTS,18,8,PS432-A-3,PS432,1.0,6820-R2-67047-03,6820,
6820-R2-67054-01_NOHD-SS03_1.pdf,PIPE SUPPORTS,8,4,PS209-B1,PS209,1.0,6820-R2-67054-01,6820,
6820-R2-67054-01_NOHD-SS03_1.pdf,PIPE SUPPORTS,9,4,PS214-14,PS214,1.0,6820-R2-67054-01,6820,
6820-R2-67054-02_NOHD-SS03_1.pdf,PIPE SUPPORTS,5,4,PS214-12,PS214,2.0,6820-R2-67054-02,6820,
6820-R2-67055-02_EPCL-SS01_1..pdf,OTHER THAN SHOP MATERIALS,10,6,"NM Flat Gk, Barium Sulfate filled PTFE, 150 Lbs, RF as per ASME B16.5, Full Face, Thk=1/8in, -,",C7CT1ZG1,3.0,6820-R2-67055-02,6820,
6820-R2-67055-02_EPCL-SS01_1..pdf,OTHER THAN SHOP MATERIALS,11,3/4,"SBlt 2 HHx N, A193 Gr.B7/A194 Gr.2H, -, Xylan PTFE Coated, - 4.25 in. Length",C6S4K8BC,8.0,6820-R2-67055-02,6820,
6820-R2-67055-02_EPCL-SS01_1..pdf,OTHER THAN SHOP MATERIALS,12,3/4,"SBlt 2 HHx N, A193 Gr.B7/A194 Gr.2H, -, Xylan PTFE Coated, - 4.5 in. Length",C6S4K8BD,8.0,6820-R2-67055-02,6820,
6820-R2-67055-02_EPCL-SS01_1..pdf,PIPE SUPPORTS,14,6,PS413-2-10-10,PS413,1.0,6820-R2-67055-02,6820,
6820-R2-67055-02_EPCL-SS01_1..pdf,PIPE SUPPORTS,1,6,PS204-6,PS204,3.0,6820-R2-67055-02,6820,
6820-R2-67055-02_EPCL-SS01_1..pdf,PIPE SUPPORTS,16,6,PS412-39.32-20,PS412,1.0,6820-R2-67055-02,6820,
6820-R2-67055-02_EPCL-SS01_1..pdf,PIPE SUPPORTS,17,6,PS434-C-3-17.11-18-7.8,PS434,1.0,6820-R2-67055-02,6820,
6820-R2-67055-02_EPCL-SS01_1..pdf,PIPE SUPPORTS,18,6,PS401-4-41-1,PS401,1.0,6820-R2-67055-02,6820,
6820-R2-67055-03_EPCL-SS01_0..pdf,OTHER THAN SHOP MATERIALS,1,1,"Pipes, Seamless, ASME ' B36.19/B36.10, ASTM A312 Gr.TP304L, NPTM Ends, w/ coupling, -, S-80S",C76KFFTD,2.5,6820-R2-67055-03,6820,
6820-R2-67055-03_EPCL-SS01_0..pdf,OTHER THAN SHOP MATERIALS,2,1,"THD Flg, ASME B16.5, ASTM A182 Gr.F304L, 150 Lbs, RF/NPTF End, Annealed,",C7W2U48L,3.0,6820-R2-67055-03,6820,
6820-R2-67055-03_EPCL-SS01_0..pdf,OTHER THAN SHOP MATERIALS,3,1,"NM Flat Gk, Barium Sulfate filled PTFE, 150 Lbs, RF as per ASME B16.5, Full Face, Thk=1/8in, -,",C7CT1ZFH,4.0,6820-R2-67055-03,6820,
6820-R2-67055-03_EPCL-SS01_0..pdf,OTHER THAN SHOP MATERIALS,4,1/2,"SBlt 2 HHx N, A193 Gr.B7/A194 Gr.2H, -, Xylan PTFE Coated, - 2.75 in. Length",C6S4K87U,16.0,6820-R2-67055-03,6820,
6820-R2-67055-03_EPCL-SS01_0..pdf,OTHER THAN SHOP MATERIALS,5,1,"Plug Flg,SP, Tapered Plug, Non Lubricated, API 599, ASTM A351 Gr.CF8M, 150 Lbs, RF, Ends as per ASME B16.5, -, LO,-, -, Valve Tag: PL-0548",C76KHSRR,2.0,6820-R2-67055-03,6820,
6820-R2-67055-03_EPCL-SS01_0..pdf,OTHER THAN SHOP MATERIALS,6,1,"Bld Flg, ASME B16.5, ASTM A182 Gr.F304L, 150 Lbs, RF, Annealed, TYPE: INSUL THK: SHOP: FIELD: PAINT CODE: MODULE: L Per LDT Per LDT Y Y Per LDT - P&ID: 202998C-001-PID-0021-0324 UNIT#: EWP AREA: SPEC: STRESS CALC #: 6800 6820 EPCL-SS01 CN-0389 LINE No. 1""-R2-67055-EPCL-SS01-H Battleground DRAWING NUMBER REV. 6820-R2-67055-03 *6820-R2-67055-03*",C7W2U478,1.0,6820-R2-67055-03,6820,
6820-R2-67055-03_EPCL-SS01_0.pdf,OTHER THAN SHOP MATERIALS,1,1,"Pipes, Seamless, ASME ' B36.19/B36.10, ASTM A312 Gr.TP304L, NPTM Ends, w/ coupling, -, S-80S",C76KFFTD,2.5,6820-R2-67055-03,6820,
6820-R2-67055-03_EPCL-SS01_0.pdf,OTHER THAN SHOP MATERIALS,2,1,"THD Flg, ASME B16.5, ASTM A182 Gr.F304L, 150 Lbs, RF/NPTF End, Annealed,",C7W2U48L,3.0,6820-R2-67055-03,6820,
6820-R2-67055-03_EPCL-SS01_0.pdf,OTHER THAN SHOP MATERIALS,3,1,"NM Flat Gk, Barium Sulfate filled PTFE, 150 Lbs, RF as per ASME B16.5, Full Face, Thk=1/8in, -,",C7CT1ZFH,4.0,6820-R2-67055-03,6820,
6820-R2-67055-03_EPCL-SS01_0.pdf,OTHER THAN SHOP MATERIALS,4,1/2,"SBlt 2 HHx N, A193 Gr.B7/A194 Gr.2H, -, Xylan PTFE Coated, - 2.75 in. Length",C6S4K87U,16.0,6820-R2-67055-03,6820,
6820-R2-67055-03_EPCL-SS01_0.pdf,OTHER THAN SHOP MATERIALS,5,1,"Plug Flg,SP, Tapered Plug, Non Lubricated, API 599, ASTM A351 Gr.CF8M, 150 Lbs, RF, Ends as per ASME B16.5, -, LO,-, -, Valve Tag: PL-0548",C76KHSRR,2.0,6820-R2-67055-03,6820,
6820-R2-67055-03_EPCL-SS01_0.pdf,OTHER THAN SHOP MATERIALS,6,1,"Bld Flg, ASME B16.5, ASTM A182 Gr.F304L, 150 Lbs, RF, Annealed, TYPE: INSUL THK: SHOP: FIELD: PAINT CODE: MODULE: L Per LDT Per LDT Y Y Per LDT - P&ID: 202998C-001-PID-0021-0324 UNIT#: EWP AREA: SPEC: STRESS CALC #: 6800 6820 EPCL-SS01 CN-0389 LINE No. 1""-R2-67055-EPCL-SS01-H Battleground DRAWING NUMBER REV. 6820-R2-67055-03 *6820-R2-67055-03*",C7W2U478,1.0,6820-R2-67055-03,6820,
6820-R2-67056-02_EPCW-CS01_0..pdf,PIPE SUPPORTS,4,4,PS406-1-24.43-27-11.625,PS406,1.0,6820-R2-67056-02,6820,
6820-R2-67056-02_EPCW-CS01_0..pdf,PIPE SUPPORTS,5,4,PS903-SH-6820-R2-67056-0001,PS903,1.0,6820-R2-67056-02,6820,
6820-R2-67056-02_EPCW-CS01_0..pdf,PIPE SUPPORTS,6,4,PS430-3-B-33,PS430,1.0,6820-R2-67056-02,6820,
6820-R2-67056-02_EPCW-CS01_0..pdf,PIPE SUPPORTS,7,4,PS206-4-1,PS206,1.0,6820-R2-67056-02,6820,
6820-R2-67056-03_EPCW-CS01_0..pdf,PIPE SUPPORTS,7,4,PS205-A,PS205,1.0,6820-R2-67056-03,6820,
6820-R2-67056-03_EPCW-CS01_0..pdf,PIPE SUPPORTS,8,4,PS413-1-12-12,PS413,1.0,6820-R2-67056-03,6820,
6820-R2-67056-04_EPCW-CS01_0..pdf,OTHER THAN SHOP MATERIALS,6,4,"NM Flat Gk, Barium Sulfate filled PTFE, 150 Lbs, RF as per ASME B16.5, Full Face, Thk=1/8in, -,",C7CT1ZFZ,3.0,6820-R2-67056-04,6820,
6820-R2-67056-04_EPCW-CS01_0..pdf,OTHER THAN SHOP MATERIALS,7,5/8,"SBlt 2 HHx N, A193 Gr.B7/A194 Gr.2H, -, Xylan PTFE Coated, - 3.75 in. Length",C6S4K88S,24.0,6820-R2-67056-04,6820,
6820-R2-67056-04_EPCW-CS01_0..pdf,OTHER THAN SHOP MATERIALS,8,4,"Glo Flg, API 623, ASTM A216 Gr.WCB,150 Lbs, RF, Ends as per ASME B16.5, HO,-, Valve Tag:",C84KV7D0,1.0,6820-R2-67056-04,6820,
6820-R2-67056-04_EPCW-CS01_0..pdf,OTHER THAN SHOP MATERIALS,9,4,PS204-4,PS204,1.0,6820-R2-67056-04,6820,
6820-R2-67056-04_EPCW-CS01_0..pdf,OTHER THAN SHOP MATERIALS,10,4,PS434-A-3-28.75-15.19-7.5,PS434,1.0,6820-R2-67056-04,6820,
6820-R2-67056-04_EPCW-CS01_0..pdf,OTHER THAN SHOP MATERIALS,11,4,PS412-23-16,PS412,1.0,6820-R2-67056-04,6820,
6820-R2-67056-04_EPCW-CS01_0..pdf,OTHER THAN SHOP MATERIALS,12,4,PS209-A2,PS209,1.0,6820-R2-67056-04,6820,
6820-R2-67056-05_EPCW-CS01_0..pdf,OTHER THAN SHOP MATERIALS,1,2,"Pipes, Seamless, ASME B36.10, ASTM ' A106 Gr.B, NPTM Ends, w/ coupling, -, S-XS",CEZCLWH,22.9,6820-R2-67056-05,6820,
6820-R2-67056-05_EPCW-CS01_0..pdf,OTHER THAN SHOP MATERIALS,2,2,"45° Elb, ASME B16.11, ASTM A105N, 3000 Lbs, NPTF Ends, -,",C5PKSACZ,1.0,6820-R2-67056-05,6820,
6820-R2-67056-05_EPCW-CS01_0..pdf,OTHER THAN SHOP MATERIALS,3,2,"90° Elb, ASME B16.11, ASTM A105N, 3000 Lbs, NPTF Ends, -,",C5PKSAD1,4.0,6820-R2-67056-05,6820,
6820-R2-67056-05_EPCW-CS01_0..pdf,OTHER THAN SHOP MATERIALS,4,2,"THD Flg, ASME B16.5, ASTM A105N, 150 Lbs, RF/NPTF End, -,",C56FCLX2,2.0,6820-R2-67056-05,6820,
6820-R2-67056-05_EPCW-CS01_0..pdf,OTHER THAN SHOP MATERIALS,5,2,"NM Flat Gk, Barium Sulfate filled PTFE, 150 Lbs, RF as per ASME B16.5, Full Face, Thk=1/8in, -,",C7CT1ZFS,2.0,6820-R2-67056-05,6820,
6820-R2-67056-05_EPCW-CS01_0..pdf,OTHER THAN SHOP MATERIALS,6,5/8,"SBlt 2 HHx N, A193 Gr.B7/A194 Gr.2H, -, Xylan PTFE Coated, - 3.5 in. Length",C6S4K88R,8.0,6820-R2-67056-05,6820,
6820-R2-67056-05_EPCW-CS01_0..pdf,OTHER THAN SHOP MATERIALS,7,2,"Glo Flg, API 623, ASTM A216 Gr.WCB,150 Lbs, RF, Ends as per ASME B16.5, HO,-, Valve Tag: GL-0627",C84KV7CX,1.0,6820-R2-67056-05,6820,
6820-R2-67056-05_EPCW-CS01_0..pdf,PIPE SUPPORTS,8,2,PS204-2,PS204,1.0,6820-R2-67056-05,6820,
6820-R2-67056-05_EPCW-CS01_0..pdf,PIPE SUPPORTS,9,2,PS434-C-3-18.19-17.88-7.13,PS434,1.0,6820-R2-67056-05,6820,
6820-R2-67056-05_EPCW-CS01_0..pdf,PIPE SUPPORTS,10,2,PS108-2-18-4,PS108,1.0,6820-R2-67056-05,6820,
6820-R2-67056-05_EPCW-CS01_0..pdf,PIPE SUPPORTS,11,2,PS608-2-18-4-A,PS608,1.0,6820-R2-67056-05,6820,
6820-R2-67056-05_EPCW-CS01_0..pdf,PIPE SUPPORTS,12,2,PS205-A,PS205,1.0,6820-R2-67056-05,6820,
6820-R2-67056-05_EPCW-CS01_0..pdf,PIPE SUPPORTS,13,2,PS413-1-12-8,PS413,1.0,6820-R2-67056-05,6820,
6820-R2-67056-05_EPCW-CS01_0..pdf,PIPE SUPPORTS,14,2,PS108-2-12-7.81,PS108,1.0,6820-R2-67056-05,6820,
6820-R2-67056-05_EPCW-CS01_0..pdf,PIPE SUPPORTS,15,2,"PS434-A-3-30.86-18.75-8 TAPE 8/23/24 EPCW-CS01 N/A N/A TYPE: INSUL THK: SHOP: FIELD: PAINT CODE: MODULE: Y Per LDT Per LDT N Y Per LDT - P&ID: 202998C-001-PID-0021-0324 UNIT#: EWP AREA: SPEC: STRESS CALC #: 6800 6820 EPCW-CS01 CN-0390 LINE No. 2""-R2-67056-EPCW-CS01-H Battleground DRAWING NUMBER REV. 6820-R2-67056-05 *6820-R2-67056-05*",PS434,1.0,6820-R2-67056-05,6820,
6820-R2-67060-01_NOHD-SS03_1.pdf,PIPE SUPPORTS,6,1,PS433-1,PS433,4.0,6820-R2-67060-01,6820,
6820-R2-67060-01_NOHD-SS03_1.pdf,PIPE SUPPORTS,7,1,PS719-H-5.08-8-4,PS719,1.0,6820-R2-67060-01,6820,
6820-R2-67060-01_NOHD-SS03_1.pdf,PIPE SUPPORTS,8,1,PS719-H-11.38-15.5-4,PS719,3.0,6820-R2-67060-01,6820,
6820-R2-67060-01_NOHD-SS03_1.pdf,PIPE SUPPORTS,9,1,PS201-1 1,PS201,2.0,6820-R2-67060-01,6820,
6820-R2-67060-02_NOHD-SS03_1.pdf,PIPE SUPPORTS,4,1,PS433-1,PS433,3.0,6820-R2-67060-02,6820,
6820-R2-67060-02_NOHD-SS03_1.pdf,PIPE SUPPORTS,5,1,PS719-H-11.38-11-4 1,PS719,3.0,6820-R2-67060-02,6820,
6820-R2-67060-02_NOHD-SS03_1.pdf,PIPE SUPPORTS,6,1,PS201-1,PS201,2.0,6820-R2-67060-02,6820,
6820-R2-67060-02_NOHD-SS03_1.pdf,PIPE SUPPORTS,7,1,PS213-1,PS213,1.0,6820-R2-67060-02,6820,
6820-R2-67060-02_NOHD-SS03_1.pdf,PIPE SUPPORTS,8,1,PS709-B-15.59-8,PS709,1.0,6820-R2-67060-02,6820,
6820-R2-67060-02_NOHD-SS03_1.pdf,PIPE SUPPORTS,9,1,PS212-1,PS212,2.0,6820-R2-67060-02,6820,
6820-R2-67060-02_NOHD-SS03_1.pdf,PIPE SUPPORTS,10,1,PS709-B-15.51-8,PS709,1.0,6820-R2-67060-02,6820,
6820-R2-67060-02_NOHD-SS03_1.pdf,PIPE SUPPORTS,11,1,PS709-B-15.56-8,PS709,1.0,6820-R2-67060-02,6820,
6820-R2-67060-03_NOHD-SS03_0.pdf,PIPE SUPPORTS,4,1,PS212-1,PS212,1.0,6820-R2-67060-03,6820,
6820-R2-67060-03_NOHD-SS03_0.pdf,PIPE SUPPORTS,5,1,PS709-A-8-20,PS709,1.0,6820-R2-67060-03,6820,
6820-R2-67061-01_NOHD-SS03_0..pdf,OTHER THAN SHOP MATERIALS,6,1,"NM Flat Gk, Barium Sulfate filled PTFE, 150 Lbs, RF as per ASME B16.5, -, Thk=1/8in, -,",C6S4K87F,2.0,6820-R2-67061-01,6820,
6820-R2-67061-01_NOHD-SS03_0..pdf,OTHER THAN SHOP MATERIALS,7,1/2,"SBlt 2 HHx N, A193 Gr.B7/A194 Gr.2H, -, Xylan PTFE Coated, - 2.75 in. Length",C6S4K87U,8.0,6820-R2-67061-01,6820,
6820-R2-67061-01_NOHD-SS03_0..pdf,OTHER THAN SHOP MATERIALS,8,1,"Plug Flg,SP, Tapered Plug, Non Lubricated, API 599, ASTM A351 Gr.CF8M, 150 Lbs, RF, Ends as per ASME B16.5, -, LO,-, -, Valve Tag: PL-0548",C76KHSRR,1.0,6820-R2-67061-01,6820,
6820-R2-67061-01_NOHD-SS03_0..pdf,PIPE SUPPORTS,9,1,PS709-B-29.36-10,PS709,1.0,6820-R2-67061-01,6820,
6820-R2-67061-01_NOHD-SS03_0..pdf,PIPE SUPPORTS,10,1,PS213-1,PS213,1.0,6820-R2-67061-01,6820,
6820-R2-67061-02_NOHD-SS03_0..pdf,OTHER THAN SHOP MATERIALS,11,1,"NM Flat Gk, Barium Sulfate filled PTFE, 150 Lbs, RF as per ASME B16.5, -, Thk=1/8in, -,",C6S4K87F,1.0,6820-R2-67061-02,6820,
6820-R2-67061-02_NOHD-SS03_0..pdf,OTHER THAN SHOP MATERIALS,12,1/2,"SBlt 2 HHx N, A193 Gr.B7/A194 Gr.2H, -, Xylan PTFE Coated, - 2.75 in. Length",C6S4K87U,8.0,6820-R2-67061-02,6820,
6820-R2-67061-02_NOHD-SS03_0..pdf,OTHER THAN SHOP MATERIALS,13,1,"Plug Flg,SP, Tapered Plug, Non Lubricated, API 599, ASTM A351 Gr.CF8M, 150 Lbs, RF, Ends as per ASME B16.5, -, LO,-, -, Valve Tag: PL-0548",C76KHSRR,1.0,6820-R2-67061-02,6820,
6820-R2-67061-02_NOHD-SS03_0..pdf,PIPE SUPPORTS,14,1,PS430-3-A-56,PS430,1.0,6820-R2-67061-02,6820,
6820-R2-67061-02_NOHD-SS03_0..pdf,PIPE SUPPORTS,15,1,PS433-1,PS433,1.0,6820-R2-67061-02,6820,
6820-R2-67061-02_NOHD-SS03_0..pdf,PIPE SUPPORTS,16,1,PS709-B-20.84-13.50,PS709,1.0,6820-R2-67061-02,6820,
6820-R2-67062-01_EPCL-SS01_0..pdf,OTHER THAN SHOP MATERIALS,1,1,"Pipes, Seamless, ASME ' B36.19/B36.10, ASTM A312 Gr.TP304L, NPTM Ends, w/ coupling, -, S-80S",C76KFFTD,9.1,6820-R2-67062-01,6820,
6820-R2-67062-01_EPCL-SS01_0..pdf,OTHER THAN SHOP MATERIALS,2,1,"90° Elb, ASME B16.11, ASTM A182 Gr.F304L, 3000 Lbs, NPTF Ends, Annealed,",C7BP5GGW,3.0,6820-R2-67062-01,6820,
6820-R2-67062-01_EPCL-SS01_0..pdf,OTHER THAN SHOP MATERIALS,3,1,"THD Flg, ASME B16.5, ASTM A182 Gr.F304L, 150 Lbs, RF/NPTF End, Annealed,",C7W2U48L,1.0,6820-R2-67062-01,6820,
6820-R2-67062-01_EPCL-SS01_0..pdf,OTHER THAN SHOP MATERIALS,4,1,"NM Flat Gk, Barium Sulfate filled PTFE, 150 Lbs, RF as per ASME B16.5, Full Face, Thk=1/8in, -, TYPE: INSUL THK: SHOP: FIELD: PAINT CODE: MODULE: L Per LDT Per LDT N Y Per LDT - P&ID: 202998C-001-PID-0021-0324 UNIT#: EWP AREA: SPEC: STRESS CALC #: 6800 6820 EPCL-SS01 - LINE No. 1""-R2-67062-EPCL-SS01-H Battleground DRAWING NUMBER REV. 6820-R2-67062-01 *6820-R2-67062-01*",C7CT1ZFH,1.0,6820-R2-67062-01,6820,
6820-R2-67065-01_NOHD-NI01_0..pdf,OTHER THAN SHOP MATERIALS,10,6,"NM Flat Gk, Barium Sulfate filled PTFE, 150 Lbs, RF as per ASME B16.5, -, Thk=1/8in, -,",C6S4K87R,1.0,6820-R2-67065-01,6820,
6820-R2-67065-01_NOHD-NI01_0..pdf,OTHER THAN SHOP MATERIALS,11,1,"NM Flat Gk, Barium Sulfate filled PTFE, 150 Lbs, RF as per ASME B16.5, -, Thk=1/8in, -,",C6S4K87F,2.0,6820-R2-67065-01,6820,
6820-R2-67065-01_NOHD-NI01_0..pdf,OTHER THAN SHOP MATERIALS,12,3/4,"SBlt 2 HHx N, A193 Gr.B7/A194 Gr.2H, -, Xylan PTFE Coated, - 4.25 in. Length",C6S4K8BC,8.0,6820-R2-67065-01,6820,
6820-R2-67065-01_NOHD-NI01_0..pdf,OTHER THAN SHOP MATERIALS,13,1/2,"SBlt 2 HHx N, A193 Gr.B7/A194 Gr.2H, -, Xylan PTFE Coated, - 2.75 in. Length",C6S4K87U,8.0,6820-R2-67065-01,6820,
6820-R2-67065-01_NOHD-NI01_0..pdf,OTHER THAN SHOP MATERIALS,14,1,"Plug Flg,SP, Inverted Tapered Plug, Non Lubricated, API 599, ASTM B564 UNS N02200, 150 Lbs, RF, Ends as per ASME B16.5, -, LO,-, -, Valve Tag: PL-0503_LO",C8RR9V37,1.0,6820-R2-67065-01,6820,
6820-R2-67065-01_NOHD-NI01_0..pdf,OTHER THAN SHOP MATERIALS,15,1,"Bld Flg, ASME B16.5, ASTM B564 UNS N02200, 150 Lbs, RF, -,",C7T63YAU,1.0,6820-R2-67065-01,6820,
6820-R2-67065-01_NOHD-NI01_0.pdf,OTHER THAN SHOP MATERIALS,10,6,"NM Flat Gk, Barium Sulfate filled PTFE, 150 Lbs, RF as per ASME B16.5, -, Thk=1/8in, -,",C6S4K87R,1.0,6820-R2-67065-01,6820,
6820-R2-67065-01_NOHD-NI01_0.pdf,OTHER THAN SHOP MATERIALS,11,1,"NM Flat Gk, Barium Sulfate filled PTFE, 150 Lbs, RF as per ASME B16.5, -, Thk=1/8in, -,",C6S4K87F,2.0,6820-R2-67065-01,6820,
6820-R2-67065-01_NOHD-NI01_0.pdf,OTHER THAN SHOP MATERIALS,12,3/4,"SBlt 2 HHx N, A193 Gr.B7/A194 Gr.2H, -, Xylan PTFE Coated, - 4.25 in. Length",C6S4K8BC,8.0,6820-R2-67065-01,6820,
6820-R2-67065-01_NOHD-NI01_0.pdf,OTHER THAN SHOP MATERIALS,13,1/2,"SBlt 2 HHx N, A193 Gr.B7/A194 Gr.2H, -, Xylan PTFE Coated, - 2.75 in. Length",C6S4K87U,8.0,6820-R2-67065-01,6820,
6820-R2-67065-01_NOHD-NI01_0.pdf,OTHER THAN SHOP MATERIALS,14,1,"Plug Flg,SP, Inverted Tapered Plug, Non Lubricated, API 599, ASTM B564 UNS N02200, 150 Lbs, RF, Ends as per ASME B16.5, -, LO,-, -, Valve Tag: PL-0503_LO",C8RR9V37,1.0,6820-R2-67065-01,6820,
6820-R2-67065-01_NOHD-NI01_0.pdf,OTHER THAN SHOP MATERIALS,15,1,"Bld Flg, ASME B16.5, ASTM B564 UNS N02200, 150 Lbs, RF, -,",C7T63YAU,1.0,6820-R2-67065-01,6820,
6820-R2-67065-02_NOHD-NI01_0..pdf,OTHER THAN SHOP MATERIALS,5,8,"NM Flat Gk, Barium Sulfate filled PTFE, 150 Lbs, RF as per ASME B16.5, -, Thk=1/8in, -,",C6SBWZF4,1.0,6820-R2-67065-02,6820,
6820-R2-67065-02_NOHD-NI01_0..pdf,OTHER THAN SHOP MATERIALS,6,3/4,"SBlt 2 HHx N, A193 Gr.B7/A194 Gr.2H, -, Xylan PTFE Coated, - 5 in. Length",C6S4K8BF,8.0,6820-R2-67065-02,6820,
6820-R2-67065-02_NOHD-NI01_0.pdf,OTHER THAN SHOP MATERIALS,5,8,"NM Flat Gk, Barium Sulfate filled PTFE, 150 Lbs, RF as per ASME B16.5, -, Thk=1/8in, -,",C6SBWZF4,1.0,6820-R2-67065-02,6820,
6820-R2-67065-02_NOHD-NI01_0.pdf,OTHER THAN SHOP MATERIALS,6,3/4,"SBlt 2 HHx N, A193 Gr.B7/A194 Gr.2H, -, Xylan PTFE Coated, - 5 in. Length",C6S4K8BF,8.0,6820-R2-67065-02,6820,
6820-R2-67065-03_NOHD-NI01_1..pdf,OTHER THAN SHOP MATERIALS,9,1,"NM Flat Gk, Barium Sulfate filled PTFE, 150 Lbs, RF as per ASME B16.5, -, Thk=1/8in, -,",C6S4K87F,2.0,6820-R2-67065-03,6820,
6820-R2-67065-03_NOHD-NI01_1..pdf,OTHER THAN SHOP MATERIALS,10,1/2,"SBlt 2 HHx N, A193 Gr.B7/A194 Gr.2H, -, Xylan PTFE Coated, - 2.75 in. Length",C6S4K87U,8.0,6820-R2-67065-03,6820,
6820-R2-67065-03_NOHD-NI01_1..pdf,OTHER THAN SHOP MATERIALS,11,1,"Plug Flg,SP, Inverted Tapered Plug, Non Lubricated, API 599, ASTM B564 UNS N02200, 150 Lbs, RF, Ends as per ASME B16.5, -, LO,-, -, Valve Tag: PL-0503_LO",C8RR9V37,1.0,6820-R2-67065-03,6820,
6820-R2-67065-03_NOHD-NI01_1..pdf,OTHER THAN SHOP MATERIALS,12,1,"Bld Flg, ASME B16.5, ASTM B564 UNS N02200, 150 Lbs, RF, -,",C7T63YAU,1.0,6820-R2-67065-03,6820,
6820-R2-67065-03_NOHD-NI01_1..pdf,PIPE SUPPORTS,13,8,PS407-3-20.88-12,PS407,1.0,6820-R2-67065-03,6820,
6820-R2-67065-03_NOHD-NI01_1..pdf,PIPE SUPPORTS,14,8,PS107-8-18-4,PS107,1.0,6820-R2-67065-03,6820,
6820-R2-67065-03_NOHD-NI01_1..pdf,PIPE SUPPORTS,15,8,PS206-8-1,PS206,1.0,6820-R2-67065-03,6820,
6820-R2-67065-03_NOHD-NI01_1.pdf,OTHER THAN SHOP MATERIALS,9,1,"NM Flat Gk, Barium Sulfate filled PTFE, 150 Lbs, RF as per ASME B16.5, -, Thk=1/8in, -,",C6S4K87F,2.0,6820-R2-67065-03,6820,
6820-R2-67065-03_NOHD-NI01_1.pdf,OTHER THAN SHOP MATERIALS,10,1/2,"SBlt 2 HHx N, A193 Gr.B7/A194 Gr.2H, -, Xylan PTFE Coated, - 2.75 in. Length",C6S4K87U,8.0,6820-R2-67065-03,6820,
6820-R2-67065-03_NOHD-NI01_1.pdf,OTHER THAN SHOP MATERIALS,11,1,"Plug Flg,SP, Inverted Tapered Plug, Non Lubricated, API 599, ASTM B564 UNS N02200, 150 Lbs, RF, Ends as per ASME B16.5, -, LO,-, -, Valve Tag: PL-0503_LO",C8RR9V37,1.0,6820-R2-67065-03,6820,
6820-R2-67065-03_NOHD-NI01_1.pdf,OTHER THAN SHOP MATERIALS,12,1,"Bld Flg, ASME B16.5, ASTM B564 UNS N02200, 150 Lbs, RF, -,",C7T63YAU,1.0,6820-R2-67065-03,6820,
6820-R2-67065-03_NOHD-NI01_1.pdf,PIPE SUPPORTS,13,8,PS407-3-20.88-12,PS407,1.0,6820-R2-67065-03,6820,
6820-R2-67065-03_NOHD-NI01_1.pdf,PIPE SUPPORTS,14,8,PS107-8-18-4,PS107,1.0,6820-R2-67065-03,6820,
6820-R2-67065-03_NOHD-NI01_1.pdf,PIPE SUPPORTS,15,8,PS206-8-1,PS206,1.0,6820-R2-67065-03,6820,
6820-R2-67065-04_NOHD-NI01_0..pdf,OTHER THAN SHOP MATERIALS,10,8,"NM Flat Gk, Barium Sulfate filled PTFE, 150 Lbs, RF as per ASME B16.5, -, Thk=1/8in, -,",C6SBWZF4,2.0,6820-R2-67065-04,6820,
6820-R2-67065-04_NOHD-NI01_0..pdf,OTHER THAN SHOP MATERIALS,11,6,"NM Flat Gk, Barium Sulfate filled PTFE, 150 Lbs, RF as per ASME B16.5, -, Thk=1/8in, -,",C6S4K87R,2.0,6820-R2-67065-04,6820,
6820-R2-67065-04_NOHD-NI01_0..pdf,OTHER THAN SHOP MATERIALS,12,3/4,"SBlt 2 HHx N, A193 Gr.B7/A194 Gr.2H, -, Xylan PTFE Coated, - 4.75 in. Length",C6S4K8BE,16.0,6820-R2-67065-04,6820,
6820-R2-67065-04_NOHD-NI01_0..pdf,OTHER THAN SHOP MATERIALS,13,3/4,"SBlt 2 HHx N, A193 Gr.B7/A194 Gr.2H, -, Xylan PTFE Coated, - 4.25 in. Length",C6S4K8BC,16.0,6820-R2-67065-04,6820,
6820-R2-67065-04_NOHD-NI01_0..pdf,OTHER THAN SHOP MATERIALS,14,8,"Plug Flg,SP, Inverted Tapered Plug, Non Lubricated, API 599, ASTM A494 Gr.CZ100, 150 Lbs, RF, Ends as per ASME B16.5, -, GO,-, -, Valve Tag: PL-0503",C8P7NJK0,1.0,6820-R2-67065-04,6820,
6820-R2-67065-04_NOHD-NI01_0..pdf,OTHER THAN SHOP MATERIALS,15,6,"Plug Flg,SP, Inverted Tapered Plug, Non Lubricated, API 599, ASTM A494 Gr.CZ100, 150 Lbs, RF, Ends as per ASME B16.5, -, GO,-, -, Valve Tag: PL-0503",C8P7NJJZ,1.0,6820-R2-67065-04,6820,
6820-R2-67065-04_NOHD-NI01_0..pdf,PIPE SUPPORTS,16,8,PS407-3-20.88-12-/,PS407,1.0,6820-R2-67065-04,6820,
6820-R2-67065-04_NOHD-NI01_0..pdf,PIPE SUPPORTS,17,8,PS204-8,PS204,1.0,6820-R2-67065-04,6820,
6820-R2-67065-05_NOHD-NI01_1..pdf,OTHER THAN SHOP MATERIALS,12,1/2,"SBlt 2 HHx N, A193 Gr.B7/A194 Gr.2H, -, Xylan PTFE Coated, - 2.75 in. Length",C6S4K87U,4.0,6820-R2-67065-05,6820,
6820-R2-67065-05_NOHD-NI01_1..pdf,PIPE SUPPORTS,14,8,PS204-8 1,PS204,1.0,6820-R2-67065-05,6820,
6820-R2-67065-05_NOHD-NI01_1..pdf,PIPE SUPPORTS,15,8,PS206-8-1,PS206,1.0,6820-R2-67065-05,6820,
6820-R2-67065-06_NOHD-NI01_1..pdf,PIPE SUPPORTS,6,8,PS413-1-10-10,PS413,4.0,6820-R2-67065-06,6820,
6820-R2-67065-06_NOHD-NI01_1..pdf,PIPE SUPPORTS,7,8,PS206-8-1,PS206,1.0,6820-R2-67065-06,6820,
6820-R2-67065-06_NOHD-NI01_1..pdf,PIPE SUPPORTS,8,8,PS204-8,PS204,2.0,6820-R2-67065-06,6820,
6820-R2-67065-06_NOHD-NI01_1..pdf,PIPE SUPPORTS,9,8,PS406-2A-26.2375-52-20,PS406,1.0,6820-R2-67065-06,6820,
6820-R2-67065-06_NOHD-NI01_1..pdf,PIPE SUPPORTS,10,8,PS107-8-18-4,PS107,2.0,6820-R2-67065-06,6820,
6820-R2-67065-06_NOHD-NI01_1..pdf,PIPE SUPPORTS,11,8,PS406-2A-28.2375-52-20,PS406,1.0,6820-R2-67065-06,6820,
6820-R2-67065-07_NOHD-NI01_2..pdf,OTHER THAN SHOP MATERIALS,9,8,"NM Flat Gk, Barium Sulfate filled PTFE, 150 Lbs, RF as per ASME B16.5, -, Thk=1/8in, -,",C6SBWZF4,2.0,6820-R2-67065-07,6820,
6820-R2-67065-07_NOHD-NI01_2..pdf,OTHER THAN SHOP MATERIALS,11,3/4,"SBlt 2 HHx N, A193 Gr.B7/A194 Gr.2H, -, Xylan PTFE Coated, - 4.75 in. Length",C6S4K8BE,16.0,6820-R2-67065-07,6820,
6820-R2-67065-07_NOHD-NI01_2..pdf,OTHER THAN SHOP MATERIALS,12,1/2,"SBlt 2 HHx N, A193 Gr.B7/A194 Gr.2H, -, Xylan PTFE Coated, - 2.75 in. Length",C6S4K87U,4.0,6820-R2-67065-07,6820,
6820-R2-67065-07_NOHD-NI01_2..pdf,OTHER THAN SHOP MATERIALS,13,8,"Plug Flg,SP, Inverted Tapered Plug, Non Lubricated, API 599, ASTM A494 Gr.CZ100, 150 Lbs, RF, Ends as per ASME B16.5, -, GO,-, -, Valve Tag: PL-0503",C8P7NJK0,1.0,6820-R2-67065-07,6820,
6820-R2-67065-07_NOHD-NI01_2.pdf,OTHER THAN SHOP MATERIALS,9,8,"NM Flat Gk, Barium Sulfate filled PTFE, 150 Lbs, RF as per ASME B16.5, -, Thk=1/8in, -,",C6SBWZF4,2.0,6820-R2-67065-07,6820,
6820-R2-67065-07_NOHD-NI01_2.pdf,OTHER THAN SHOP MATERIALS,11,3/4,"SBlt 2 HHx N, A193 Gr.B7/A194 Gr.2H, -, Xylan PTFE Coated, - 4.75 in. Length",C6S4K8BE,16.0,6820-R2-67065-07,6820,
6820-R2-67065-07_NOHD-NI01_2.pdf,OTHER THAN SHOP MATERIALS,12,1/2,"SBlt 2 HHx N, A193 Gr.B7/A194 Gr.2H, -, Xylan PTFE Coated, - 2.75 in. Length",C6S4K87U,4.0,6820-R2-67065-07,6820,
6820-R2-67065-07_NOHD-NI01_2.pdf,OTHER THAN SHOP MATERIALS,13,8,"Plug Flg,SP, Inverted Tapered Plug, Non Lubricated, API 599, ASTM A494 Gr.CZ100, 150 Lbs, RF, Ends as per ASME B16.5, -, GO,-, -, Valve Tag: PL-0503",C8P7NJK0,1.0,6820-R2-67065-07,6820,
6820-R2-67065-08_NOHD-NI01_1..pdf,OTHER THAN SHOP MATERIALS,11,1,"NM Flat Gk, Barium Sulfate filled PTFE, 150 Lbs, RF as per ASME B16.5, -, Thk=1/8in, -,",C6S4K87F,2.0,6820-R2-67065-08,6820,
6820-R2-67065-08_NOHD-NI01_1..pdf,OTHER THAN SHOP MATERIALS,12,1/2,"SBlt 2 HHx N, A193 Gr.B7/A194 Gr.2H, -, Xylan PTFE Coated, - 2.75 in. Length",C6S4K87U,8.0,6820-R2-67065-08,6820,
6820-R2-67065-08_NOHD-NI01_1..pdf,OTHER THAN SHOP MATERIALS,13,1,"Plug Flg,SP, Inverted Tapered Plug, Non Lubricated, API 599, ASTM B564 UNS N02200, 150 Lbs, RF, Ends as per ASME B16.5, -, LO,-, -, Valve Tag: PL-0503_LO",C8RR9V37,1.0,6820-R2-67065-08,6820,
6820-R2-67065-08_NOHD-NI01_1..pdf,OTHER THAN SHOP MATERIALS,14,1,"Bld Flg, ASME B16.5, ASTM B564 UNS N02200, 150 Lbs, RF, -,",C7T63YAU,1.0,6820-R2-67065-08,6820,
6820-R2-67065-08_NOHD-NI01_1..pdf,PIPE SUPPORTS,15,8,PS407-3-18-12-/,PS407,1.0,6820-R2-67065-08,6820,
6820-R2-67065-08_NOHD-NI01_1..pdf,PIPE SUPPORTS,16,8,PS206-8-1,PS206,1.0,6820-R2-67065-08,6820,
6820-R2-67065-08_NOHD-NI01_1..pdf,PIPE SUPPORTS,17,8,PS204-8,PS204,1.0,6820-R2-67065-08,6820,
6820-R2-67065-08_NOHD-NI01_1.pdf,OTHER THAN SHOP MATERIALS,11,1,"NM Flat Gk, Barium Sulfate filled PTFE, 150 Lbs, RF as per ASME B16.5, -, Thk=1/8in, -,",C6S4K87F,2.0,6820-R2-67065-08,6820,
6820-R2-67065-08_NOHD-NI01_1.pdf,OTHER THAN SHOP MATERIALS,12,1/2,"SBlt 2 HHx N, A193 Gr.B7/A194 Gr.2H, -, Xylan PTFE Coated, - 2.75 in. Length",C6S4K87U,8.0,6820-R2-67065-08,6820,
6820-R2-67065-08_NOHD-NI01_1.pdf,OTHER THAN SHOP MATERIALS,13,1,"Plug Flg,SP, Inverted Tapered Plug, Non Lubricated, API 599, ASTM B564 UNS N02200, 150 Lbs, RF, Ends as per ASME B16.5, -, LO,-, -, Valve Tag: PL-0503_LO",C8RR9V37,1.0,6820-R2-67065-08,6820,
6820-R2-67065-08_NOHD-NI01_1.pdf,OTHER THAN SHOP MATERIALS,14,1,"Bld Flg, ASME B16.5, ASTM B564 UNS N02200, 150 Lbs, RF, -,",C7T63YAU,1.0,6820-R2-67065-08,6820,
6820-R2-67065-08_NOHD-NI01_1.pdf,PIPE SUPPORTS,15,8,PS407-3-18-12-/,PS407,1.0,6820-R2-67065-08,6820,
6820-R2-67065-08_NOHD-NI01_1.pdf,PIPE SUPPORTS,16,8,PS206-8-1,PS206,1.0,6820-R2-67065-08,6820,
6820-R2-67065-08_NOHD-NI01_1.pdf,PIPE SUPPORTS,17,8,PS204-8,PS204,1.0,6820-R2-67065-08,6820,
6820-R2-67065-09-NOHD-NI01_1..pdf,OTHER THAN SHOP MATERIALS,11,8,"NM Flat Gk, Barium Sulfate filled PTFE, 150 Lbs, RF as per ASME B16.5, -, Thk=1/8in, -,",C6SBWZF4,2.0,6820-R2-67065-09,6820,
6820-R2-67065-09-NOHD-NI01_1..pdf,OTHER THAN SHOP MATERIALS,12,1,"NM Flat Gk, Barium Sulfate filled PTFE, 150 Lbs, RF as per ASME B16.5, -, Thk=1/8in, -,",C6S4K87F,2.0,6820-R2-67065-09,6820,
6820-R2-67065-09-NOHD-NI01_1..pdf,OTHER THAN SHOP MATERIALS,13,3/4,"SBlt 2 HHx N, A193 Gr.B7/A194 Gr.2H, -, Xylan PTFE Coated, - 4.75 in. Length",C6S4K8BE,16.0,6820-R2-67065-09,6820,
6820-R2-67065-09-NOHD-NI01_1..pdf,OTHER THAN SHOP MATERIALS,14,1/2,"SBlt 2 HHx N, A193 Gr.B7/A194 Gr.2H, -, Xylan PTFE Coated, - 2.75 in. Length",C6S4K87U,8.0,6820-R2-67065-09,6820,
6820-R2-67065-09-NOHD-NI01_1..pdf,OTHER THAN SHOP MATERIALS,15,1,"Plug Flg,SP, Inverted Tapered Plug, Non Lubricated, API 599, ASTM B564 UNS N02200, 150 Lbs, RF, Ends as per ASME B16.5, -, LO,-, -, Valve Tag: PL-0503_LO",C8RR9V37,1.0,6820-R2-67065-09,6820,
6820-R2-67065-09-NOHD-NI01_1..pdf,OTHER THAN SHOP MATERIALS,16,1,"Bld Flg, ASME B16.5, ASTM B564 UNS N02200, 150 Lbs, RF, -,",C7T63YAU,1.0,6820-R2-67065-09,6820,
6820-R2-67065-09-NOHD-NI01_1..pdf,PIPE SUPPORTS,18,8,PS407-3-18-12-/,PS407,1.0,6820-R2-67065-09,6820,
6820-R2-67065-09-NOHD-NI01_1..pdf,PIPE SUPPORTS,19,8,PS204-8,PS204,1.0,6820-R2-67065-09,6820,
6820-R2-67065-09-NOHD-NI01_1.pdf,OTHER THAN SHOP MATERIALS,11,8,"NM Flat Gk, Barium Sulfate filled PTFE, 150 Lbs, RF as per ASME B16.5, -, Thk=1/8in, -,",C6SBWZF4,2.0,6820-R2-67065-09,6820,
6820-R2-67065-09-NOHD-NI01_1.pdf,OTHER THAN SHOP MATERIALS,12,1,"NM Flat Gk, Barium Sulfate filled PTFE, 150 Lbs, RF as per ASME B16.5, -, Thk=1/8in, -,",C6S4K87F,2.0,6820-R2-67065-09,6820,
6820-R2-67065-09-NOHD-NI01_1.pdf,OTHER THAN SHOP MATERIALS,13,3/4,"SBlt 2 HHx N, A193 Gr.B7/A194 Gr.2H, -, Xylan PTFE Coated, - 4.75 in. Length",C6S4K8BE,16.0,6820-R2-67065-09,6820,
6820-R2-67065-09-NOHD-NI01_1.pdf,OTHER THAN SHOP MATERIALS,14,1/2,"SBlt 2 HHx N, A193 Gr.B7/A194 Gr.2H, -, Xylan PTFE Coated, - 2.75 in. Length",C6S4K87U,8.0,6820-R2-67065-09,6820,
6820-R2-67065-09-NOHD-NI01_1.pdf,OTHER THAN SHOP MATERIALS,15,1,"Plug Flg,SP, Inverted Tapered Plug, Non Lubricated, API 599, ASTM B564 UNS N02200, 150 Lbs, RF, Ends as per ASME B16.5, -, LO,-, -, Valve Tag: PL-0503_LO",C8RR9V37,1.0,6820-R2-67065-09,6820,
6820-R2-67065-09-NOHD-NI01_1.pdf,OTHER THAN SHOP MATERIALS,16,1,"Bld Flg, ASME B16.5, ASTM B564 UNS N02200, 150 Lbs, RF, -,",C7T63YAU,1.0,6820-R2-67065-09,6820,
6820-R2-67065-09-NOHD-NI01_1.pdf,PIPE SUPPORTS,18,8,PS407-3-18-12-/,PS407,1.0,6820-R2-67065-09,6820,
6820-R2-67065-09-NOHD-NI01_1.pdf,PIPE SUPPORTS,19,8,PS204-8,PS204,1.0,6820-R2-67065-09,6820,
6820-R2-67065-10_NOHD-NI01_1..pdf,PIPE SUPPORTS,5,8,PS204-8,PS204,2.0,6820-R2-67065-10,6820,
6820-R2-67065-10_NOHD-NI01_1..pdf,PIPE SUPPORTS,6,8,PS434-C-3-33.42-14-7,PS434,1.0,6820-R2-67065-10,6820,
6820-R2-67065-10_NOHD-NI01_1..pdf,PIPE SUPPORTS,7,8,PS434-C-3-34.72-14-7,PS434,1.0,6820-R2-67065-10,6820,
6820-R2-67065-10_NOHD-NI01_1..pdf,PIPE SUPPORTS,8,8,PS434-C-3-32.42-14-7,PS434,1.0,6820-R2-67065-10,6820,
6820-R2-67065-11_NOHD-NI01_1..pdf,OTHER THAN SHOP MATERIALS,10,8,"NM Flat Gk, Barium Sulfate filled PTFE, 150 Lbs, RF as per ASME B16.5, -, Thk=1/8in, -,",C6SBWZF4,2.0,6820-R2-67065-11,6820,
6820-R2-67065-11_NOHD-NI01_1..pdf,OTHER THAN SHOP MATERIALS,11,3/4,"SBlt 2 HHx N, A193 Gr.B7/A194 Gr.2H, -, Xylan PTFE Coated, - 4.5 in. Length",C6S4K8BD,8.0,6820-R2-67065-11,6820,
6820-R2-67065-11_NOHD-NI01_1..pdf,OTHER THAN SHOP MATERIALS,12,3/4,"SBlt 2 HHx N, A193 Gr.B7/A194 Gr.2H, -, Xylan PTFE Coated, - 4.75 in. Length",C6S4K8BE,8.0,6820-R2-67065-11,6820,
6820-R2-67065-11_NOHD-NI01_1..pdf,OTHER THAN SHOP MATERIALS,13,8,"Plug Flg,SP, Inverted Tapered Plug, Non Lubricated, API 599, ASTM A494 Gr.CZ100, 150 Lbs, RF, Ends as per ASME B16.5, -, GO,-, -, Valve Tag: PL-0503",C8P7NJK0,1.0,6820-R2-67065-11,6820,
6820-R2-67065-11_NOHD-NI01_1..pdf,PIPE SUPPORTS,14,8,PS902-SH-6820-R2-67065-0001,PS902,1.0,6820-R2-67065-11,6820,
6820-R2-67065-11_NOHD-NI01_1..pdf,PIPE SUPPORTS,15,8,PS412-32.06-16,PS412,1.0,6820-R2-67065-11,6820,
6820-R2-67065-11_NOHD-NI01_1..pdf,PIPE SUPPORTS,16,8,PS410-3-24-3 1,PS410,2.0,6820-R2-67065-11,6820,
6820-R2-67065-11_NOHD-NI01_1.pdf,OTHER THAN SHOP MATERIALS,10,8,"NM Flat Gk, Barium Sulfate filled PTFE, 150 Lbs, RF as per ASME B16.5, -, Thk=1/8in, -,",C6SBWZF4,2.0,6820-R2-67065-11,6820,
6820-R2-67065-11_NOHD-NI01_1.pdf,OTHER THAN SHOP MATERIALS,11,3/4,"SBlt 2 HHx N, A193 Gr.B7/A194 Gr.2H, -, Xylan PTFE Coated, - 4.5 in. Length",C6S4K8BD,8.0,6820-R2-67065-11,6820,
6820-R2-67065-11_NOHD-NI01_1.pdf,OTHER THAN SHOP MATERIALS,12,3/4,"SBlt 2 HHx N, A193 Gr.B7/A194 Gr.2H, -, Xylan PTFE Coated, - 4.75 in. Length",C6S4K8BE,8.0,6820-R2-67065-11,6820,
6820-R2-67065-11_NOHD-NI01_1.pdf,OTHER THAN SHOP MATERIALS,13,8,"Plug Flg,SP, Inverted Tapered Plug, Non Lubricated, API 599, ASTM A494 Gr.CZ100, 150 Lbs, RF, Ends as per ASME B16.5, -, GO,-, -, Valve Tag: PL-0503",C8P7NJK0,1.0,6820-R2-67065-11,6820,
6820-R2-67065-11_NOHD-NI01_1.pdf,PIPE SUPPORTS,14,8,PS902-SH-6820-R2-67065-0001,PS902,1.0,6820-R2-67065-11,6820,
6820-R2-67065-11_NOHD-NI01_1.pdf,PIPE SUPPORTS,15,8,PS412-32.06-16,PS412,1.0,6820-R2-67065-11,6820,
6820-R2-67065-11_NOHD-NI01_1.pdf,PIPE SUPPORTS,16,8,PS410-3-24-3 1,PS410,2.0,6820-R2-67065-11,6820,
6820-R2-67069-01_NOHD-NI01_0..pdf,OTHER THAN SHOP MATERIALS,12,6,"NM Flat Gk, Barium Sulfate filled PTFE, 300 Lbs, RF as per ASME B16.5, -, Thk=1/8in, -,",C6S4K87E,1.0,6820-R2-67069-01,6820,
6820-R2-67069-01_NOHD-NI01_0..pdf,OTHER THAN SHOP MATERIALS,13,1,"NM Flat Gk, Barium Sulfate filled PTFE, 150 Lbs, RF as per ASME B16.5, -, Thk=1/8in, -,",C6S4K87F,2.0,6820-R2-67069-01,6820,
6820-R2-67069-01_NOHD-NI01_0..pdf,OTHER THAN SHOP MATERIALS,14,3/4,"SBlt 2 HHx N, A193 Gr.B7/A194 Gr.2H, -, Xylan PTFE Coated, - 4.5 in. Length",C6S4K8BD,12.0,6820-R2-67069-01,6820,
6820-R2-67069-01_NOHD-NI01_0..pdf,OTHER THAN SHOP MATERIALS,15,1/2,"SBlt 2 HHx N, A193 Gr.B7/A194 Gr.2H, -, Xylan PTFE Coated, - 2.75 in. Length",C6S4K87U,8.0,6820-R2-67069-01,6820,
6820-R2-67069-01_NOHD-NI01_0..pdf,OTHER THAN SHOP MATERIALS,16,1,"Plug Flg,SP, Inverted Tapered Plug, Non Lubricated, API 599, ASTM B564 UNS N02200, 150 Lbs, RF, Ends as per ASME B16.5, -, LO,-, -, Valve Tag: PL-0503_LO",C8RR9V37,1.0,6820-R2-67069-01,6820,
6820-R2-67069-01_NOHD-NI01_0..pdf,OTHER THAN SHOP MATERIALS,17,1,"Bld Flg, ASME B16.5, ASTM B564 UNS N02200, 150 Lbs, RF, -,",C7T63YAU,1.0,6820-R2-67069-01,6820,
6820-R2-67069-02_NOHD-NI01_0.pdf,OTHER THAN SHOP MATERIALS,8,4,"NM Flat Gk, Barium Sulfate filled PTFE, 150 Lbs, RF as per ASME B16.5, -, Thk=1/8in, -,",C6S4K87N,3.0,6820-R2-67069-02,6820,
6820-R2-67069-02_NOHD-NI01_0.pdf,OTHER THAN SHOP MATERIALS,9,5/8,"SBlt 2 HHx N, A193 Gr.B7/A194 Gr.2H, -, Xylan PTFE Coated, - 4 in. Length",C6S4K88T,24.0,6820-R2-67069-02,6820,
6820-R2-67069-02_NOHD-NI01_0.pdf,OTHER THAN SHOP MATERIALS,10,4,"Plug Flg,SP, Inverted Tapered Plug, Non Lubricated, API 599, ASTM A494 Gr.CZ100, 150 Lbs, RF, Ends as per ASME B16.5, -, GO,-, -, Valve Tag: PL-0503",C8P7NJJY,1.0,6820-R2-67069-02,6820,
6820-R2-67069-02_NOHD-NI01_0.pdf,PIPE SUPPORTS,11,4,PS204-4,PS204,1.0,6820-R2-67069-02,6820,
6820-R2-67069-02_NOHD-NI01_0.pdf,PIPE SUPPORTS,12,4,PS407-2-20.25-12-/,PS407,1.0,6820-R2-67069-02,6820,
6820-R2-67069-02_NOHD-NI01_0.pdf,PIPE SUPPORTS,13,4,PS206-4-1,PS206,1.0,6820-R2-67069-02,6820,
6820-R2-67069-03_NOHD-NI01_0.pdf,OTHER THAN SHOP MATERIALS,8,1,"NM Flat Gk, Barium Sulfate filled PTFE, 150 Lbs, RF as per ASME B16.5, -, Thk=1/8in, -,",C6S4K87F,2.0,6820-R2-67069-03,6820,
6820-R2-67069-03_NOHD-NI01_0.pdf,OTHER THAN SHOP MATERIALS,9,1/2,"SBlt 2 HHx N, A193 Gr.B7/A194 Gr.2H, -, Xylan PTFE Coated, - 2.75 in. Length",C6S4K87U,8.0,6820-R2-67069-03,6820,
6820-R2-67069-03_NOHD-NI01_0.pdf,OTHER THAN SHOP MATERIALS,10,1,"Plug Flg,SP, Inverted Tapered Plug, Non Lubricated, API 599, ASTM B564 UNS N02200, 150 Lbs, RF, Ends as per ASME B16.5, -, LO,-, -, Valve Tag: PL-0503_LO",C8RR9V37,1.0,6820-R2-67069-03,6820,
6820-R2-67069-03_NOHD-NI01_0.pdf,OTHER THAN SHOP MATERIALS,11,1,"Bld Flg, ASME B16.5, ASTM B564 UNS N02200, 150 Lbs, RF, -,",C7T63YAU,1.0,6820-R2-67069-03,6820,
6820-R2-67069-04_NOHD-NI01_0.pdf,OTHER THAN SHOP MATERIALS,10,3,"NM Flat Gk, Barium Sulfate filled PTFE, 150 Lbs, RF as per ASME B16.5, -, Thk=1/8in, -,",C6S4K87L,2.0,6820-R2-67069-04,6820,
6820-R2-67069-04_NOHD-NI01_0.pdf,OTHER THAN SHOP MATERIALS,11,5/8,"SBlt 2 HHx N, A193 Gr.B7/A194 Gr.2H, -, Xylan PTFE Coated, - 3.75 in. Length",C6S4K88S,8.0,6820-R2-67069-04,6820,
6820-R2-67069-04_NOHD-NI01_0.pdf,OTHER THAN SHOP MATERIALS,12,3,"Plug Flg,SP, Inverted Tapered Plug, Non Lubricated, API 599, ASTM B564 UNS N02200, 150 Lbs, RF, Ends as per ASME B16.5, -, LO,-, -, Valve Tag: PL-0503_LO",C8RR9V3B,1.0,6820-R2-67069-04,6820,
6820-R2-67069-04_NOHD-NI01_0.pdf,PIPE SUPPORTS,13,4,PS407-2-20.25-12-/,PS407,1.0,6820-R2-67069-04,6820,
6820-R2-67069-04_NOHD-NI01_0.pdf,PIPE SUPPORTS,14,4,PS204-4,PS204,1.0,6820-R2-67069-04,6820,
6820-R2-67069-05_NOHD-NI01_0.pdf,OTHER THAN SHOP MATERIALS,10,1/2,"SBlt 2 HHx N, A193 Gr.B7/A194 Gr.2H, -, Xylan PTFE Coated, - 2.75 in. Length",C6S4K87U,4.0,6820-R2-67069-05,6820,
6820-R2-67069-05_NOHD-NI01_0.pdf,PIPE SUPPORTS,12,4,PS204-4,PS204,1.0,6820-R2-67069-05,6820,
6820-R2-67069-05_NOHD-NI01_0.pdf,PIPE SUPPORTS,13,4,PS434-C-3-18.3-12-6,PS434,1.0,6820-R2-67069-05,6820,
6820-R2-67069-06_NOHD-NI01_0.pdf,PIPE SUPPORTS,7,4,PS206-4-1,PS206,1.0,6820-R2-67069-06,6820,
6820-R2-67069-06_NOHD-NI01_0.pdf,PIPE SUPPORTS,8,4,PS204-4,PS204,2.0,6820-R2-67069-06,6820,
6820-R2-67070-01_NOHD-NI03_0.pdf,OTHER THAN SHOP MATERIALS,7,6,"NM Flat Gk, Barium Sulfate filled PTFE, 150 Lbs, RF as per ASME B16.5, -, Thk=1/8in, -,",C6S4K87R,2.0,6820-R2-67070-01,6820,
6820-R2-67070-01_NOHD-NI03_0.pdf,OTHER THAN SHOP MATERIALS,8,3/4,"SBlt 2 HHx N, A193 Gr.B7/A194 Gr.2H, -, Xylan PTFE Coated, - 4.25 in. Length",C6S4K8BC,16.0,6820-R2-67070-01,6820,
6820-R2-67070-01_NOHD-NI03_0.pdf,OTHER THAN SHOP MATERIALS,9,6,"Plug Flg,SP, Inverted Tapered Plug, Non Lubricated, API 599, ASTM A494 Gr.CZ100, 150 Lbs, RF, Ends as per ASME B16.5, -, GO,-, -, Valve Tag: PL-1194",C99ZZ9DA,1.0,6820-R2-67070-01,6820,
6820-R2-67070-01_NOHD-NI03_0.pdf,PIPE SUPPORTS,10,6,PS204-6,PS204,1.0,6820-R2-67070-01,6820,
6820-R2-67070-01_NOHD-NI03_0.pdf,PIPE SUPPORTS,11,6,PS401-4-26-2,PS401,1.0,6820-R2-67070-01,6820,
6820-R2-67072-01_NOHD-NI03_0..pdf,OTHER THAN SHOP MATERIALS,11,8,"NM Flat Gk, Barium Sulfate filled PTFE, 150 Lbs, RF as per ASME B16.5, -, Thk=1/8in, -,",C6SBWZF4,1.0,6820-R2-67072-01,6820,
6820-R2-67072-01_NOHD-NI03_0..pdf,OTHER THAN SHOP MATERIALS,12,6,"NM Flat Gk, Barium Sulfate filled PTFE, 150 Lbs, RF as per ASME B16.5, -, Thk=1/8in, -,",C6S4K87R,1.0,6820-R2-67072-01,6820,
6820-R2-67072-01_NOHD-NI03_0..pdf,OTHER THAN SHOP MATERIALS,13,3/4,"SBlt 2 HHx N, A193 Gr.B7/A194 Gr.2H, -, Xylan PTFE Coated, - 4.25 in. Length",C6S4K8BC,8.0,6820-R2-67072-01,6820,
6820-R2-67072-01_NOHD-NI03_0..pdf,OTHER THAN SHOP MATERIALS,14,3/4,"SBlt 2 HHx N, A193 Gr.B7/A194 Gr.2H, -, Xylan PTFE Coated, - 5 in. Length",C6S4K8BF,8.0,6820-R2-67072-01,6820,
6820-R2-67072-01_NOHD-NI03_0..pdf,PIPE SUPPORTS,15,8,PS204-8,PS204,1.0,6820-R2-67072-01,6820,
6820-R2-67072-01_NOHD-NI03_0..pdf,PIPE SUPPORTS,16,8,PS219-1-2-3,PS219,1.0,6820-R2-67072-01,6820,
6820-R2-67072-01_NOHD-NI03_0..pdf,PIPE SUPPORTS,17,8,PS407-2-20.45-14-7,PS407,1.0,6820-R2-67072-01,6820,
6820-R2-67072-02_NOHD-NI03_0.pdf,OTHER THAN SHOP MATERIALS,12,8,"NM Flat Gk, Barium Sulfate filled PTFE, 150 Lbs, RF as per ASME B16.5, -, Thk=1/8in, -,",C6SBWZF4,2.0,6820-R2-67072-02,6820,
6820-R2-67072-02_NOHD-NI03_0.pdf,OTHER THAN SHOP MATERIALS,13,1,"NM Flat Gk, Barium Sulfate filled PTFE, 150 Lbs, RF as per ASME B16.5, -, Thk=1/8in, -,",C6S4K87F,2.0,6820-R2-67072-02,6820,
6820-R2-67072-02_NOHD-NI03_0.pdf,OTHER THAN SHOP MATERIALS,14,3/4,"SBlt 2 HHx N, A193 Gr.B7/A194 Gr.2H, -, Xylan PTFE Coated, - 4.75 in. Length",C6S4K8BE,16.0,6820-R2-67072-02,6820,
6820-R2-67072-02_NOHD-NI03_0.pdf,OTHER THAN SHOP MATERIALS,15,1/2,"SBlt 2 HHx N, A193 Gr.B7/A194 Gr.2H, -, Xylan PTFE Coated, - 2.75 in. Length",C6S4K87U,8.0,6820-R2-67072-02,6820,
6820-R2-67072-02_NOHD-NI03_0.pdf,OTHER THAN SHOP MATERIALS,16,8,"Plug Flg,SP, Inverted Tapered Plug, Non Lubricated, API 599, ASTM A494 Gr.CZ100, 150 Lbs, RF, Ends as per ASME B16.5, -, GO,-, -, Valve Tag: PL-1194",C99ZZ9DB,1.0,6820-R2-67072-02,6820,
6820-R2-67072-02_NOHD-NI03_0.pdf,OTHER THAN SHOP MATERIALS,17,1,"Plug Flg,SP, Inverted Tapered Plug, Non Lubricated, API 599, ASTM B564 UNS N02200, 150 Lbs, RF, Ends as per ASME B16.5, -, LO,-, -, Valve Tag: PL-1194",C99ZZ9D2,1.0,6820-R2-67072-02,6820,
6820-R2-67072-02_NOHD-NI03_0.pdf,OTHER THAN SHOP MATERIALS,18,1,"Bld Flg, ASME B16.5, ASTM B564 UNS N02200, 150 Lbs, RF, -,",C7T63YAU,1.0,6820-R2-67072-02,6820,
6820-R2-67072-02_NOHD-NI03_0.pdf,PIPE SUPPORTS,19,8,PS407-2-20.45-14-/,PS407,1.0,6820-R2-67072-02,6820,
6820-R2-67072-02_NOHD-NI03_0.pdf,PIPE SUPPORTS,20,8,PS219-2-2-3.5,PS219,1.0,6820-R2-67072-02,6820,
6820-R2-67072-02_NOHD-NI03_0.pdf,PIPE SUPPORTS,21,8,PS204-8,PS204,1.0,6820-R2-67072-02,6820,
6820-R2-67072-03_NOHD-NI03_1.pdf,OTHER THAN SHOP MATERIALS,19,3/4,"SBlt 2 HHx N, A193 Gr.B7/A194 Gr.2H, -, Xylan PTFE Coated, - 4.25 in. Length",C6S4K8BC,8.0,6820-R2-67072-03,6820,
6820-R2-67072-03_NOHD-NI03_1.pdf,OTHER THAN SHOP MATERIALS,20,1/2,"SBlt 2 HHx N, A193 Gr.B7/A194 Gr.2H, -, Xylan PTFE Coated, - 2.75 in. Length",C6S4K87U,4.0,6820-R2-67072-03,6820,
6820-R2-67072-03_NOHD-NI03_1.pdf,PIPE SUPPORTS,22,8,PS204-8,PS204,2.0,6820-R2-67072-03,6820,
6820-R2-67072-03_NOHD-NI03_1.pdf,PIPE SUPPORTS,23,8,PS206-8-1,PS206,1.0,6820-R2-67072-03,6820,
6820-R2-67072-03_NOHD-NI03_1.pdf,PIPE SUPPORTS,24,6,PS407-3-46.19-14-7 1,PS407,1.0,6820-R2-67072-03,6820,
6820-R2-67072-04_NOHD-NI03_0.pdf,OTHER THAN SHOP MATERIALS,10,8,"NM Flat Gk, Barium Sulfate filled PTFE, 150 Lbs, RF as per ASME B16.5, -, Thk=1/8in, -,",C6SBWZF4,3.0,6820-R2-67072-04,6820,
6820-R2-67072-04_NOHD-NI03_0.pdf,OTHER THAN SHOP MATERIALS,11,3/4,"SBlt 2 HHx N, A193 Gr.B7/A194 Gr.2H, -, Xylan PTFE Coated, - 4.75 in. Length",C6S4K8BE,16.0,6820-R2-67072-04,6820,
6820-R2-67072-04_NOHD-NI03_0.pdf,OTHER THAN SHOP MATERIALS,12,3/4,"SBlt 2 HHx N, A193 Gr.B7/A194 Gr.2H, -, Xylan PTFE Coated, - 5 in. Length",C6S4K8BF,8.0,6820-R2-67072-04,6820,
6820-R2-67072-04_NOHD-NI03_0.pdf,OTHER THAN SHOP MATERIALS,13,8,"Plug Flg,SP, Inverted Tapered Plug, Non Lubricated, API 599, ASTM A494 Gr.CZ100, 150 Lbs, RF, Ends as per ASME B16.5, -, GO,-, -, Valve Tag: PL-1194",C99ZZ9DB,1.0,6820-R2-67072-04,6820,
6820-R2-67072-04_NOHD-NI03_0.pdf,PIPE SUPPORTS,14,8,PS407-2-39.69-14-/,PS407,1.0,6820-R2-67072-04,6820,
6820-R2-67072-04_NOHD-NI03_0.pdf,PIPE SUPPORTS,15,8,PS204-8,PS204,1.0,6820-R2-67072-04,6820,
6820-R2-67072-04_NOHD-NI03_0.pdf,PIPE SUPPORTS,16,8,PS214-18,PS214,1.0,6820-R2-67072-04,6820,
6820-R2-67072-04_NOHD-NI03_0.pdf,PIPE SUPPORTS,17,8,PS209-B3,PS209,1.0,6820-R2-67072-04,6820,
6820-R2-67072-05_NOHD-NI03_0.pdf,OTHER THAN SHOP MATERIALS,10,8,"NM Flat Gk, Barium Sulfate filled PTFE, 300 Lbs, RF as per ASME B16.5, -, Thk=1/8in, -,",C6SDEV3P,1.0,6820-R2-67072-05,6820,
6820-R2-67072-05_NOHD-NI03_0.pdf,OTHER THAN SHOP MATERIALS,11,1,"NM Flat Gk, Barium Sulfate filled PTFE, 150 Lbs, RF as per ASME B16.5, -, Thk=1/8in, -,",C6S4K87F,2.0,6820-R2-67072-05,6820,
6820-R2-67072-05_NOHD-NI03_0.pdf,OTHER THAN SHOP MATERIALS,12,7/8,"SBlt 2 HHx N, A193 Gr.B7/A194 Gr.2H, -, Xylan PTFE Coated, - 5 in. Length",C6S4K8CU,12.0,6820-R2-67072-05,6820,
6820-R2-67072-05_NOHD-NI03_0.pdf,OTHER THAN SHOP MATERIALS,13,1/2,"SBlt 2 HHx N, A193 Gr.B7/A194 Gr.2H, -, Xylan PTFE Coated, - 2.75 in. Length",C6S4K87U,8.0,6820-R2-67072-05,6820,
6820-R2-67072-05_NOHD-NI03_0.pdf,OTHER THAN SHOP MATERIALS,14,1,"Plug Flg,SP, Inverted Tapered Plug, Non Lubricated, API 599, ASTM B564 UNS N02200, 150 Lbs, RF, Ends as per ASME B16.5, -, LO,-, -, Valve Tag: PL-1194",C99ZZ9D2,1.0,6820-R2-67072-05,6820,
6820-R2-67072-05_NOHD-NI03_0.pdf,OTHER THAN SHOP MATERIALS,15,1,"Bld Flg, ASME B16.5, ASTM B564 UNS N02200, 150 Lbs, RF, -,",C7T63YAU,1.0,6820-R2-67072-05,6820,
6820-R2-67072-06_NOHD-NI03_0.pdf,OTHER THAN SHOP MATERIALS,4,1,"NM Flat Gk, Barium Sulfate filled PTFE, 150 Lbs, RF as per ASME B16.5, -, Thk=1/8in, -,",C6S4K87F,2.0,6820-R2-67072-06,6820,
6820-R2-67072-06_NOHD-NI03_0.pdf,OTHER THAN SHOP MATERIALS,5,1/2,"SBlt 2 HHx N, A193 Gr.B7/A194 Gr.2H, -, Xylan PTFE Coated, - 2.75 in. Length",C6S4K87U,8.0,6820-R2-67072-06,6820,
6820-R2-67072-06_NOHD-NI03_0.pdf,OTHER THAN SHOP MATERIALS,6,1,"Plug Flg,SP, Inverted Tapered Plug, Non Lubricated, API 599, ASTM B564 UNS N02200, 150 Lbs, RF, Ends as per ASME B16.5, -, LO,-, -, Valve Tag: PL-1194",C99ZZ9D2,1.0,6820-R2-67072-06,6820,
6820-R2-67072-06_NOHD-NI03_0.pdf,OTHER THAN SHOP MATERIALS,7,1,"Bld Flg, ASME B16.5, ASTM B564 UNS N02200, 150 Lbs, RF, -,",C7T63YAU,1.0,6820-R2-67072-06,6820,
6820-R2-67072-07_NOHD-NI03_0.pdf,OTHER THAN SHOP MATERIALS,4,1,"NM Flat Gk, Barium Sulfate filled PTFE, 150 Lbs, RF as per ASME B16.5, -, Thk=1/8in, -,",C6S4K87F,2.0,6820-R2-67072-07,6820,
6820-R2-67072-07_NOHD-NI03_0.pdf,OTHER THAN SHOP MATERIALS,5,1/2,"SBlt 2 HHx N, A193 Gr.B7/A194 Gr.2H, -, Xylan PTFE Coated, - 2.75 in. Length",C6S4K87U,8.0,6820-R2-67072-07,6820,
6820-R2-67072-07_NOHD-NI03_0.pdf,OTHER THAN SHOP MATERIALS,6,1,"Plug Flg,SP, Inverted Tapered Plug, Non Lubricated, API 599, ASTM B564 UNS N02200, 150 Lbs, RF, Ends as per ASME B16.5, -, LO,-, -, Valve Tag: PL-1194",C99ZZ9D2,1.0,6820-R2-67072-07,6820,
6820-R2-67072-07_NOHD-NI03_0.pdf,OTHER THAN SHOP MATERIALS,7,1,"Bld Flg, ASME B16.5, ASTM B564 UNS N02200, 150 Lbs, RF, -,",C7T63YAU,1.0,6820-R2-67072-07,6820,
6820-R2-67073-01_NOHD-SS01_2.pdf,OTHER THAN SHOP MATERIALS,10,1,"NM Flat Gk, Barium Sulfate filled PTFE, 150 Lbs, RF as per ASME B16.5, -, Thk=1/8in, -,",C6S4K87F,2.0,6820-R2-67073-01,6820,
6820-R2-67073-01_NOHD-SS01_2.pdf,OTHER THAN SHOP MATERIALS,11,1/2,"SBlt 2 HHx N, A193 Gr.B7/A194 Gr.2H, -, Xylan PTFE Coated, - 2.75 in. Length",C6S4K87U,8.0,6820-R2-67073-01,6820,
6820-R2-67073-01_NOHD-SS01_2.pdf,OTHER THAN SHOP MATERIALS,12,1,"Plug Flg,SP, Tapered Plug, Non Lubricated, API 599, ASTM A351 Gr.CF8M, 150 Lbs, RF, Ends as per ASME B16.5, -, LO,-, -, Valve Tag: PL-0548",C76KHSRR,1.0,6820-R2-67073-01,6820,
6820-R2-67073-01_NOHD-SS01_2.pdf,OTHER THAN SHOP MATERIALS,13,1,"Bld Flg, ASME B16.5, ASTM A182 Gr.F316L, 150 Lbs, RF, Annealed,",C80R6Y1H,1.0,6820-R2-67073-01,6820,
6820-R2-67073-01_NOHD-SS01_2.pdf,PIPE SUPPORTS,14,4,PS204-4 2,PS204,1.0,6820-R2-67073-01,6820,
6820-R2-67073-01_NOHD-SS01_2.pdf,PIPE SUPPORTS,15,4,PS406-2-17.66-30-15,PS406,1.0,6820-R2-67073-01,6820,
6820-R2-67073-01_NOHD-SS01_2.pdf,PIPE SUPPORTS,16,4,PS214-16,PS214,1.0,6820-R2-67073-01,6820,
6820-R2-67073-01_NOHD-SS01_2.pdf,PIPE SUPPORTS,17,4,PS209-B3,PS209,1.0,6820-R2-67073-01,6820,
6820-R2-67073-02_NOHD-SS01_0.pdf,OTHER THAN SHOP MATERIALS,4,4,"NM Flat Gk, Barium Sulfate filled PTFE, 150 Lbs, RF as per ASME B16.5, -, Thk=1/8in, -,",C6S4K87N,2.0,6820-R2-67073-02,6820,
6820-R2-67073-02_NOHD-SS01_0.pdf,OTHER THAN SHOP MATERIALS,5,5/8,"SBlt 2 HHx N, A193 Gr.B7/A194 Gr.2H, -, Xylan PTFE Coated, - 3.75 in. Length",C6S4K88S,16.0,6820-R2-67073-02,6820,
6820-R2-67073-03_NOHD-SS01_1.pdf,OTHER THAN SHOP MATERIALS,10,1,"NM Flat Gk, Barium Sulfate filled PTFE, 150 Lbs, RF as per ASME B16.5, -, Thk=1/8in, -,",C6S4K87F,2.0,6820-R2-67073-03,6820,
6820-R2-67073-03_NOHD-SS01_1.pdf,OTHER THAN SHOP MATERIALS,11,1/2,"SBlt 2 HHx N, A193 Gr.B7/A194 Gr.2H, -, Xylan PTFE Coated, - 2.75 in. Length",C6S4K87U,8.0,6820-R2-67073-03,6820,
6820-R2-67073-03_NOHD-SS01_1.pdf,OTHER THAN SHOP MATERIALS,12,1,"Plug Flg,SP, Tapered Plug, Non Lubricated, API 599, ASTM A351 Gr.CF8M, 150 Lbs, RF, Ends as per ASME B16.5, -, LO,-, -, Valve Tag: PL-0548",C76KHSRR,1.0,6820-R2-67073-03,6820,
6820-R2-67073-03_NOHD-SS01_1.pdf,OTHER THAN SHOP MATERIALS,13,1,"Bld Flg, ASME B16.5, ASTM A182 Gr.F316L, 150 Lbs, RF, Annealed,",C80R6Y1H,1.0,6820-R2-67073-03,6820,
6820-R2-67073-03_NOHD-SS01_1.pdf,PIPE SUPPORTS,14,4,PS204-4,PS204,1.0,6820-R2-67073-03,6820,
6820-R2-67073-03_NOHD-SS01_1.pdf,PIPE SUPPORTS,15,4,PS214-16,PS214,1.0,6820-R2-67073-03,6820,
6820-R2-67073-03_NOHD-SS01_1.pdf,PIPE SUPPORTS,16,4,PS209-B2,PS209,1.0,6820-R2-67073-03,6820,
6820-R2-67073-04_NOHD-SS01_1.pdf,PIPE SUPPORTS,5,4,PS204-4,PS204,2.0,6820-R2-67073-04,6820,
6820-R2-67073-04_NOHD-SS01_1.pdf,PIPE SUPPORTS,6,4,PS206-4-1,PS206,1.0,6820-R2-67073-04,6820,
6820-R2-67073-05_NOHD-SS01_0.pdf,OTHER THAN SHOP MATERIALS,8,4,"NM Flat Gk, Barium Sulfate filled PTFE, 150 Lbs, RF as per ASME B16.5, -, Thk=1/8in, -,",C6S4K87N,1.0,6820-R2-67073-05,6820,
6820-R2-67073-05_NOHD-SS01_0.pdf,OTHER THAN SHOP MATERIALS,9,5/8,"SBlt 2 HHx N, A193 Gr.B7/A194 Gr.2H, -, Xylan PTFE Coated, - 4 in. Length",C6S4K88T,8.0,6820-R2-67073-05,6820,
6820-R2-67073-05_NOHD-SS01_0.pdf,PIPE SUPPORTS,10,4,PS209-B2,PS209,1.0,6820-R2-67073-05,6820,
6820-R2-67073-05_NOHD-SS01_0.pdf,PIPE SUPPORTS,11,4,PS214-16,PS214,1.0,6820-R2-67073-05,6820,
6820-R2-67073-06_NOHD-SS01_0..pdf,OTHER THAN SHOP MATERIALS,10,4,"NM Flat Gk, Barium Sulfate filled PTFE, 150 Lbs, RF as per ASME B16.5, -, Thk=1/8in, -,",C6S4K87N,2.0,6820-R2-67073-06,6820,
6820-R2-67073-06_NOHD-SS01_0..pdf,OTHER THAN SHOP MATERIALS,11,1,"NM Flat Gk, Barium Sulfate filled PTFE, 150 Lbs, RF as per ASME B16.5, -, Thk=1/8in, -,",C6S4K87F,2.0,6820-R2-67073-06,6820,
6820-R2-67073-06_NOHD-SS01_0..pdf,OTHER THAN SHOP MATERIALS,12,5/8,"SBlt 2 HHx N, A193 Gr.B7/A194 Gr.2H, -, Xylan PTFE Coated, - 4 in. Length",C6S4K88T,16.0,6820-R2-67073-06,6820,
6820-R2-67073-06_NOHD-SS01_0..pdf,OTHER THAN SHOP MATERIALS,13,1/2,"SBlt 2 HHx N, A193 Gr.B7/A194 Gr.2H, -, Xylan PTFE Coated, - 2.75 in. Length",C6S4K87U,8.0,6820-R2-67073-06,6820,
6820-R2-67073-06_NOHD-SS01_0..pdf,OTHER THAN SHOP MATERIALS,14,4,"Plug Flg,SP, Tapered Plug, Non Lubricated, API 599, ASTM A351 Gr.CF8M, 150 Lbs, RF, Ends as per ASME B16.5, -, GO,-, -, Valve Tag: PL-0548",C6SDVYKW,1.0,6820-R2-67073-06,6820,
6820-R2-67073-06_NOHD-SS01_0..pdf,OTHER THAN SHOP MATERIALS,15,1,"Plug Flg,SP, Tapered Plug, Non Lubricated, API 599, ASTM A351 Gr.CF8M, 150 Lbs, RF, Ends as per ASME B16.5, -, LO,-, -, Valve Tag: PL-0548",C76KHSRR,1.0,6820-R2-67073-06,6820,
6820-R2-67073-06_NOHD-SS01_0..pdf,OTHER THAN SHOP MATERIALS,16,1,"Bld Flg, ASME B16.5, ASTM A182 Gr.F316L, 150 Lbs, RF, Annealed,",C80R6Y1H,1.0,6820-R2-67073-06,6820,
6820-R2-67073-06_NOHD-SS01_0..pdf,PIPE SUPPORTS,17,4,PS214-16,PS214,1.0,6820-R2-67073-06,6820,
6820-R2-67073-06_NOHD-SS01_0..pdf,PIPE SUPPORTS,18,4,PS209-B3,PS209,1.0,6820-R2-67073-06,6820,
6820-R2-67073-07_NOHD-SS01_1.pdf,OTHER THAN SHOP MATERIALS,8,6,"NM Flat Gk, Barium Sulfate filled PTFE, 300 Lbs, RF as per ASME B16.5, -, Thk=1/8in, -,",C6S4K87E,1.0,6820-R2-67073-07,6820,
6820-R2-67073-07_NOHD-SS01_1.pdf,OTHER THAN SHOP MATERIALS,9,3/4,"SBlt 2 HHx N, A193 Gr.B7/A194 Gr.2H, -, Xylan PTFE Coated, - 4.5 in. Length",C6S4K8BD,12.0,6820-R2-67073-07,6820,
6820-R2-67075-01_SCXL-CS02_1.pdf,OTHER THAN SHOP MATERIALS,4,4,"NM Flat Gk, Barium Sulfate filled PTFE, 300 Lbs, RF as per ASME B16.5, Full Face, Thk=1/8in, -,",C7CX7CSR,2.0,6820-R2-67075-01,6820,
6820-R2-67075-01_SCXL-CS02_1.pdf,OTHER THAN SHOP MATERIALS,5,3/4,"SBlt 2 HHx N, A193 Gr.B7/A194 Gr.2H, -, Xylan PTFE Coated, - 4.5 in. Length",C6S4K8BD,16.0,6820-R2-67075-01,6820,
6820-R2-67075-01_SCXL-CS02_1.pdf,OTHER THAN SHOP MATERIALS,6,4,"Gat Flg, -, API 600, ASTM A216 Gr.WCB,300 Lbs, RF, Ends as per ASME B16.5, HO,-, Valve Tag: GA-1192",C99ZZ9EG,1.0,6820-R2-67075-01,6820,
6820-R2-67076-01_SCXL-CS01_2.pdf,OTHER THAN SHOP MATERIALS,7,1,"Plug, Solid Round Head Type, ASME B16.11, ASTM A105N, NPTM End, -,",CBBPLK4,1.0,6820-R2-67076-01,6820,
6820-R2-67076-01_SCXL-CS01_2.pdf,OTHER THAN SHOP MATERIALS,8,1,"Gat Fem, API 602, ASTM A105N,800 Lbs, NPTF Ends, HO,-, Valve Tag: GA-0120",C76SPABV,1.0,6820-R2-67076-01,6820,
6820-R2-67076-01_SCXL-CS01_2.pdf,PIPE SUPPORTS,2,6,PS214-16,PS214,1.0,6820-R2-67076-01,6820,
6820-R2-67076-01_SCXL-CS01_2.pdf,PIPE SUPPORTS,10,6,PS407-3-13.75-24-12,PS407,1.0,6820-R2-67076-01,6820,
6820-R2-67076-02_SCXL-CS01_1..pdf,OTHER THAN SHOP MATERIALS,7,6,"NM Flat Gk, Barium Sulfate filled PTFE, 150 Lbs, RF as per ASME B16.5, Full Face, Thk=1/8in, -,",C7CT1ZG1,2.0,6820-R2-67076-02,6820,
6820-R2-67076-02_SCXL-CS01_1..pdf,OTHER THAN SHOP MATERIALS,8,3/4,"SBlt 2 HHx N, A193 Gr.B7/A194 Gr.2H, -, Xylan PTFE Coated, - 4.25 in. Length",C6S4K8BC,16.0,6820-R2-67076-02,6820,
6820-R2-67076-02_SCXL-CS01_1..pdf,OTHER THAN SHOP MATERIALS,9,6,"Gat Flg, -, API 600, ASTM A216 Gr.WCB,150 Lbs, RF, Ends as per ASME B16.5, HO,-, Valve Tag: GA-0215",C76SPABB,1.0,6820-R2-67076-02,6820,
6820-R2-67076-02_SCXL-CS01_1..pdf,PIPE SUPPORTS,10,6,PS204-6,PS204,4.0,6820-R2-67076-02,6820,
6820-R2-67076-02_SCXL-CS01_1..pdf,PIPE SUPPORTS,11,6,PS401-4-31.32-2,PS401,1.0,6820-R2-67076-02,6820,
6820-R2-67076-02_SCXL-CS01_1..pdf,PIPE SUPPORTS,12,6,PS206-6-1,PS206,1.0,6820-R2-67076-02,6820,
6820-R2-67076-04_SCXL-CS02_DELETED_1.pdf,OTHER THAN SHOP MATERIALS,12,6,"NM Flat Gk, Barium Sulfate filled PTFE, 300 Lbs, RF as per ASME B16.5, Full Face, Thk=1/8in, -,",C7CX7CST,1.0,6820-R2-67076-04,6820,
6820-R2-67076-04_SCXL-CS02_DELETED_1.pdf,OTHER THAN SHOP MATERIALS,13,4,"NM Flat Gk, Barium Sulfate filled PTFE, 300 Lbs, RF as per ASME B16.5, Full Face, Thk=1/8in, -,",C7CX7CSR,1.0,6820-R2-67076-04,6820,
6820-R2-67076-04_SCXL-CS02_DELETED_1.pdf,OTHER THAN SHOP MATERIALS,14,1,"NM Flat Gk, Barium Sulfate filled PTFE, 300 Lbs, RF as per ASME B16.5, Full Face, Thk=1/8in, -,",C7W3AL3L,2.0,6820-R2-67076-04,6820,
6820-R2-67076-04_SCXL-CS02_DELETED_1.pdf,OTHER THAN SHOP MATERIALS,15,3/4,"SBlt 2 HHx N, A193 Gr.B7/A194 Gr.2H, -, Xylan PTFE Coated, - 5 in. Length",C6S4K8BF,12.0,6820-R2-67076-04,6820,
6820-R2-67076-04_SCXL-CS02_DELETED_1.pdf,OTHER THAN SHOP MATERIALS,16,3/4,"SBlt 2 HHx N, A193 Gr.B7/A194 Gr.2H, -, Xylan PTFE Coated, - 4.5 in. Length",C6S4K8BD,8.0,6820-R2-67076-04,6820,
6820-R2-67076-04_SCXL-CS02_DELETED_1.pdf,OTHER THAN SHOP MATERIALS,17,5/8,"SBlt 2 HHx N, A193 Gr.B7/A194 Gr.2H, -, Xylan PTFE Coated, - 3 in. Length",C6S4K88N,8.0,6820-R2-67076-04,6820,
6820-R2-67076-04_SCXL-CS02_DELETED_1.pdf,OTHER THAN SHOP MATERIALS,18,1,"Gat Flg, -, API 602, ASTM A105N,300 Lbs, RF, Ends as per ASME B16.5, HO,-, Valve Tag: GA-1127",C99ZZ9DE,1.0,6820-R2-67076-04,6820,
6820-R2-67076-04_SCXL-CS02_DELETED_1.pdf,OTHER THAN SHOP MATERIALS,19,1,"Bld Flg, ASME B16.5, ASTM A105N, 300 Lbs, RF, -,",CFG6WM6Z,1.0,6820-R2-67076-04,6820,
6820-R2-67076-04_SCXL-CS02_DELETED_1.pdf,PIPE SUPPORTS,20,6,PS209-B3,PS209,1.0,6820-R2-67076-04,6820,
6820-R2-67076-04_SCXL-CS02_DELETED_1.pdf,PIPE SUPPORTS,21,6,PS214-16,PS214,2.0,6820-R2-67076-04,6820,
6820-R2-67076-04_SCXL-CS02_DELETED_1.pdf,PIPE SUPPORTS,22,6,PS209-B1,PS209,1.0,6820-R2-67076-04,6820,
6820-R2-67076-05_SCXL-CS02_DELETED_1.pdf,OTHER THAN SHOP MATERIALS,8,1,"Plug, Solid Round Head Type, ASME B16.11, ASTM A105N, NPTM End, -,",CBBPLK4,1.0,6820-R2-67076-05,6820,
6820-R2-67076-05_SCXL-CS02_DELETED_1.pdf,OTHER THAN SHOP MATERIALS,9,6,"NM Flat Gk, Barium Sulfate filled PTFE, 300 Lbs, RF as per ASME B16.5, Full Face, Thk=1/8in, -,",C7CX7CST,3.0,6820-R2-67076-05,6820,
6820-R2-67076-05_SCXL-CS02_DELETED_1.pdf,OTHER THAN SHOP MATERIALS,10,3/4,"SBlt 2 HHx N, A193 Gr.B7/A194 Gr.2H, -, Xylan PTFE Coated, - 5 in. Length",C6S4K8BF,36.0,6820-R2-67076-05,6820,
6820-R2-67076-05_SCXL-CS02_DELETED_1.pdf,OTHER THAN SHOP MATERIALS,11,6,"Gat Flg, -, API 600, ASTM A216 Gr.WCB,300 Lbs, RF, Ends as per ASME B16.5, HO,-, Valve Tag: GA-1192",C99ZZ9EJ,1.0,6820-R2-67076-05,6820,
6820-R2-67076-05_SCXL-CS02_DELETED_1.pdf,OTHER THAN SHOP MATERIALS,12,1,"Gat Fem, API 602, ASTM A105N,800 Lbs, NPTF Ends, HO,-, Valve Tag: GA-0120",C76SPABV,1.0,6820-R2-67076-05,6820,
6820-R2-67076-05_SCXL-CS02_DELETED_1.pdf,PIPE SUPPORTS,13,6,PS214-16,PS214,1.0,6820-R2-67076-05,6820,
6820-R2-67076-07_SCXL-CS02_DELETED_1.pdf,OTHER THAN SHOP MATERIALS,7,6,"NM Flat Gk, Barium Sulfate filled PTFE, 300 Lbs, RF as per ASME B16.5, Full Face, Thk=1/8in, -,",C7CX7CST,2.0,6820-R2-67076-07,6820,
6820-R2-67076-07_SCXL-CS02_DELETED_1.pdf,OTHER THAN SHOP MATERIALS,8,3/4,"SBlt 2 HHx N, A193 Gr.B7/A194 Gr.2H, -, Xylan PTFE Coated, - 5 in. Length",C6S4K8BF,24.0,6820-R2-67076-07,6820,
6820-R2-67076-07_SCXL-CS02_DELETED_1.pdf,OTHER THAN SHOP MATERIALS,9,6,"Gat Flg, -, API 600, ASTM A216 Gr.WCB,300 Lbs, RF, Ends as per ASME B16.5, HO,-, Valve Tag: GA-1192",C99ZZ9EJ,1.0,6820-R2-67076-07,6820,
6820-R2-67076-07_SCXL-CS02_DELETED_1.pdf,PIPE SUPPORTS,10,6,PS204-6,PS204,4.0,6820-R2-67076-07,6820,
6820-R2-67076-07_SCXL-CS02_DELETED_1.pdf,PIPE SUPPORTS,11,6,PS401-4-31.32-2,PS401,1.0,6820-R2-67076-07,6820,
6820-R2-67076-07_SCXL-CS02_DELETED_1.pdf,PIPE SUPPORTS,12,6,PS206-6-1,PS206,1.0,6820-R2-67076-07,6820,
6820-R2-67078-01_NOHD-SS03_0.pdf,PIPE SUPPORTS,5,2,PS212-2,PS212,1.0,6820-R2-67078-01,6820,
6820-R2-67078-01_NOHD-SS03_0.pdf,PIPE SUPPORTS,6,2,PS433-2,PS433,2.0,6820-R2-67078-01,6820,
6820-R2-67078-01_NOHD-SS03_0.pdf,PIPE SUPPORTS,7,2,PS201-2-S,PS201,2.0,6820-R2-67078-01,6820,
6820-R2-67078-01_NOHD-SS03_0.pdf,PIPE SUPPORTS,8,2,PS709-A-9.32-8,PS709,2.0,6820-R2-67078-01,6820,
6820-R2-67079-01_NOHD-SS03_0..pdf,OTHER THAN SHOP MATERIALS,7,1,"NM Flat Gk, Barium Sulfate filled PTFE, 150 Lbs, RF as per ASME B16.5, -, Thk=1/8in, -,",C6S4K87F,1.0,6820-R2-67079-01,6820,
6820-R2-67079-01_NOHD-SS03_0..pdf,OTHER THAN SHOP MATERIALS,8,1/2,"SBlt 2 HHx N, A193 Gr.B7/A194 Gr.2H, -, Xylan PTFE Coated, - 2.75 in. Length",C6S4K87U,4.0,6820-R2-67079-01,6820,
6820-R2-67079-01_NOHD-SS03_0..pdf,PIPE SUPPORTS,9,1,PS212-1,PS212,1.0,6820-R2-67079-01,6820,
6820-R2-67079-01_NOHD-SS03_0..pdf,PIPE SUPPORTS,10,1,PS709-A-20-8,PS709,3.0,6820-R2-67079-01,6820,
6820-R2-67079-01_NOHD-SS03_0..pdf,PIPE SUPPORTS,11,1,PS433-1,PS433,3.0,6820-R2-67079-01,6820,
6820-R2-67079-01_NOHD-SS03_0..pdf,PIPE SUPPORTS,12,1,PS201-1-S,PS201,3.0,6820-R2-67079-01,6820,
6820-R2-67080-01_SCXL-CS02_1..pdf,OTHER THAN SHOP MATERIALS,6,6,"NM Flat Gk, Barium Sulfate filled PTFE, 300 Lbs, RF as per ASME B16.5, Full Face, Thk=1/8in, -,",C7CX7CST,4.0,6820-R2-67080-01,6820,
6820-R2-67080-01_SCXL-CS02_1..pdf,OTHER THAN SHOP MATERIALS,7,3/4,"SBlt 2 HHx N, A193 Gr.B7/A194 Gr.2H, -, Xylan PTFE Coated, - 5 in. Length",C6S4K8BF,48.0,6820-R2-67080-01,6820,
6820-R2-67080-01_SCXL-CS02_1..pdf,OTHER THAN SHOP MATERIALS,8,6,"Gat Flg, -, API 600, ASTM A216 Gr.WCB,300 Lbs, RF, Ends as per ASME B16.5, HO,-, Valve Tag: GA-1192",C99ZZ9EJ,1.0,6820-R2-67080-01,6820,
6820-R2-67080-01_SCXL-CS02_1..pdf,PIPE SUPPORTS,10,6,PS214-16 1 1,PS214,1.0,6820-R2-67080-01,6820,
6820-R2-67080-02_SCXL-CS02_1.pdf,PIPE SUPPORTS,6,6,PS214-16,PS214,1.0,6820-R2-67080-02,6820,
6820-R2-67080-02_SCXL-CS02_1.pdf,PIPE SUPPORTS,7,6,PS209-B3,PS209,1.0,6820-R2-67080-02,6820,
6820-R2-67081-01_NOHD-SS01_1.pdf,OTHER THAN SHOP MATERIALS,6,8,"NM Flat Gk, Barium Sulfate filled PTFE, 150 Lbs, RF as per ASME B16.5, -, Thk=1/8in, -,",C6SBWZF4,2.0,6820-R2-67081-01,6820,
6820-R2-67081-01_NOHD-SS01_1.pdf,OTHER THAN SHOP MATERIALS,7,3/4,"SBlt 2 HHx N, A193 Gr.B7/A194 Gr.2H, -, Xylan PTFE Coated, - 4.5 in. Length",C6S4K8BD,8.0,6820-R2-67081-01,6820,
6820-R2-67081-01_NOHD-SS01_1.pdf,OTHER THAN SHOP MATERIALS,8,3/4,"SBlt 2 HHx N, A193 Gr.B7/A194 Gr.2H, -, Xylan PTFE Coated, - 4.75 in. Length",C6S4K8BE,8.0,6820-R2-67081-01,6820,
6820-R2-67081-01_NOHD-SS01_1.pdf,OTHER THAN SHOP MATERIALS,9,8,"Plug Flg,SP, Tapered Plug, Non Lubricated, API 599, ASTM A351 Gr.CF8M, 150 Lbs, RF, Ends as per ASME B16.5, -, GO,-, -, Valve Tag: PL-0548",C6SDVYKY,1.0,6820-R2-67081-01,6820,
6820-R2-67081-01_NOHD-SS01_1.pdf,PIPE SUPPORTS,10,8,PS902-SH-6820-R2-67081-0001,PS902,1.0,6820-R2-67081-01,6820,
6820-R2-67081-02_NOHD-SS01_0.pdf,PIPE SUPPORTS,4,8,PS434-C-3-34.44-22-10,PS434,1.0,6820-R2-67081-02,6820,
6820-R2-67081-02_NOHD-SS01_0.pdf,PIPE SUPPORTS,5,8,PS204-8,PS204,1.0,6820-R2-67081-02,6820,
6820-R2-67081-02_NOHD-SS01_0.pdf,PIPE SUPPORTS,6,8,PS406-2-28.22-42-16.91,PS406,1.0,6820-R2-67081-02,6820,
6820-R2-67081-02_NOHD-SS01_0.pdf,PIPE SUPPORTS,7,8,PS206-8-1,PS206,1.0,6820-R2-67081-02,6820,
6820-R2-67081-02_NOHD-SS01_0.pdf,PIPE SUPPORTS,8,8,PS406-2-26.72-20-10,PS406,1.0,6820-R2-67081-02,6820,
6820-R2-67081-03_NOHD-SS01_0.pdf,PIPE SUPPORTS,4,8,PS204-8,PS204,2.0,6820-R2-67081-03,6820,
6820-R2-67081-03_NOHD-SS01_0.pdf,PIPE SUPPORTS,5,8,PS206-8-1,PS206,1.0,6820-R2-67081-03,6820,
6820-R2-67081-04_NOHD-SS01_0.pdf,PIPE SUPPORTS,7,8,PS204-8,PS204,1.0,6820-R2-67081-04,6820,
6820-R2-67081-05_NOHD-SS01_0.pdf,OTHER THAN SHOP MATERIALS,12,8,"NM Flat Gk, Barium Sulfate filled PTFE, 150 Lbs, RF as per ASME B16.5, -, Thk=1/8in, -,",C6SBWZF4,2.0,6820-R2-67081-05,6820,
6820-R2-67081-05_NOHD-SS01_0.pdf,OTHER THAN SHOP MATERIALS,13,1,"NM Flat Gk, Barium Sulfate filled PTFE, 150 Lbs, RF as per ASME B16.5, -, Thk=1/8in, -,",C6S4K87F,2.0,6820-R2-67081-05,6820,
6820-R2-67081-05_NOHD-SS01_0.pdf,OTHER THAN SHOP MATERIALS,14,3/4,"SBlt 2 HHx N, A193 Gr.B7/A194 Gr.2H, -, Xylan PTFE Coated, - 4.75 in. Length",C6S4K8BE,16.0,6820-R2-67081-05,6820,
6820-R2-67081-05_NOHD-SS01_0.pdf,OTHER THAN SHOP MATERIALS,15,1/2,"SBlt 2 HHx N, A193 Gr.B7/A194 Gr.2H, -, Xylan PTFE Coated, - 2.75 in. Length",C6S4K87U,8.0,6820-R2-67081-05,6820,
6820-R2-67081-05_NOHD-SS01_0.pdf,OTHER THAN SHOP MATERIALS,16,8,"Plug Flg,SP, Tapered Plug, Non Lubricated, API 599, ASTM A351 Gr.CF8M, 150 Lbs, RF, Ends as per ASME B16.5, -, GO,-, -, Valve Tag: PL-0548",C6SDVYKY,1.0,6820-R2-67081-05,6820,
6820-R2-67081-05_NOHD-SS01_0.pdf,OTHER THAN SHOP MATERIALS,17,1,"Plug Flg,SP, Tapered Plug, Non Lubricated, API 599, ASTM A351 Gr.CF8M, 150 Lbs, RF, Ends as per ASME B16.5, -, LO,-, -, Valve Tag: PL-0548",C76KHSRR,1.0,6820-R2-67081-05,6820,
6820-R2-67081-05_NOHD-SS01_0.pdf,OTHER THAN SHOP MATERIALS,18,1,"Bld Flg, ASME B16.5, ASTM A182 Gr.F316L, 150 Lbs, RF, Annealed,",C80R6Y1H,1.0,6820-R2-67081-05,6820,
6820-R2-67081-05_NOHD-SS01_0.pdf,PIPE SUPPORTS,19,8,PS214-18,PS214,2.0,6820-R2-67081-05,6820,
6820-R2-67081-05_NOHD-SS01_0.pdf,PIPE SUPPORTS,20,8,PS209-B2,PS209,1.0,6820-R2-67081-05,6820,
6820-R2-67081-05_NOHD-SS01_0.pdf,PIPE SUPPORTS,21,8,PS209-B1,PS209,1.0,6820-R2-67081-05,6820,
6820-R2-67081-06_NOHD-SS01_0.pdf,OTHER THAN SHOP MATERIALS,8,8,"NM Flat Gk, Barium Sulfate filled PTFE, 150 Lbs, RF as per ASME B16.5, -, Thk=1/8in, -,",C6SBWZF4,1.0,6820-R2-67081-06,6820,
6820-R2-67081-06_NOHD-SS01_0.pdf,OTHER THAN SHOP MATERIALS,9,6,"NM Flat Gk, Barium Sulfate filled PTFE, 150 Lbs, RF as per ASME B16.5, -, Thk=1/8in, -,",C6S4K87R,1.0,6820-R2-67081-06,6820,
6820-R2-67081-06_NOHD-SS01_0.pdf,OTHER THAN SHOP MATERIALS,10,3/4,"SBlt 2 HHx N, A193 Gr.B7/A194 Gr.2H, -, Xylan PTFE Coated, - 4.25 in. Length",C6S4K8BC,8.0,6820-R2-67081-06,6820,
6820-R2-67081-06_NOHD-SS01_0.pdf,OTHER THAN SHOP MATERIALS,11,3/4,"SBlt 2 HHx N, A193 Gr.B7/A194 Gr.2H, -, Xylan PTFE Coated, - 5 in. Length",C6S4K8BF,8.0,6820-R2-67081-06,6820,
6820-R2-67086-01_NOHD-SS03_1.pdf,PIPE SUPPORTS,9,4,PS209-B1,PS209,1.0,6820-R2-67086-01,6820,
6820-R2-67086-01_NOHD-SS03_1.pdf,PIPE SUPPORTS,10,4,PS214-14,PS214,1.0,6820-R2-67086-01,6820,
6820-R2-67086-02_NOHD-SS03_1.pdf,PIPE SUPPORTS,5,4,PS214-12,PS214,2.0,6820-R2-67086-02,6820,
6820-R2-67087-01_EPCL-SS01_0.pdf,OTHER THAN SHOP MATERIALS,7,6,"NM Flat Gk, Barium Sulfate filled PTFE, 150 Lbs, RF as per ASME B16.5, Full Face, Thk=1/8in, -,",C7CT1ZG1,1.0,6820-R2-67087-01,6820,
6820-R2-67087-01_EPCL-SS01_0.pdf,OTHER THAN SHOP MATERIALS,8,3/4,"SBlt 2 HHx N, A193 Gr.B7/A194 Gr.2H, -, Xylan PTFE Coated, - 4.25 in. Length",C6S4K8BC,8.0,6820-R2-67087-01,6820,
6820-R2-67087-01_EPCL-SS01_0.pdf,PIPE SUPPORTS,9,6,PS434-3-C-67.94-23-8.48,PS434,1.0,6820-R2-67087-01,6820,
6820-R2-67087-01_EPCL-SS01_0.pdf,PIPE SUPPORTS,10,6,PS206-6-1,PS206,1.0,6820-R2-67087-01,6820,
6820-R2-67087-01_EPCL-SS01_0.pdf,PIPE SUPPORTS,11,6,PS204-6,PS204,2.0,6820-R2-67087-01,6820,
6820-R2-67087-01_EPCL-SS01_0.pdf,PIPE SUPPORTS,12,6,PS406-3-64.34-24-10,PS406,1.0,6820-R2-67087-01,6820,
6820-R2-67087-02_EPCL-SS01_0.pdf,OTHER THAN SHOP MATERIALS,5,6,"NM Flat Gk, Barium Sulfate filled PTFE, 150 Lbs, RF as per ASME B16.5, Full Face, Thk=1/8in, -,",C7CT1ZG1,1.0,6820-R2-67087-02,6820,
6820-R2-67087-02_EPCL-SS01_0.pdf,OTHER THAN SHOP MATERIALS,6,3/4,"SBlt 2 HHx N, A193 Gr.B7/A194 Gr.2H, -, Xylan PTFE Coated, - 4.25 in. Length",C6S4K8BC,8.0,6820-R2-67087-02,6820,
6820-R2-67087-02_EPCL-SS01_0.pdf,PIPE SUPPORTS,7,6,PS434-C-3-31.02-24-10,PS434,1.0,6820-R2-67087-02,6820,
6820-R2-67088-01_EPCW-CS01_0..pdf,OTHER THAN SHOP MATERIALS,7,6,"NM Flat Gk, Barium Sulfate filled PTFE, 150 Lbs, RF as per ASME B16.5, Full Face, Thk=1/8in, -,",C7CT1ZG1,3.0,6820-R2-67088-01,6820,
6820-R2-67088-01_EPCW-CS01_0..pdf,OTHER THAN SHOP MATERIALS,8,3/4,"SBlt 2 HHx N, A193 Gr.B7/A194 Gr.2H, -, Xylan PTFE Coated, - 4.25 in. Length",C6S4K8BC,24.0,6820-R2-67088-01,6820,
6820-R2-67088-01_EPCW-CS01_0..pdf,OTHER THAN SHOP MATERIALS,9,6,"Glo Flg, API 623, ASTM A216 Gr.WCB,150 Lbs, RF, Ends as per ASME B16.5, HO,-, Valve Tag: GL-0627",C84KV7D1,1.0,6820-R2-67088-01,6820,
6820-R2-67088-01_EPCW-CS01_0..pdf,PIPE SUPPORTS,10,6,PS204-6,PS204,1.0,6820-R2-67088-01,6820,
6820-R2-67088-01_EPCW-CS01_0..pdf,PIPE SUPPORTS,11,6,PS434-A-3-25.69-14.5-7.5,PS434,1.0,6820-R2-67088-01,6820,
6820-R2-67088-01_EPCW-CS01_0..pdf,PIPE SUPPORTS,12,6,PS434-C-3-27.25-12.82-6,PS434,1.0,6820-R2-67088-01,6820,
6820-R2-67088-01_EPCW-CS01_0..pdf,PIPE SUPPORTS,13,6,PS205-A,PS205,1.0,6820-R2-67088-01,6820,
6820-R2-67088-01_EPCW-CS01_0..pdf,PIPE SUPPORTS,14,6,PS413-2-14-14,PS413,1.0,6820-R2-67088-01,6820,
6820-R2-67088-02_EPCW-CS01_1.pdf,OTHER THAN SHOP MATERIALS,9,6,"NM Flat Gk, Barium Sulfate filled PTFE, 150 Lbs, RF as per ASME B16.5, Full Face, Thk=1/8in, -,",C7CT1ZG1,4.0,6820-R2-67088-02,6820,
6820-R2-67088-02_EPCW-CS01_1.pdf,OTHER THAN SHOP MATERIALS,11,3/4,"SBlt 2 HHx N, A193 Gr.B7/A194 Gr.2H, -, Xylan PTFE Coated, - 4.25 in. Length",C6S4K8BC,32.0,6820-R2-67088-02,6820,
6820-R2-67088-02_EPCW-CS01_1.pdf,OTHER THAN SHOP MATERIALS,12,1/2,"SBlt 2 HHx N, A193 Gr.B7/A194 Gr.2H, -, Xylan PTFE Coated, - 3 in. Length",C6S4K87V,4.0,6820-R2-67088-02,6820,
6820-R2-67088-02_EPCW-CS01_1.pdf,OTHER THAN SHOP MATERIALS,13,6,"But Flg,LP, API 609 Cat.B, ASTM A216 Gr.WCB,150 Lbs, RF, Ends as per ASME B16.5, GO,-, Valve Tag: BU-0807",C84MWBH0,1.0,6820-R2-67088-02,6820,
6820-R2-67088-02_EPCW-CS01_1.pdf,PIPE SUPPORTS,15,6,PS206-6-1,PS206,1.0,6820-R2-67088-02,6820,
6820-R2-67088-03_EPCW-CS01_0..pdf,OTHER THAN SHOP MATERIALS,3,2,"Pipes, Seamless, ASME B36.10, ASTM ' A106 Gr.B, NPTM Ends, w/ coupling, -, S-XS",CEZCLWH,13.2,6820-R2-67088-03,6820,
6820-R2-67088-03_EPCW-CS01_0..pdf,OTHER THAN SHOP MATERIALS,4,2,"90° Elb, ASME B16.11, ASTM A105N, 3000 Lbs, NPTF Ends, -,",C5PKSAD1,2.0,6820-R2-67088-03,6820,
6820-R2-67088-03_EPCW-CS01_0..pdf,OTHER THAN SHOP MATERIALS,5,2,"THD Flg, ASME B16.5, ASTM A105N, 150 Lbs, RF/NPTF End, -,",C56FCLX2,2.0,6820-R2-67088-03,6820,
6820-R2-67088-03_EPCW-CS01_0..pdf,OTHER THAN SHOP MATERIALS,6,2,"NM Flat Gk, Barium Sulfate filled PTFE, 150 Lbs, RF as per ASME B16.5, Full Face, Thk=1/8in, -,",C7CT1ZFS,2.0,6820-R2-67088-03,6820,
6820-R2-67088-03_EPCW-CS01_0..pdf,OTHER THAN SHOP MATERIALS,7,5/8,"SBlt 2 HHx N, A193 Gr.B7/A194 Gr.2H, -, Xylan PTFE Coated, - 3.5 in. Length",C6S4K88R,8.0,6820-R2-67088-03,6820,
6820-R2-67088-03_EPCW-CS01_0..pdf,OTHER THAN SHOP MATERIALS,8,2,"Glo Flg, API 623, ASTM A216 Gr.WCB,150 Lbs, RF, Ends as per ASME B16.5, HO,-, Valve Tag: GL-0627",C84KV7CX,1.0,6820-R2-67088-03,6820,
6820-R2-67088-03_EPCW-CS01_0..pdf,PIPE SUPPORTS,9,2,PS413-1-14-8,PS413,1.0,6820-R2-67088-03,6820,
6820-R2-67088-03_EPCW-CS01_0..pdf,PIPE SUPPORTS,10,2,"PS205-A TYPE: INSUL THK: SHOP: FIELD: PAINT CODE: MODULE: L Per LDT Per LDT Y Y Per LDT - P&ID: 202998C-001-PID-0021-0326 UNIT#: EWP AREA: SPEC: STRESS CALC #: 6800 6820 EPCW-CS01 CN-0398 LINE No. 2""-R2-67088-EPCW-CS01-H Battleground DRAWING NUMBER REV. 6820-R2-67088-03 *6820-R2-67088-03*",PS205,2.0,6820-R2-67088-03,6820,
6820-R2-67091-01_EPCW-CS01_0..pdf,OTHER THAN SHOP MATERIALS,5,4,"NM Flat Gk, Barium Sulfate filled PTFE, 150 Lbs, RF as per ASME B16.5, Full Face, Thk=1/8in, -,",C7CT1ZFZ,3.0,6820-R2-67091-01,6820,
6820-R2-67091-01_EPCW-CS01_0..pdf,OTHER THAN SHOP MATERIALS,6,5/8,"SBlt 2 HHx N, A193 Gr.B7/A194 Gr.2H, -, Xylan PTFE Coated, - 3.75 in. Length",C6S4K88S,24.0,6820-R2-67091-01,6820,
6820-R2-67091-01_EPCW-CS01_0..pdf,OTHER THAN SHOP MATERIALS,7,4,"Glo Flg, API 623, ASTM A216 Gr.WCB,150 Lbs, RF, Ends as per ASME B16.5, HO,-, Valve Tag: GL-0627",C84KV7D0,1.0,6820-R2-67091-01,6820,
6820-R2-67091-01_EPCW-CS01_0..pdf,PIPE SUPPORTS,8,4,PS205-A,PS205,1.0,6820-R2-67091-01,6820,
6820-R2-67091-01_EPCW-CS01_0..pdf,PIPE SUPPORTS,9,4,PS413-3-16-10,PS413,1.0,6820-R2-67091-01,6820,
6820-R2-67091-01_EPCW-CS01_0..pdf,PIPE SUPPORTS,10,4,PS406-2-36.65-16-8,PS406,1.0,6820-R2-67091-01,6820,
6820-R2-67091-01_EPCW-CS01_0..pdf,PIPE SUPPORTS,11,4,PS902-SH-6820-R2-67091-0001,PS902,1.0,6820-R2-67091-01,6820,
6820-R2-67091-02_EPCW-CS01_0..pdf,PIPE SUPPORTS,4,4,PS434-C-3-21.10-15-5.75,PS434,1.0,6820-R2-67091-02,6820,
6820-R2-67091-02_EPCW-CS01_0..pdf,PIPE SUPPORTS,5,4,PS434-C-3-18.69-24.4-8.76,PS434,1.0,6820-R2-67091-02,6820,
6820-R2-67091-02_EPCW-CS01_0..pdf,PIPE SUPPORTS,6,4,PS204-4,PS204,1.0,6820-R2-67091-02,6820,
6820-R2-67092-01_NOHD-SS03_0..pdf,OTHER THAN SHOP MATERIALS,11,1,"NM Flat Gk, Barium Sulfate filled PTFE, 150 Lbs, RF as per ASME B16.5, -, Thk=1/8in, -,",C6S4K87F,3.0,6820-R2-67092-01,6820,
6820-R2-67092-01_NOHD-SS03_0..pdf,OTHER THAN SHOP MATERIALS,12,1/2,"SBlt 2 HHx N, A193 Gr.B7/A194 Gr.2H, -, Xylan PTFE Coated, - 2.75 in. Length",C6S4K87U,16.0,6820-R2-67092-01,6820,
6820-R2-67092-01_NOHD-SS03_0..pdf,OTHER THAN SHOP MATERIALS,13,1,"Plug Flg,SP, Tapered Plug, Non Lubricated, API 599, ASTM A351 Gr.CF8M, 150 Lbs, RF, Ends as per ASME B16.5, -, LO,-, -, Valve Tag: PL-0548",C76KHSRR,2.0,6820-R2-67092-01,6820,
6820-R2-67092-02_NOHD-SS03_0.pdf,PIPE SUPPORTS,6,1,PS732-3-60-17,PS732,1.0,6820-R2-67092-02,6820,
6820-R2-67092-02_NOHD-SS03_0.pdf,PIPE SUPPORTS,7,1,PS212-1,PS212,1.0,6820-R2-67092-02,6820,
6820-R2-67092-02_NOHD-SS03_0.pdf,PIPE SUPPORTS,8,1,PS433-1,PS433,1.0,6820-R2-67092-02,6820,
6820-R2-67092-02_NOHD-SS03_0.pdf,PIPE SUPPORTS,9,1,PS201-1-S,PS201,1.0,6820-R2-67092-02,6820,
6820-R2-67092-02_NOHD-SS03_0.pdf,PIPE SUPPORTS,10,1,PS719-H-48-10-4,PS719,1.0,6820-R2-67092-02,6820,
6820-R2-67092-02_NOHD-SS03_0.pdf,PIPE SUPPORTS,11,1,PS213-1,PS213,1.0,6820-R2-67092-02,6820,
6820-R2-67093-01_NOHD-SS01_0..pdf,OTHER THAN SHOP MATERIALS,6,10,"NM Flat Gk, Barium Sulfate filled PTFE, 150 Lbs, RF as per ASME B16.5, -, Thk=1/8in, -,",C6SBWZET,3.0,6820-R2-67093-01,6820,
6820-R2-67093-01_NOHD-SS01_0..pdf,OTHER THAN SHOP MATERIALS,7,7/8,"SBlt 2 HHx N, A193 Gr.B7/A194 Gr.2H, -, Xylan PTFE Coated, - 5.25 in. Length",C6S4K8CV,12.0,6820-R2-67093-01,6820,
6820-R2-67093-01_NOHD-SS01_0..pdf,OTHER THAN SHOP MATERIALS,8,7/8,"SBlt 2 HHx N, A193 Gr.B7/A194 Gr.2H, -, Xylan PTFE Coated, - 5 in. Length",C6S4K8CU,24.0,6820-R2-67093-01,6820,
6820-R2-67093-01_NOHD-SS01_0..pdf,OTHER THAN SHOP MATERIALS,9,10,"Plug Flg,SP, Tapered Plug, Non Lubricated, API 599, ASTM A351 Gr.CF8M, 150 Lbs, RF, Ends as per ASME B16.5, -, GO,-, -, Valve Tag: PL-0548",C6SDVYKS,1.0,6820-R2-67093-01,6820,
6820-R2-67093-02_NOHD-SS01_1.pdf,OTHER THAN SHOP MATERIALS,11,10,"NM Flat Gk, Barium Sulfate filled PTFE, 150 Lbs, RF as per ASME B16.5, -, Thk=1/8in, -,",C6SBWZET,1.0,6820-R2-67093-02,6820,
6820-R2-67093-02_NOHD-SS01_1.pdf,OTHER THAN SHOP MATERIALS,13,7/8,"SBlt 2 HHx N, A193 Gr.B7/A194 Gr.2H, -, Xylan PTFE Coated, - 5 in. Length",C6S4K8CU,12.0,6820-R2-67093-02,6820,
6820-R2-67093-02_NOHD-SS01_1.pdf,OTHER THAN SHOP MATERIALS,14,1/2,"SBlt 2 HHx N, A193 Gr.B7/A194 Gr.2H, -, Xylan PTFE Coated, - 2.75 in. Length",C6S4K87U,4.0,6820-R2-67093-02,6820,
6820-R2-67093-02_NOHD-SS01_1.pdf,OTHER THAN SHOP MATERIALS,17,10,PS204-10,PS204,1.0,6820-R2-67093-02,6820,
6820-R2-67093-02_NOHD-SS01_1.pdf,OTHER THAN SHOP MATERIALS,18,10,PS412-16.38-15 1,PS412,1.0,6820-R2-67093-02,6820,
6820-R2-67093-03_NOHD-SS01_0..pdf,OTHER THAN SHOP MATERIALS,10,10,"NM Flat Gk, Barium Sulfate filled PTFE, 150 Lbs, RF as per ASME B16.5, -, Thk=1/8in, -,",C6SBWZET,1.0,6820-R2-67093-03,6820,
6820-R2-67093-03_NOHD-SS01_0..pdf,OTHER THAN SHOP MATERIALS,11,1,"NM Flat Gk, Barium Sulfate filled PTFE, 150 Lbs, RF as per ASME B16.5, -, Thk=1/8in, -,",C6S4K87F,2.0,6820-R2-67093-03,6820,
6820-R2-67093-03_NOHD-SS01_0..pdf,OTHER THAN SHOP MATERIALS,12,7/8,"SBlt 2 HHx N, A193 Gr.B7/A194 Gr.2H, -, Xylan PTFE Coated, - 5 in. Length",C6S4K8CU,12.0,6820-R2-67093-03,6820,
6820-R2-67093-03_NOHD-SS01_0..pdf,OTHER THAN SHOP MATERIALS,13,1/2,"SBlt 2 HHx N, A193 Gr.B7/A194 Gr.2H, -, Xylan PTFE Coated, - 2.75 in. Length",C6S4K87U,8.0,6820-R2-67093-03,6820,
6820-R2-67093-03_NOHD-SS01_0..pdf,OTHER THAN SHOP MATERIALS,14,1,"Plug Flg,SP, Tapered Plug, Non Lubricated, API 599, ASTM A351 Gr.CF8M, 150 Lbs, RF, Ends as per ASME B16.5, -, LO,-, -, Valve Tag: PL-0548",C76KHSRR,1.0,6820-R2-67093-03,6820,
6820-R2-67093-03_NOHD-SS01_0..pdf,OTHER THAN SHOP MATERIALS,15,1,"Bld Flg, ASME B16.5, ASTM A182 Gr.F316L, 150 Lbs, RF, Annealed,",C80R6Y1H,1.0,6820-R2-67093-03,6820,
6820-R2-67093-03_NOHD-SS01_0..pdf,PIPE SUPPORTS,16,10,PS209-A1,PS209,1.0,6820-R2-67093-03,6820,
6820-R2-67093-03_NOHD-SS01_0..pdf,PIPE SUPPORTS,17,10,PS413-2-15-19,PS413,1.0,6820-R2-67093-03,6820,
6820-R2-67093-04_NOHD-SS01_0.pdf,OTHER THAN SHOP MATERIALS,4,8,"NM Flat Gk, Barium Sulfate filled PTFE, 150 Lbs, RF as per ASME B16.5, -, Thk=1/8in, -,",C6SBWZF4,2.0,6820-R2-67093-04,6820,
6820-R2-67093-04_NOHD-SS01_0.pdf,OTHER THAN SHOP MATERIALS,5,3/4,"SBlt 2 HHx N, A193 Gr.B7/A194 Gr.2H, -, Xylan PTFE Coated, - 4.5 in. Length",C6S4K8BD,16.0,6820-R2-67093-04,6820,
6820-R2-67093-05_NOHD-SS01_0..pdf,OTHER THAN SHOP MATERIALS,11,1,"NM Flat Gk, Barium Sulfate filled PTFE, 150 Lbs, RF as per ASME B16.5, -, Thk=1/8in, -,",C6S4K87F,2.0,6820-R2-67093-05,6820,
6820-R2-67093-05_NOHD-SS01_0..pdf,OTHER THAN SHOP MATERIALS,12,7/8,"SBlt 2 HHx N, A193 Gr.B7/A194 Gr.2H, -, Xylan PTFE Coated, - 8 in. Length",C6S4K8D6,12.0,6820-R2-67093-05,6820,
6820-R2-67093-05_NOHD-SS01_0..pdf,OTHER THAN SHOP MATERIALS,13,1/2,"SBlt 2 HHx N, A193 Gr.B7/A194 Gr.2H, -, Xylan PTFE Coated, - 2.75 in. Length",C6S4K87U,8.0,6820-R2-67093-05,6820,
6820-R2-67093-05_NOHD-SS01_0..pdf,OTHER THAN SHOP MATERIALS,14,1,"Plug Flg,SP, Tapered Plug, Non Lubricated, API 599, ASTM A351 Gr.CF8M, 150 Lbs, RF, Ends as per ASME B16.5, -, LO,-, -, Valve Tag: PL-0548",C76KHSRR,1.0,6820-R2-67093-05,6820,
6820-R2-67093-05_NOHD-SS01_0..pdf,OTHER THAN SHOP MATERIALS,15,1,"Bld Flg, ASME B16.5, ASTM A182 Gr.F316L, 150 Lbs, RF, Annealed,",C80R6Y1H,1.0,6820-R2-67093-05,6820,
6820-R2-67093-05_NOHD-SS01_0..pdf,PIPE SUPPORTS,16,10,PS430-3-A-47.71,PS430,1.0,6820-R2-67093-05,6820,
6820-R2-67093-05_NOHD-SS01_0..pdf,PIPE SUPPORTS,17,10,PS209-A2,PS209,1.0,6820-R2-67093-05,6820,
6820-R2-67093-05_NOHD-SS01_0..pdf,PIPE SUPPORTS,18,10,PS413-2-21-15,PS413,1.0,6820-R2-67093-05,6820,
6820-R2-67094-01_NOHD-SS03_1.pdf,OTHER THAN SHOP MATERIALS,5,1,PS433-1,PS433,4.0,6820-R2-67094-01,6820,
6820-R2-67094-01_NOHD-SS03_1.pdf,OTHER THAN SHOP MATERIALS,6,1,PS719-H-11.38-6-/,PS719,2.0,6820-R2-67094-01,6820,
6820-R2-67094-01_NOHD-SS03_1.pdf,OTHER THAN SHOP MATERIALS,7,1,PS201-1-S,PS201,3.0,6820-R2-67094-01,6820,
6820-R2-67094-01_NOHD-SS03_1.pdf,OTHER THAN SHOP MATERIALS,8,1,PS719-H-11.38-15.26-/ 1,PS719,2.0,6820-R2-67094-01,6820,
6820-R2-67095-01_EPCW-CS01_1..pdf,OTHER THAN SHOP MATERIALS,8,1,"Pipes, Seamless, ASME B36.10, ASTM ' A106 Gr.B, NPTM Ends, w/ coupling, -, S-XS",CEZCLUC,0.4,6820-R2-67095-01,6820,
6820-R2-67095-01_EPCW-CS01_1..pdf,OTHER THAN SHOP MATERIALS,9,1,"THD Flg, ASME B16.5, ASTM A105N,",CFG8U73Y,1.0,6820-R2-67095-01,6820,
6820-R2-67095-01_EPCW-CS01_1..pdf,OTHER THAN SHOP MATERIALS,10,1,"NM Flat Gk, Barium Sulfate filled PTFE, 150 Lbs, RF as per ASME B16.5, Full Face, Thk=1/8in, -,",C7CT1ZFH,1.0,6820-R2-67095-01,6820,
6820-R2-67095-01_EPCW-CS01_1..pdf,OTHER THAN SHOP MATERIALS,11,1/2,"SBlt 2 HHx N, A193 Gr.B7/A194 Gr.2H, -, Xylan PTFE Coated, - 2.75 in. Length",C6S4K87U,4.0,6820-R2-67095-01,6820,
6820-R2-67095-01_EPCW-CS01_1..pdf,PIPE SUPPORTS,12,24,PS205-B,PS205,2.0,6820-R2-67095-01,6820,
6820-R2-67095-01_EPCW-CS01_1..pdf,PIPE SUPPORTS,13,24,PS204-24,PS204,2.0,6820-R2-67095-01,6820,
6820-R2-67095-01_EPCW-CS01_1..pdf,PIPE SUPPORTS,14,24,PS413-2-16-26,PS413,2.0,6820-R2-67095-01,6820,
6820-R2-67096-01_EPCL-SS01_1.pdf,OTHER THAN SHOP MATERIALS,6,1,"Nipple, ASTM A312 Gr.TP304L, NPTM Ends, L = 3in, -, S-80S",CEZMKL0,1.0,6820-R2-67096-01,6820,
6820-R2-67096-01_EPCL-SS01_1.pdf,OTHER THAN SHOP MATERIALS,7,1,"THD Flg, ASME B16.5, ASTM A182 Gr.F304L, 150 Lbs, RF/NPTF End, Annealed,",C7W2U48L,1.0,6820-R2-67096-01,6820,
6820-R2-67096-01_EPCL-SS01_1.pdf,OTHER THAN SHOP MATERIALS,8,1,"NM Flat Gk, Barium Sulfate filled PTFE, 150 Lbs, RF as per ASME B16.5, Full Face, Thk=1/8in, -,",C7CT1ZFH,2.0,6820-R2-67096-01,6820,
6820-R2-67096-01_EPCL-SS01_1.pdf,OTHER THAN SHOP MATERIALS,9,1/2,"SBlt 2 HHx N, A193 Gr.B7/A194 Gr.2H, -, Xylan PTFE Coated, - 2.75 in. Length",C6S4K87U,8.0,6820-R2-67096-01,6820,
6820-R2-67096-01_EPCL-SS01_1.pdf,OTHER THAN SHOP MATERIALS,10,1,"Plug Flg,SP, Tapered Plug, Non Lubricated, API 599, ASTM A351 Gr.CF8M, 150 Lbs, RF, Ends as per ASME B16.5, -, LO,-, -, Valve Tag: PL-0548",C76KHSRR,1.0,6820-R2-67096-01,6820,
6820-R2-67096-01_EPCL-SS01_1.pdf,OTHER THAN SHOP MATERIALS,11,1,"Bld Flg, ASME B16.5, ASTM A182 Gr.F304L, 150 Lbs, RF, Annealed, 1 SUPPORTS",C7W2U478,1.0,6820-R2-67096-01,6820,
6820-R2-67096-01_EPCL-SS01_1.pdf,OTHER THAN SHOP MATERIALS,12,3,PS434-C-3-22.86-10-4.66 1,PS434,1.0,6820-R2-67096-01,6820,
6820-R2-67096-01_EPCL-SS01_1.pdf,OTHER THAN SHOP MATERIALS,13,3,PS406-2-44.34-38-5.75,PS406,1.0,6820-R2-67096-01,6820,
6820-R2-67096-01_EPCL-SS01_1.pdf,OTHER THAN SHOP MATERIALS,14,3,PS204-3,PS204,1.0,6820-R2-67096-01,6820,
6820-R2-67096-01_EPCL-SS01_1.pdf,OTHER THAN SHOP MATERIALS,15,3,PS406-2-44.34-38-32.25,PS406,1.0,6820-R2-67096-01,6820,
6820-R2-67096-02_EPCL-SS01_0..pdf,PIPE SUPPORTS,6,3,PS434-C-3-20.27-9-4.47,PS434,1.0,6820-R2-67096-02,6820,
6820-R2-67096-03_EPCL-SS01_0..pdf,OTHER THAN SHOP MATERIALS,3,3,"NM Flat Gk, Barium Sulfate filled PTFE, 150 Lbs, RF as per ASME B16.5, Full Face, Thk=1/8in, -,",C7CT1ZFX,2.0,6820-R2-67096-03,6820,
6820-R2-67096-03_EPCL-SS01_0..pdf,OTHER THAN SHOP MATERIALS,4,5/8,"SBlt 2 HHx N, A193 Gr.B7/A194 Gr.2H, -, Xylan PTFE Coated, - 3.75 in. Length",C6S4K88S,8.0,6820-R2-67096-03,6820,
6820-R2-67096-03_EPCL-SS01_0..pdf,OTHER THAN SHOP MATERIALS,5,3,"Plug Flg,SP, Tapered Plug, Non Lubricated, API 599, ASTM A351 Gr.CF8M, 150 Lbs, RF, Ends as per ASME B16.5, -, LO,-, -, Valve Tag: PL-0548",C6SDVYL1,1.0,6820-R2-67096-03,6820,
6820-R2-67097-01_EPCL-SS01_0.pdf,OTHER THAN SHOP MATERIALS,2,1,"Pipes, Seamless, ASME ' B36.19/B36.10, ASTM A312 Gr.TP304L, NPTM Ends, w/ coupling, -, S-80S",C76KFFTD,7.1,6820-R2-67097-01,6820,
6820-R2-67097-01_EPCL-SS01_0.pdf,OTHER THAN SHOP MATERIALS,3,1,"90° Elb, ASME B16.11, ASTM A182 Gr.F304L, 3000 Lbs, NPTF Ends, Annealed,",C7BP5GGW,2.0,6820-R2-67097-01,6820,
6820-R2-67097-01_EPCL-SS01_0.pdf,OTHER THAN SHOP MATERIALS,4,1,"Full Coup, ASME B16.11, ASTM A182 Gr.F304L, 3000 Lbs, NPTF Ends, Annealed,",C7BP51NV,1.0,6820-R2-67097-01,6820,
6820-R2-67097-01_EPCL-SS01_0.pdf,OTHER THAN SHOP MATERIALS,5,1,"THD Flg, ASME B16.5, ASTM A182 Gr.F304L, 150 Lbs, RF/NPTF End, Annealed,",C7W2U48L,1.0,6820-R2-67097-01,6820,
6820-R2-67097-01_EPCL-SS01_0.pdf,OTHER THAN SHOP MATERIALS,6,1,"NM Flat Gk, Barium Sulfate filled PTFE, 150 Lbs, RF as per ASME B16.5, Full Face, Thk=1/8in, -,",C7CT1ZFH,1.0,6820-R2-67097-01,6820,
6820-R2-67097-01_EPCL-SS01_0.pdf,PIPE SUPPORTS,7,1,"PS719-H-14.17-8-4 TYPE: INSUL THK: SHOP: FIELD: PAINT CODE: MODULE: L Per LDT Per LDT Y Y Per LDT - P&ID: 202998C-001-PID-0021-0326 UNIT#: EWP AREA: SPEC: STRESS CALC #: 6800 6820 EPCL-SS01 - LINE No. 1""-R2-67097-EPCL-SS01-H Battleground DRAWING NUMBER REV. 6820-R2-67097-01 *6820-R2-67097-01*",PS719,1.0,6820-R2-67097-01,6820,
6820-R2-67098-01_NOHD-CS01_0.pdf,PIPE SUPPORTS,4,12,PS203-12,PS203,1.0,6820-R2-67098-01,6820,
6820-R2-67099-01_NOHD-CS01_0.pdf,OTHER THAN SHOP MATERIALS,7,16,"NM Flat Gk, Barium Sulfate filled PTFE, 150 Lbs, RF as per ASME B16.5, -, Thk=1/8in, -,",C6SBWZEW,1.0,6820-R2-67099-01,6820,
6820-R2-67099-01_NOHD-CS01_0.pdf,OTHER THAN SHOP MATERIALS,8,1,"SBlt 2 HHx N, A193 Gr.B7/A194 Gr.2H, -, Xylan PTFE Coated, - 5.5 in. Length",C6S4K8EA,16.0,6820-R2-67099-01,6820,
6820-R2-67099-01_NOHD-CS01_0.pdf,PIPE SUPPORTS,9,16,PS902-SH-6820-R2-67099-0001,PS902,1.0,6820-R2-67099-01,6820,
6820-R2-67099-01_NOHD-CS01_0.pdf,PIPE SUPPORTS,10,16,PS432-A-24,PS432,1.0,6820-R2-67099-01,6820,
6820-R2-67099-02_NOHD-CS01_0.pdf,PIPE SUPPORTS,4,16,PS412-24.77-14-7,PS412,1.0,6820-R2-67099-02,6820,
6820-R2-67099-03_NOHD-CS01_0..pdf,OTHER THAN SHOP MATERIALS,5,10,"NM Flat Gk, Barium Sulfate filled PTFE, 150 Lbs, RF as per ASME B16.5, -, Thk=1/8in, -,",C6SBWZET,1.0,6820-R2-67099-03,6820,
6820-R2-67099-03_NOHD-CS01_0..pdf,OTHER THAN SHOP MATERIALS,6,8,"NM Flat Gk, Barium Sulfate filled PTFE, 150 Lbs, RF as per ASME B16.5, -, Thk=1/8in, -,",C6SBWZF4,1.0,6820-R2-67099-03,6820,
6820-R2-67099-03_NOHD-CS01_0..pdf,OTHER THAN SHOP MATERIALS,7,7/8,"SBlt 2 HHx N, A193 Gr.B7/A194 Gr.2H, -, Xylan PTFE Coated, - 4.5 in. Length",C6S4K8CS,12.0,6820-R2-67099-03,6820,
6820-R2-67099-03_NOHD-CS01_0..pdf,OTHER THAN SHOP MATERIALS,8,3/4,"SBlt 2 HHx N, A193 Gr.B7/A194 Gr.2H, -, Xylan PTFE Coated, - 4.5 in. Length",C6S4K8BD,8.0,6820-R2-67099-03,6820,
6820-R2-67099-03_NOHD-CS01_0..pdf,PIPE SUPPORTS,10,16,PS205-B,PS205,2.0,6820-R2-67099-03,6820,
6820-R2-67107-01_SCXL-CS02_0..pdf,OTHER THAN SHOP MATERIALS,7,1,"Plug, Solid Round Head Type, ASME B16.11, ASTM A105N, NPTM End, -,",CBBPLK4,1.0,6820-R2-67107-01,6820,
6820-R2-67107-01_SCXL-CS02_0..pdf,OTHER THAN SHOP MATERIALS,8,1,"NM Flat Gk, Barium Sulfate filled PTFE, 300 Lbs, RF as per ASME B16.5, Full Face, Thk=1/8in, -,",C7W3AL3L,2.0,6820-R2-67107-01,6820,
6820-R2-67107-01_SCXL-CS02_0..pdf,OTHER THAN SHOP MATERIALS,9,5/8,"SBlt 2 HHx N, A193 Gr.B7/A194 Gr.2H, -, Xylan PTFE Coated, - 3 in. Length",C6S4K88N,8.0,6820-R2-67107-01,6820,
6820-R2-67107-01_SCXL-CS02_0..pdf,OTHER THAN SHOP MATERIALS,10,1,"Gat Flg, -, API 602, ASTM A105N,300 Lbs, RF, Ends as per ASME B16.5, HO,-, Valve Tag: GA-1127",C99ZZ9DE,1.0,6820-R2-67107-01,6820,
6820-R2-67107-01_SCXL-CS02_0..pdf,OTHER THAN SHOP MATERIALS,11,1,"Gat Fem, API 602, ASTM A105N,800 Lbs, NPTF Ends, HO,-, Valve Tag: GA-0120",C76SPABV,1.0,6820-R2-67107-01,6820,
6820-R2-67107-01_SCXL-CS02_0..pdf,PIPE SUPPORTS,12,1,PS719-B-10.34-8-4,PS719,1.0,6820-R2-67107-01,6820,
6820-R2-67107-02_SCXL-CS02_0.pdf,PIPE SUPPORTS,5,1,PS709-B-7.5-8,PS709,2.0,6820-R2-67107-02,6820,
6820-R2-67107-02_SCXL-CS02_0.pdf,PIPE SUPPORTS,6,1,PS205-A,PS205,2.0,6820-R2-67107-02,6820,
6820-R2-67107-02_SCXL-CS02_0.pdf,PIPE SUPPORTS,7,1,PS604-5-0.75-12-N,PS604,1.0,6820-R2-67107-02,6820,
6820-R2-67107-02_SCXL-CS02_0.pdf,PIPE SUPPORTS,8,1,PS210-1,PS210,1.0,6820-R2-67107-02,6820,
6820-R2-67107-03_SCXL-CS02_0.pdf,PIPE SUPPORTS,4,1,PS719-H-20.46-13-/,PS719,2.0,6820-R2-67107-03,6820,
6820-R2-67107-04_SCXL-CS02_1..pdf,OTHER THAN SHOP MATERIALS,6,1/2,"Plug, Solid Round Head Type, ASME B16.11, ASTM A105N, NPTM End, -,",CBBPLK2,1.0,6820-R2-67107-04,6820,
6820-R2-67107-04_SCXL-CS02_1..pdf,OTHER THAN SHOP MATERIALS,7,1,"NM Flat Gk, Barium Sulfate filled PTFE, 300 Lbs, RF as per ASME B16.5, Full Face, Thk=1/8in, -,",C7W3AL3L,4.0,6820-R2-67107-04,6820,
6820-R2-67107-04_SCXL-CS02_1..pdf,OTHER THAN SHOP MATERIALS,8,5/8,"SBlt 2 HHx N, A193 Gr.B7/A194 Gr.2H, -, Xylan PTFE Coated, - 3 in. Length",C6S4K88N,16.0,6820-R2-67107-04,6820,
6820-R2-67107-04_SCXL-CS02_1..pdf,OTHER THAN SHOP MATERIALS,9,1,"SwgChk Flg, ASME B16.34, ASTM A216 Gr.WCB,300 Lbs, RF, Ends as per ASME B16.5,-, Valve Tag: CH-1193",C99ZZ9EE,1.0,6820-R2-67107-04,6820,
6820-R2-67107-04_SCXL-CS02_1..pdf,OTHER THAN SHOP MATERIALS,10,1,"Gat Flg, -, API 602, ASTM A105N,300 Lbs, RF, Ends as per ASME B16.5, HO,-, Valve Tag: GA-1127",C99ZZ9DE,1.0,6820-R2-67107-04,6820,
6820-R2-67107-04_SCXL-CS02_1..pdf,OTHER THAN SHOP MATERIALS,11,1/2,"Gat Fem, API 602, ASTM A105N,800 Lbs, NPTF Ends, HO,-, Valve Tag: GA-0120",C76SPABT,1.0,6820-R2-67107-04,6820,
6820-R2-67107-04_SCXL-CS02_1..pdf,PIPE SUPPORTS,12,1,PS709-B-24.57-8 1,PS709,2.0,6820-R2-67107-04,6820,
6820-R2-67107-04_SCXL-CS02_1..pdf,PIPE SUPPORTS,13,1,PS204-1,PS204,1.0,6820-R2-67107-04,6820,
6820-R2-67107-04_SCXL-CS02_1..pdf,PIPE SUPPORTS,14,1,PS718-A-24.57-8.89,PS718,1.0,6820-R2-67107-04,6820,
6820-R2-67107-05_SCXL-CS02_0..pdf,OTHER THAN SHOP MATERIALS,5,1,"NM Flat Gk, Barium Sulfate filled PTFE, 300 Lbs, RF as per ASME B16.5, Full Face, Thk=1/8in, -,",C7W3AL3L,2.0,6820-R2-67107-05,6820,
6820-R2-67107-05_SCXL-CS02_0..pdf,OTHER THAN SHOP MATERIALS,6,5/8,"SBlt 2 HHx N, A193 Gr.B7/A194 Gr.2H, -, Xylan PTFE Coated, - 3 in. Length",C6S4K88N,8.0,6820-R2-67107-05,6820,
6820-R2-67107-05_SCXL-CS02_0..pdf,PIPE SUPPORTS,8,1,PS719-H-9.91-8-4,PS719,1.0,6820-R2-67107-05,6820,
6820-R2-67107-05_SCXL-CS02_0..pdf,PIPE SUPPORTS,9,1,PS719-H-9.61-8-4,PS719,1.0,6820-R2-67107-05,6820,
6820-R2-67107-05_SCXL-CS02_0..pdf,PIPE SUPPORTS,10,1,PS719-H-7.51-8-4,PS719,1.0,6820-R2-67107-05,6820,
6820-R2-67107-06_SCXL-CS02_0..pdf,OTHER THAN SHOP MATERIALS,9,1/2,"Plug, Solid Round Head Type, ASME B16.11, ASTM A105N, NPTM End, -,",CBBPLK2,2.0,6820-R2-67107-06,6820,
6820-R2-67107-06_SCXL-CS02_0..pdf,OTHER THAN SHOP MATERIALS,10,1,"NM Flat Gk, Barium Sulfate filled PTFE, 300 Lbs, RF as per ASME B16.5, Full Face, Thk=1/8in, -,",C7W3AL3L,4.0,6820-R2-67107-06,6820,
6820-R2-67107-06_SCXL-CS02_0..pdf,OTHER THAN SHOP MATERIALS,11,5/8,"SBlt 2 HHx N, A193 Gr.B7/A194 Gr.2H, -, Xylan PTFE Coated, - 3 in. Length",C6S4K88N,12.0,6820-R2-67107-06,6820,
6820-R2-67107-06_SCXL-CS02_0..pdf,OTHER THAN SHOP MATERIALS,12,5/8,"SBlt 2 HHx N, A193 Gr.B7/A194 Gr.2H, -, Xylan PTFE Coated, - 3.75 in. Length",C6S4K88S,4.0,6820-R2-67107-06,6820,
6820-R2-67107-06_SCXL-CS02_0..pdf,OTHER THAN SHOP MATERIALS,13,1,"Gat Flg, -, API 602, ASTM A105N,300 Lbs, RF, Ends as per ASME B16.5, HO,-, Valve Tag: GA-1127",C99ZZ9DE,1.0,6820-R2-67107-06,6820,
6820-R2-67107-06_SCXL-CS02_0..pdf,OTHER THAN SHOP MATERIALS,14,1/2,"Gat Fem, API 602, ASTM A105N,800 Lbs, NPTF Ends, HO,-, Valve Tag: GA-0120",C76SPABT,2.0,6820-R2-67107-06,6820,
6820-R2-67107-06_SCXL-CS02_0..pdf,PIPE SUPPORTS,17,1,PS709-B-35.57-8,PS709,2.0,6820-R2-67107-06,6820,
6820-R2-67107-06_SCXL-CS02_0..pdf,PIPE SUPPORTS,18,1,PS206-1-1,PS206,1.0,6820-R2-67107-06,6820,
6820-R2-67107-07_SCXL-CS02_0..pdf,OTHER THAN SHOP MATERIALS,5,1,"NM Flat Gk, Barium Sulfate filled PTFE, 300 Lbs, RF as per ASME B16.5, Full Face, Thk=1/8in, -,",C7W3AL3L,3.0,6820-R2-67107-07,6820,
6820-R2-67107-07_SCXL-CS02_0..pdf,OTHER THAN SHOP MATERIALS,6,5/8,"SBlt 2 HHx N, A193 Gr.B7/A194 Gr.2H, -, Xylan PTFE Coated, - 3 in. Length",C6S4K88N,12.0,6820-R2-67107-07,6820,
6820-R2-67107-07_SCXL-CS02_0..pdf,OTHER THAN SHOP MATERIALS,7,1,"Gat Flg, -, API 602, ASTM A105N,300 Lbs, RF, Ends as per ASME B16.5, HO,-, Valve Tag: GA-1127",C99ZZ9DE,1.0,6820-R2-67107-07,6820,
6820-R2-67107-07_SCXL-CS02_0..pdf,PIPE SUPPORTS,8,1,PS719-B-12.66-14.71-4,PS719,2.0,6820-R2-67107-07,6820,
6820-R2-67109-01_EPCW-CS01_0..pdf,OTHER THAN SHOP MATERIALS,1,2,"Pipes, Seamless, ASME B36.10, ASTM ' A106 Gr.B, NPTM Ends, w/ coupling, -, S-XS",CEZCLWH,9.4,6820-R2-67109-01,6820,
6820-R2-67109-01_EPCW-CS01_0..pdf,OTHER THAN SHOP MATERIALS,2,2,"90° Elb, ASME B16.11, ASTM A105N, 3000 Lbs, NPTF Ends, -,",C5PKSAD1,3.0,6820-R2-67109-01,6820,
6820-R2-67109-01_EPCW-CS01_0..pdf,OTHER THAN SHOP MATERIALS,3,2,"THD Flg, ASME B16.5, ASTM A105N, 150 Lbs, RF/NPTF End, -,",C56FCLX2,2.0,6820-R2-67109-01,6820,
6820-R2-67109-01_EPCW-CS01_0..pdf,OTHER THAN SHOP MATERIALS,4,2,"NM Flat Gk, Barium Sulfate filled PTFE, 150 Lbs, RF as per ASME B16.5, Full Face, Thk=1/8in, -,",C7CT1ZFS,2.0,6820-R2-67109-01,6820,
6820-R2-67109-01_EPCW-CS01_0..pdf,OTHER THAN SHOP MATERIALS,5,5/8,"SBlt 2 HHx N, A193 Gr.B7/A194 Gr.2H, -, Xylan PTFE Coated, - 3.5 in. Length",C6S4K88R,8.0,6820-R2-67109-01,6820,
6820-R2-67109-01_EPCW-CS01_0..pdf,OTHER THAN SHOP MATERIALS,6,2,"Gat Flg, -, API 600, ASTM A216 Gr.WCB,150 Lbs, RF, Ends as per ASME B16.5, HO,-, Valve Tag: GA-0215",C7SNM2BD,1.0,6820-R2-67109-01,6820,
6820-R2-67109-01_EPCW-CS01_0..pdf,PIPE SUPPORTS,7,2,"PS604-5-1-12-N TYPE: INSUL THK: SHOP: FIELD: PAINT CODE: MODULE: V Per LDT Per LDT N Y Per LDT - P&ID: 202998C-001-PID-0021-0327 UNIT#: EWP AREA: SPEC: STRESS CALC #: 6800 6820 EPCW-CS01 - LINE No. 2""-R2-67109-EPCW-CS01-N Battleground DRAWING NUMBER REV. 6820-R2-67109-01 *6820-R2-67109-01*",PS604,1.0,6820-R2-67109-01,6820,
6820-R2-67110-01_SIPG-CS01_0..pdf,OTHER THAN SHOP MATERIALS,7,1/2,"Plug, Solid Round Head Type, ASME B16.11, ASTM A105N, NPTM End, -,",CBBPLK2,1.0,6820-R2-67110-01,6820,
6820-R2-67110-01_SIPG-CS01_0..pdf,OTHER THAN SHOP MATERIALS,8,2,"SW Gk, AISI 304/Graphite, 300 Lbs, RF as per ASME B16.5, Thk=1/8in, -, -,",CGKFEG63,2.0,6820-R2-67110-01,6820,
6820-R2-67110-01_SIPG-CS01_0..pdf,OTHER THAN SHOP MATERIALS,9,5/8,"SBlt 2 HHx N, A193 Gr.B7/A194 Gr.2H, -, Xylan PTFE Coated, - 3.5 in. Length",C6S4K88R,16.0,6820-R2-67110-01,6820,
6820-R2-67110-01_SIPG-CS01_0..pdf,OTHER THAN SHOP MATERIALS,10,2,"Gat Flg, -, API 600, ASTM A216 Gr.WCB,300 Lbs, RF, Ends as per ASME B16.5, HO,-, Valve Tag: VG-4",C7J7XW2J,1.0,6820-R2-67110-01,6820,
6820-R2-67110-01_SIPG-CS01_0..pdf,OTHER THAN SHOP MATERIALS,11,1/2,"Gat Fem, API 602, ASTM A105N,800 Lbs, NPTF Ends, HO,-, Valve Tag: VG-7",C80U8UAY,1.0,6820-R2-67110-01,6820,
6820-R2-67110-01_SIPG-CS01_0..pdf,PIPE SUPPORTS,12,2,PS709-B-25.55-8-4-0,PS709,2.0,6820-R2-67110-01,6820,
6820-R2-67110-01_SIPG-CS01_0..pdf,PIPE SUPPORTS,13,2,PS204-2,PS204,1.0,6820-R2-67110-01,6820,
6820-R2-67110-02_SIPG-CS01_0..pdf,OTHER THAN SHOP MATERIALS,7,3/4,"SW Gk, AISI 304/Graphite, 300 Lbs, RF as per ASME B16.5, Thk=1/8in, -, -,",CGKFEG5U,1.0,6820-R2-67110-02,6820,
6820-R2-67110-02_SIPG-CS01_0..pdf,OTHER THAN SHOP MATERIALS,8,5/8,"SBlt 2 HHx N, A193 Gr.B7/A194 Gr.2H, -, Xylan PTFE Coated, - 3 in. Length",C6S4K88N,4.0,6820-R2-67110-02,6820,
6820-R2-67111-01_EPCW-CS01_0.pdf,OTHER THAN SHOP MATERIALS,1,2,"Pipes, Seamless, ASME B36.10, ASTM ' A106 Gr.B, NPTM Ends, w/ coupling, -, S-XS",CEZCLWH,0.5,6820-R2-67111-01,6820,
6820-R2-67111-02_EPCW-CS01_0.pdf,OTHER THAN SHOP MATERIALS,1,2,"Pipes, Seamless, ASME B36.10, ASTM ' A106 Gr.B, NPTM Ends, w/ coupling, -, S-XS",CEZCLWH,10.5,6820-R2-67111-02,6820,
6820-R2-67111-02_EPCW-CS01_0.pdf,OTHER THAN SHOP MATERIALS,2,2,"90° Elb, ASME B16.11, ASTM A105N, 3000 Lbs, NPTF Ends, -,",C5PKSAD1,4.0,6820-R2-67111-02,6820,
6820-R2-67111-02_EPCW-CS01_0.pdf,PIPE SUPPORTS,3,2,PS712-1-17,PS712,1.0,6820-R2-67111-02,6820,
6820-R2-67111-02_EPCW-CS01_0.pdf,PIPE SUPPORTS,4,2,PS201-2,PS201,1.0,6820-R2-67111-02,6820,
6820-R2-67111-02_EPCW-CS01_0.pdf,PIPE SUPPORTS,5,2,PS433-2,PS433,1.0,6820-R2-67111-02,6820,
6820-R2-67111-02_EPCW-CS01_0.pdf,PIPE SUPPORTS,6,2,PS712-1-24,PS712,1.0,6820-R2-67111-02,6820,
6820-R2-67111-02_EPCW-CS01_0.pdf,PIPE SUPPORTS,7,2,"PS210-2 TYPE: INSUL THK: SHOP: FIELD: PAINT CODE: MODULE: V Per LDT Per LDT N Y Per LDT - P&ID: 202998C-001-PID-0021-0327 UNIT#: EWP AREA: SPEC: STRESS CALC #: 6800 6820 EPCW-CS01 - LINE No. 2""-R2-67111-EPCW-CS01-N Battleground DRAWING NUMBER REV. 6820-R2-67111-02 *6820-R2-67111-02*",PS210,1.0,6820-R2-67111-02,6820,
6820-R2-67111-03_EPCW-CS01_0..pdf,OTHER THAN SHOP MATERIALS,1,2,"Pipes, Seamless, ASME B36.10, ASTM ' A106 Gr.B, NPTM Ends, w/ coupling, -, S-XS",CEZCLWH,1.7,6820-R2-67111-03,6820,
6820-R2-67111-03_EPCW-CS01_0..pdf,OTHER THAN SHOP MATERIALS,4,2,"Full Coup, ASME B16.11, ASTM A105N, 3000 Lbs, NPTF Ends, -,",C56BEZYW,2.0,6820-R2-67111-03,6820,
6820-R2-67111-03_EPCW-CS01_0..pdf,OTHER THAN SHOP MATERIALS,5,1,"Nipple, ASTM A106 Gr.B, NPTM Ends, L = 3in, -, S-XS",C2KV11G,2.0,6820-R2-67111-03,6820,
6820-R2-67111-03_EPCW-CS01_0..pdf,OTHER THAN SHOP MATERIALS,6,1,"THD Flg, ASME B16.5, ASTM A105N, 150 Lbs, RF/NPTF End, -,",CFG8U73Y,4.0,6820-R2-67111-03,6820,
6820-R2-67111-03_EPCW-CS01_0..pdf,OTHER THAN SHOP MATERIALS,7,1,"NM Flat Gk, Barium Sulfate filled PTFE, 150 Lbs, RF as per ASME B16.5, Full Face, Thk=1/8in, -,",C7CT1ZFH,6.0,6820-R2-67111-03,6820,
6820-R2-67111-03_EPCW-CS01_0..pdf,OTHER THAN SHOP MATERIALS,8,1/2,"SBlt 2 HHx N, A193 Gr.B7/A194 Gr.2H, -, Xylan PTFE Coated, - 2.75 in. Length",C6S4K87U,24.0,6820-R2-67111-03,6820,
6820-R2-67111-03_EPCW-CS01_0..pdf,OTHER THAN SHOP MATERIALS,9,1,"Gat Flg, -, API 602, ASTM A105N,150 Lbs, RF, Ends as per ASME B16.5, HO,-, Valve Tag: GA-7106",C80T8DJ0,2.0,6820-R2-67111-03,6820,
6820-R2-67111-03_EPCW-CS01_0..pdf,OTHER THAN SHOP MATERIALS,10,1,"Bld Flg, ASME B16.5, ASTM A105N, 150 Lbs, RF, -,",CFG6WM5U,2.0,6820-R2-67111-03,6820,
6820-R2-67111-03_EPCW-CS01_0..pdf,PIPE SUPPORTS,12,2,PS201-2,PS201,1.0,6820-R2-67111-03,6820,
6820-R2-67111-03_EPCW-CS01_0..pdf,PIPE SUPPORTS,13,2,PS709-A-18-24-12-6,PS709,1.0,6820-R2-67111-03,6820,
6820-R2-67111-03_EPCW-CS01_0..pdf,PIPE SUPPORTS,14,2,"PS433-2 TYPE: INSUL THK: SHOP: FIELD: PAINT CODE: MODULE: V Per LDT Per LDT N Y Per LDT - P&ID: 202998C-001-PID-0021-0327 UNIT#: EWP AREA: SPEC: STRESS CALC #: 6800 6820 EPCW-CS01 - LINE No. 2""-R2-67111-EPCW-CS01-N Battleground DRAWING NUMBER REV. 6820-R2-67111-03 *6820-R2-67111-03*",PS433,1.0,6820-R2-67111-03,6820,
6820-R2-67111-04_EPCW-CS01_0..pdf,OTHER THAN SHOP MATERIALS,1,2,"Pipes, Seamless, ASME B36.10, ASTM ' A106 Gr.B, NPTM Ends, w/ coupling, -, S-XS",CEZCLWH,2.9,6820-R2-67111-04,6820,
6820-R2-67111-04_EPCW-CS01_0..pdf,OTHER THAN SHOP MATERIALS,2,2,"90° Elb, ASME B16.11, ASTM A105N, 3000 Lbs, NPTF Ends, -,",C5PKSAD1,2.0,6820-R2-67111-04,6820,
6820-R2-67111-04_EPCW-CS01_0..pdf,OTHER THAN SHOP MATERIALS,3,2,"THD Flg, ASME B16.5, ASTM A105N, 150 Lbs, RF/NPTF End, -,",C56FCLX2,2.0,6820-R2-67111-04,6820,
6820-R2-67111-04_EPCW-CS01_0..pdf,OTHER THAN SHOP MATERIALS,4,2,"NM Flat Gk, Barium Sulfate filled PTFE, 150 Lbs, RF as per ASME B16.5, Full Face, Thk=1/8in, -,",C7CT1ZFS,2.0,6820-R2-67111-04,6820,
6820-R2-67111-04_EPCW-CS01_0..pdf,OTHER THAN SHOP MATERIALS,5,5/8,"SBlt 2 HHx N, A193 Gr.B7/A194 Gr.2H, -, Xylan PTFE Coated, - 3.5 in. Length",C6S4K88R,8.0,6820-R2-67111-04,6820,
6820-R2-67111-04_EPCW-CS01_0..pdf,OTHER THAN SHOP MATERIALS,6,2,"Gat Flg, -, API 600, ASTM A216 Gr.WCB,150 Lbs, RF, Ends as per ASME B16.5, HO,-, Valve Tag: GA-0215",C7SNM2BD,1.0,6820-R2-67111-04,6820,
6820-R2-67111-04_EPCW-CS01_0..pdf,PIPE SUPPORTS,7,2,PS412-36.5-12,PS412,1.0,6820-R2-67111-04,6820,
6820-R2-67111-04_EPCW-CS01_0..pdf,PIPE SUPPORTS,8,2,PS201-2,PS201,1.0,6820-R2-67111-04,6820,
6820-R2-67111-04_EPCW-CS01_0..pdf,PIPE SUPPORTS,9,2,PS202-2,PS202,1.0,6820-R2-67111-04,6820,
6820-R2-67111-04_EPCW-CS01_0..pdf,PIPE SUPPORTS,10,2,"PS433-2 TYPE: INSUL THK: SHOP: FIELD: PAINT CODE: MODULE: V Per LDT Per LDT N Y Per LDT - P&ID: 202998C-001-PID-0021-0327 UNIT#: EWP AREA: SPEC: STRESS CALC #: 6800 6820 EPCW-CS01 - LINE No. 2""-R2-67111-EPCW-CS01-N Battleground DRAWING NUMBER REV. 6820-R2-67111-04 *6820-R2-67111-04*",PS433,1.0,6820-R2-67111-04,6820,
6820-R2-67112-01_EPCW-CS01_0..pdf,OTHER THAN SHOP MATERIALS,1,2,"Pipes, Seamless, ASME B36.10, ASTM ' A106 Gr.B, NPTM Ends, w/ coupling, -, S-XS",CEZCLWH,15.1,6820-R2-67112-01,6820,
6820-R2-67112-01_EPCW-CS01_0..pdf,OTHER THAN SHOP MATERIALS,2,2,"90° Elb, ASME B16.11, ASTM A105N, 3000 Lbs, NPTF Ends, -,",C5PKSAD1,3.0,6820-R2-67112-01,6820,
6820-R2-67112-01_EPCW-CS01_0..pdf,OTHER THAN SHOP MATERIALS,3,2,"45° Elb, ASME B16.11, ASTM A105N, 3000 Lbs, NPTF Ends, -,",C5PKSACZ,1.0,6820-R2-67112-01,6820,
6820-R2-67112-01_EPCW-CS01_0..pdf,OTHER THAN SHOP MATERIALS,4,2,"THD Flg, ASME B16.5, ASTM A105N, 150 Lbs, RF/NPTF End, -,",C56FCLX2,1.0,6820-R2-67112-01,6820,
6820-R2-67112-01_EPCW-CS01_0..pdf,OTHER THAN SHOP MATERIALS,5,2,"NM Flat Gk, Barium Sulfate filled PTFE, 150 Lbs, RF as per ASME B16.5, Full Face, Thk=1/8in, -,",C7CT1ZFS,1.0,6820-R2-67112-01,6820,
6820-R2-67112-01_EPCW-CS01_0..pdf,OTHER THAN SHOP MATERIALS,6,5/8,"SBlt 2 HHx N, A193 Gr.B7/A194 Gr.2H, -, Xylan PTFE Coated, - 3.5 in. Length",C6S4K88R,4.0,6820-R2-67112-01,6820,
6820-R2-67112-01_EPCW-CS01_0..pdf,PIPE SUPPORTS,7,2,PS433-2,PS433,1.0,6820-R2-67112-01,6820,
6820-R2-67112-01_EPCW-CS01_0..pdf,PIPE SUPPORTS,8,2,"PS201-2 TYPE: INSUL THK: SHOP: FIELD: PAINT CODE: MODULE: V Per LDT Per LDT N Y Per LDT - P&ID: 202998C-001-PID-0021-0327 UNIT#: EWP AREA: SPEC: STRESS CALC #: 6800 6820 EPCW-CS01 - LINE No. 2""-R2-67112-EPCW-CS01-N Battleground DRAWING NUMBER REV. 6820-R2-67112-01 *6820-R2-67112-01*",PS201,1.0,6820-R2-67112-01,6820,
6820-R2-67113-01_CTWL-CS01_0..pdf,OTHER THAN SHOP MATERIALS,4,3,"NM Flat Gk, Aramid Fiber Reinforced SBR, 150 Lbs, RF as per ASME B16.5, Full Face, Thk=1/8in, -,",C76KHSS5,3.0,6820-R2-67113-01,6820,
6820-R2-67113-01_CTWL-CS01_0..pdf,OTHER THAN SHOP MATERIALS,5,5/8,"SBlt 2 HHx N, A193 Gr.B7/A194 Gr.2H, -, Xylan PTFE Coated, - 3.75 in. Length",C6S4K88S,12.0,6820-R2-67113-01,6820,
6820-R2-67113-01_CTWL-CS01_0..pdf,OTHER THAN SHOP MATERIALS,6,3,"Plug Flg,SP, Inverted Tapered Plug, Non Lubricated, API 599, ASTM A395 Gr.60-40-18, 150 Lbs, RF, Ends as per ASME B16.5, -, LO,-, -, Valve Tag: PL-0546",C76RJXHR,1.0,6820-R2-67113-01,6820,
6820-R2-67114-01_CTWL-CS01_0..pdf,OTHER THAN SHOP MATERIALS,3,3,"NM Flat Gk, Aramid Fiber Reinforced SBR, 150 Lbs, RF as per ASME B16.5, Full Face, Thk=1/8in, -,",C76KHSS5,1.0,6820-R2-67114-01,6820,
6820-R2-67114-01_CTWL-CS01_0..pdf,OTHER THAN SHOP MATERIALS,4,5/8,"SBlt 2 HHx N, A193 Gr.B7/A194 Gr.2H, -, Xylan PTFE Coated, - 3.75 in. Length",C6S4K88S,4.0,6820-R2-67114-01,6820,
6820-R2-67114-02_CTWL-CS01_1.pdf,OTHER THAN SHOP MATERIALS,9,3,"NM Flat Gk, Aramid Fiber Reinforced SBR, 150 Lbs, RF as per ASME B16.5, Full Face, Thk=1/8in, -,",C76KHSS5,1.0,6820-R2-67114-02,6820,
6820-R2-67114-02_CTWL-CS01_1.pdf,OTHER THAN SHOP MATERIALS,11,5/8,"SBlt 2 HHx N, A193 Gr.B7/A194 Gr.2H, -, Xylan PTFE Coated, - 3.75 in. Length",C6S4K88S,4.0,6820-R2-67114-02,6820,
6820-R2-67114-02_CTWL-CS01_1.pdf,OTHER THAN SHOP MATERIALS,12,1/2,"SBlt 2 HHx N, A193 Gr.B7/A194 Gr.2H, -, Xylan PTFE Coated, - 3 in. Length",C6S4K87V,4.0,6820-R2-67114-02,6820,
6820-R2-67114-02_CTWL-CS01_1.pdf,PIPE SUPPORTS,14,3,PS210-3,PS210,1.0,6820-R2-67114-02,6820,
6820-R2-67115-01_CTWL-CS01_0..pdf,OTHER THAN SHOP MATERIALS,3,4,"NM Flat Gk, Aramid Fiber Reinforced SBR, 150 Lbs, RF as per ASME B16.5, Full Face, Thk=1/8in, -,",C76KHSS7,1.0,6820-R2-67115-01,6820,
6820-R2-67115-01_CTWL-CS01_0..pdf,OTHER THAN SHOP MATERIALS,4,5/8,"SBlt 2 HHx N, A193 Gr.B7/A194 Gr.2H, -, Xylan PTFE Coated, - 3.75 in. Length",C6S4K88S,8.0,6820-R2-67115-01,6820,
6820-R2-67115-02_CTWL-CS01_1.pdf,OTHER THAN SHOP MATERIALS,7,4,"NM Flat Gk, Aramid Fiber Reinforced SBR, 150 Lbs, RF as per ASME B16.5, Full Face, Thk=1/8in, -,",C76KHSS7,1.0,6820-R2-67115-02,6820,
6820-R2-67115-02_CTWL-CS01_1.pdf,OTHER THAN SHOP MATERIALS,9,5/8,"SBlt 2 HHx N, A193 Gr.B7/A194 Gr.2H, -, Xylan PTFE Coated, - 3.75 in. Length",C6S4K88S,8.0,6820-R2-67115-02,6820,
6820-R2-67115-02_CTWL-CS01_1.pdf,OTHER THAN SHOP MATERIALS,10,1/2,"SBlt 2 HHx N, A193 Gr.B7/A194 Gr.2H, -, Xylan PTFE Coated, - 3 in. Length",C6S4K87V,4.0,6820-R2-67115-02,6820,
6820-R2-67115-02_CTWL-CS01_1.pdf,PIPE SUPPORTS,12,4,PS210-4 1,PS210,1.0,6820-R2-67115-02,6820,
6820-R2-67115-02_CTWL-CS01_1.pdf,PIPE SUPPORTS,13,4,PS418-1-9-10.25-7,PS418,1.0,6820-R2-67115-02,6820,
6820-R2-67116-01_EPCL-SS01_0..pdf,OTHER THAN SHOP MATERIALS,6,6,"NM Flat Gk, Barium Sulfate filled PTFE, 150 Lbs, RF as per ASME B16.5, Full Face, Thk=1/8in, -,",C7CT1ZG1,2.0,6820-R2-67116-01,6820,
6820-R2-67116-01_EPCL-SS01_0..pdf,OTHER THAN SHOP MATERIALS,7,3/4,"SBlt 2 HHx N, A193 Gr.B7/A194 Gr.2H, -, Xylan PTFE Coated, - 4.25 in. Length",C6S4K8BC,16.0,6820-R2-67116-01,6820,
6820-R2-67116-01_EPCL-SS01_0..pdf,PIPE SUPPORTS,8,6,PS204-6,PS204,2.0,6820-R2-67116-01,6820,
6820-R2-67116-01_EPCL-SS01_0..pdf,PIPE SUPPORTS,9,6,PS206-6-1,PS206,1.0,6820-R2-67116-01,6820,
6820-R2-67118-01_CTWL-CS01_0..pdf,OTHER THAN SHOP MATERIALS,1,2,"Pipes, Seamless, ASME B36.10, ASTM ' A106 Gr.B Galv. as per ASTM A153, NPTM Ends, w/ coupling, -, S-XS",C145308,12.1,6820-R2-67118-01,6820,
6820-R2-67118-01_CTWL-CS01_0..pdf,OTHER THAN SHOP MATERIALS,2,2,"90° Elb, ASME B16.11, ASTM A105N Galv. as per ASTM A153, 3000 Lbs, NPTF Ends, -,",C1DMWEN,2.0,6820-R2-67118-01,6820,
6820-R2-67118-01_CTWL-CS01_0..pdf,OTHER THAN SHOP MATERIALS,3,2,"THD Flg, ASME B16.5, ASTM A105N Galv. as per ASTM A153, 150 Lbs, RF/NPTF End, -,",C1DR2JR,3.0,6820-R2-67118-01,6820,
6820-R2-67118-01_CTWL-CS01_0..pdf,OTHER THAN SHOP MATERIALS,4,2,"NM Flat Gk, Aramid Fiber Reinforced SBR, 150 Lbs, RF as per ASME B16.5, Full Face, Thk=1/8in, -,",C76KHSS3,2.0,6820-R2-67118-01,6820,
6820-R2-67118-01_CTWL-CS01_0..pdf,OTHER THAN SHOP MATERIALS,5,5/8,"SBlt 2 HHx N, A193 Gr.B7/A194 Gr.2H, -, Xylan PTFE Coated, - 3.5 in. Length TYPE: INSUL THK: SHOP: FIELD: PAINT CODE: MODULE: L Per LDT Per LDT N Y Per LDT - P&ID: 202998C-001-PID-0021-0327 UNIT#: EWP AREA: SPEC: STRESS CALC #: 6800 6820 CTWL-CS01 - LINE No. 2""-R2-67118-CTWL-CS01-N Battleground DRAWING NUMBER REV. 6820-R2-67118-01 *6820-R2-67118-01*",C6S4K88R,8.0,6820-R2-67118-01,6820,
6820-R2-67118-02_CTWL-CS01_0..pdf,OTHER THAN SHOP MATERIALS,1,2,"Pipes, Seamless, ASME B36.10, ASTM ' A106 Gr.B Galv. as per ASTM A153, NPTM Ends, w/ coupling, -, S-XS",C145308,21.3,6820-R2-67118-02,6820,
6820-R2-67118-02_CTWL-CS01_0..pdf,OTHER THAN SHOP MATERIALS,2,2,"90° Elb, ASME B16.11, ASTM A105N Galv. as per ASTM A153, 3000 Lbs, NPTF Ends, -,",C1DMWEN,1.0,6820-R2-67118-02,6820,
6820-R2-67118-02_CTWL-CS01_0..pdf,OTHER THAN SHOP MATERIALS,3,2,"THD Flg, ASME B16.5, ASTM A105N Galv. as per ASTM A153, 150 Lbs, RF/NPTF End, -,",C1DR2JR,3.0,6820-R2-67118-02,6820,
6820-R2-67118-02_CTWL-CS01_0..pdf,OTHER THAN SHOP MATERIALS,4,2,"NM Flat Gk, Aramid Fiber Reinforced SBR, 150 Lbs, RF as per ASME B16.5, Full Face, Thk=1/8in, -,",C76KHSS3,2.0,6820-R2-67118-02,6820,
6820-R2-67118-02_CTWL-CS01_0..pdf,OTHER THAN SHOP MATERIALS,5,5/8,"SBlt 2 HHx N, A193 Gr.B7/A194 Gr.2H, -, Xylan PTFE Coated, - 3.5 in. Length",C6S4K88R,8.0,6820-R2-67118-02,6820,
6820-R2-67118-02_CTWL-CS01_0..pdf,OTHER THAN SHOP MATERIALS,6,2,"Plug Flg,SP, Inverted Tapered Plug, Non Lubricated, API 599, ASTM A395 Gr.60-40-18, 150 Lbs, RF, Ends as per ASME B16.5, -, LO,-, -, Valve Tag: PL-0546",C76RJXHX,1.0,6820-R2-67118-02,6820,
6820-R2-67118-02_CTWL-CS01_0..pdf,PIPE SUPPORTS,7,2,PS221-2,PS221,1.0,6820-R2-67118-02,6820,
6820-R2-67118-02_CTWL-CS01_0..pdf,PIPE SUPPORTS,8,2,PS210-2,PS210,1.0,6820-R2-67118-02,6820,
6820-R2-67118-02_CTWL-CS01_0..pdf,PIPE SUPPORTS,9,2,PS713-A-20,PS713,1.0,6820-R2-67118-02,6820,
6820-R2-67118-02_CTWL-CS01_0..pdf,PIPE SUPPORTS,10,2,PS608-2-12-4,PS608,1.0,6820-R2-67118-02,6820,
6820-R2-67118-02_CTWL-CS01_0..pdf,PIPE SUPPORTS,11,2,"PS720-1-33 TYPE: INSUL THK: SHOP: FIELD: PAINT CODE: MODULE: L Per LDT Per LDT N Y Per LDT - P&ID: 202998C-001-PID-0021-0327 UNIT#: EWP AREA: SPEC: STRESS CALC #: 6800 6820 CTWL-CS01 - LINE No. 2""-R2-67118-CTWL-CS01-N Battleground DRAWING NUMBER REV. 6820-R2-67118-02 *6820-R2-67118-02*",PS720,1.0,6820-R2-67118-02,6820,
6820-R2-67118-03_CTWL-CS01_0.pdf,OTHER THAN SHOP MATERIALS,1,2,"Pipes, Seamless, ASME B36.10, ASTM ' A106 Gr.B Galv. as per ASTM A153, NPTM Ends, w/ coupling, -, S-XS",C145308,42.2,6820-R2-67118-03,6820,
6820-R2-67118-03_CTWL-CS01_0.pdf,OTHER THAN SHOP MATERIALS,2,2,"90° Elb, ASME B16.11, ASTM A105N Galv. as per ASTM A153, 3000 Lbs, NPTF Ends, -,",C1DMWEN,5.0,6820-R2-67118-03,6820,
6820-R2-67118-03_CTWL-CS01_0.pdf,PIPE SUPPORTS,3,2,PS201-2,PS201,2.0,6820-R2-67118-03,6820,
6820-R2-67118-03_CTWL-CS01_0.pdf,PIPE SUPPORTS,4,2,PS712-1-12,PS712,1.0,6820-R2-67118-03,6820,
6820-R2-67118-03_CTWL-CS01_0.pdf,PIPE SUPPORTS,5,2,PS433-2,PS433,3.0,6820-R2-67118-03,6820,
6820-R2-67118-03_CTWL-CS01_0.pdf,PIPE SUPPORTS,6,2,PS210-2,PS210,1.0,6820-R2-67118-03,6820,
6820-R2-67118-03_CTWL-CS01_0.pdf,PIPE SUPPORTS,7,2,PS713-15,PS713,1.0,6820-R2-67118-03,6820,
6820-R2-67118-03_CTWL-CS01_0.pdf,PIPE SUPPORTS,8,2,"PS719-B-13-10-0 TYPE: INSUL THK: SHOP: FIELD: PAINT CODE: MODULE: L Per LDT Per LDT N Y Per LDT - P&ID: 202998C-001-PID-0021-0327 UNIT#: EWP AREA: SPEC: STRESS CALC #: 6800 6820 CTWL-CS01 - LINE No. 2""-R2-67118-CTWL-CS01-N Battleground DRAWING NUMBER REV. 6820-R2-67118-03 *6820-R2-67118-03*",PS719,1.0,6820-R2-67118-03,6820,
6820-R2-67118-04_CTWL-CS01_0.pdf,OTHER THAN SHOP MATERIALS,1,2,"Pipes, Seamless, ASME B36.10, ASTM ' A106 Gr.B Galv. as per ASTM A153, NPTM Ends, w/ coupling, -, S-XS",C145308,21.9,6820-R2-67118-04,6820,
6820-R2-67118-04_CTWL-CS01_0.pdf,OTHER THAN SHOP MATERIALS,2,2,"90° Elb, ASME B16.11, ASTM A105N Galv. as per ASTM A153, 3000 Lbs, NPTF Ends, -,",C1DMWEN,7.0,6820-R2-67118-04,6820,
6820-R2-67118-04_CTWL-CS01_0.pdf,PIPE SUPPORTS,3,2,PS433-2,PS433,2.0,6820-R2-67118-04,6820,
6820-R2-67118-04_CTWL-CS01_0.pdf,PIPE SUPPORTS,4,2,"PS201-2 TYPE: INSUL THK: SHOP: FIELD: PAINT CODE: MODULE: L Per LDT Per LDT N Y Per LDT - P&ID: 202998C-001-PID-0021-0327 UNIT#: EWP AREA: SPEC: STRESS CALC #: 6800 6820 CTWL-CS01 - LINE No. 2""-R2-67118-CTWL-CS01-N Battleground DRAWING NUMBER REV. 6820-R2-67118-04 *6820-R2-67118-04*",PS201,2.0,6820-R2-67118-04,6820,
6820-R2-67119-01_SCXL-CS01_0..pdf,OTHER THAN SHOP MATERIALS,6,1/2,"SBlt 2 HHx N, A193 Gr.B7/A194 Gr.2H, -, Xylan PTFE Coated, - 3 in. Length",C6S4K87V,12.0,6820-R2-67119-01,6820,
6820-R2-67120-01_EPCW-CS01_1.pdf,OTHER THAN SHOP MATERIALS,6,6,"NM Flat Gk, Barium Sulfate filled PTFE, 150 Lbs, RF as per ASME B16.5, Full Face, Thk=1/8in, -,",C7CT1ZG1,2.0,6820-R2-67120-01,6820,
6820-R2-67120-01_EPCW-CS01_1.pdf,OTHER THAN SHOP MATERIALS,7,3/4,"SBlt 2 HHx N, A193 Gr.B7/A194 Gr.2H, -, Xylan PTFE Coated, - 4.25 in. Length",C6S4K8BC,16.0,6820-R2-67120-01,6820,
6820-R2-67120-01_EPCW-CS01_1.pdf,OTHER THAN SHOP MATERIALS,8,6,"But Flg,LP, API 609 Cat.B, ASTM A216 Gr.WCB,150 Lbs, RF, Ends as per ASME B16.5, GO,-, Valve Tag: BU-0807",C84MWBH0,1.0,6820-R2-67120-01,6820,
6820-R2-67120-01_EPCW-CS01_1.pdf,PIPE SUPPORTS,9,6,PS401-3-28.94-2,PS401,1.0,6820-R2-67120-01,6820,
6820-R2-67120-01_EPCW-CS01_1.pdf,PIPE SUPPORTS,10,6,PS433-6,PS433,1.0,6820-R2-67120-01,6820,
6820-R2-67120-02_EPCW-CS01_0..pdf,OTHER THAN SHOP MATERIALS,8,6,"NM Flat Gk, Barium Sulfate filled PTFE, 150 Lbs, RF as per ASME B16.5, Full Face, Thk=1/8in, -,",C7CT1ZG1,2.0,6820-R2-67120-02,6820,
6820-R2-67120-02_EPCW-CS01_0..pdf,OTHER THAN SHOP MATERIALS,9,3/4,"SBlt 2 HHx N, A193 Gr.B7/A194 Gr.2H, -, Xylan PTFE Coated, - 4.25 in. Length",C6S4K8BC,16.0,6820-R2-67120-02,6820,
6820-R2-67120-02_EPCW-CS01_0..pdf,OTHER THAN SHOP MATERIALS,10,6,"Gat Flg, -, API 600, ASTM A216 Gr.WCB,150 Lbs, RF, Ends as per ASME B16.5, HO,-, Valve Tag: GA-0215",C76SPABB,1.0,6820-R2-67120-02,6820,
6820-R2-67120-02_EPCW-CS01_0..pdf,PIPE SUPPORTS,11,6,PS209-A1,PS209,1.0,6820-R2-67120-02,6820,
6820-R2-67120-03_EPCW-CS01_1.pdf,OTHER THAN SHOP MATERIALS,1,2,"Pipes, Seamless, ASME B36.10, ASTM ' A106 Gr.B, NPTM Ends, w/ coupling, -, S-XS",CEZCLWH,0.7,6820-R2-67120-03,6820,
6820-R2-67120-03_EPCW-CS01_1.pdf,OTHER THAN SHOP MATERIALS,2,2,"THD Flg, ASME B16.5, ASTM A105N, 150 Lbs, RF/NPTF End, -,",C56FCLX2,1.0,6820-R2-67120-03,6820,
6820-R2-67120-03_EPCW-CS01_1.pdf,OTHER THAN SHOP MATERIALS,3,2,"NM Flat Gk, Barium Sulfate filled PTFE, 150 Lbs, RF as per ASME B16.5, Full Face, Thk=1/8in, -,",C7CT1ZFS,2.0,6820-R2-67120-03,6820,
6820-R2-67120-03_EPCW-CS01_1.pdf,OTHER THAN SHOP MATERIALS,4,5/8,"SBlt 2 HHx N, A193 Gr.B7/A194 1 Gr.2H, -, Xylan PTFE Coated, - 1 6.75 in. Length",C6S4K894,4.0,6820-R2-67120-03,6820,
6820-R2-67120-03_EPCW-CS01_1.pdf,OTHER THAN SHOP MATERIALS,5,2,"Gat Fem, API 602, ASTM A105N,800 Lbs, NPTF Ends, HO,-, Valve Tag: GA-0120",C8ADWXKM,1.0,6820-R2-67120-03,6820,
6820-R2-67120-04_EPCW-CS01_0..pdf,PIPE SUPPORTS,4,6,PS203-6,PS203,1.0,6820-R2-67120-04,6820,
6820-R2-67120-04_EPCW-CS01_0..pdf,PIPE SUPPORTS,5,6,PS433-6,PS433,2.0,6820-R2-67120-04,6820,
6820-R2-67120-04_EPCW-CS01_0..pdf,PIPE SUPPORTS,6,6,PS201-6,PS201,1.0,6820-R2-67120-04,6820,
6820-R2-67120-04_EPCW-CS01_0..pdf,PIPE SUPPORTS,7,6,PS401-4-40.21-2,PS401,1.0,6820-R2-67120-04,6820,
6820-R2-67120-04_EPCW-CS01_0..pdf,PIPE SUPPORTS,8,6,PS204-6,PS204,1.0,6820-R2-67120-04,6820,
6820-R2-67120-05_EPCW-CS01_0.pdf,OTHER THAN SHOP MATERIALS,5,4,"NM Flat Gk, Barium Sulfate filled PTFE, 150 Lbs, RF as per ASME B16.5, Full Face, Thk=1/8in, -,",C7CT1ZFZ,1.0,6820-R2-67120-05,6820,
6820-R2-67120-05_EPCW-CS01_0.pdf,OTHER THAN SHOP MATERIALS,6,5/8,"SBlt 2 HHx N, A193 Gr.B7/A194 Gr.2H, -, Xylan PTFE Coated, - 3.75 in. Length",C6S4K88S,8.0,6820-R2-67120-05,6820,
6820-R2-67120-05_EPCW-CS01_0.pdf,PIPE SUPPORTS,7,6,PS433-6,PS433,1.0,6820-R2-67120-05,6820,
6820-R2-67121-01_CTWL-CS01_0.pdf,OTHER THAN SHOP MATERIALS,8,1,"Nipple, ASTM A106 Gr.B Galv. as per ASTM A153, NPTM Ends, L = 3in, -, S-XS",C41B2D94,1.0,6820-R2-67121-01,6820,
6820-R2-67121-01_CTWL-CS01_0.pdf,OTHER THAN SHOP MATERIALS,9,1,"THD Flg, ASME B16.5, ASTM A105N Galv. as per ASTM A153, 150 Lbs, RF/NPTF End, -,",C1DR2JM,1.0,6820-R2-67121-01,6820,
6820-R2-67121-01_CTWL-CS01_0.pdf,OTHER THAN SHOP MATERIALS,10,14,"NM Flat Gk, Aramid Fiber Reinforced SBR, 150 Lbs, RF as per ASME B16.5, Full Face, Thk=1/8in, -,",C76KJLFJ,1.0,6820-R2-67121-01,6820,
6820-R2-67121-01_CTWL-CS01_0.pdf,OTHER THAN SHOP MATERIALS,11,8,"NM Flat Gk, Aramid Fiber Reinforced SBR, 300 Lbs, RF as per ASME B16.5, Full Face, Thk=1/8in, -,",C7BP7ZE8,1.0,6820-R2-67121-01,6820,
6820-R2-67121-01_CTWL-CS01_0.pdf,OTHER THAN SHOP MATERIALS,12,1,"NM Flat Gk, Aramid Fiber Reinforced SBR, 150 Lbs, RF as per ASME B16.5, Full Face, Thk=1/8in, -,",C76KHSRZ,2.0,6820-R2-67121-01,6820,
6820-R2-67121-01_CTWL-CS01_0.pdf,OTHER THAN SHOP MATERIALS,13,1,"SBlt 2 HHx N, A193 Gr.B7/A194 Gr.2H, -, Xylan PTFE Coated, - 5.5 in. Length",C6S4K8EA,12.0,6820-R2-67121-01,6820,
6820-R2-67121-01_CTWL-CS01_0.pdf,OTHER THAN SHOP MATERIALS,14,7/8,"SBlt 2 HHx N, A193 Gr.B7/A194 Gr.2H, -, Xylan PTFE Coated, - 5.75 in. Length",C6S4K8CX,12.0,6820-R2-67121-01,6820,
6820-R2-67121-01_CTWL-CS01_0.pdf,OTHER THAN SHOP MATERIALS,15,1/2,"SBlt 2 HHx N, A193 Gr.B7/A194 Gr.2H, -, Xylan PTFE Coated, - 2.75 in. Length",C6S4K87U,8.0,6820-R2-67121-01,6820,
6820-R2-67121-01_CTWL-CS01_0.pdf,OTHER THAN SHOP MATERIALS,16,1,"Plug Flg,SP, Inverted Tapered Plug, Non Lubricated, API 599, ASTM A395 Gr.60-40-18, 150 Lbs, RF, Ends as per ASME B16.5, -, LO,-, -, Valve Tag: PL-0546",C76RJXHV,1.0,6820-R2-67121-01,6820,
6820-R2-67121-01_CTWL-CS01_0.pdf,OTHER THAN SHOP MATERIALS,17,1,"Bld Flg, ASME B16.5, ASTM A105N Galv. as per ASTM A153, 150 Lbs, RF, -,",C1DR2JV,1.0,6820-R2-67121-01,6820,
6820-R2-67121-01_CTWL-CS01_0.pdf,PIPE SUPPORTS,18,14,PS902-SH-6820-R2-67121-0001,PS902,1.0,6820-R2-67121-01,6820,
6820-R2-67121-02_CTWL-CS01_0.pdf,OTHER THAN SHOP MATERIALS,6,1,"Nipple, ASTM A106 Gr.B Galv. as per ASTM A153, NPTM Ends, L = 3in, -, S-XS",C41B2D94,1.0,6820-R2-67121-02,6820,
6820-R2-67121-02_CTWL-CS01_0.pdf,OTHER THAN SHOP MATERIALS,8,1,"THD Flg, ASME B16.5, ASTM A105N Galv. as per ASTM A153, 150 Lbs, RF/NPTF End, -,",C1DR2JM,1.0,6820-R2-67121-02,6820,
6820-R2-67121-02_CTWL-CS01_0.pdf,OTHER THAN SHOP MATERIALS,10,1,"NM Flat Gk, Aramid Fiber Reinforced SBR, 150 Lbs, RF as per ASME B16.5, Full Face, Thk=1/8in, -,",C76KHSRZ,2.0,6820-R2-67121-02,6820,
6820-R2-67121-02_CTWL-CS01_0.pdf,OTHER THAN SHOP MATERIALS,11,1/2,"SBlt 2 HHx N, A193 Gr.B7/A194 Gr.2H, -, Xylan PTFE Coated, - 3 in. Length",C6S4K87V,4.0,6820-R2-67121-02,6820,
6820-R2-67121-02_CTWL-CS01_0.pdf,OTHER THAN SHOP MATERIALS,12,1/2,"SBlt 2 HHx N, A193 Gr.B7/A194 Gr.2H, -, Xylan PTFE Coated, - 2.75 in. Length",C6S4K87U,8.0,6820-R2-67121-02,6820,
6820-R2-67121-02_CTWL-CS01_0.pdf,OTHER THAN SHOP MATERIALS,13,1,"Plug Flg,SP, Inverted Tapered Plug, Non Lubricated, API 599, ASTM A395 Gr.60-40-18, 150 Lbs, RF, Ends as per ASME B16.5, -, LO,-, -, Valve Tag: PL-0546",C76RJXHV,1.0,6820-R2-67121-02,6820,
6820-R2-67121-02_CTWL-CS01_0.pdf,OTHER THAN SHOP MATERIALS,14,1,"Bld Flg, ASME B16.5, ASTM A105N Galv. as per ASTM A153, 150 Lbs, RF, -,",C1DR2JV,1.0,6820-R2-67121-02,6820,
6820-R2-67121-04_CTWL-CS01_0.pdf,OTHER THAN SHOP MATERIALS,4,1/2,"SBlt 2 HHx N, A193 Gr.B7/A194 Gr.2H, -, Xylan PTFE Coated, - 3.75 in. Length",C6S4K87Y,4.0,6820-R2-67121-04,6820,
6820-R2-67122-01_NOHD-NI03_0.pdf,OTHER THAN SHOP MATERIALS,11,6,"NM Flat Gk, Barium Sulfate filled PTFE, 150 Lbs, RF as per ASME B16.5, -, Thk=1/8in, -,",C6S4K87R,2.0,6820-R2-67122-01,6820,
6820-R2-67122-01_NOHD-NI03_0.pdf,OTHER THAN SHOP MATERIALS,12,1,"NM Flat Gk, Barium Sulfate filled PTFE, 150 Lbs, RF as per ASME B16.5, -, Thk=1/8in, -,",C6S4K87F,2.0,6820-R2-67122-01,6820,
6820-R2-67122-01_NOHD-NI03_0.pdf,OTHER THAN SHOP MATERIALS,13,3/4,"SBlt 2 HHx N, A193 Gr.B7/A194 Gr.2H, -, Xylan PTFE Coated, - 4.25 in. Length",C6S4K8BC,8.0,6820-R2-67122-01,6820,
6820-R2-67122-01_NOHD-NI03_0.pdf,OTHER THAN SHOP MATERIALS,14,1/2,"SBlt 2 HHx N, A193 Gr.B7/A194 Gr.2H, -, Xylan PTFE Coated, - 2.75 in. Length",C6S4K87U,8.0,6820-R2-67122-01,6820,
6820-R2-67122-01_NOHD-NI03_0.pdf,OTHER THAN SHOP MATERIALS,15,6,"Plug Flg,SP, Inverted Tapered Plug, Non Lubricated, API 599, ASTM A494 Gr.CZ100, 150 Lbs, RF, Ends as per ASME B16.5, -, GO,-, -, Valve Tag: PL-1194",C99ZZ9DA,1.0,6820-R2-67122-01,6820,
6820-R2-67122-01_NOHD-NI03_0.pdf,OTHER THAN SHOP MATERIALS,16,1,"Plug Flg,SP, Inverted Tapered Plug, Non Lubricated, API 599, ASTM B564 UNS N02200, 150 Lbs, RF, Ends as per ASME B16.5, -, LO,-, -, Valve Tag: PL-1194",C99ZZ9D2,1.0,6820-R2-67122-01,6820,
6820-R2-67122-01_NOHD-NI03_0.pdf,OTHER THAN SHOP MATERIALS,17,1,"Bld Flg, ASME B16.5, ASTM B564 UNS N02200, 150 Lbs, RF, -,",C7T63YAU,1.0,6820-R2-67122-01,6820,
6820-R2-67122-01_NOHD-NI03_0.pdf,PIPE SUPPORTS,18,6,PS214-16,PS214,1.0,6820-R2-67122-01,6820,
6820-R2-67122-01_NOHD-NI03_0.pdf,PIPE SUPPORTS,19,6,PS209-B2,PS209,1.0,6820-R2-67122-01,6820,
6820-R2-67122-02_NOHD-NI03_0.pdf,OTHER THAN SHOP MATERIALS,10,6,"NM Flat Gk, Barium Sulfate filled PTFE, 150 Lbs, RF as per ASME B16.5, -, Thk=1/8in, -,",C6S4K87R,2.0,6820-R2-67122-02,6820,
6820-R2-67122-02_NOHD-NI03_0.pdf,OTHER THAN SHOP MATERIALS,11,1,"NM Flat Gk, Barium Sulfate filled PTFE, 150 Lbs, RF as per ASME B16.5, -, Thk=1/8in, -,",C6S4K87F,2.0,6820-R2-67122-02,6820,
6820-R2-67122-02_NOHD-NI03_0.pdf,OTHER THAN SHOP MATERIALS,12,3/4,"SBlt 2 HHx N, A193 Gr.B7/A194 Gr.2H, -, Xylan PTFE Coated, - 4.25 in. Length",C6S4K8BC,16.0,6820-R2-67122-02,6820,
6820-R2-67122-02_NOHD-NI03_0.pdf,OTHER THAN SHOP MATERIALS,13,1/2,"SBlt 2 HHx N, A193 Gr.B7/A194 Gr.2H, -, Xylan PTFE Coated, - 2.75 in. Length",C6S4K87U,8.0,6820-R2-67122-02,6820,
6820-R2-67122-02_NOHD-NI03_0.pdf,OTHER THAN SHOP MATERIALS,14,1,"Plug Flg,SP, Inverted Tapered Plug, Non Lubricated, API 599, ASTM B564 UNS N02200, 150 Lbs, RF, Ends as per ASME B16.5, -, LO,-, -, Valve Tag: PL-1194",C99ZZ9D2,1.0,6820-R2-67122-02,6820,
6820-R2-67122-02_NOHD-NI03_0.pdf,OTHER THAN SHOP MATERIALS,15,1,"Bld Flg, ASME B16.5, ASTM B564 UNS N02200, 150 Lbs, RF, -,",C7T63YAU,1.0,6820-R2-67122-02,6820,
6820-R2-67122-02_NOHD-NI03_0.pdf,PIPE SUPPORTS,17,6,PS206-6-1,PS206,1.0,6820-R2-67122-02,6820,
6820-R2-67122-02_NOHD-NI03_0.pdf,PIPE SUPPORTS,18,6,PS407-3-40.69-14-/,PS407,1.0,6820-R2-67122-02,6820,
6820-R2-67122-03_NOHD-NI03_0.pdf,OTHER THAN SHOP MATERIALS,4,6,"NM Flat Gk, Barium Sulfate filled PTFE, 150 Lbs, RF as per ASME B16.5, -, Thk=1/8in, -,",C6S4K87R,2.0,6820-R2-67122-03,6820,
6820-R2-67122-03_NOHD-NI03_0.pdf,OTHER THAN SHOP MATERIALS,5,3/4,"SBlt 2 HHx N, A193 Gr.B7/A194 Gr.2H, -, Xylan PTFE Coated, - 4.25 in. Length",C6S4K8BC,16.0,6820-R2-67122-03,6820,
6820-R2-67122-03_NOHD-NI03_0.pdf,OTHER THAN SHOP MATERIALS,6,6,"Plug Flg,SP, Inverted Tapered Plug, Non Lubricated, API 599, ASTM A494 Gr.CZ100, 150 Lbs, RF, Ends as per ASME B16.5, -, GO,-, -, Valve Tag: PL-1194",C99ZZ9DA,1.0,6820-R2-67122-03,6820,
6820-R2-67122-04_NOHD-NI03_0.pdf,OTHER THAN SHOP MATERIALS,10,2,"NM Flat Gk, Barium Sulfate filled PTFE, 150 Lbs, RF as per ASME B16.5, -, Thk=1/8in, -,",C6S4K87J,2.0,6820-R2-67122-04,6820,
6820-R2-67122-04_NOHD-NI03_0.pdf,OTHER THAN SHOP MATERIALS,11,1,"NM Flat Gk, Barium Sulfate filled PTFE, 150 Lbs, RF as per ASME B16.5, -, Thk=1/8in, -,",C6S4K87F,2.0,6820-R2-67122-04,6820,
6820-R2-67122-04_NOHD-NI03_0.pdf,OTHER THAN SHOP MATERIALS,12,5/8,"SBlt 2 HHx N, A193 Gr.B7/A194 Gr.2H, -, Xylan PTFE Coated, - 3.25 in. Length",C6S4K88P,4.0,6820-R2-67122-04,6820,
6820-R2-67122-04_NOHD-NI03_0.pdf,OTHER THAN SHOP MATERIALS,13,5/8,"SBlt 2 HHx N, A193 Gr.B7/A194 Gr.2H, -, Xylan PTFE Coated, - 3.5 in. Length",C6S4K88R,4.0,6820-R2-67122-04,6820,
6820-R2-67122-04_NOHD-NI03_0.pdf,OTHER THAN SHOP MATERIALS,14,1/2,"SBlt 2 HHx N, A193 Gr.B7/A194 Gr.2H, -, Xylan PTFE Coated, - 2.75 in. Length",C6S4K87U,8.0,6820-R2-67122-04,6820,
6820-R2-67122-04_NOHD-NI03_0.pdf,OTHER THAN SHOP MATERIALS,15,2,"Plug Flg,SP, Inverted Tapered Plug, Non Lubricated, API 599, ASTM B564 UNS N02200, 150 Lbs, RF, Ends as per ASME B16.5, -, LO,-, -, Valve Tag: PL-1194",C99ZZ9D4,1.0,6820-R2-67122-04,6820,
6820-R2-67122-04_NOHD-NI03_0.pdf,OTHER THAN SHOP MATERIALS,16,2,"Bld Flg, ASME B16.5, ASTM B564 UNS N02200, 150 Lbs, RF, -,",C7T63YAX,1.0,6820-R2-67122-04,6820,
6820-R2-67122-04_NOHD-NI03_0.pdf,OTHER THAN SHOP MATERIALS,17,1,"Plug Flg,SP, Inverted Tapered Plug, Non Lubricated, API 599, ASTM B564 UNS N02200, 150 Lbs, RF, Ends as per ASME B16.5, -, LO,-, -, Valve Tag: PL-1194",C99ZZ9D2,1.0,6820-R2-67122-04,6820,
6820-R2-67122-04_NOHD-NI03_0.pdf,PIPE SUPPORTS,18,1,PS211-1,PS211,1.0,6820-R2-67122-04,6820,
6820-R2-67122-04_NOHD-NI03_0.pdf,PIPE SUPPORTS,19,1,PS706-A-22.19,PS706,1.0,6820-R2-67122-04,6820,
6820-R2-67125-01_NOHD-SS01_1..pdf,OTHER THAN SHOP MATERIALS,10,8,"NM Flat Gk, Barium Sulfate filled PTFE, 300 Lbs, RF as per ASME B16.5, -, Thk=1/8in, -,",C6SDEV3P,1.0,6820-R2-67125-01,6820,
6820-R2-67125-01_NOHD-SS01_1..pdf,OTHER THAN SHOP MATERIALS,11,8,"NM Flat Gk, Barium Sulfate filled PTFE, 150 Lbs, RF as per ASME B16.5, -, Thk=1/8in, -,",C6SBWZF4,1.0,6820-R2-67125-01,6820,
6820-R2-67125-01_NOHD-SS01_1..pdf,OTHER THAN SHOP MATERIALS,12,1,"NM Flat Gk, Barium Sulfate filled PTFE, 150 Lbs, RF as per ASME B16.5, -, Thk=1/8in, -,",C6S4K87F,2.0,6820-R2-67125-01,6820,
6820-R2-67125-01_NOHD-SS01_1..pdf,OTHER THAN SHOP MATERIALS,13,7/8,"SBlt 2 HHx N, A193 Gr.B7/A194 Gr.2H, -, Xylan PTFE Coated, - 5 in. Length",C6S4K8CU,12.0,6820-R2-67125-01,6820,
6820-R2-67125-01_NOHD-SS01_1..pdf,OTHER THAN SHOP MATERIALS,14,3/4,"SBlt 2 HHx N, A193 Gr.B7/A194 Gr.2H, -, Xylan PTFE Coated, - 5 in. Length",C6S4K8BF,8.0,6820-R2-67125-01,6820,
6820-R2-67125-01_NOHD-SS01_1..pdf,OTHER THAN SHOP MATERIALS,15,1/2,"SBlt 2 HHx N, A193 Gr.B7/A194 Gr.2H, -, Xylan PTFE Coated, - 2.75 in. Length",C6S4K87U,8.0,6820-R2-67125-01,6820,
6820-R2-67125-01_NOHD-SS01_1..pdf,OTHER THAN SHOP MATERIALS,16,1,"Plug Flg,SP, Tapered Plug, Non Lubricated, API 599, ASTM A351 Gr.CF8M, 150 Lbs, RF, Ends as per ASME B16.5, -, LO,-, -, Valve Tag: PL-0548",C76KHSRR,1.0,6820-R2-67125-01,6820,
6820-R2-67125-01_NOHD-SS01_1..pdf,OTHER THAN SHOP MATERIALS,17,1,"Bld Flg, ASME B16.5, ASTM A182 Gr.F316L, 150 Lbs, RF, Annealed,",C80R6Y1H,1.0,6820-R2-67125-01,6820,
6820-R2-67125-02_NOHD-SS01_1 DELETED.pdf,OTHER THAN SHOP MATERIALS,4,2,"NM Flat Gk, Barium Sulfate filled PTFE, 150 Lbs, RF as per ASME B16.5, -, Thk=1/8in, -,",C6S4K87J,2.0,6820-R2-67125-02,6820,
6820-R2-67125-02_NOHD-SS01_1 DELETED.pdf,OTHER THAN SHOP MATERIALS,5,5/8,"SBlt 2 HHx N, A193 Gr.B7/A194 Gr.2H, -, Xylan PTFE Coated, - 3.25 in. Length",C6S4K88P,4.0,6820-R2-67125-02,6820,
6820-R2-67125-02_NOHD-SS01_1 DELETED.pdf,OTHER THAN SHOP MATERIALS,6,5/8,"SBlt 2 HHx N, A193 Gr.B7/A194 Gr.2H, -, Xylan PTFE Coated, - 3.5 in. Length",C6S4K88R,4.0,6820-R2-67125-02,6820,
6820-R2-67125-02_NOHD-SS01_1 DELETED.pdf,OTHER THAN SHOP MATERIALS,7,2,"Plug Flg,SP, Tapered Plug, Non Lubricated, API 599, ASTM A351 Gr.CF8M, 150 Lbs, RF, Ends as per ASME B16.5, -, LO,-, -, Valve Tag: PL-0548",C6SDVYKZ,1.0,6820-R2-67125-02,6820,
6820-R2-67125-02_NOHD-SS01_1 DELETED.pdf,OTHER THAN SHOP MATERIALS,8,2,"Bld Flg, ASME B16.5, ASTM A182 Gr.F316L, 150 Lbs, RF, Annealed,",C80R6Y1R,1.0,6820-R2-67125-02,6820,
6820-R2-67125-03_NOHD-SS01_1.pdf,OTHER THAN SHOP MATERIALS,11,8,"NM Flat Gk, Barium Sulfate filled PTFE, 150 Lbs, RF as per ASME B16.5, -, Thk=1/8in, -,",C6SBWZF4,2.0,6820-R2-67125-03,6820,
6820-R2-67125-03_NOHD-SS01_1.pdf,OTHER THAN SHOP MATERIALS,13,3/4,"SBlt 2 HHx N, A193 Gr.B7/A194 Gr.2H, -, Xylan PTFE Coated, - 7.25 in. Length",C6S4K8BR,8.0,6820-R2-67125-03,6820,
6820-R2-67125-03_NOHD-SS01_1.pdf,OTHER THAN SHOP MATERIALS,14,1/2,"SBlt 2 HHx N, A193 Gr.B7/A194 Gr.2H, -, Xylan PTFE Coated, - 2.75 in. Length",C6S4K87U,4.0,6820-R2-67125-03,6820,
6820-R2-67125-03_NOHD-SS01_1.pdf,OTHER THAN SHOP MATERIALS,15,8,"But Waf, API 609 Cat.A, ASTM A395 Gr.60-40-18 PFA Lined and Epoxy Coated,150 Lbs, Lug-type RF, Ends as per ASME B16.5, GO,-, Valve Tag: BU-0808",C7CT0BXY,1.0,6820-R2-67125-03,6820,
6820-R2-67125-03_NOHD-SS01_1.pdf,PIPE SUPPORTS,17,8,PS209-B1,PS209,1.0,6820-R2-67125-03,6820,
6820-R2-67125-03_NOHD-SS01_1.pdf,PIPE SUPPORTS,18,8,PS214-6,PS214,2.0,6820-R2-67125-03,6820,
6820-R2-67125-04_NOHD-SS01_0..pdf,OTHER THAN SHOP MATERIALS,12,4,"NM Flat Gk, Barium Sulfate filled PTFE, 150 Lbs, RF as per ASME B16.5, -, Thk=1/8in, -,",C6S4K87N,2.0,6820-R2-67125-04,6820,
6820-R2-67125-04_NOHD-SS01_0..pdf,OTHER THAN SHOP MATERIALS,13,1,"NM Flat Gk, Barium Sulfate filled PTFE, 150 Lbs, RF as per ASME B16.5, -, Thk=1/8in, -,",C6S4K87F,2.0,6820-R2-67125-04,6820,
6820-R2-67125-04_NOHD-SS01_0..pdf,OTHER THAN SHOP MATERIALS,14,5/8,"SBlt 2 HHx N, A193 Gr.B7/A194 Gr.2H, -, Xylan PTFE Coated, - 3.75 in. Length",C6S4K88S,16.0,6820-R2-67125-04,6820,
6820-R2-67125-04_NOHD-SS01_0..pdf,OTHER THAN SHOP MATERIALS,15,1/2,"SBlt 2 HHx N, A193 Gr.B7/A194 Gr.2H, -, Xylan PTFE Coated, - 2.75 in. Length",C6S4K87U,8.0,6820-R2-67125-04,6820,
6820-R2-67125-04_NOHD-SS01_0..pdf,OTHER THAN SHOP MATERIALS,16,1,"Plug Flg,SP, Tapered Plug, Non Lubricated, API 599, ASTM A351 Gr.CF8M, 150 Lbs, RF, Ends as per ASME B16.5, -, LO,-, -, Valve Tag: PL-0548",C76KHSRR,1.0,6820-R2-67125-04,6820,
6820-R2-67125-04_NOHD-SS01_0..pdf,OTHER THAN SHOP MATERIALS,17,1,"Bld Flg, ASME B16.5, ASTM A182 Gr.F316L, 150 Lbs, RF, Annealed,",C80R6Y1H,1.0,6820-R2-67125-04,6820,
6820-R2-67125-04_NOHD-SS01_0..pdf,PIPE SUPPORTS,19,8,PS214-16,PS214,1.0,6820-R2-67125-04,6820,
6820-R2-67125-05_NOHD-SS01_1.pdf,OTHER THAN SHOP MATERIALS,7,6,"NM Flat Gk, Barium Sulfate filled PTFE, 150 Lbs, RF as per ASME B16.5, -, Thk=1/8in, -,",C6S4K87R,2.0,6820-R2-67125-05,6820,
6820-R2-67125-05_NOHD-SS01_1.pdf,OTHER THAN SHOP MATERIALS,8,3/4,"SBlt 2 HHx N, A193 Gr.B7/A194 1 Gr.2H, -, Xylan PTFE Coated, - 4 in. Length 1",C6S4K8BB,16.0,6820-R2-67125-05,6820,
6820-R2-67125-05_NOHD-SS01_1.pdf,PIPE SUPPORTS,10,8,PS209-B2,PS209,1.0,6820-R2-67125-05,6820,
6820-R2-67125-06_NOHD-SS01_1.pdf,OTHER THAN SHOP MATERIALS,10,8,"NM Flat Gk, Barium Sulfate filled PTFE, 150 Lbs, RF as per ASME B16.5, -, Thk=1/8in, -,",C6SBWZF4,4.0,6820-R2-67125-06,6820,
6820-R2-67125-06_NOHD-SS01_1.pdf,OTHER THAN SHOP MATERIALS,11,1,"NM Flat Gk, Barium Sulfate filled PTFE, 150 Lbs, RF as per ASME B16.5, -, Thk=1/8in, -,",C6S4K87F,2.0,6820-R2-67125-06,6820,
6820-R2-67125-06_NOHD-SS01_1.pdf,OTHER THAN SHOP MATERIALS,12,3/4,"SBlt 2 HHx N, A193 Gr.B7/A194 Gr.2H, -, Xylan PTFE Coated, - 7.25 in. Length",C6S4K8BR,8.0,6820-R2-67125-06,6820,
6820-R2-67125-06_NOHD-SS01_1.pdf,OTHER THAN SHOP MATERIALS,13,3/4,"SBlt 2 HHx N, A193 Gr.B7/A194 Gr.2H, -, Xylan PTFE Coated, - 4.75 in. Length",C6S4K8BE,16.0,6820-R2-67125-06,6820,
6820-R2-67125-06_NOHD-SS01_1.pdf,OTHER THAN SHOP MATERIALS,14,1/2,"SBlt 2 HHx N, A193 Gr.B7/A194 Gr.2H, -, Xylan PTFE Coated, - 2.75 in. Length",C6S4K87U,8.0,6820-R2-67125-06,6820,
6820-R2-67125-06_NOHD-SS01_1.pdf,OTHER THAN SHOP MATERIALS,15,8,"But Waf, API 609 Cat.A, ASTM A395 Gr.60-40-18 PFA Lined and Epoxy Coated,150 Lbs, Lug-type RF, Ends as per ASME B16.5, GO,-, Valve Tag: BU-0808",C7CT0BXY,1.0,6820-R2-67125-06,6820,
6820-R2-67125-06_NOHD-SS01_1.pdf,OTHER THAN SHOP MATERIALS,16,8,"Plug Flg,SP, Tapered Plug, Non Lubricated, API 599, ASTM A351 Gr.CF8M, 150 Lbs, RF, Ends as per ASME B16.5, -, GO,-, -, Valve Tag: PL-0548",C6SDVYKY,1.0,6820-R2-67125-06,6820,
6820-R2-67125-06_NOHD-SS01_1.pdf,OTHER THAN SHOP MATERIALS,17,1,"Plug Flg,SP, Tapered Plug, Non Lubricated, API 599, ASTM A351 Gr.CF8M, 150 Lbs, RF, Ends as per ASME B16.5, -, LO,-, -, Valve Tag: PL-0548",C76KHSRR,1.0,6820-R2-67125-06,6820,
6820-R2-67125-06_NOHD-SS01_1.pdf,OTHER THAN SHOP MATERIALS,18,1,"Bld Flg, ASME B16.5, ASTM A182 Gr.F316L, 150 Lbs, RF, Annealed,",C80R6Y1H,1.0,6820-R2-67125-06,6820,
6820-R2-67125-07_NOHD-SS01_0.pdf,OTHER THAN SHOP MATERIALS,6,1,"NM Flat Gk, Barium Sulfate filled PTFE, 150 Lbs, RF as per ASME B16.5, -, Thk=1/8in, -,",C6S4K87F,2.0,6820-R2-67125-07,6820,
6820-R2-67125-07_NOHD-SS01_0.pdf,OTHER THAN SHOP MATERIALS,7,1/2,"SBlt 2 HHx N, A193 Gr.B7/A194 Gr.2H, -, Xylan PTFE Coated, - 2.75 in. Length",C6S4K87U,8.0,6820-R2-67125-07,6820,
6820-R2-67125-07_NOHD-SS01_0.pdf,OTHER THAN SHOP MATERIALS,8,1,"Plug Flg,SP, Tapered Plug, Non Lubricated, API 599, ASTM A351 Gr.CF8M, 150 Lbs, RF, Ends as per ASME B16.5, -, LO,-, -, Valve Tag: PL-0548",C76KHSRR,1.0,6820-R2-67125-07,6820,
6820-R2-67125-07_NOHD-SS01_0.pdf,PIPE SUPPORTS,9,1,PS204-1,PS204,1.0,6820-R2-67125-07,6820,
6820-R2-67125-07_NOHD-SS01_0.pdf,PIPE SUPPORTS,10,1,PS401-1-21.13-1,PS401,1.0,6820-R2-67125-07,6820,
6820-R2-67125-08_NOHD-SS01_0.pdf,OTHER THAN SHOP MATERIALS,6,1,"NM Flat Gk, Barium Sulfate filled PTFE, 150 Lbs, RF as per ASME B16.5, -, Thk=1/8in, -,",C6S4K87F,6.0,6820-R2-67125-08,6820,
6820-R2-67125-08_NOHD-SS01_0.pdf,OTHER THAN SHOP MATERIALS,7,1/2,"SBlt 2 HHx N, A193 Gr.B7/A194 Gr.2H, -, Xylan PTFE Coated, - 2.75 in. Length",C6S4K87U,16.0,6820-R2-67125-08,6820,
6820-R2-67125-08_NOHD-SS01_0.pdf,OTHER THAN SHOP MATERIALS,8,1/2,"SBlt 2 HHx N, A193 Gr.B7/A194 Gr.2H, -, Xylan PTFE Coated, - 2.5 in. Length",C6S4K87T,8.0,6820-R2-67125-08,6820,
6820-R2-67125-08_NOHD-SS01_0.pdf,OTHER THAN SHOP MATERIALS,9,1,"Plug Flg,SP, Tapered Plug, Non Lubricated, API 599, ASTM A351 Gr.CF8M, 150 Lbs, RF, Ends as per ASME B16.5, -, LO,-, -, Valve Tag: PL-0548",C76KHSRR,2.0,6820-R2-67125-08,6820,
6820-R2-67125-08_NOHD-SS01_0.pdf,OTHER THAN SHOP MATERIALS,10,1,"Bld Flg, ASME B16.5, ASTM A182 Gr.F316L, 150 Lbs, RF, Annealed,",C80R6Y1H,1.0,6820-R2-67125-08,6820,
6820-R2-67126-01_EPCW-CS01_0..pdf,OTHER THAN SHOP MATERIALS,6,14,"NM Flat Gk, Barium Sulfate filled PTFE, 150 Lbs, RF as per ASME B16.5, Full Face, Thk=1/8in, -,",C7CT1ZFN,1.0,6820-R2-67126-01,6820,
6820-R2-67126-01_EPCW-CS01_0..pdf,OTHER THAN SHOP MATERIALS,7,1,"SBlt 2 HHx N, A193 Gr.B7/A194 Gr.2H, -, Xylan PTFE Coated, - 5.5 in. Length",C6S4K8EA,12.0,6820-R2-67126-01,6820,
6820-R2-67126-01_EPCW-CS01_0..pdf,PIPE SUPPORTS,8,14,PS204-14,PS204,3.0,6820-R2-67126-01,6820,
6820-R2-67126-01_EPCW-CS01_0..pdf,PIPE SUPPORTS,9,14,PS402-1A-33,PS402,1.0,6820-R2-67126-01,6820,
6820-R2-67126-02_EPCW-CS01_1.pdf,OTHER THAN SHOP MATERIALS,6,14,"NM Flat Gk, Barium Sulfate filled PTFE, 150 Lbs, RF as per ASME B16.5, Full Face, Thk=1/8in, -,",C7CT1ZFN,1.0,6820-R2-67126-02,6820,
6820-R2-67126-02_EPCW-CS01_1.pdf,OTHER THAN SHOP MATERIALS,7,1,"SBlt 2 HHx N, A193 Gr.B7/A194 Gr.2H, -, Xylan PTFE Coated, - 5.5 in. Length",C6S4K8EA,12.0,6820-R2-67126-02,6820,
6820-R2-67126-02_EPCW-CS01_1.pdf,PIPE SUPPORTS,8,14,1 PS904-SH-6820-R2-67126-0001,PS904,1.0,6820-R2-67126-02,6820,
6820-R2-67126-02_EPCW-CS01_1.pdf,PIPE SUPPORTS,9,14,PS904-SH-6820-R2-67126-0002,PS904,1.0,6820-R2-67126-02,6820,
6820-R2-67126-02_EPCW-CS01_1.pdf,PIPE SUPPORTS,10,14,PS430-3-A-36,PS430,1.0,6820-R2-67126-02,6820,
6820-R2-67126-02_EPCW-CS01_1.pdf,PIPE SUPPORTS,11,14,PS413-2-16-10,PS413,1.0,6820-R2-67126-02,6820,
6820-R2-67126-02_EPCW-CS01_1.pdf,PIPE SUPPORTS,12,14,PS204-14,PS204,1.0,6820-R2-67126-02,6820,
6820-R2-67126-02_EPCW-CS01_1.pdf,PIPE SUPPORTS,13,14,PS406-1-16.25-41-18,PS406,1.0,6820-R2-67126-02,6820,
6820-R2-67127-02_EPCL-SS01_0.pdf,OTHER THAN SHOP MATERIALS,6,1,"Nipple, ASTM A312 Gr.TP304L, NPTM Ends, L = 3in, -, S-80S",CEZMKL0,1.0,6820-R2-67127-02,6820,
6820-R2-67127-02_EPCL-SS01_0.pdf,OTHER THAN SHOP MATERIALS,7,1,"THD Flg, ASME B16.5, ASTM A182 Gr.F304L, 150 Lbs, RF/NPTF End, Annealed,",C7W2U48L,1.0,6820-R2-67127-02,6820,
6820-R2-67127-02_EPCL-SS01_0.pdf,OTHER THAN SHOP MATERIALS,8,1,"NM Flat Gk, Barium Sulfate filled PTFE, 150 Lbs, RF as per ASME B16.5, Full Face, Thk=1/8in, -,",C7CT1ZFH,2.0,6820-R2-67127-02,6820,
6820-R2-67127-02_EPCL-SS01_0.pdf,OTHER THAN SHOP MATERIALS,9,1/2,"SBlt 2 HHx N, A193 Gr.B7/A194 Gr.2H, -, Xylan PTFE Coated, - 2.75 in. Length",C6S4K87U,8.0,6820-R2-67127-02,6820,
6820-R2-67127-02_EPCL-SS01_0.pdf,OTHER THAN SHOP MATERIALS,10,1,"Plug Flg,SP, Tapered Plug, Non Lubricated, API 599, ASTM A351 Gr.CF8M, 150 Lbs, RF, Ends as per ASME B16.5, -, LO,-, -, Valve Tag: PL-0548",C76KHSRR,1.0,6820-R2-67127-02,6820,
6820-R2-67127-02_EPCL-SS01_0.pdf,OTHER THAN SHOP MATERIALS,11,1,"Bld Flg, ASME B16.5, ASTM A182 Gr.F304L, 150 Lbs, RF, Annealed,",C7W2U478,1.0,6820-R2-67127-02,6820,
6820-R2-67127-03_EPCL-SS01_0..pdf,OTHER THAN SHOP MATERIALS,6,6,"NM Flat Gk, Barium Sulfate filled PTFE, 150 Lbs, RF as per ASME B16.5, Full Face, Thk=1/8in, -,",C7CT1ZG1,4.0,6820-R2-67127-03,6820,
6820-R2-67127-03_EPCL-SS01_0..pdf,OTHER THAN SHOP MATERIALS,7,3/4,"SBlt 2 HHx N, A193 Gr.B7/A194 Gr.2H, -, Xylan PTFE Coated, - 4.25 in. Length",C6S4K8BC,16.0,6820-R2-67127-03,6820,
6820-R2-67127-03_EPCL-SS01_0..pdf,OTHER THAN SHOP MATERIALS,8,3/4,"SBlt 2 HHx N, A193 Gr.B7/A194 Gr.2H, -, Xylan PTFE Coated, - 4.5 in. Length",C6S4K8BD,8.0,6820-R2-67127-03,6820,
6820-R2-67127-03_EPCL-SS01_0..pdf,PIPE SUPPORTS,9,6,PS214-16,PS214,1.0,6820-R2-67127-03,6820,
6820-R2-67128-01_EPCL-SS01_1.pdf,OTHER THAN SHOP MATERIALS,8,10,"NM Flat Gk, Barium Sulfate filled PTFE, 150 Lbs, RF as per ASME B16.5, Full Face, Thk=1/8in, -,",C7CT1ZFL,2.0,6820-R2-67128-01,6820,
6820-R2-67128-01_EPCL-SS01_1.pdf,OTHER THAN SHOP MATERIALS,9,7/8,"SBlt 2 HHx N, A193 Gr.B7/A194 Gr.2H, -, Xylan PTFE Coated, - 4.75 in. Length SUPPORTS",C6S4K8CT,24.0,6820-R2-67128-01,6820,
6820-R2-67128-01_EPCL-SS01_1.pdf,OTHER THAN SHOP MATERIALS,10,10,PS204-10,PS204,3.0,6820-R2-67128-01,6820,
6820-R2-67128-01_EPCL-SS01_1.pdf,OTHER THAN SHOP MATERIALS,11,10,PS413-1-15-15,PS413,2.0,6820-R2-67128-01,6820,
6820-R2-67128-01_EPCL-SS01_1.pdf,OTHER THAN SHOP MATERIALS,12,10,PS406-2A-35.5-60-48,PS406,2.0,6820-R2-67128-01,6820,
6820-R2-67128-03_EPCL-SS01_0..pdf,OTHER THAN SHOP MATERIALS,6,1,"Nipple, ASTM A312 Gr.TP304L, NPTM Ends, L = 3in, -, S-80S",CEZMKL0,1.0,6820-R2-67128-03,6820,
6820-R2-67128-03_EPCL-SS01_0..pdf,OTHER THAN SHOP MATERIALS,7,1,"THD Flg, ASME B16.5, ASTM A182 Gr.F304L, 150 Lbs, RF/NPTF End, Annealed,",C7W2U48L,1.0,6820-R2-67128-03,6820,
6820-R2-67128-03_EPCL-SS01_0..pdf,OTHER THAN SHOP MATERIALS,8,6,"NM Flat Gk, Barium Sulfate filled PTFE, 150 Lbs, RF as per ASME B16.5, Full Face, Thk=1/8in, -,",C7CT1ZG1,1.0,6820-R2-67128-03,6820,
6820-R2-67128-03_EPCL-SS01_0..pdf,OTHER THAN SHOP MATERIALS,9,1,"NM Flat Gk, Barium Sulfate filled PTFE, 150 Lbs, RF as per ASME B16.5, Full Face, Thk=1/8in, -,",C7CT1ZFH,2.0,6820-R2-67128-03,6820,
6820-R2-67128-03_EPCL-SS01_0..pdf,OTHER THAN SHOP MATERIALS,10,3/4,"SBlt 2 HHx N, A193 Gr.B7/A194 Gr.2H, -, Xylan PTFE Coated, - 4.25 in. Length",C6S4K8BC,8.0,6820-R2-67128-03,6820,
6820-R2-67128-03_EPCL-SS01_0..pdf,OTHER THAN SHOP MATERIALS,11,1/2,"SBlt 2 HHx N, A193 Gr.B7/A194 Gr.2H, -, Xylan PTFE Coated, - 2.75 in. Length",C6S4K87U,8.0,6820-R2-67128-03,6820,
6820-R2-67128-03_EPCL-SS01_0..pdf,OTHER THAN SHOP MATERIALS,12,1,"Plug Flg,SP, Tapered Plug, Non Lubricated, API 599, ASTM A351 Gr.CF8M, 150 Lbs, RF, Ends as per ASME B16.5, -, LO,-, -, Valve Tag: PL-0548",C76KHSRR,1.0,6820-R2-67128-03,6820,
6820-R2-67128-03_EPCL-SS01_0..pdf,OTHER THAN SHOP MATERIALS,13,1,"Bld Flg, ASME B16.5, ASTM A182 Gr.F304L, 150 Lbs, RF, Annealed,",C7W2U478,1.0,6820-R2-67128-03,6820,
6820-R2-67128-04_EPCL-SS01_0..pdf,OTHER THAN SHOP MATERIALS,6,6,"NM Flat Gk, Barium Sulfate filled PTFE, 150 Lbs, RF as per ASME B16.5, Full Face, Thk=1/8in, -,",C7CT1ZG1,3.0,6820-R2-67128-04,6820,
6820-R2-67128-04_EPCL-SS01_0..pdf,OTHER THAN SHOP MATERIALS,7,3/4,"SBlt 2 HHx N, A193 Gr.B7/A194 Gr.2H, -, Xylan PTFE Coated, - 4.25 in. Length",C6S4K8BC,8.0,6820-R2-67128-04,6820,
6820-R2-67128-04_EPCL-SS01_0..pdf,OTHER THAN SHOP MATERIALS,8,3/4,"SBlt 2 HHx N, A193 Gr.B7/A194 Gr.2H, -, Xylan PTFE Coated, - 4.5 in. Length",C6S4K8BD,8.0,6820-R2-67128-04,6820,
6820-R2-67128-04_EPCL-SS01_0..pdf,PIPE SUPPORTS,9,6,PS214-16,PS214,1.0,6820-R2-67128-04,6820,
6820-R2-67129-01_EPCL-SS01_0..pdf,OTHER THAN SHOP MATERIALS,7,1,"Nipple, ASTM A312 Gr.TP304L, NPTM Ends, L = 3in, -, S-80S",CEZMKL0,1.0,6820-R2-67129-01,6820,
6820-R2-67129-01_EPCL-SS01_0..pdf,OTHER THAN SHOP MATERIALS,8,1,"THD Flg, ASME B16.5, ASTM A182 Gr.F304L, 150 Lbs, RF/NPTF End, Annealed,",C7W2U48L,1.0,6820-R2-67129-01,6820,
6820-R2-67129-01_EPCL-SS01_0..pdf,OTHER THAN SHOP MATERIALS,9,4,"NM Flat Gk, Barium Sulfate filled PTFE, 150 Lbs, RF as per ASME B16.5, Full Face, Thk=1/8in, -,",C7CT1ZFZ,1.0,6820-R2-67129-01,6820,
6820-R2-67129-01_EPCL-SS01_0..pdf,OTHER THAN SHOP MATERIALS,10,1,"NM Flat Gk, Barium Sulfate filled PTFE, 150 Lbs, RF as per ASME B16.5, Full Face, Thk=1/8in, -,",C7CT1ZFH,2.0,6820-R2-67129-01,6820,
6820-R2-67129-01_EPCL-SS01_0..pdf,OTHER THAN SHOP MATERIALS,11,5/8,"SBlt 2 HHx N, A193 Gr.B7/A194 Gr.2H, -, Xylan PTFE Coated, - 3.75 in. Length",C6S4K88S,8.0,6820-R2-67129-01,6820,
6820-R2-67129-01_EPCL-SS01_0..pdf,OTHER THAN SHOP MATERIALS,12,1/2,"SBlt 2 HHx N, A193 Gr.B7/A194 Gr.2H, -, Xylan PTFE Coated, - 2.75 in. Length",C6S4K87U,8.0,6820-R2-67129-01,6820,
6820-R2-67129-01_EPCL-SS01_0..pdf,OTHER THAN SHOP MATERIALS,13,1,"Plug Flg,SP, Tapered Plug, Non Lubricated, API 599, ASTM A351 Gr.CF8M, 150 Lbs, RF, Ends as per ASME B16.5, -, LO,-, -, Valve Tag: PL-0548",C76KHSRR,1.0,6820-R2-67129-01,6820,
6820-R2-67129-01_EPCL-SS01_0..pdf,OTHER THAN SHOP MATERIALS,14,1,"Bld Flg, ASME B16.5, ASTM A182 Gr.F304L, 150 Lbs, RF, Annealed,",C7W2U478,1.0,6820-R2-67129-01,6820,
6820-R2-67129-02_EPCL-SS01_0..pdf,OTHER THAN SHOP MATERIALS,4,8,"NM Flat Gk, Barium Sulfate filled PTFE, 150 Lbs, RF as per ASME B16.5, Full Face, Thk=1/8in, -,",C7CT1ZG2,1.0,6820-R2-67129-02,6820,
6820-R2-67129-02_EPCL-SS01_0..pdf,OTHER THAN SHOP MATERIALS,5,3/4,"SBlt 2 HHx N, A193 Gr.B7/A194 Gr.2H, -, Xylan PTFE Coated, - 4.5 in. Length",C6S4K8BD,8.0,6820-R2-67129-02,6820,
6820-R2-67129-03_EPCL-SS01_0..pdf,OTHER THAN SHOP MATERIALS,6,1,"Nipple, ASTM A312 Gr.TP304L, NPTM Ends, L = 3in, -, S-80S",CEZMKL0,1.0,6820-R2-67129-03,6820,
6820-R2-67129-03_EPCL-SS01_0..pdf,OTHER THAN SHOP MATERIALS,7,1,"THD Flg, ASME B16.5, ASTM A182 Gr.F304L, 150 Lbs, RF/NPTF End, Annealed,",C7W2U48L,1.0,6820-R2-67129-03,6820,
6820-R2-67129-03_EPCL-SS01_0..pdf,OTHER THAN SHOP MATERIALS,8,8,"NM Flat Gk, Barium Sulfate filled PTFE, 150 Lbs, RF as per ASME B16.5, Full Face, Thk=1/8in, -,",C7CT1ZG2,2.0,6820-R2-67129-03,6820,
6820-R2-67129-03_EPCL-SS01_0..pdf,OTHER THAN SHOP MATERIALS,9,1,"NM Flat Gk, Barium Sulfate filled PTFE, 150 Lbs, RF as per ASME B16.5, Full Face, Thk=1/8in, -,",C7CT1ZFH,2.0,6820-R2-67129-03,6820,
6820-R2-67129-03_EPCL-SS01_0..pdf,OTHER THAN SHOP MATERIALS,10,3/4,"SBlt 2 HHx N, A193 Gr.B7/A194 Gr.2H, -, Xylan PTFE Coated, - 4.5 in. Length",C6S4K8BD,16.0,6820-R2-67129-03,6820,
6820-R2-67129-03_EPCL-SS01_0..pdf,OTHER THAN SHOP MATERIALS,11,1/2,"SBlt 2 HHx N, A193 Gr.B7/A194 Gr.2H, -, Xylan PTFE Coated, - 2.75 in. Length",C6S4K87U,8.0,6820-R2-67129-03,6820,
6820-R2-67129-03_EPCL-SS01_0..pdf,OTHER THAN SHOP MATERIALS,12,8,"SwgChk Flg, ASME B16.34, ASTM A351 Gr.CF8M,150 Lbs, RF, Ends as per ASME B16.5,-, Valve Tag: CH-0276",C76KHSRG,1.0,6820-R2-67129-03,6820,
6820-R2-67129-03_EPCL-SS01_0..pdf,OTHER THAN SHOP MATERIALS,13,1,"Plug Flg,SP, Tapered Plug, Non Lubricated, API 599, ASTM A351 Gr.CF8M, 150 Lbs, RF, Ends as per ASME B16.5, -, LO,-, -, Valve Tag: PL-0548",C76KHSRR,1.0,6820-R2-67129-03,6820,
6820-R2-67129-03_EPCL-SS01_0..pdf,OTHER THAN SHOP MATERIALS,14,1,"Bld Flg, ASME B16.5, ASTM A182 Gr.F304L, 150 Lbs, RF, Annealed,",C7W2U478,1.0,6820-R2-67129-03,6820,
6820-R2-67129-03_EPCL-SS01_0..pdf,PIPE SUPPORTS,15,8,PS206-8-1,PS206,1.0,6820-R2-67129-03,6820,
6820-R2-67129-03_EPCL-SS01_0..pdf,PIPE SUPPORTS,16,8,PS204-8,PS204,1.0,6820-R2-67129-03,6820,
6820-R2-67129-03_EPCL-SS01_0..pdf,PIPE SUPPORTS,17,8,PS407-3-20.4-14-/,PS407,1.0,6820-R2-67129-03,6820,
6820-R2-67129-04_EPCL-SS01_0..pdf,OTHER THAN SHOP MATERIALS,5,1,"Nipple, ASTM A312 Gr.TP304L, NPTM Ends, L = 3in, -, S-80S",CEZMKL0,1.0,6820-R2-67129-04,6820,
6820-R2-67129-04_EPCL-SS01_0..pdf,OTHER THAN SHOP MATERIALS,6,1,"THD Flg, ASME B16.5, ASTM A182 Gr.F304L, 150 Lbs, RF/NPTF End, Annealed,",C7W2U48L,1.0,6820-R2-67129-04,6820,
6820-R2-67129-04_EPCL-SS01_0..pdf,OTHER THAN SHOP MATERIALS,7,1,"NM Flat Gk, Barium Sulfate filled PTFE, 150 Lbs, RF as per ASME B16.5, Full Face, Thk=1/8in, -,",C7CT1ZFH,2.0,6820-R2-67129-04,6820,
6820-R2-67129-04_EPCL-SS01_0..pdf,OTHER THAN SHOP MATERIALS,8,1/2,"SBlt 2 HHx N, A193 Gr.B7/A194 Gr.2H, -, Xylan PTFE Coated, - 2.75 in. Length",C6S4K87U,8.0,6820-R2-67129-04,6820,
6820-R2-67129-04_EPCL-SS01_0..pdf,OTHER THAN SHOP MATERIALS,9,1,"Plug Flg,SP, Tapered Plug, Non Lubricated, API 599, ASTM A351 Gr.CF8M, 150 Lbs, RF, Ends as per ASME B16.5, -, LO,-, -, Valve Tag: PL-0548",C76KHSRR,1.0,6820-R2-67129-04,6820,
6820-R2-67129-04_EPCL-SS01_0..pdf,OTHER THAN SHOP MATERIALS,10,1,"Bld Flg, ASME B16.5, ASTM A182 Gr.F304L, 150 Lbs, RF, Annealed,",C7W2U478,1.0,6820-R2-67129-04,6820,
6820-R2-67129-04_EPCL-SS01_0..pdf,PIPE SUPPORTS,11,8,PS204-8,PS204,1.0,6820-R2-67129-04,6820,
6820-R2-67129-04_EPCL-SS01_0..pdf,PIPE SUPPORTS,12,8,PS407-3-20.4-14-/,PS407,1.0,6820-R2-67129-04,6820,
6820-R2-67129-05_EPCL-SS01_1.pdf,OTHER THAN SHOP MATERIALS,4,8,"NM Flat Gk, Barium Sulfate filled PTFE, 150 Lbs, RF as per ASME B16.5, Full Face, Thk=1/8in, -,",C7CT1ZG2,2.0,6820-R2-67129-05,6820,
6820-R2-67129-05_EPCL-SS01_1.pdf,OTHER THAN SHOP MATERIALS,5,3/4,"SBlt 2 HHx N, A193 Gr.B7/A194 Gr.2H, -, Xylan PTFE Coated, - 7.25 in. Length",C6S4K8BR,8.0,6820-R2-67129-05,6820,
6820-R2-67129-05_EPCL-SS01_1.pdf,OTHER THAN SHOP MATERIALS,6,8,"But Waf, API 609 Cat.B, ASTM A351 Gr.CF8M,150 Lbs, Lug-type RF, Ends as per ASME B16.5, GO,-, Valve Tag: BU-1191",C8PLE444,1.0,6820-R2-67129-05,6820,
6820-R2-67129-06_EPCL-SS01_1.pdf,OTHER THAN SHOP MATERIALS,1,2,"Nipple, ASTM A312 Gr.TP304L, NPTM Ends, L = 6in, -, S-80S",CF5AB9Z,1.0,6820-R2-67129-06,6820,
6820-R2-67129-06_EPCL-SS01_1.pdf,OTHER THAN SHOP MATERIALS,2,2,"THD Flg, ASME B16.5, ASTM A182 Gr.F304L, 150 Lbs, RF/NPTF End, Annealed,",C7W2U48P,1.0,6820-R2-67129-06,6820,
6820-R2-67129-06_EPCL-SS01_1.pdf,OTHER THAN SHOP MATERIALS,3,2,"NM Flat Gk, Barium Sulfate filled PTFE, 150 Lbs, RF as per ASME B16.5, Full Face, Thk=1/8in, -,",C7CT1ZFS,3.0,6820-R2-67129-06,6820,
6820-R2-67129-06_EPCL-SS01_1.pdf,OTHER THAN SHOP MATERIALS,4,5/8,"SBlt 2 HHx N, A193 Gr.B7/A194 Gr.2H, -, Xylan PTFE Coated, - 1 3.5 in. Length",C6S4K88R,4.0,6820-R2-67129-06,6820,
6820-R2-67129-06_EPCL-SS01_1.pdf,OTHER THAN SHOP MATERIALS,5,5/8,"SBlt 2 HHx N, A193 Gr.B7/A194 1 Gr.2H, -, Xylan PTFE Coated, - 6.75 in. Length",C6S4K894,4.0,6820-R2-67129-06,6820,
6820-R2-67129-06_EPCL-SS01_1.pdf,OTHER THAN SHOP MATERIALS,6,2,"Plug Flg,SP, Tapered Plug, Non Lubricated, API 599, ASTM A351 Gr.CF8M, 150 Lbs, RF, Ends as per ASME B16.5, -, LO,-, -, Valve Tag: PL-0548",C6SDVYKZ,1.0,6820-R2-67129-06,6820,
6820-R2-67130-01_EPCL-SS01_0..pdf,OTHER THAN SHOP MATERIALS,7,1,"Nipple, ASTM A312 Gr.TP304L, NPTM Ends, L = 3in, -, S-80S",CEZMKL0,1.0,6820-R2-67130-01,6820,
6820-R2-67130-01_EPCL-SS01_0..pdf,OTHER THAN SHOP MATERIALS,8,1,"THD Flg, ASME B16.5, ASTM A182 Gr.F304L, 150 Lbs, RF/NPTF End, Annealed,",C7W2U48L,1.0,6820-R2-67130-01,6820,
6820-R2-67130-01_EPCL-SS01_0..pdf,OTHER THAN SHOP MATERIALS,9,4,"NM Flat Gk, Barium Sulfate filled PTFE, 150 Lbs, RF as per ASME B16.5, Full Face, Thk=1/8in, -,",C7CT1ZFZ,1.0,6820-R2-67130-01,6820,
6820-R2-67130-01_EPCL-SS01_0..pdf,OTHER THAN SHOP MATERIALS,10,1,"NM Flat Gk, Barium Sulfate filled PTFE, 150 Lbs, RF as per ASME B16.5, Full Face, Thk=1/8in, -,",C7CT1ZFH,2.0,6820-R2-67130-01,6820,
6820-R2-67130-01_EPCL-SS01_0..pdf,OTHER THAN SHOP MATERIALS,11,5/8,"SBlt 2 HHx N, A193 Gr.B7/A194 Gr.2H, -, Xylan PTFE Coated, - 3.75 in. Length",C6S4K88S,8.0,6820-R2-67130-01,6820,
6820-R2-67130-01_EPCL-SS01_0..pdf,OTHER THAN SHOP MATERIALS,12,1/2,"SBlt 2 HHx N, A193 Gr.B7/A194 Gr.2H, -, Xylan PTFE Coated, - 2.75 in. Length",C6S4K87U,8.0,6820-R2-67130-01,6820,
6820-R2-67130-01_EPCL-SS01_0..pdf,OTHER THAN SHOP MATERIALS,13,1,"Plug Flg,SP, Tapered Plug, Non Lubricated, API 599, ASTM A351 Gr.CF8M, 150 Lbs, RF, Ends as per ASME B16.5, -, LO,-, -, Valve Tag: PL-0548",C76KHSRR,1.0,6820-R2-67130-01,6820,
6820-R2-67130-01_EPCL-SS01_0..pdf,OTHER THAN SHOP MATERIALS,14,1,"Bld Flg, ASME B16.5, ASTM A182 Gr.F304L, 150 Lbs, RF, Annealed,",C7W2U478,1.0,6820-R2-67130-01,6820,
6820-R2-67130-02_EPCL-SS01_0..pdf,OTHER THAN SHOP MATERIALS,7,8,"NM Flat Gk, Barium Sulfate filled PTFE, 150 Lbs, RF as per ASME B16.5, Full Face, Thk=1/8in, -,",C7CT1ZG2,1.0,6820-R2-67130-02,6820,
6820-R2-67130-02_EPCL-SS01_0..pdf,OTHER THAN SHOP MATERIALS,8,3/4,"SBlt 2 HHx N, A193 Gr.B7/A194 Gr.2H, -, Xylan PTFE Coated, - 4.5 in. Length",C6S4K8BD,8.0,6820-R2-67130-02,6820,
6820-R2-67130-02_EPCL-SS01_0..pdf,PIPE SUPPORTS,9,8,PS206-8-1,PS206,1.0,6820-R2-67130-02,6820,
6820-R2-67130-02_EPCL-SS01_0..pdf,PIPE SUPPORTS,10,8,PS204-8,PS204,1.0,6820-R2-67130-02,6820,
6820-R2-67130-02_EPCL-SS01_0..pdf,PIPE SUPPORTS,11,8,PS407-3-20.4-14-/,PS407,1.0,6820-R2-67130-02,6820,
6820-R2-67130-03_EPCL-SS01_1.pdf,OTHER THAN SHOP MATERIALS,6,8,"NM Flat Gk, Barium Sulfate filled PTFE, 150 Lbs, RF as per ASME B16.5, Full Face, Thk=1/8in, -,",C7CT1ZG2,4.0,6820-R2-67130-03,6820,
6820-R2-67130-03_EPCL-SS01_1.pdf,OTHER THAN SHOP MATERIALS,7,3/4,"SBlt 2 HHx N, A193 Gr.B7/A194 Gr.2H, -, Xylan PTFE Coated, - 7.25 in. Length",C6S4K8BR,8.0,6820-R2-67130-03,6820,
6820-R2-67130-03_EPCL-SS01_1.pdf,OTHER THAN SHOP MATERIALS,8,3/4,"SBlt 2 HHx N, A193 Gr.B7/A194 Gr.2H, -, Xylan PTFE Coated, - 4.5 in. Length",C6S4K8BD,16.0,6820-R2-67130-03,6820,
6820-R2-67130-03_EPCL-SS01_1.pdf,OTHER THAN SHOP MATERIALS,9,8,"But Waf, API 609 Cat.B, ASTM A351 Gr.CF8M,150 Lbs, Lug-type RF, Ends as per ASME B16.5, GO,-, Valve Tag: BU-1191",C8PLE444,1.0,6820-R2-67130-03,6820,
6820-R2-67130-03_EPCL-SS01_1.pdf,OTHER THAN SHOP MATERIALS,10,8,"SwgChk Flg, ASME B16.34, ASTM A351 Gr.CF8M,150 Lbs, RF, Ends as per ASME B16.5,-, Valve Tag: CH-0276",C76KHSRG,1.0,6820-R2-67130-03,6820,
6820-R2-67130-03_EPCL-SS01_1.pdf,PIPE SUPPORTS,11,8,PS204-8,PS204,1.0,6820-R2-67130-03,6820,
6820-R2-67130-03_EPCL-SS01_1.pdf,PIPE SUPPORTS,12,8,PS407-3-20.4-14-/,PS407,1.0,6820-R2-67130-03,6820,
6820-R2-67130-04_EPCL-SS01_0..pdf,OTHER THAN SHOP MATERIALS,8,8,"NM Flat Gk, Barium Sulfate filled PTFE, 150 Lbs, RF as per ASME B16.5, Full Face, Thk=1/8in, -,",C7CT1ZG2,2.0,6820-R2-67130-04,6820,
6820-R2-67130-04_EPCL-SS01_0..pdf,OTHER THAN SHOP MATERIALS,9,3/4,"SBlt 2 HHx N, A193 Gr.B7/A194 Gr.2H, -, Xylan PTFE Coated, - 4.5 in. Length",C6S4K8BD,16.0,6820-R2-67130-04,6820,
6820-R2-67130-04_EPCL-SS01_0..pdf,OTHER THAN SHOP MATERIALS,10,8,"SwgChk Flg, ASME B16.34, ASTM A351 Gr.CF8M,150 Lbs, RF, Ends as per ASME B16.5,-, Valve Tag: CH-0276",C76KHSRG,1.0,6820-R2-67130-04,6820,
6820-R2-67130-04_EPCL-SS01_0..pdf,PIPE SUPPORTS,11,8,PS406-2-37.56-20-10,PS406,1.0,6820-R2-67130-04,6820,
6820-R2-67130-04_EPCL-SS01_0..pdf,PIPE SUPPORTS,12,8,PS204-8,PS204,1.0,6820-R2-67130-04,6820,
6820-R2-67130-05_EPCL-SS01_0.pdf,OTHER THAN SHOP MATERIALS,7,1,"Nipple, ASTM A312 Gr.TP304L, NPTM Ends, L = 3in, -, S-80S",CEZMKL0,1.0,6820-R2-67130-05,6820,
6820-R2-67130-05_EPCL-SS01_0.pdf,OTHER THAN SHOP MATERIALS,8,1,"THD Flg, ASME B16.5, ASTM A182 Gr.F304L, 150 Lbs, RF/NPTF End, Annealed,",C7W2U48L,1.0,6820-R2-67130-05,6820,
6820-R2-67130-05_EPCL-SS01_0.pdf,OTHER THAN SHOP MATERIALS,9,1,"NM Flat Gk, Barium Sulfate filled PTFE, 150 Lbs, RF as per ASME B16.5, Full Face, Thk=1/8in, -,",C7CT1ZFH,2.0,6820-R2-67130-05,6820,
6820-R2-67130-05_EPCL-SS01_0.pdf,OTHER THAN SHOP MATERIALS,10,1/2,"SBlt 2 HHx N, A193 Gr.B7/A194 Gr.2H, -, Xylan PTFE Coated, - 2.75 in. Length",C6S4K87U,8.0,6820-R2-67130-05,6820,
6820-R2-67130-05_EPCL-SS01_0.pdf,OTHER THAN SHOP MATERIALS,11,1,"Plug Flg,SP, Tapered Plug, Non Lubricated, API 599, ASTM A351 Gr.CF8M, 150 Lbs, RF, Ends as per ASME B16.5, -, LO,-, -, Valve Tag: PL-0548",C76KHSRR,1.0,6820-R2-67130-05,6820,
6820-R2-67130-05_EPCL-SS01_0.pdf,OTHER THAN SHOP MATERIALS,12,1,"Bld Flg, ASME B16.5, ASTM A182 Gr.F304L, 150 Lbs, RF, Annealed,",C7W2U478,1.0,6820-R2-67130-05,6820,
6820-R2-67130-05_EPCL-SS01_0.pdf,PIPE SUPPORTS,13,8,PS206-8-1,PS206,1.0,6820-R2-67130-05,6820,
6820-R2-67130-05_EPCL-SS01_0.pdf,PIPE SUPPORTS,14,8,PS204-8,PS204,1.0,6820-R2-67130-05,6820,
6820-R2-67130-06_EPCL-SS01_0.pdf,OTHER THAN SHOP MATERIALS,6,8,"NM Flat Gk, Barium Sulfate filled PTFE, 150 Lbs, RF as per ASME B16.5, Full Face, Thk=1/8in, -,",C7CT1ZG2,2.0,6820-R2-67130-06,6820,
6820-R2-67130-06_EPCL-SS01_0.pdf,OTHER THAN SHOP MATERIALS,7,1,"NM Flat Gk, Barium Sulfate filled PTFE, 150 Lbs, RF as per ASME B16.5, Full Face, Thk=1/8in, -,",C7CT1ZFH,2.0,6820-R2-67130-06,6820,
6820-R2-67130-06_EPCL-SS01_0.pdf,OTHER THAN SHOP MATERIALS,8,3/4,"SBlt 2 HHx N, A193 Gr.B7/A194 Gr.2H, -, Xylan PTFE Coated, - 4.5 in. Length",C6S4K8BD,16.0,6820-R2-67130-06,6820,
6820-R2-67130-06_EPCL-SS01_0.pdf,OTHER THAN SHOP MATERIALS,9,1/2,"SBlt 2 HHx N, A193 Gr.B7/A194 Gr.2H, -, Xylan PTFE Coated, - 2.75 in. Length",C6S4K87U,8.0,6820-R2-67130-06,6820,
6820-R2-67130-06_EPCL-SS01_0.pdf,OTHER THAN SHOP MATERIALS,10,1,"Plug Flg,SP, Tapered Plug, Non Lubricated, API 599, ASTM A351 Gr.CF8M, 150 Lbs, RF, Ends as per ASME B16.5, -, LO,-, -, Valve Tag: PL-0548",C76KHSRR,1.0,6820-R2-67130-06,6820,
6820-R2-67130-06_EPCL-SS01_0.pdf,OTHER THAN SHOP MATERIALS,11,1,"Bld Flg, ASME B16.5, ASTM A182 Gr.F304L, 150 Lbs, RF, Annealed,",C7W2U478,1.0,6820-R2-67130-06,6820,
6820-R2-67130-07_EPCL-SS01_1.pdf,OTHER THAN SHOP MATERIALS,3,8,"NM Flat Gk, Barium Sulfate filled PTFE, 150 Lbs, RF as per ASME B16.5, Full Face, Thk=1/8in, -,",C7CT1ZG2,2.0,6820-R2-67130-07,6820,
6820-R2-67130-07_EPCL-SS01_1.pdf,OTHER THAN SHOP MATERIALS,4,8,"But Waf, API 609 Cat.B, ASTM A351 Gr.CF8M,150 Lbs, Lug-type RF, Ends as per ASME B16.5, GO,-, Valve Tag: BU-1191",C8PLE444,1.0,6820-R2-67130-07,6820,
6820-R2-67130-08_EPCL-SS01_1.pdf,OTHER THAN SHOP MATERIALS,9,8,"NM Flat Gk, Barium Sulfate filled PTFE, 150 Lbs, RF as per ASME B16.5, Full Face, Thk=1/8in, -,",C7CT1ZG2,2.0,6820-R2-67130-08,6820,
6820-R2-67130-08_EPCL-SS01_1.pdf,OTHER THAN SHOP MATERIALS,10,3/4,"SBlt 2 HHx N, A193 Gr.B7/A194 Gr.2H, -, Xylan PTFE Coated, - 7.25 in. Length",C6S4K8BR,8.0,6820-R2-67130-08,6820,
6820-R2-67130-08_EPCL-SS01_1.pdf,OTHER THAN SHOP MATERIALS,11,8,"But Waf, API 609 Cat.B, ASTM A351 Gr.CF8M,150 Lbs, Lug-type RF, Ends as per ASME B16.5, GO,-, Valve Tag: BU-1191",C8PLE444,1.0,6820-R2-67130-08,6820,
6820-R2-67130-08_EPCL-SS01_1.pdf,PIPE SUPPORTS,12,8,PS204-8,PS204,1.0,6820-R2-67130-08,6820,
6820-R2-67130-08_EPCL-SS01_1.pdf,PIPE SUPPORTS,13,8,PS406-2-13.87-20-10,PS406,1.0,6820-R2-67130-08,6820,
6820-R2-67130-08_EPCL-SS01_1.pdf,PIPE SUPPORTS,14,8,PS206-8-1,PS206,1.0,6820-R2-67130-08,6820,
6820-R2-67130-08_EPCL-SS01_1.pdf,PIPE SUPPORTS,15,8,PS429-1-48.92-23,PS429,1.0,6820-R2-67130-08,6820,
6820-R2-67130-08_EPCL-SS01_1.pdf,PIPE SUPPORTS,16,8,PS212-8,PS212,1.0,6820-R2-67130-08,6820,
6820-R2-67130-09_EPCL-SS01_1.pdf,OTHER THAN SHOP MATERIALS,1,2,"Nipple, ASTM A312 Gr.TP304L, NPTM Ends, L = 6in, -, S-80S",CF5AB9Z,1.0,6820-R2-67130-09,6820,
6820-R2-67130-09_EPCL-SS01_1.pdf,OTHER THAN SHOP MATERIALS,2,2,"THD Flg, ASME B16.5, ASTM A182 Gr.F304L, 150 Lbs, RF/NPTF End, Annealed,",C7W2U48P,1.0,6820-R2-67130-09,6820,
6820-R2-67130-09_EPCL-SS01_1.pdf,OTHER THAN SHOP MATERIALS,3,2,"NM Flat Gk, Barium Sulfate filled PTFE, 150 Lbs, RF as per ASME B16.5, Full Face, Thk=1/8in, -,",C7CT1ZFS,3.0,6820-R2-67130-09,6820,
6820-R2-67130-09_EPCL-SS01_1.pdf,OTHER THAN SHOP MATERIALS,4,5/8,"SBlt 2 HHx N, A193 Gr.B7/A194 Gr.2H, -, Xylan PTFE Coated, - 3.5 in. Length",C6S4K88R,4.0,6820-R2-67130-09,6820,
6820-R2-67130-09_EPCL-SS01_1.pdf,OTHER THAN SHOP MATERIALS,5,5/8,"1 SBlt 2 HHx N, A193 Gr.B7/A194 Gr.2H, -, Xylan PTFE Coated, - 6.75 in. Length",C6S4K894,4.0,6820-R2-67130-09,6820,
6820-R2-67130-09_EPCL-SS01_1.pdf,OTHER THAN SHOP MATERIALS,6,2,"Plug Flg,SP, Tapered Plug, Non Lubricated, API 599, ASTM A351 Gr.CF8M, 150 Lbs, RF, Ends as per ASME B16.5, -, LO,-, -, Valve Tag: PL-0548",C6SDVYKZ,1.0,6820-R2-67130-09,6820,
6820-R2-67130-10_EPCL-SS01_0..pdf,OTHER THAN SHOP MATERIALS,1,1,"Nipple, ASTM A312 Gr.TP304L, NPTM Ends, L = 3in, -, S-80S",CEZMKL0,1.0,6820-R2-67130-10,6820,
6820-R2-67130-10_EPCL-SS01_0..pdf,OTHER THAN SHOP MATERIALS,2,1,"NM Flat Gk, Barium Sulfate filled PTFE, 150 Lbs, RF as per ASME B16.5, Full Face, Thk=1/8in, -,",C7CT1ZFH,2.0,6820-R2-67130-10,6820,
6820-R2-67130-10_EPCL-SS01_0..pdf,OTHER THAN SHOP MATERIALS,3,1/2,"SBlt 2 HHx N, A193 Gr.B7/A194 Gr.2H, -, Xylan PTFE Coated, - 2.75 in. Length",C6S4K87U,8.0,6820-R2-67130-10,6820,
6820-R2-67130-10_EPCL-SS01_0..pdf,OTHER THAN SHOP MATERIALS,4,1,"Plug Flg,SP, Tapered Plug, Non Lubricated, API 599, ASTM A351 Gr.CF8M, 150 Lbs, RF, Ends as per ASME B16.5, -, LO,-, -, Valve Tag: PL-0548",C76KHSRR,1.0,6820-R2-67130-10,6820,
6820-R2-67130-10_EPCL-SS01_0..pdf,OTHER THAN SHOP MATERIALS,5,1,"Bld Flg, ASME B16.5, ASTM A182 Gr.F304L, 150 Lbs, RF, Annealed,",C7W2U478,1.0,6820-R2-67130-10,6820,
6820-R2-67130-11_EPCL-SS01_0..pdf,OTHER THAN SHOP MATERIALS,1,1,"Nipple, ASTM A312 Gr.TP304L, NPTM Ends, L = 3in, -, S-80S",CEZMKL0,1.0,6820-R2-67130-11,6820,
6820-R2-67130-11_EPCL-SS01_0..pdf,OTHER THAN SHOP MATERIALS,2,1,"NM Flat Gk, Barium Sulfate filled PTFE, 150 Lbs, RF as per ASME B16.5, Full Face, Thk=1/8in, -,",C7CT1ZFH,2.0,6820-R2-67130-11,6820,
6820-R2-67130-11_EPCL-SS01_0..pdf,OTHER THAN SHOP MATERIALS,3,1/2,"SBlt 2 HHx N, A193 Gr.B7/A194 Gr.2H, -, Xylan PTFE Coated, - 2.75 in. Length",C6S4K87U,8.0,6820-R2-67130-11,6820,
6820-R2-67130-11_EPCL-SS01_0..pdf,OTHER THAN SHOP MATERIALS,4,1,"Plug Flg,SP, Tapered Plug, Non Lubricated, API 599, ASTM A351 Gr.CF8M, 150 Lbs, RF, Ends as per ASME B16.5, -, LO,-, -, Valve Tag: PL-0548",C76KHSRR,1.0,6820-R2-67130-11,6820,
6820-R2-67130-11_EPCL-SS01_0..pdf,OTHER THAN SHOP MATERIALS,5,1,"Bld Flg, ASME B16.5, ASTM A182 Gr.F304L, 150 Lbs, RF, Annealed,",C7W2U478,1.0,6820-R2-67130-11,6820,
6820-R2-67130-12_EPCL-SS01_1.pdf,OTHER THAN SHOP MATERIALS,1,1,"Nipple, ASTM A312 Gr.TP304L, NPTM",CEZMKL0,1.0,6820-R2-67130-12,6820,
6820-R2-67130-12_EPCL-SS01_1.pdf,OTHER THAN SHOP MATERIALS,2,1,"THD Flg, ASME B16.5, ASTM A182 Gr.F304L, 150 Lbs, RF/NPTF End, Annealed,",C7W2U48L,1.0,6820-R2-67130-12,6820,
6820-R2-67130-12_EPCL-SS01_1.pdf,OTHER THAN SHOP MATERIALS,3,1,"NM Flat Gk, Barium Sulfate filled PTFE, 150 Lbs, RF as per ASME B16.5, Full Face, Thk=1/8in, -,",C7CT1ZFH,2.0,6820-R2-67130-12,6820,
6820-R2-67130-12_EPCL-SS01_1.pdf,OTHER THAN SHOP MATERIALS,4,1/2,"SBlt 2 HHx N, A193 Gr.B7/A194 Gr.2H, -, Xylan PTFE Coated, - 2.75 in. Length",C6S4K87U,8.0,6820-R2-67130-12,6820,
6820-R2-67130-12_EPCL-SS01_1.pdf,OTHER THAN SHOP MATERIALS,5,1,"Plug Flg,SP, Tapered Plug, Non Lubricated, API 599, ASTM A351 Gr.CF8M, 150 Lbs, RF, Ends as per ASME B16.5, -, LO,-, -, Valve Tag: PL-0548",C76KHSRR,1.0,6820-R2-67130-12,6820,
6820-R2-67130-12_EPCL-SS01_1.pdf,OTHER THAN SHOP MATERIALS,6,1,"Bld Flg, ASME B16.5, ASTM A182 Gr.F304L, 150 Lbs, RF, Annealed, TYPE: INSUL THK: SHOP: FIELD: PAINT CODE: MODULE: L Per LDT Per LDT N Y Per LDT - P&ID: 202998C-001-PID-0021-0329 UNIT#: EWP AREA: SPEC: STRESS CALC #: 6800 6820 EPCL-SS01 CN-0404 LINE No. 1""-R2-67130-EPCL-SS01-H Battleground DRAWING NUMBER REV. 6820-R2-67130-12 *6820-R2-67130-12*",C7W2U478,1.0,6820-R2-67130-12,6820,
6820-R2-67131-01_EPCL-SS01_0.pdf,OTHER THAN SHOP MATERIALS,1,1,"Pipes, Seamless, ASME ' B36.19/B36.10, ASTM A312 Gr.TP304L, NPTM Ends, w/ coupling, -, S-80S",C76KFFTD,39.3,6820-R2-67131-01,6820,
6820-R2-67131-01_EPCL-SS01_0.pdf,OTHER THAN SHOP MATERIALS,2,1,"90° Elb, ASME B16.11, ASTM A182 Gr.F304L, 3000 Lbs, NPTF Ends, Annealed,",C7BP5GGW,6.0,6820-R2-67131-01,6820,
6820-R2-67131-01_EPCL-SS01_0.pdf,OTHER THAN SHOP MATERIALS,3,1,"THD Flg, ASME B16.5, ASTM A182 Gr.F304L, 150 Lbs, RF/NPTF End, Annealed,",C7W2U48L,1.0,6820-R2-67131-01,6820,
6820-R2-67131-01_EPCL-SS01_0.pdf,PIPE SUPPORTS,4,1,PS105-1-12-4,PS105,4.0,6820-R2-67131-01,6820,
6820-R2-67131-01_EPCL-SS01_0.pdf,PIPE SUPPORTS,5,1,PS205-A,PS205,1.0,6820-R2-67131-01,6820,
6820-R2-67131-01_EPCL-SS01_0.pdf,PIPE SUPPORTS,6,1,PS719-A-18-24-12,PS719,3.0,6820-R2-67131-01,6820,
6820-R2-67131-01_EPCL-SS01_0.pdf,PIPE SUPPORTS,7,1,"PS204-1 TYPE: INSUL THK: SHOP: FIELD: PAINT CODE: MODULE: L Per LDT Per LDT N Y Per LDT - P&ID: 202998C-001-PID-0021-0329 UNIT#: EWP AREA: SPEC: STRESS CALC #: 6800 6820 EPCL-SS01 - LINE No. 1""-R2-67131-EPCL-SS01-H Battleground DRAWING NUMBER REV. 6820-R2-67131-01 *6820-R2-67131-01*",PS204,1.0,6820-R2-67131-01,6820,
6820-R2-67131-02_EPCL-SS01_1..pdf,OTHER THAN SHOP MATERIALS,1,1,"Pipes, Seamless, ASME ' B36.19/B36.10, ASTM A312 Gr.TP304L, NPTM Ends, w/ coupling, -, S-80S",C76KFFTD,2.1,6820-R2-67131-02,6820,
6820-R2-67131-02_EPCL-SS01_1..pdf,OTHER THAN SHOP MATERIALS,3,1,"90° Elb, ASME B16.11, ASTM A182 Gr.F304L, 3000 Lbs, NPTF Ends, Annealed,",C7BP5GGW,1.0,6820-R2-67131-02,6820,
6820-R2-67131-02_EPCL-SS01_1..pdf,OTHER THAN SHOP MATERIALS,4,1/2,"Plug, Solid Round Head Type, ASME B16.11, ASTM A182 Gr.F304L, NPTM End, Annealed,",C6SEUHBR,1.0,6820-R2-67131-02,6820,
6820-R2-67131-02_EPCL-SS01_1..pdf,OTHER THAN SHOP MATERIALS,5,1,"THD Flg, ASME B16.5, ASTM A182 Gr.F304L, 150 Lbs, RF/NPTF End, Annealed,",C7W2U48L,2.0,6820-R2-67131-02,6820,
6820-R2-67131-02_EPCL-SS01_1..pdf,OTHER THAN SHOP MATERIALS,6,1,"NM Flat Gk, Barium Sulfate filled PTFE, 150 Lbs, RF as per ASME B16.5, Full Face, Thk=1/8in, -,",C7CT1ZFH,4.0,6820-R2-67131-02,6820,
6820-R2-67131-02_EPCL-SS01_1..pdf,OTHER THAN SHOP MATERIALS,7,1/2,"SBlt 2 HHx N, A193 Gr.B7/A194 Gr.2H, -, Xylan PTFE Coated, - 2.75 in. Length",C6S4K87U,16.0,6820-R2-67131-02,6820,
6820-R2-67131-02_EPCL-SS01_1..pdf,OTHER THAN SHOP MATERIALS,8,1,"SwgChk Flg, ASME B16.34, ASTM A351 Gr.CF8M,150 Lbs, RF, Ends as per ASME B16.5,-, Valve Tag:",C7CXA8BE,1.0,6820-R2-67131-02,6820,
6820-R2-67131-02_EPCL-SS01_1..pdf,OTHER THAN SHOP MATERIALS,9,1,"Plug Flg,SP, Tapered Plug, Non Lubricated, API 599, ASTM A351 Gr.CF8M, 150 Lbs, RF, Ends as per ASME B16.5, -, LO,-, -, Valve Tag: PL-0548",C76KHSRR,1.0,6820-R2-67131-02,6820,
6820-R2-67131-02_EPCL-SS01_1..pdf,OTHER THAN SHOP MATERIALS,10,1/2,"Plug Fem,RgP, Tapered Plug, Non Lubricated, API 599, ASTM A351 Gr.CF8M, 300 Lbs, NPTF Ends, Ends as per ASME B1.20.1,-, LO, -, Valve Tag: PL-0547 TYPE: INSUL THK: SHOP: FIELD: PAINT CODE: MODULE: L Per LDT Per LDT N Y Per LDT - P&ID: 202998C-001-PID-0021-0329 UNIT#: EWP AREA: SPEC: STRESS CALC #: 6800 6820 EPCL-SS01 - LINE No. 1""-R2-67131-EPCL-SS01-H Battleground DRAWING NUMBER REV. 6820-R2-67131-02 *6820-R2-67131-02*",C6TYYMRF,1.0,6820-R2-67131-02,6820,
6820-R2-67131-04_EPCL-SS01_0..pdf,OTHER THAN SHOP MATERIALS,1,1,"Pipes, Seamless, ASME ' B36.19/B36.10, ASTM A312 Gr.TP304L, NPTM Ends, w/ coupling, -, S-80S",C76KFFTD,9.7,6820-R2-67131-04,6820,
6820-R2-67131-04_EPCL-SS01_0..pdf,OTHER THAN SHOP MATERIALS,3,1,"90° Elb, ASME B16.11, ASTM A182 Gr.F304L, 3000 Lbs, NPTF Ends, Annealed,",C7BP5GGW,3.0,6820-R2-67131-04,6820,
6820-R2-67131-04_EPCL-SS01_0..pdf,OTHER THAN SHOP MATERIALS,4,1,"THD Flg, ASME B16.5, ASTM A182 Gr.F304L, 150 Lbs, RF/NPTF End, Annealed,",C7W2U48L,5.0,6820-R2-67131-04,6820,
6820-R2-67131-04_EPCL-SS01_0..pdf,OTHER THAN SHOP MATERIALS,5,6,"NM Flat Gk, Barium Sulfate filled PTFE, 150 Lbs, RF as per ASME B16.5, Full Face, Thk=1/8in, -,",C7CT1ZG1,1.0,6820-R2-67131-04,6820,
6820-R2-67131-04_EPCL-SS01_0..pdf,OTHER THAN SHOP MATERIALS,6,1,"NM Flat Gk, Barium Sulfate filled PTFE, 150 Lbs, RF as per ASME B16.5, Full Face, Thk=1/8in, -,",C7CT1ZFH,4.0,6820-R2-67131-04,6820,
6820-R2-67131-04_EPCL-SS01_0..pdf,OTHER THAN SHOP MATERIALS,7,3/4,"SBlt 2 HHx N, A193 Gr.B7/A194 Gr.2H, -, Xylan PTFE Coated, - 4 in. Length",C6S4K8BB,8.0,6820-R2-67131-04,6820,
6820-R2-67131-04_EPCL-SS01_0..pdf,OTHER THAN SHOP MATERIALS,8,1/2,"SBlt 2 HHx N, A193 Gr.B7/A194 Gr.2H, -, Xylan PTFE Coated, - 2.5 in. Length",C6S4K87T,4.0,6820-R2-67131-04,6820,
6820-R2-67131-04_EPCL-SS01_0..pdf,OTHER THAN SHOP MATERIALS,9,1/2,"SBlt 2 HHx N, A193 Gr.B7/A194 Gr.2H, -, Xylan PTFE Coated, - 2.75 in. Length",C6S4K87U,12.0,6820-R2-67131-04,6820,
6820-R2-67131-04_EPCL-SS01_0..pdf,OTHER THAN SHOP MATERIALS,10,1,"Plug Flg,SP, Tapered Plug, Non Lubricated, API 599, ASTM A351 Gr.CF8M, 150 Lbs, RF, Ends as per ASME B16.5, -, LO,-, -, Valve Tag: PL-0548",C76KHSRR,1.0,6820-R2-67131-04,6820,
6820-R2-67131-04_EPCL-SS01_0..pdf,PIPE SUPPORTS,11,1,PS719-H-10.20-6-/,PS719,1.0,6820-R2-67131-04,6820,
6820-R2-67131-04_EPCL-SS01_0..pdf,PIPE SUPPORTS,12,1,PS204-1,PS204,1.0,6820-R2-67131-04,6820,
6820-R2-67131-04_EPCL-SS01_0..pdf,PIPE SUPPORTS,13,1,"PS105-1-12-4 TYPE: INSUL THK: SHOP: FIELD: PAINT CODE: MODULE: L Per LDT Per LDT N Y Per LDT - P&ID: 202998C-001-PID-0021-0329 UNIT#: EWP AREA: SPEC: STRESS CALC #: 6800 6820 EPCL-SS01 - LINE No. 6""-R2-67131-EPCL-SS01-H Battleground DRAWING NUMBER REV. 6820-R2-67131-04 *6820-R2-67131-04*",PS105,1.0,6820-R2-67131-04,6820,
6820-R2-67132-01_EPCL-SS01_0.pdf,OTHER THAN SHOP MATERIALS,1,1,"Pipes, Seamless, ASME ' B36.19/B36.10, ASTM A312 Gr.TP304L, NPTM Ends, w/ coupling, -, S-80S",C76KFFTD,33.3,6820-R2-67132-01,6820,
6820-R2-67132-01_EPCL-SS01_0.pdf,OTHER THAN SHOP MATERIALS,2,1,"90° Elb, ASME B16.11, ASTM A182 Gr.F304L, 3000 Lbs, NPTF Ends, Annealed,",C7BP5GGW,5.0,6820-R2-67132-01,6820,
6820-R2-67132-01_EPCL-SS01_0.pdf,OTHER THAN SHOP MATERIALS,3,1,"45° Elb, ASME B16.11, ASTM A182 Gr.F304L, 3000 Lbs, NPTF Ends, Annealed,",C7BP5GZC,1.0,6820-R2-67132-01,6820,
6820-R2-67132-01_EPCL-SS01_0.pdf,OTHER THAN SHOP MATERIALS,4,1,"THD Flg, ASME B16.5, ASTM A182 Gr.F304L, 150 Lbs, RF/NPTF End, Annealed,",C7W2U48L,1.0,6820-R2-67132-01,6820,
6820-R2-67132-01_EPCL-SS01_0.pdf,PIPE SUPPORTS,5,1,PS105-1-12-4,PS105,3.0,6820-R2-67132-01,6820,
6820-R2-67132-01_EPCL-SS01_0.pdf,PIPE SUPPORTS,6,1,PS204-1,PS204,1.0,6820-R2-67132-01,6820,
6820-R2-67132-01_EPCL-SS01_0.pdf,PIPE SUPPORTS,7,1,PS205-A,PS205,1.0,6820-R2-67132-01,6820,
6820-R2-67132-01_EPCL-SS01_0.pdf,PIPE SUPPORTS,8,1,"PS709-A-18-24-12-6 TYPE: INSUL THK: SHOP: FIELD: PAINT CODE: MODULE: L Per LDT Per LDT N Y Per LDT - P&ID: 202998C-001-PID-0021-0329 UNIT#: EWP AREA: SPEC: STRESS CALC #: 6800 6820 EPCL-SS01 - LINE No. 1""-R2-67132-EPCL-SS01-H Battleground DRAWING NUMBER REV. 6820-R2-67132-01 *6820-R2-67132-01*",PS709,1.0,6820-R2-67132-01,6820,
6820-R2-67132-02_EPCL-SS01_0..pdf,OTHER THAN SHOP MATERIALS,1,1,"Pipes, Seamless, ASME ' B36.19/B36.10, ASTM A312 Gr.TP304L, NPTM Ends, w/ coupling, -, S-80S",C76KFFTD,4.3,6820-R2-67132-02,6820,
6820-R2-67132-02_EPCL-SS01_0..pdf,OTHER THAN SHOP MATERIALS,3,1,"90° Elb, ASME B16.11, ASTM A182 Gr.F304L, 3000 Lbs, NPTF Ends, Annealed,",C7BP5GGW,1.0,6820-R2-67132-02,6820,
6820-R2-67132-02_EPCL-SS01_0..pdf,OTHER THAN SHOP MATERIALS,4,1/2,"Plug, Solid Round Head Type, ASME B16.11, ASTM A182 Gr.F304L, NPTM End, Annealed,",C6SEUHBR,1.0,6820-R2-67132-02,6820,
6820-R2-67132-02_EPCL-SS01_0..pdf,OTHER THAN SHOP MATERIALS,5,1,"THD Flg, ASME B16.5, ASTM A182 Gr.F304L, 150 Lbs, RF/NPTF End, Annealed,",C7W2U48L,2.0,6820-R2-67132-02,6820,
6820-R2-67132-02_EPCL-SS01_0..pdf,OTHER THAN SHOP MATERIALS,6,1,"NM Flat Gk, Barium Sulfate filled PTFE, 150 Lbs, RF as per ASME B16.5, Full Face, Thk=1/8in, -,",C7CT1ZFH,4.0,6820-R2-67132-02,6820,
6820-R2-67132-02_EPCL-SS01_0..pdf,OTHER THAN SHOP MATERIALS,7,1/2,"SBlt 2 HHx N, A193 Gr.B7/A194 Gr.2H, -, Xylan PTFE Coated, - 2.75 in. Length",C6S4K87U,16.0,6820-R2-67132-02,6820,
6820-R2-67132-02_EPCL-SS01_0..pdf,OTHER THAN SHOP MATERIALS,8,1,"SwgChk Flg, ASME B16.34, ASTM A351 Gr.CF8M,150 Lbs, RF, Ends as per ASME B16.5,-, Valve Tag: CH-0276",C7CXA8BE,1.0,6820-R2-67132-02,6820,
6820-R2-67132-02_EPCL-SS01_0..pdf,OTHER THAN SHOP MATERIALS,9,1,"Plug Flg,SP, Tapered Plug, Non Lubricated, API 599, ASTM A351 Gr.CF8M, 150 Lbs, RF, Ends as per ASME B16.5, -, LO,-, -, Valve Tag: PL-0548",C76KHSRR,1.0,6820-R2-67132-02,6820,
6820-R2-67132-02_EPCL-SS01_0..pdf,OTHER THAN SHOP MATERIALS,10,1/2,"Plug Fem,RgP, Tapered Plug, Non Lubricated, API 599, ASTM A351 Gr.CF8M, 300 Lbs, NPTF Ends, Ends as per ASME B1.20.1,-, LO, -, Valve Tag: PL-0547",C6TYYMRF,1.0,6820-R2-67132-02,6820,
6820-R2-67132-02_EPCL-SS01_0..pdf,PIPE SUPPORTS,11,1,PS709-B-43.26-10,PS709,1.0,6820-R2-67132-02,6820,
6820-R2-67132-02_EPCL-SS01_0..pdf,PIPE SUPPORTS,12,1,PS204-1,PS204,1.0,6820-R2-67132-02,6820,
6820-R2-67132-02_EPCL-SS01_0..pdf,PIPE SUPPORTS,13,1,"PS105-1-12-4 TYPE: INSUL THK: SHOP: FIELD: PAINT CODE: MODULE: L Per LDT Per LDT N Y Per LDT - P&ID: 202998C-001-PID-0021-0329 UNIT#: EWP AREA: SPEC: STRESS CALC #: 6800 6820 EPCL-SS01 - LINE No. 1""-R2-67132-EPCL-SS01-H Battleground DRAWING NUMBER REV. 6820-R2-67132-02 *6820-R2-67132-02*",PS105,1.0,6820-R2-67132-02,6820,
6820-R2-67132-04_EPCL-SS01_0..pdf,OTHER THAN SHOP MATERIALS,1,1,"Pipes, Seamless, ASME ' B36.19/B36.10, ASTM A312 Gr.TP304L, NPTM Ends, w/ coupling, -, S-80S",C76KFFTD,10.9,6820-R2-67132-04,6820,
6820-R2-67132-04_EPCL-SS01_0..pdf,OTHER THAN SHOP MATERIALS,3,1,"90° Elb, ASME B16.11, ASTM A182 Gr.F304L, 3000 Lbs, NPTF Ends, Annealed,",C7BP5GGW,5.0,6820-R2-67132-04,6820,
6820-R2-67132-04_EPCL-SS01_0..pdf,OTHER THAN SHOP MATERIALS,4,1,"THD Flg, ASME B16.5, ASTM A182 Gr.F304L, 150 Lbs, RF/NPTF End, Annealed,",C7W2U48L,5.0,6820-R2-67132-04,6820,
6820-R2-67132-04_EPCL-SS01_0..pdf,OTHER THAN SHOP MATERIALS,5,6,"NM Flat Gk, Barium Sulfate filled PTFE, 150 Lbs, RF as per ASME B16.5, Full Face, Thk=1/8in, -,",C7CT1ZG1,1.0,6820-R2-67132-04,6820,
6820-R2-67132-04_EPCL-SS01_0..pdf,OTHER THAN SHOP MATERIALS,6,1,"NM Flat Gk, Barium Sulfate filled PTFE, 150 Lbs, RF as per ASME B16.5, Full Face, Thk=1/8in, -,",C7CT1ZFH,4.0,6820-R2-67132-04,6820,
6820-R2-67132-04_EPCL-SS01_0..pdf,OTHER THAN SHOP MATERIALS,7,3/4,"SBlt 2 HHx N, A193 Gr.B7/A194 Gr.2H, -, Xylan PTFE Coated, - 4.25 in. Length",C6S4K8BC,8.0,6820-R2-67132-04,6820,
6820-R2-67132-04_EPCL-SS01_0..pdf,OTHER THAN SHOP MATERIALS,8,1/2,"SBlt 2 HHx N, A193 Gr.B7/A194 Gr.2H, -, Xylan PTFE Coated, - 2.75 in. Length",C6S4K87U,16.0,6820-R2-67132-04,6820,
6820-R2-67132-04_EPCL-SS01_0..pdf,OTHER THAN SHOP MATERIALS,9,1,"Plug Flg,SP, Tapered Plug, Non Lubricated, API 599, ASTM A351 Gr.CF8M, 150 Lbs, RF, Ends as per ASME B16.5, -, LO,-, -, Valve Tag: PL-0548",C76KHSRR,1.0,6820-R2-67132-04,6820,
6820-R2-67132-04_EPCL-SS01_0..pdf,PIPE SUPPORTS,10,1,PS719-A-18-24-12,PS719,1.0,6820-R2-67132-04,6820,
6820-R2-67132-04_EPCL-SS01_0..pdf,PIPE SUPPORTS,11,1,PS105-1-12-4,PS105,1.0,6820-R2-67132-04,6820,
6820-R2-67132-04_EPCL-SS01_0..pdf,PIPE SUPPORTS,12,1,"PS204-1 TYPE: INSUL THK: SHOP: FIELD: PAINT CODE: MODULE: L Per LDT Per LDT N Y Per LDT - P&ID: 202998C-001-PID-0021-0329 UNIT#: EWP AREA: SPEC: STRESS CALC #: 6800 6820 EPCL-SS01 - LINE No. 6""-R2-67132-EPCL-SS01-H Battleground DRAWING NUMBER REV. 6820-R2-67132-04 *6820-R2-67132-04*",PS204,1.0,6820-R2-67132-04,6820,
6820-R2-67133-01_EPCL-SS01_0..pdf,OTHER THAN SHOP MATERIALS,3,1,"Pipes, Seamless, ASME ' B36.19/B36.10, ASTM A312 Gr.TP304L, NPTM Ends, w/ coupling, -, S-80S",C76KFFTD,20.8,6820-R2-67133-01,6820,
6820-R2-67133-01_EPCL-SS01_0..pdf,OTHER THAN SHOP MATERIALS,4,1,"90° Elb, ASME B16.11, ASTM A182 Gr.F304L, 3000 Lbs, NPTF Ends, Annealed,",C7BP5GGW,3.0,6820-R2-67133-01,6820,
6820-R2-67133-01_EPCL-SS01_0..pdf,OTHER THAN SHOP MATERIALS,5,1,"THD Flg, ASME B16.5, ASTM A182 Gr.F304L, 150 Lbs, RF/NPTF End, Annealed,",C7W2U48L,4.0,6820-R2-67133-01,6820,
6820-R2-67133-01_EPCL-SS01_0..pdf,OTHER THAN SHOP MATERIALS,6,1,"NM Flat Gk, Barium Sulfate filled PTFE, 150 Lbs, RF as per ASME B16.5, Full Face, Thk=1/8in, -,",C7CT1ZFH,4.0,6820-R2-67133-01,6820,
6820-R2-67133-01_EPCL-SS01_0..pdf,OTHER THAN SHOP MATERIALS,7,1/2,"SBlt 2 HHx N, A193 Gr.B7/A194 Gr.2H, -, Xylan PTFE Coated, - 2.75 in. Length",C6S4K87U,16.0,6820-R2-67133-01,6820,
6820-R2-67133-01_EPCL-SS01_0..pdf,OTHER THAN SHOP MATERIALS,8,1,"Plug Flg,SP, Tapered Plug, Non Lubricated, API 599, ASTM A351 Gr.CF8M, 150 Lbs, RF, Ends as per ASME B16.5, -, LO,-, -, Valve Tag: PL-0548",C76KHSRR,2.0,6820-R2-67133-01,6820,
6820-R2-67133-01_EPCL-SS01_0..pdf,PIPE SUPPORTS,9,1,PS434-C-2-19.28-15-5,PS434,2.0,6820-R2-67133-01,6820,
6820-R2-67133-01_EPCL-SS01_0..pdf,PIPE SUPPORTS,10,1,PS204-1,PS204,1.0,6820-R2-67133-01,6820,
6820-R2-67133-01_EPCL-SS01_0..pdf,PIPE SUPPORTS,11,1,PS407-1-96-15-7.5,PS407,1.0,6820-R2-67133-01,6820,
6820-R2-67133-01_EPCL-SS01_0..pdf,PIPE SUPPORTS,12,1,"PS413-1-12-8 TYPE: INSUL THK: SHOP: FIELD: PAINT CODE: MODULE: L Per LDT Per LDT N Y Per LDT - P&ID: 202998C-001-PID-0021-0329 UNIT#: EWP AREA: SPEC: STRESS CALC #: 6800 6820 EPCL-SS01 - LINE No. 1""-R2-67133-EPCL-SS01-H Battleground DRAWING NUMBER REV. 6820-R2-67133-01 *6820-R2-67133-01*",PS413,1.0,6820-R2-67133-01,6820,
6820-R2-67133-02_EPCL-SS01_0..pdf,OTHER THAN SHOP MATERIALS,2,1,"Pipes, Seamless, ASME ' B36.19/B36.10, ASTM A312 Gr.TP304L, NPTM Ends, w/ coupling, -, S-80S",C76KFFTD,13.6,6820-R2-67133-02,6820,
6820-R2-67133-02_EPCL-SS01_0..pdf,OTHER THAN SHOP MATERIALS,4,1,"90° Elb, ASME B16.11, ASTM A182 Gr.F304L, 3000 Lbs, NPTF Ends, Annealed,",C7BP5GGW,1.0,6820-R2-67133-02,6820,
6820-R2-67133-02_EPCL-SS01_0..pdf,OTHER THAN SHOP MATERIALS,5,1,"Nipple, ASTM A312 Gr.TP304L, NPTM Ends, L = 3in, -, S-80S",CEZMKL0,1.0,6820-R2-67133-02,6820,
6820-R2-67133-02_EPCL-SS01_0..pdf,OTHER THAN SHOP MATERIALS,6,1,"THD Flg, ASME B16.5, ASTM A182 Gr.F304L, 150 Lbs, RF/NPTF End, Annealed,",C7W2U48L,5.0,6820-R2-67133-02,6820,
6820-R2-67133-02_EPCL-SS01_0..pdf,OTHER THAN SHOP MATERIALS,7,1,"NM Flat Gk, Barium Sulfate filled PTFE, 150 Lbs, RF as per ASME B16.5, Full Face, Thk=1/8in, -,",C7CT1ZFH,6.0,6820-R2-67133-02,6820,
6820-R2-67133-02_EPCL-SS01_0..pdf,OTHER THAN SHOP MATERIALS,8,1/2,"SBlt 2 HHx N, A193 Gr.B7/A194 Gr.2H, -, Xylan PTFE Coated, - 2.75 in. Length",C6S4K87U,24.0,6820-R2-67133-02,6820,
6820-R2-67133-02_EPCL-SS01_0..pdf,OTHER THAN SHOP MATERIALS,9,1,"Plug Flg,SP, Tapered Plug, Non Lubricated, API 599, ASTM A351 Gr.CF8M, 150 Lbs, RF, Ends as per ASME B16.5, -, LO,-, -, Valve Tag: PL-0548",C76KHSRR,3.0,6820-R2-67133-02,6820,
6820-R2-67133-02_EPCL-SS01_0..pdf,OTHER THAN SHOP MATERIALS,10,1,"Bld Flg, ASME B16.5, ASTM A182 Gr.F304L, 150 Lbs, RF, Annealed,",C7W2U478,1.0,6820-R2-67133-02,6820,
6820-R2-67133-02_EPCL-SS01_0..pdf,PIPE SUPPORTS,12,1,PS407-1-30-15-7.5,PS407,1.0,6820-R2-67133-02,6820,
6820-R2-67133-02_EPCL-SS01_0..pdf,PIPE SUPPORTS,13,1,"PS204-1 TYPE: INSUL THK: SHOP: FIELD: PAINT CODE: MODULE: L Per LDT Per LDT N Y Per LDT - P&ID: 202998C-001-PID-0021-0329 UNIT#: EWP AREA: SPEC: STRESS CALC #: 6800 6820 EPCL-SS01 - LINE No. 1""-R2-67133-EPCL-SS01-H Battleground DRAWING NUMBER REV. 6820-R2-67133-02 *6820-R2-67133-02*",PS204,1.0,6820-R2-67133-02,6820,
6820-R2-67134-01_EPCL-SS01_1..pdf,OTHER THAN SHOP MATERIALS,1,1,"Pipes, Seamless, ASME ' B36.19/B36.10, ASTM A312 Gr.TP304L, NPTM Ends, w/ coupling, -, S-80S",C76KFFTD,6.8,6820-R2-67134-01,6820,
6820-R2-67134-01_EPCL-SS01_1..pdf,OTHER THAN SHOP MATERIALS,2,1,"90° Elb, ASME B16.11, ASTM A182 Gr.F304L, 3000 Lbs, NPTF Ends, Annealed,",C7BP5GGW,2.0,6820-R2-67134-01,6820,
6820-R2-67134-01_EPCL-SS01_1..pdf,OTHER THAN SHOP MATERIALS,3,1,"THD Flg, ASME B16.5, ASTM A182 Gr.F304L, 150 Lbs, RF/NPTF End, Annealed,",C7W2U48L,2.0,6820-R2-67134-01,6820,
6820-R2-67134-01_EPCL-SS01_1..pdf,OTHER THAN SHOP MATERIALS,4,1,"NM Flat Gk, Barium Sulfate filled PTFE, 150 Lbs, RF as per ASME B16.5, Full Face, Thk=1/8in, -,",C7CT1ZFH,2.0,6820-R2-67134-01,6820,
6820-R2-67134-01_EPCL-SS01_1..pdf,OTHER THAN SHOP MATERIALS,5,1/2,"SBlt 2 HHx N, A193 Gr.B7/A194 Gr.2H, -, Xylan PTFE Coated, - 2.75 in. Length",C6S4K87U,8.0,6820-R2-67134-01,6820,
6820-R2-67134-01_EPCL-SS01_1..pdf,OTHER THAN SHOP MATERIALS,6,1,"Plug Flg,SP, Tapered Plug, Non Lubricated, API 599, ASTM A351 Gr.CF8M, 150 Lbs, RF, Ends as per ASME B16.5, -, LO,-, -, Valve Tag: PL-0548",C76KHSRR,1.0,6820-R2-67134-01,6820,
6820-R2-67134-01_EPCL-SS01_1..pdf,PIPE SUPPORTS,7,1,"PS105-1-12-5.18 TYPE: INSUL THK: SHOP: FIELD: PAINT CODE: MODULE: L Per LDT Per LDT N Y Per LDT - P&ID: 202998C-001-PID-0021-0329 UNIT#: EWP AREA: SPEC: STRESS CALC #: 6800 6820 EPCL-SS01 - LINE No. 1""-R2-67134-EPCL-SS01-H Battleground DRAWING NUMBER REV. 6820-R2-67134-01 *6820-R2-67134-01*",PS105,1.0,6820-R2-67134-01,6820,
6820-R2-67134-02_EPCL-SS01_1..pdf,OTHER THAN SHOP MATERIALS,1,1,"Pipes, Seamless, ASME ' B36.19/B36.10, ASTM A312 Gr.TP304L, NPTM Ends, w/ coupling, -, S-80S",C76KFFTD,1.3,6820-R2-67134-02,6820,
6820-R2-67134-02_EPCL-SS01_1..pdf,OTHER THAN SHOP MATERIALS,3,1/2,"Plug, Solid Round Head Type, ASME B16.11, ASTM A182 Gr.F304L, NPTM End, Annealed,",C6SEUHBR,1.0,6820-R2-67134-02,6820,
6820-R2-67134-02_EPCL-SS01_1..pdf,OTHER THAN SHOP MATERIALS,4,1,"THD Flg, ASME B16.5, ASTM A182 Gr.F304L, 150 Lbs, RF/NPTF End, Annealed,",C7W2U48L,1.0,6820-R2-67134-02,6820,
6820-R2-67134-02_EPCL-SS01_1..pdf,OTHER THAN SHOP MATERIALS,5,1,"NM Flat Gk, Barium Sulfate filled PTFE, 150 Lbs, RF as per ASME B16.5, Full Face, Thk=1/8in, -,",C7CT1ZFH,2.0,6820-R2-67134-02,6820,
6820-R2-67134-02_EPCL-SS01_1..pdf,OTHER THAN SHOP MATERIALS,6,1/2,"SBlt 2 HHx N, A193 Gr.B7/A194 Gr.2H, -, Xylan PTFE Coated, - 2.75 in. Length",C6S4K87U,8.0,6820-R2-67134-02,6820,
6820-R2-67134-02_EPCL-SS01_1..pdf,OTHER THAN SHOP MATERIALS,7,1,"SwgChk Flg, ASME B16.34, ASTM A351 Gr.CF8M,150 Lbs, RF, Ends as per ASME B16.5,-, Valve Tag: CH-0276",C7CXA8BE,1.0,6820-R2-67134-02,6820,
6820-R2-67134-02_EPCL-SS01_1..pdf,OTHER THAN SHOP MATERIALS,8,1/2,"Plug Fem,RgP, Tapered Plug, Non Lubricated, API 599, ASTM A351 Gr.CF8M, 300 Lbs, NPTF Ends, Ends as per ASME B1.20.1,-, LO, -, Valve Tag: PL-0547 TYPE: INSUL THK: SHOP: FIELD: PAINT CODE: MODULE: L Per LDT Per LDT N Y Per LDT - P&ID: 202998C-001-PID-0021-0329 UNIT#: EWP AREA: SPEC: STRESS CALC #: 6800 6820 EPCL-SS01 - LINE No. 1""-R2-67134-EPCL-SS01-H Battleground DRAWING NUMBER REV. 6820-R2-67134-02 *6820-R2-67134-02*",C6TYYMRF,1.0,6820-R2-67134-02,6820,
6820-R2-67134-03_EPCL-SS01_0..pdf,OTHER THAN SHOP MATERIALS,1,1,"Pipes, Seamless, ASME ' B36.19/B36.10, ASTM A312 Gr.TP304L, NPTM Ends, w/ coupling, -, S-80S",C76KFFTD,26.4,6820-R2-67134-03,6820,
6820-R2-67134-03_EPCL-SS01_0..pdf,OTHER THAN SHOP MATERIALS,2,1,"90° Elb, ASME B16.11, ASTM A182 Gr.F304L, 3000 Lbs, NPTF Ends, Annealed,",C7BP5GGW,5.0,6820-R2-67134-03,6820,
6820-R2-67134-03_EPCL-SS01_0..pdf,OTHER THAN SHOP MATERIALS,3,1,"THD Flg, ASME B16.5, ASTM A182 Gr.F304L, 150 Lbs, RF/NPTF End, Annealed,",C7W2U48L,3.0,6820-R2-67134-03,6820,
6820-R2-67134-03_EPCL-SS01_0..pdf,OTHER THAN SHOP MATERIALS,4,1,"NM Flat Gk, Barium Sulfate filled PTFE, 150 Lbs, RF as per ASME B16.5, Full Face, Thk=1/8in, -,",C7CT1ZFH,2.0,6820-R2-67134-03,6820,
6820-R2-67134-03_EPCL-SS01_0..pdf,OTHER THAN SHOP MATERIALS,5,1/2,"SBlt 2 HHx N, A193 Gr.B7/A194 Gr.2H, -, Xylan PTFE Coated, - 2.75 in. Length",C6S4K87U,8.0,6820-R2-67134-03,6820,
6820-R2-67134-03_EPCL-SS01_0..pdf,PIPE SUPPORTS,7,1,"PS105-1-12-6 TYPE: INSUL THK: SHOP: FIELD: PAINT CODE: MODULE: L Per LDT Per LDT N Y Per LDT - P&ID: 202998C-001-PID-0021-0329 UNIT#: EWP AREA: SPEC: STRESS CALC #: 6800 6820 EPCL-SS01 - LINE No. 1""-R2-67134-EPCL-SS01-H Battleground DRAWING NUMBER REV. 6820-R2-67134-03 *6820-R2-67134-03*",PS105,2.0,6820-R2-67134-03,6820,
6820-R2-67134-04_EPCL-SS01_1.pdf,OTHER THAN SHOP MATERIALS,1,1,"Pipes, Seamless, ASME ' B36.19/B36.10, ASTM A312 Gr.TP304L, NPTM Ends, w/ coupling, -, S-80S",C76KFFTD,62.6,6820-R2-67134-04,6820,
6820-R2-67134-04_EPCL-SS01_1.pdf,OTHER THAN SHOP MATERIALS,2,1,"90° Elb, ASME B16.11, ASTM A182 Gr.F304L, 3000 Lbs, NPTF Ends, Annealed,",C7BP5GGW,4.0,6820-R2-67134-04,6820,
6820-R2-67134-04_EPCL-SS01_1.pdf,OTHER THAN SHOP MATERIALS,3,1,"45° Elb, ASME B16.11, ASTM A182 Gr.F304L, 3000 Lbs, NPTF Ends, Annealed,",C7BP5GZC,1.0,6820-R2-67134-04,6820,
6820-R2-67134-04_EPCL-SS01_1.pdf,OTHER THAN SHOP MATERIALS,4,1,"Full Coup, ASME B16.11, ASTM A182 Gr.F304L, 3000 Lbs, NPTF Ends, Annealed,",C7BP51NV,2.0,6820-R2-67134-04,6820,
6820-R2-67134-04_EPCL-SS01_1.pdf,PIPE SUPPORTS,5,1,PS204-1,PS204,4.0,6820-R2-67134-04,6820,
6820-R2-67134-04_EPCL-SS01_1.pdf,PIPE SUPPORTS,6,1,PS712-H-7.5,PS712,1.0,6820-R2-67134-04,6820,
6820-R2-67134-04_EPCL-SS01_1.pdf,PIPE SUPPORTS,7,1,PS105-1-12-4,PS105,7.0,6820-R2-67134-04,6820,
6820-R2-67134-04_EPCL-SS01_1.pdf,PIPE SUPPORTS,8,1,PS712-H-3,PS712,1.0,6820-R2-67134-04,6820,
6820-R2-67134-04_EPCL-SS01_1.pdf,PIPE SUPPORTS,9,1,PS709-B-14-12,PS709,2.0,6820-R2-67134-04,6820,
6820-R2-67134-04_EPCL-SS01_1.pdf,PIPE SUPPORTS,10,1,PS712-H-5.82,PS712,2.0,6820-R2-67134-04,6820,
6820-R2-67134-04_EPCL-SS01_1.pdf,PIPE SUPPORTS,11,1,"PS712-H-7.82 TYPE: INSUL THK: SHOP: FIELD: PAINT CODE: MODULE: L Per LDT Per LDT N Y Per LDT - P&ID: 202998C-001-PID-0021-0329 UNIT#: EWP AREA: SPEC: STRESS CALC #: 6800 6820 EPCL-SS01 - LINE No. 1""-R2-67134-EPCL-SS01-H Battleground DRAWING NUMBER REV. 6820-R2-67134-04 *6820-R2-67134-04*",PS712,1.0,6820-R2-67134-04,6820,
6820-R2-67134-05_EPCL-SS01_0.pdf,OTHER THAN SHOP MATERIALS,1,1,"Pipes, Seamless, ASME ' B36.19/B36.10, ASTM A312 Gr.TP304L, NPTM Ends, w/ coupling, -, S-80S",C76KFFTD,41.3,6820-R2-67134-05,6820,
6820-R2-67134-05_EPCL-SS01_0.pdf,OTHER THAN SHOP MATERIALS,2,1,"Full Coup, ASME B16.11, ASTM A182 Gr.F304L, 3000 Lbs, NPTF Ends, Annealed,",C7BP51NV,1.0,6820-R2-67134-05,6820,
6820-R2-67134-05_EPCL-SS01_0.pdf,OTHER THAN SHOP MATERIALS,3,1,"90° Elb, ASME B16.11, ASTM A182 Gr.F304L, 3000 Lbs, NPTF Ends, Annealed,",C7BP5GGW,3.0,6820-R2-67134-05,6820,
6820-R2-67134-05_EPCL-SS01_0.pdf,OTHER THAN SHOP MATERIALS,4,1,PS105-1-12-4,PS105,5.0,6820-R2-67134-05,6820,
6820-R2-67134-05_EPCL-SS01_0.pdf,OTHER THAN SHOP MATERIALS,5,1,PS712-H-14,PS712,3.0,6820-R2-67134-05,6820,
6820-R2-67134-05_EPCL-SS01_0.pdf,OTHER THAN SHOP MATERIALS,6,1,PS204-1,PS204,3.0,6820-R2-67134-05,6820,
6820-R2-67134-05_EPCL-SS01_0.pdf,OTHER THAN SHOP MATERIALS,7,1,PS712-H-6.5,PS712,1.0,6820-R2-67134-05,6820,
6820-R2-67134-05_EPCL-SS01_0.pdf,OTHER THAN SHOP MATERIALS,8,1,"PS712-H-6.6 TYPE: INSUL THK: SHOP: FIELD: PAINT CODE: MODULE: L Per LDT Per LDT N Y Per LDT - P&ID: 202998C-001-PID-0021-0329 UNIT#: EWP AREA: SPEC: STRESS CALC #: 6800 6820 EPCL-SS01 - LINE No. 1""-R2-67134-EPCL-SS01-H Battleground DRAWING NUMBER REV. 6820-R2-67134-05 *6820-R2-67134-05*",PS712,1.0,6820-R2-67134-05,6820,
6820-R2-67134-07_EPCL-SS01_0..pdf,OTHER THAN SHOP MATERIALS,1,1,"Pipes, Seamless, ASME ' B36.19/B36.10, ASTM A312 Gr.TP304L, NPTM Ends, w/ coupling, -, S-80S",C76KFFTD,7.1,6820-R2-67134-07,6820,
6820-R2-67134-07_EPCL-SS01_0..pdf,OTHER THAN SHOP MATERIALS,2,1,"90° Elb, ASME B16.11, ASTM A182 Gr.F304L, 3000 Lbs, NPTF Ends, Annealed,",C7BP5GGW,2.0,6820-R2-67134-07,6820,
6820-R2-67134-07_EPCL-SS01_0..pdf,OTHER THAN SHOP MATERIALS,3,1,"THD Flg, ASME B16.5, ASTM A182 Gr.F304L, 150 Lbs, RF/NPTF End, Annealed,",C7W2U48L,3.0,6820-R2-67134-07,6820,
6820-R2-67134-07_EPCL-SS01_0..pdf,OTHER THAN SHOP MATERIALS,4,1,"NM Flat Gk, Barium Sulfate filled PTFE, 150 Lbs, RF as per ASME B16.5, Full Face, Thk=1/8in, -,",C7CT1ZFH,2.0,6820-R2-67134-07,6820,
6820-R2-67134-07_EPCL-SS01_0..pdf,OTHER THAN SHOP MATERIALS,5,1/2,"SBlt 2 HHx N, A193 Gr.B7/A194 Gr.2H, -, Xylan PTFE Coated, - 2.75 in. Length",C6S4K87U,8.0,6820-R2-67134-07,6820,
6820-R2-67134-07_EPCL-SS01_0..pdf,OTHER THAN SHOP MATERIALS,6,1,"Plug Flg,SP, Tapered Plug, Non Lubricated, API 599, ASTM A351 Gr.CF8M, 150 Lbs, RF, Ends as per ASME B16.5, -, LO,-, -, Valve Tag: PL-0548",C76KHSRR,1.0,6820-R2-67134-07,6820,
6820-R2-67134-07_EPCL-SS01_0..pdf,PIPE SUPPORTS,7,1,PS709-B-16.1-11-2-7,PS709,1.0,6820-R2-67134-07,6820,
6820-R2-67134-07_EPCL-SS01_0..pdf,PIPE SUPPORTS,8,1,"PS105-1-12-4 TYPE: INSUL THK: SHOP: FIELD: PAINT CODE: MODULE: L Per LDT Per LDT N Y Per LDT - P&ID: 202998C-001-PID-0021-0329 UNIT#: EWP AREA: SPEC: STRESS CALC #: 6800 6820 EPCL-SS01 - LINE No. 1""-R2-67134-EPCL-SS01-H Battleground DRAWING NUMBER REV. 6820-R2-67134-07 *6820-R2-67134-07*",PS105,1.0,6820-R2-67134-07,6820,
6820-R2-67135-01_CTWL-CS01_1.pdf,OTHER THAN SHOP MATERIALS,6,6,"NM Flat Gk, Aramid Fiber Reinforced SBR, 150 Lbs, RF as per ASME B16.5, Full Face, Thk=1/8in, -,",C76KHSS9,1.0,6820-R2-67135-01,6820,
6820-R2-67135-01_CTWL-CS01_1.pdf,OTHER THAN SHOP MATERIALS,7,3/4,"SBlt 2 HHx N, A193 Gr.B7/A194 Gr.2H, -, Xylan PTFE Coated, - 4.25 in. Length",C6S4K8BC,8.0,6820-R2-67135-01,6820,
6820-R2-67135-01_CTWL-CS01_1.pdf,PIPE SUPPORTS,8,6,PS214-16,PS214,1.0,6820-R2-67135-01,6820,
6820-R2-67135-01_CTWL-CS01_1.pdf,PIPE SUPPORTS,1,6,PS209-B2,PS209,1.0,6820-R2-67135-01,6820,
6820-R2-67135-01_CTWL-CS01_1.pdf,PIPE SUPPORTS,10,6,PS407-1-24.55-20-/,PS407,1.0,6820-R2-67135-01,6820,
6820-R2-67135-01_CTWL-CS01_1.pdf,PIPE SUPPORTS,11,6,PS201-6,PS201,1.0,6820-R2-67135-01,6820,
6820-R2-67135-01_CTWL-CS01_1.pdf,PIPE SUPPORTS,12,6,PS433-6,PS433,1.0,6820-R2-67135-01,6820,
6820-R2-67135-01_CTWL-CS01_1.pdf,PIPE SUPPORTS,13,6,PS203-6,PS203,1.0,6820-R2-67135-01,6820,
6820-R2-67137-01_CTWL-CS01_1.pdf,OTHER THAN SHOP MATERIALS,7,6,"NM Flat Gk, Aramid Fiber Reinforced SBR, 150 Lbs, RF as per ASME B16.5, Full Face, Thk=1/8in, -,",C76KHSS9,3.0,6820-R2-67137-01,6820,
6820-R2-67137-01_CTWL-CS01_1.pdf,OTHER THAN SHOP MATERIALS,8,3/4,"SBlt 2 HHx N, A193 Gr.B7/A194 Gr.2H, -, Xylan PTFE Coated, - 4.25 in. Length",C6S4K8BC,8.0,6820-R2-67137-01,6820,
6820-R2-67137-01_CTWL-CS01_1.pdf,OTHER THAN SHOP MATERIALS,9,3/4,"SBlt 2 HHx N, A193 Gr.B7/A194 Gr.2H, -, Xylan PTFE Coated, - 6.5 in. Length",C6S4K8BM,8.0,6820-R2-67137-01,6820,
6820-R2-67137-01_CTWL-CS01_1.pdf,OTHER THAN SHOP MATERIALS,10,6,"But Waf, API 609 Cat.A, ASTM A395 Gr.60-40-18 EPDM Lined,150 Lbs, Lug-type RF, Ends as per ASME B16.5, GO,232 psig, Valve Tag: BU-0543",C76KJLEL,1.0,6820-R2-67137-01,6820,
6820-R2-67137-01_CTWL-CS01_1.pdf,PIPE SUPPORTS,11,6,PS214-16,PS214,2.0,6820-R2-67137-01,6820,
6820-R2-67137-01_CTWL-CS01_1.pdf,PIPE SUPPORTS,12,6,PS209-B1,PS209,1.0,6820-R2-67137-01,6820,
6820-R2-67137-02_CTWL-CS01_1..pdf,OTHER THAN SHOP MATERIALS,10,1,"Nipple, ASTM A106 Gr.B Galv. as per ASTM A153, NPTM Ends, L = 3in, -, S-XS",C41B2D94,1.0,6820-R2-67137-02,6820,
6820-R2-67137-02_CTWL-CS01_1..pdf,OTHER THAN SHOP MATERIALS,11,1,"THD Flg, ASME B16.5, ASTM A105N Galv. as per ASTM A153, 150 Lbs, RF/NPTF End, -,",C1DR2JM,1.0,6820-R2-67137-02,6820,
6820-R2-67137-02_CTWL-CS01_1..pdf,OTHER THAN SHOP MATERIALS,12,3,"NM Flat Gk, Aramid Fiber Reinforced SBR, 150 Lbs, RF as per ASME B16.5, Full Face, Thk=1/8in, -,",C76KHSS5,4.0,6820-R2-67137-02,6820,
6820-R2-67137-02_CTWL-CS01_1..pdf,OTHER THAN SHOP MATERIALS,13,1,"NM Flat Gk, Aramid Fiber Reinforced SBR, 150 Lbs, RF as per ASME B16.5, Full Face, Thk=1/8in, -,",C76KHSRZ,2.0,6820-R2-67137-02,6820,
6820-R2-67137-02_CTWL-CS01_1..pdf,OTHER THAN SHOP MATERIALS,14,5/8,"SBlt 2 HHx N, A193 Gr.B7/A194 Gr.2H, -, Xylan PTFE Coated, - 3.75 in. Length",C6S4K88S,8.0,6820-R2-67137-02,6820,
6820-R2-67137-02_CTWL-CS01_1..pdf,OTHER THAN SHOP MATERIALS,15,5/8,"SBlt 2 HHx N, A193 Gr.B7/A194 Gr.2H, -, Xylan PTFE Coated, - 4 in. Length",C6S4K88T,4.0,6820-R2-67137-02,6820,
6820-R2-67137-02_CTWL-CS01_1..pdf,OTHER THAN SHOP MATERIALS,16,1/2,"SBlt 2 HHx N, A193 Gr.B7/A194 Gr.2H, -, Xylan PTFE Coated, - 2.75 in. Length",C6S4K87U,8.0,6820-R2-67137-02,6820,
6820-R2-67137-02_CTWL-CS01_1..pdf,OTHER THAN SHOP MATERIALS,17,1,"Plug Flg,SP, Inverted Tapered Plug, Non Lubricated, API 599, ASTM A395 Gr.60-40-18, 150 Lbs, RF, Ends as per ASME B16.5, -, LO,-, -, Valve Tag: PL-0546",C76RJXHV,1.0,6820-R2-67137-02,6820,
6820-R2-67137-02_CTWL-CS01_1..pdf,OTHER THAN SHOP MATERIALS,18,1,"Bld Flg, ASME B16.5, ASTM A105N Galv. as per ASTM A153, 150 Lbs, RF, -,",C1DR2JV,1.0,6820-R2-67137-02,6820,
6820-R2-67138-01_CTWL-CS01_1.pdf,OTHER THAN SHOP MATERIALS,6,6,"NM Flat Gk, Aramid Fiber Reinforced SBR, 150 Lbs, RF as per ASME B16.5, Full Face, Thk=1/8in, -,",C76KHSS9,3.0,6820-R2-67138-01,6820,
6820-R2-67138-01_CTWL-CS01_1.pdf,OTHER THAN SHOP MATERIALS,7,3/4,"SBlt 2 HHx N, A193 Gr.B7/A194 Gr.2H, -, Xylan PTFE Coated, - 4.25 in. Length",C6S4K8BC,8.0,6820-R2-67138-01,6820,
6820-R2-67138-01_CTWL-CS01_1.pdf,OTHER THAN SHOP MATERIALS,8,3/4,"SBlt 2 HHx N, A193 Gr.B7/A194 Gr.2H, -, Xylan PTFE Coated, - 6.5 in. Length",C6S4K8BM,8.0,6820-R2-67138-01,6820,
6820-R2-67138-01_CTWL-CS01_1.pdf,OTHER THAN SHOP MATERIALS,9,6,"But Waf, API 609 Cat.A, ASTM A395 Gr.60-40-18 EPDM Lined,150 Lbs, Lug-type RF, Ends as per ASME B16.5, GO,232 psig, Valve Tag: BU-0543",C76KJLEL,1.0,6820-R2-67138-01,6820,
6820-R2-67138-01_CTWL-CS01_1.pdf,PIPE SUPPORTS,10,6,PS214-16,PS214,2.0,6820-R2-67138-01,6820,
6820-R2-67138-01_CTWL-CS01_1.pdf,PIPE SUPPORTS,11,6,PS209-B1,PS209,1.0,6820-R2-67138-01,6820,
6820-R2-67138-02_CTWL-CS01_1..pdf,OTHER THAN SHOP MATERIALS,10,1,"Nipple, ASTM A106 Gr.B Galv. as per ASTM A153, NPTM Ends, L = 3in, -, S-XS",C41B2D94,1.0,6820-R2-67138-02,6820,
6820-R2-67138-02_CTWL-CS01_1..pdf,OTHER THAN SHOP MATERIALS,11,1,"THD Flg, ASME B16.5, ASTM A105N Galv. as per ASTM A153, 150 Lbs, RF/NPTF End, -,",C1DR2JM,1.0,6820-R2-67138-02,6820,
6820-R2-67138-02_CTWL-CS01_1..pdf,OTHER THAN SHOP MATERIALS,12,3,"NM Flat Gk, Aramid Fiber Reinforced SBR, 150 Lbs, RF as per ASME B16.5, Full Face, Thk=1/8in, -,",C76KHSS5,4.0,6820-R2-67138-02,6820,
6820-R2-67138-02_CTWL-CS01_1..pdf,OTHER THAN SHOP MATERIALS,13,1,"NM Flat Gk, Aramid Fiber Reinforced SBR, 150 Lbs, RF as per ASME B16.5, Full Face, Thk=1/8in, -,",C76KHSRZ,2.0,6820-R2-67138-02,6820,
6820-R2-67138-02_CTWL-CS01_1..pdf,OTHER THAN SHOP MATERIALS,14,5/8,"SBlt 2 HHx N, A193 Gr.B7/A194 Gr.2H, -, Xylan PTFE Coated, - 3.75 in. Length",C6S4K88S,8.0,6820-R2-67138-02,6820,
6820-R2-67138-02_CTWL-CS01_1..pdf,OTHER THAN SHOP MATERIALS,15,5/8,"SBlt 2 HHx N, A193 Gr.B7/A194 Gr.2H, -, Xylan PTFE Coated, - 4 in. Length",C6S4K88T,4.0,6820-R2-67138-02,6820,
6820-R2-67138-02_CTWL-CS01_1..pdf,OTHER THAN SHOP MATERIALS,16,1/2,"SBlt 2 HHx N, A193 Gr.B7/A194 Gr.2H, -, Xylan PTFE Coated, - 2.75 in. Length",C6S4K87U,8.0,6820-R2-67138-02,6820,
6820-R2-67138-02_CTWL-CS01_1..pdf,OTHER THAN SHOP MATERIALS,17,1,"Plug Flg,SP, Inverted Tapered Plug, Non Lubricated, API 599, ASTM A395 Gr.60-40-18, 150 Lbs, RF, Ends as per ASME B16.5, -, LO,-, -, Valve Tag: PL-0546",C76RJXHV,1.0,6820-R2-67138-02,6820,
6820-R2-67138-02_CTWL-CS01_1..pdf,OTHER THAN SHOP MATERIALS,18,1,"Bld Flg, ASME B16.5, ASTM A105N Galv. as per ASTM A153, 150 Lbs, RF, -,",C1DR2JV,1.0,6820-R2-67138-02,6820,
6820-R2-67139-01_CTWL-CS01_0.pdf,OTHER THAN SHOP MATERIALS,5,2,"Pipes, Seamless, ASME B36.10, ASTM ' A106 Gr.B Galv. as per ASTM A153, NPTM Ends, w/ coupling, -, S-XS",C145308,0.4,6820-R2-67139-01,6820,
6820-R2-67139-01_CTWL-CS01_0.pdf,OTHER THAN SHOP MATERIALS,6,2,"Full Coup, ASME B16.11, ASTM A105N Galv. as per ASTM A153, 3000 Lbs, NPTF Ends, -,",CZ2LEZH,1.0,6820-R2-67139-01,6820,
6820-R2-67139-01_CTWL-CS01_0.pdf,OTHER THAN SHOP MATERIALS,7,1,"Nipple, ASTM A106 Gr.B Galv. as per ASTM A153, NPTM Ends, L = 3in, -, S-XS",C41B2D94,1.0,6820-R2-67139-01,6820,
6820-R2-67139-01_CTWL-CS01_0.pdf,OTHER THAN SHOP MATERIALS,8,2,"THD Flg, ASME B16.5, ASTM A105N Galv. as per ASTM A153, 150 Lbs, RF/NPTF End, -,",C1DR2JR,1.0,6820-R2-67139-01,6820,
6820-R2-67139-01_CTWL-CS01_0.pdf,OTHER THAN SHOP MATERIALS,9,1,"THD Flg, ASME B16.5, ASTM A105N Galv. as per ASTM A153, 150 Lbs, RF/NPTF End, -,",C1DR2JM,1.0,6820-R2-67139-01,6820,
6820-R2-67139-01_CTWL-CS01_0.pdf,OTHER THAN SHOP MATERIALS,10,2,"NM Flat Gk, Aramid Fiber Reinforced SBR, 150 Lbs, RF as per ASME B16.5, Full Face, Thk=1/8in, -,",C76KHSS3,1.0,6820-R2-67139-01,6820,
6820-R2-67139-01_CTWL-CS01_0.pdf,OTHER THAN SHOP MATERIALS,11,1,"NM Flat Gk, Aramid Fiber Reinforced SBR, 150 Lbs, RF as per ASME B16.5, Full Face, Thk=1/8in, -,",C76KHSRZ,2.0,6820-R2-67139-01,6820,
6820-R2-67139-01_CTWL-CS01_0.pdf,OTHER THAN SHOP MATERIALS,12,5/8,"SBlt 2 HHx N, A193 Gr.B7/A194 Gr.2H, -, Xylan PTFE Coated, - 3.5 in. Length",C6S4K88R,4.0,6820-R2-67139-01,6820,
6820-R2-67139-01_CTWL-CS01_0.pdf,OTHER THAN SHOP MATERIALS,13,1/2,"SBlt 2 HHx N, A193 Gr.B7/A194 Gr.2H, -, Xylan PTFE Coated, - 2.75 in. Length",C6S4K87U,8.0,6820-R2-67139-01,6820,
6820-R2-67139-01_CTWL-CS01_0.pdf,OTHER THAN SHOP MATERIALS,14,1,"Plug Flg,SP, Inverted Tapered Plug, Non Lubricated, API 599, ASTM A395 Gr.60-40-18, 150 Lbs, RF, Ends as per ASME B16.5, -, LO,-, -, Valve Tag: PL-0546",C76RJXHV,1.0,6820-R2-67139-01,6820,
6820-R2-67139-01_CTWL-CS01_0.pdf,OTHER THAN SHOP MATERIALS,15,1,"Bld Flg, ASME B16.5, ASTM A105N Galv. as per ASTM A153, 150 Lbs, RF, -,",C1DR2JV,1.0,6820-R2-67139-01,6820,
6820-R2-67139-02_CTWL-CS01_1..pdf,OTHER THAN SHOP MATERIALS,8,1,"Nipple, ASTM A106 Gr.B Galv. as per ASTM A153, NPTM Ends, L = 3in, -, S-XS",C41B2D94,1.0,6820-R2-67139-02,6820,
6820-R2-67139-02_CTWL-CS01_1..pdf,OTHER THAN SHOP MATERIALS,9,1,"THD Flg, ASME B16.5, ASTM A105N Galv. as per ASTM A153, 150 Lbs, RF/NPTF End, -,",C1DR2JM,1.0,6820-R2-67139-02,6820,
6820-R2-67139-02_CTWL-CS01_1..pdf,OTHER THAN SHOP MATERIALS,10,4,"NM Flat Gk, Aramid Fiber Reinforced SBR, 150 Lbs, RF as per ASME B16.5, Full Face, Thk=1/8in, -,",C76KHSS7,1.0,6820-R2-67139-02,6820,
6820-R2-67139-02_CTWL-CS01_1..pdf,OTHER THAN SHOP MATERIALS,11,1,"NM Flat Gk, Aramid Fiber Reinforced SBR, 150 Lbs, RF as per ASME B16.5, Full Face, Thk=1/8in, -,",C76KHSRZ,2.0,6820-R2-67139-02,6820,
6820-R2-67139-02_CTWL-CS01_1..pdf,OTHER THAN SHOP MATERIALS,12,5/8,"SBlt 2 HHx N, A193 Gr.B7/A194 Gr.2H, -, Xylan PTFE Coated, - 3.75 in. Length",C6S4K88S,8.0,6820-R2-67139-02,6820,
6820-R2-67139-02_CTWL-CS01_1..pdf,OTHER THAN SHOP MATERIALS,13,1/2,"SBlt 2 HHx N, A193 Gr.B7/A194 Gr.2H, -, Xylan PTFE Coated, - 2.75 in. Length",C6S4K87U,8.0,6820-R2-67139-02,6820,
6820-R2-67139-02_CTWL-CS01_1..pdf,OTHER THAN SHOP MATERIALS,14,1,"Plug Flg,SP, Inverted Tapered Plug, Non Lubricated, API 599, ASTM A395 Gr.60-40-18, 150 Lbs, RF, Ends as per ASME B16.5, -, LO,-, -, Valve Tag: PL-0546",C76RJXHV,1.0,6820-R2-67139-02,6820,
6820-R2-67139-02_CTWL-CS01_1..pdf,OTHER THAN SHOP MATERIALS,15,1,"Bld Flg, ASME B16.5, ASTM A105N Galv. as per ASTM A153, 150 Lbs, RF, -,",C1DR2JV,1.0,6820-R2-67139-02,6820,
6820-R2-67139-02_CTWL-CS01_1..pdf,PIPE SUPPORTS,16,4,PS209-B3,PS209,1.0,6820-R2-67139-02,6820,
6820-R2-67139-03_CTWL-CS01_1..pdf,OTHER THAN SHOP MATERIALS,6,1,"Nipple, ASTM A106 Gr.B Galv. as per ASTM A153, NPTM Ends, L = 3in, -, S-XS",C41B2D94,1.0,6820-R2-67139-03,6820,
6820-R2-67139-03_CTWL-CS01_1..pdf,OTHER THAN SHOP MATERIALS,7,1,"THD Flg, ASME B16.5, ASTM A105N Galv. as per ASTM A153, 150 Lbs, RF/NPTF End, -,",C1DR2JM,1.0,6820-R2-67139-03,6820,
6820-R2-67139-03_CTWL-CS01_1..pdf,OTHER THAN SHOP MATERIALS,8,4,"NM Flat Gk, Aramid Fiber Reinforced SBR, 150 Lbs, RF as per ASME B16.5, Full Face, Thk=1/8in, -,",C76KHSS7,2.0,6820-R2-67139-03,6820,
6820-R2-67139-03_CTWL-CS01_1..pdf,OTHER THAN SHOP MATERIALS,9,1,"NM Flat Gk, Aramid Fiber Reinforced SBR, 150 Lbs, RF as per ASME B16.5, Full Face, Thk=1/8in, -,",C76KHSRZ,2.0,6820-R2-67139-03,6820,
6820-R2-67139-03_CTWL-CS01_1..pdf,OTHER THAN SHOP MATERIALS,10,5/8,"SBlt 2 HHx N, A193 Gr.B7/A194 Gr.2H, -, Xylan PTFE Coated, - 3.75 in. Length",C6S4K88S,16.0,6820-R2-67139-03,6820,
6820-R2-67139-03_CTWL-CS01_1..pdf,OTHER THAN SHOP MATERIALS,11,1/2,"SBlt 2 HHx N, A193 Gr.B7/A194 Gr.2H, -, Xylan PTFE Coated, - 2.75 in. Length",C6S4K87U,8.0,6820-R2-67139-03,6820,
6820-R2-67139-03_CTWL-CS01_1..pdf,OTHER THAN SHOP MATERIALS,12,4,"SwgChk Flg, API 594, ASTM A216 Gr.WCB,150 Lbs, RF, Ends as per ASME B16.5,-, Valve Tag: CH-0628",C76KJLFC,1.0,6820-R2-67139-03,6820,
6820-R2-67139-03_CTWL-CS01_1..pdf,OTHER THAN SHOP MATERIALS,13,1,"Plug Flg,SP, Inverted Tapered Plug, Non Lubricated, API 599, ASTM A395 Gr.60-40-18, 150 Lbs, RF, Ends as per ASME B16.5, -, LO,-, -, Valve Tag: PL-0546",C76RJXHV,1.0,6820-R2-67139-03,6820,
6820-R2-67139-03_CTWL-CS01_1..pdf,OTHER THAN SHOP MATERIALS,14,1,"Bld Flg, ASME B16.5, ASTM A105N Galv. as per ASTM A153, 150 Lbs, RF, -,",C1DR2JV,1.0,6820-R2-67139-03,6820,
6820-R2-67139-03_CTWL-CS01_1..pdf,PIPE SUPPORTS,15,4,PS209-B1 1,PS209,1.0,6820-R2-67139-03,6820,
6820-R2-67139-03_CTWL-CS01_1..pdf,PIPE SUPPORTS,16,4,PS214-14-MOD,PS214,1.0,6820-R2-67139-03,6820,
6820-R2-67139-04_CTWL-CS01_0.pdf,OTHER THAN SHOP MATERIALS,5,1,"Nipple, ASTM A106 Gr.B Galv. as per ASTM A153, NPTM Ends, L = 3in, -, S-XS",C41B2D94,1.0,6820-R2-67139-04,6820,
6820-R2-67139-04_CTWL-CS01_0.pdf,OTHER THAN SHOP MATERIALS,6,1,"THD Flg, ASME B16.5, ASTM A105N Galv. as per ASTM A153, 150 Lbs, RF/NPTF End, -,",C1DR2JM,1.0,6820-R2-67139-04,6820,
6820-R2-67139-04_CTWL-CS01_0.pdf,OTHER THAN SHOP MATERIALS,7,4,"NM Flat Gk, Aramid Fiber Reinforced SBR, 150 Lbs, RF as per ASME B16.5, Full Face, Thk=1/8in, -,",C76KHSS7,2.0,6820-R2-67139-04,6820,
6820-R2-67139-04_CTWL-CS01_0.pdf,OTHER THAN SHOP MATERIALS,8,1,"NM Flat Gk, Aramid Fiber Reinforced SBR, 150 Lbs, RF as per ASME B16.5, Full Face, Thk=1/8in, -,",C76KHSRZ,2.0,6820-R2-67139-04,6820,
6820-R2-67139-04_CTWL-CS01_0.pdf,OTHER THAN SHOP MATERIALS,9,5/8,"SBlt 2 HHx N, A193 Gr.B7/A194 Gr.2H, -, Xylan PTFE Coated, - 3.75 in. Length",C6S4K88S,16.0,6820-R2-67139-04,6820,
6820-R2-67139-04_CTWL-CS01_0.pdf,OTHER THAN SHOP MATERIALS,10,1/2,"SBlt 2 HHx N, A193 Gr.B7/A194 Gr.2H, -, Xylan PTFE Coated, - 2.75 in. Length",C6S4K87U,8.0,6820-R2-67139-04,6820,
6820-R2-67139-04_CTWL-CS01_0.pdf,OTHER THAN SHOP MATERIALS,11,4,"Plug Flg,SP, Inverted Tapered Plug, Non Lubricated, API 599, ASTM A395 Gr.60-40-18, 150 Lbs, RF, Ends as per ASME B16.5, -, GO,-, -, Valve Tag: PL-0546",C76RJXJ1,1.0,6820-R2-67139-04,6820,
6820-R2-67139-04_CTWL-CS01_0.pdf,OTHER THAN SHOP MATERIALS,12,1,"Plug Flg,SP, Inverted Tapered Plug, Non Lubricated, API 599, ASTM A395 Gr.60-40-18, 150 Lbs, RF, Ends as per ASME B16.5, -, LO,-, -, Valve Tag: PL-0546",C76RJXHV,1.0,6820-R2-67139-04,6820,
6820-R2-67139-04_CTWL-CS01_0.pdf,OTHER THAN SHOP MATERIALS,13,1,"Bld Flg, ASME B16.5, ASTM A105N Galv. as per ASTM A153, 150 Lbs, RF, -,",C1DR2JV,1.0,6820-R2-67139-04,6820,
6820-R2-67139-05_CTWL-CS01_0.pdf,OTHER THAN SHOP MATERIALS,4,1/2,"SBlt 2 HHx N, A193 Gr.B7/A194 Gr.2H, -, Xylan PTFE Coated, - 3 in. Length",C6S4K87V,4.0,6820-R2-67139-05,6820,
6820-R2-67139-05_CTWL-CS01_0.pdf,OTHER THAN SHOP MATERIALS,5,1/2,"SBlt 2 HHx N, A193 Gr.B7/A194 Gr.2H, -, Xylan PTFE Coated, - 3.75 in. Length",C6S4K87Y,4.0,6820-R2-67139-05,6820,
6820-R2-67140-01_CTWL-CS01_0.pdf,OTHER THAN SHOP MATERIALS,5,2,"Pipes, Seamless, ASME B36.10, ASTM ' A106 Gr.B Galv. as per ASTM A153, NPTM Ends, w/ coupling, -, S-XS",C145308,0.4,6820-R2-67140-01,6820,
6820-R2-67140-01_CTWL-CS01_0.pdf,OTHER THAN SHOP MATERIALS,6,2,"Full Coup, ASME B16.11, ASTM A105N Galv. as per ASTM A153, 3000 Lbs, NPTF Ends, -,",CZ2LEZH,1.0,6820-R2-67140-01,6820,
6820-R2-67140-01_CTWL-CS01_0.pdf,OTHER THAN SHOP MATERIALS,7,1,"Nipple, ASTM A106 Gr.B Galv. as per ASTM A153, NPTM Ends, L = 3in, -, S-XS",C41B2D94,1.0,6820-R2-67140-01,6820,
6820-R2-67140-01_CTWL-CS01_0.pdf,OTHER THAN SHOP MATERIALS,8,2,"THD Flg, ASME B16.5, ASTM A105N Galv. as per ASTM A153, 150 Lbs, RF/NPTF End, -,",C1DR2JR,1.0,6820-R2-67140-01,6820,
6820-R2-67140-01_CTWL-CS01_0.pdf,OTHER THAN SHOP MATERIALS,9,1,"THD Flg, ASME B16.5, ASTM A105N Galv. as per ASTM A153, 150 Lbs, RF/NPTF End, -,",C1DR2JM,1.0,6820-R2-67140-01,6820,
6820-R2-67140-01_CTWL-CS01_0.pdf,OTHER THAN SHOP MATERIALS,10,2,"NM Flat Gk, Aramid Fiber Reinforced SBR, 150 Lbs, RF as per ASME B16.5, Full Face, Thk=1/8in, -,",C76KHSS3,1.0,6820-R2-67140-01,6820,
6820-R2-67140-01_CTWL-CS01_0.pdf,OTHER THAN SHOP MATERIALS,11,1,"NM Flat Gk, Aramid Fiber Reinforced SBR, 150 Lbs, RF as per ASME B16.5, Full Face, Thk=1/8in, -,",C76KHSRZ,2.0,6820-R2-67140-01,6820,
6820-R2-67140-01_CTWL-CS01_0.pdf,OTHER THAN SHOP MATERIALS,12,5/8,"SBlt 2 HHx N, A193 Gr.B7/A194 Gr.2H, -, Xylan PTFE Coated, - 3.5 in. Length",C6S4K88R,4.0,6820-R2-67140-01,6820,
6820-R2-67140-01_CTWL-CS01_0.pdf,OTHER THAN SHOP MATERIALS,13,1/2,"SBlt 2 HHx N, A193 Gr.B7/A194 Gr.2H, -, Xylan PTFE Coated, - 2.75 in. Length",C6S4K87U,8.0,6820-R2-67140-01,6820,
6820-R2-67140-01_CTWL-CS01_0.pdf,OTHER THAN SHOP MATERIALS,14,1,"Plug Flg,SP, Inverted Tapered Plug, Non Lubricated, API 599, ASTM A395 Gr.60-40-18, 150 Lbs, RF, Ends as per ASME B16.5, -, LO,-, -, Valve Tag: PL-0546",C76RJXHV,1.0,6820-R2-67140-01,6820,
6820-R2-67140-01_CTWL-CS01_0.pdf,OTHER THAN SHOP MATERIALS,15,1,"Bld Flg, ASME B16.5, ASTM A105N Galv. as per ASTM A153, 150 Lbs, RF, -,",C1DR2JV,1.0,6820-R2-67140-01,6820,
6820-R2-67140-02_CTWL-CS01_1.pdf,OTHER THAN SHOP MATERIALS,8,1,"Nipple, ASTM A106 Gr.B Galv. as per ASTM A153, NPTM Ends, L = 3in, -, S-XS",C41B2D94,1.0,6820-R2-67140-02,6820,
6820-R2-67140-02_CTWL-CS01_1.pdf,OTHER THAN SHOP MATERIALS,9,1,"THD Flg, ASME B16.5, ASTM A105N Galv. as per ASTM A153, 150 Lbs, RF/NPTF End, -,",C1DR2JM,1.0,6820-R2-67140-02,6820,
6820-R2-67140-02_CTWL-CS01_1.pdf,OTHER THAN SHOP MATERIALS,10,4,"NM Flat Gk, Aramid Fiber Reinforced SBR, 150 Lbs, RF as per ASME B16.5, Full Face, Thk=1/8in, -,",C76KHSS7,1.0,6820-R2-67140-02,6820,
6820-R2-67140-02_CTWL-CS01_1.pdf,OTHER THAN SHOP MATERIALS,11,1,"NM Flat Gk, Aramid Fiber Reinforced SBR, 150 Lbs, RF as per ASME B16.5, Full Face, Thk=1/8in, -,",C76KHSRZ,2.0,6820-R2-67140-02,6820,
6820-R2-67140-02_CTWL-CS01_1.pdf,OTHER THAN SHOP MATERIALS,12,5/8,"SBlt 2 HHx N, A193 Gr.B7/A194 Gr.2H, -, Xylan PTFE Coated, - 3.75 in. Length",C6S4K88S,8.0,6820-R2-67140-02,6820,
6820-R2-67140-02_CTWL-CS01_1.pdf,OTHER THAN SHOP MATERIALS,13,1/2,"SBlt 2 HHx N, A193 Gr.B7/A194 Gr.2H, -, Xylan PTFE Coated, - 2.75 in. Length",C6S4K87U,8.0,6820-R2-67140-02,6820,
6820-R2-67140-02_CTWL-CS01_1.pdf,OTHER THAN SHOP MATERIALS,14,1,"Plug Flg,SP, Inverted Tapered Plug, Non Lubricated, API 599, ASTM A395 Gr.60-40-18, 150 Lbs, RF, Ends as per ASME B16.5, -, LO,-, -, Valve Tag: PL-0546",C76RJXHV,1.0,6820-R2-67140-02,6820,
6820-R2-67140-02_CTWL-CS01_1.pdf,OTHER THAN SHOP MATERIALS,15,1,"Bld Flg, ASME B16.5, ASTM A105N Galv. as per ASTM A153, 150 Lbs, RF, -,",C1DR2JV,1.0,6820-R2-67140-02,6820,
6820-R2-67140-02_CTWL-CS01_1.pdf,PIPE SUPPORTS,16,4,PS209-B3,PS209,1.0,6820-R2-67140-02,6820,
6820-R2-67140-03_CTWL-CS01_1.pdf,OTHER THAN SHOP MATERIALS,6,1,"Nipple, ASTM A106 Gr.B Galv. as per ASTM A153, NPTM Ends, L = 3in, -, S-XS",C41B2D94,1.0,6820-R2-67140-03,6820,
6820-R2-67140-03_CTWL-CS01_1.pdf,OTHER THAN SHOP MATERIALS,7,1,"THD Flg, ASME B16.5, ASTM A105N Galv. as per ASTM A153, 150 Lbs, RF/NPTF End, -,",C1DR2JM,1.0,6820-R2-67140-03,6820,
6820-R2-67140-03_CTWL-CS01_1.pdf,OTHER THAN SHOP MATERIALS,8,4,"NM Flat Gk, Aramid Fiber Reinforced SBR, 150 Lbs, RF as per ASME B16.5, Full Face, Thk=1/8in, -,",C76KHSS7,2.0,6820-R2-67140-03,6820,
6820-R2-67140-03_CTWL-CS01_1.pdf,OTHER THAN SHOP MATERIALS,9,1,"NM Flat Gk, Aramid Fiber Reinforced SBR, 150 Lbs, RF as per ASME B16.5, Full Face, Thk=1/8in, -,",C76KHSRZ,2.0,6820-R2-67140-03,6820,
6820-R2-67140-03_CTWL-CS01_1.pdf,OTHER THAN SHOP MATERIALS,10,5/8,"SBlt 2 HHx N, A193 Gr.B7/A194 Gr.2H, -, Xylan PTFE Coated, - 3.75 in. Length",C6S4K88S,16.0,6820-R2-67140-03,6820,
6820-R2-67140-03_CTWL-CS01_1.pdf,OTHER THAN SHOP MATERIALS,11,1/2,"SBlt 2 HHx N, A193 Gr.B7/A194 Gr.2H, -, Xylan PTFE Coated, - 2.75 in. Length",C6S4K87U,8.0,6820-R2-67140-03,6820,
6820-R2-67140-03_CTWL-CS01_1.pdf,OTHER THAN SHOP MATERIALS,12,4,"SwgChk Flg, API 594, ASTM A216 Gr.WCB,150 Lbs, RF, Ends as per ASME B16.5,-, Valve Tag: CH-0628",C76KJLFC,1.0,6820-R2-67140-03,6820,
6820-R2-67140-03_CTWL-CS01_1.pdf,OTHER THAN SHOP MATERIALS,13,1,"Plug Flg,SP, Inverted Tapered Plug, Non Lubricated, API 599, ASTM A395 Gr.60-40-18, 150 Lbs, RF, Ends as per ASME B16.5, -, LO,-, -, Valve Tag: PL-0546",C76RJXHV,1.0,6820-R2-67140-03,6820,
6820-R2-67140-03_CTWL-CS01_1.pdf,OTHER THAN SHOP MATERIALS,14,1,"Bld Flg, ASME B16.5, ASTM A105N Galv. as per ASTM A153, 150 Lbs, RF, -,",C1DR2JV,1.0,6820-R2-67140-03,6820,
6820-R2-67140-03_CTWL-CS01_1.pdf,PIPE SUPPORTS,15,4,PS209-B1 1,PS209,1.0,6820-R2-67140-03,6820,
6820-R2-67140-03_CTWL-CS01_1.pdf,PIPE SUPPORTS,16,4,PS214-14-MOD,PS214,1.0,6820-R2-67140-03,6820,
6820-R2-67140-04_CTWL-CS01_0.pdf,OTHER THAN SHOP MATERIALS,5,1,"Nipple, ASTM A106 Gr.B Galv. as per ASTM A153, NPTM Ends, L = 3in, -, S-XS",C41B2D94,1.0,6820-R2-67140-04,6820,
6820-R2-67140-04_CTWL-CS01_0.pdf,OTHER THAN SHOP MATERIALS,6,1,"THD Flg, ASME B16.5, ASTM A105N Galv. as per ASTM A153, 150 Lbs, RF/NPTF End, -,",C1DR2JM,1.0,6820-R2-67140-04,6820,
6820-R2-67140-04_CTWL-CS01_0.pdf,OTHER THAN SHOP MATERIALS,7,4,"NM Flat Gk, Aramid Fiber Reinforced SBR, 150 Lbs, RF as per ASME B16.5, Full Face, Thk=1/8in, -,",C76KHSS7,2.0,6820-R2-67140-04,6820,
6820-R2-67140-04_CTWL-CS01_0.pdf,OTHER THAN SHOP MATERIALS,8,1,"NM Flat Gk, Aramid Fiber Reinforced SBR, 150 Lbs, RF as per ASME B16.5, Full Face, Thk=1/8in, -,",C76KHSRZ,2.0,6820-R2-67140-04,6820,
6820-R2-67140-04_CTWL-CS01_0.pdf,OTHER THAN SHOP MATERIALS,9,5/8,"SBlt 2 HHx N, A193 Gr.B7/A194 Gr.2H, -, Xylan PTFE Coated, - 3.75 in. Length",C6S4K88S,16.0,6820-R2-67140-04,6820,
6820-R2-67140-04_CTWL-CS01_0.pdf,OTHER THAN SHOP MATERIALS,10,1/2,"SBlt 2 HHx N, A193 Gr.B7/A194 Gr.2H, -, Xylan PTFE Coated, - 2.75 in. Length",C6S4K87U,8.0,6820-R2-67140-04,6820,
6820-R2-67140-04_CTWL-CS01_0.pdf,OTHER THAN SHOP MATERIALS,11,4,"Plug Flg,SP, Inverted Tapered Plug, Non Lubricated, API 599, ASTM A395 Gr.60-40-18, 150 Lbs, RF, Ends as per ASME B16.5, -, GO,-, -, Valve Tag: PL-0546",C76RJXJ1,1.0,6820-R2-67140-04,6820,
6820-R2-67140-04_CTWL-CS01_0.pdf,OTHER THAN SHOP MATERIALS,12,1,"Plug Flg,SP, Inverted Tapered Plug, Non Lubricated, API 599, ASTM A395 Gr.60-40-18, 150 Lbs, RF, Ends as per ASME B16.5, -, LO,-, -, Valve Tag: PL-0546",C76RJXHV,1.0,6820-R2-67140-04,6820,
6820-R2-67140-04_CTWL-CS01_0.pdf,OTHER THAN SHOP MATERIALS,13,1,"Bld Flg, ASME B16.5, ASTM A105N Galv. as per ASTM A153, 150 Lbs, RF, -,",C1DR2JV,1.0,6820-R2-67140-04,6820,
6820-R2-67140-05_CTWL-CS01_0.pdf,PIPE SUPPORTS,4,4,PS433-4,PS433,1.0,6820-R2-67140-05,6820,
6820-R2-67140-05_CTWL-CS01_0.pdf,PIPE SUPPORTS,5,4,PS201-4,PS201,1.0,6820-R2-67140-05,6820,
6820-R2-67140-05_CTWL-CS01_0.pdf,PIPE SUPPORTS,6,4,PS434-C-3-17.95-14.88,PS434,1.0,6820-R2-67140-05,6820,
6820-R2-67140-06_CTWL-CS01_0.pdf,OTHER THAN SHOP MATERIALS,7,1,"Nipple, ASTM A106 Gr.B Galv. as per ASTM A153, NPTM Ends, L = 3in, -, S-XS",C41B2D94,1.0,6820-R2-67140-06,6820,
6820-R2-67140-06_CTWL-CS01_0.pdf,OTHER THAN SHOP MATERIALS,8,1,"THD Flg, ASME B16.5, ASTM A105N Galv. as per ASTM A153, 150 Lbs, RF/NPTF End, -,",C1DR2JM,1.0,6820-R2-67140-06,6820,
6820-R2-67140-06_CTWL-CS01_0.pdf,OTHER THAN SHOP MATERIALS,9,3,"NM Flat Gk, Aramid Fiber Reinforced SBR, 150 Lbs, RF as per ASME B16.5, Full Face, Thk=1/8in, -,",C76KHSS5,2.0,6820-R2-67140-06,6820,
6820-R2-67140-06_CTWL-CS01_0.pdf,OTHER THAN SHOP MATERIALS,10,1,"NM Flat Gk, Aramid Fiber Reinforced SBR, 150 Lbs, RF as per ASME B16.5, Full Face, Thk=1/8in, -,",C76KHSRZ,2.0,6820-R2-67140-06,6820,
6820-R2-67140-06_CTWL-CS01_0.pdf,OTHER THAN SHOP MATERIALS,11,5/8,"SBlt 2 HHx N, A193 Gr.B7/A194 Gr.2H, -, Xylan PTFE Coated, - 3.75 in. Length",C6S4K88S,8.0,6820-R2-67140-06,6820,
6820-R2-67140-06_CTWL-CS01_0.pdf,OTHER THAN SHOP MATERIALS,12,1/2,"SBlt 2 HHx N, A193 Gr.B7/A194 Gr.2H, -, Xylan PTFE Coated, - 2.75 in. Length",C6S4K87U,8.0,6820-R2-67140-06,6820,
6820-R2-67140-06_CTWL-CS01_0.pdf,OTHER THAN SHOP MATERIALS,13,1,"Plug Flg,SP, Inverted Tapered Plug, Non Lubricated, API 599, ASTM A395 Gr.60-40-18, 150 Lbs, RF, Ends as per ASME B16.5, -, LO,-, -, Valve Tag: PL-0546",C76RJXHV,1.0,6820-R2-67140-06,6820,
6820-R2-67140-06_CTWL-CS01_0.pdf,OTHER THAN SHOP MATERIALS,14,1,"Bld Flg, ASME B16.5, ASTM A105N Galv. as per ASTM A153, 150 Lbs, RF, -, SUPPORTS",C1DR2JV,1.0,6820-R2-67140-06,6820,
6820-R2-67140-06_CTWL-CS01_0.pdf,OTHER THAN SHOP MATERIALS,15,4,PS433-4,PS433,2.0,6820-R2-67140-06,6820,
6820-R2-67140-06_CTWL-CS01_0.pdf,OTHER THAN SHOP MATERIALS,16,4,PS412-21.13-14,PS412,2.0,6820-R2-67140-06,6820,
6820-R2-67140-06_CTWL-CS01_0.pdf,OTHER THAN SHOP MATERIALS,17,4,PS430-3-A-47.75,PS430,1.0,6820-R2-67140-06,6820,
6820-R2-67140-06_CTWL-CS01_0.pdf,OTHER THAN SHOP MATERIALS,18,4,PS201-4,PS201,2.0,6820-R2-67140-06,6820,
6820-R2-67140-06_CTWL-CS01_0.pdf,OTHER THAN SHOP MATERIALS,19,4,PS203-4,PS203,1.0,6820-R2-67140-06,6820,
6820-R2-67140-07_CTWL-CS01_0.pdf,OTHER THAN SHOP MATERIALS,5,4,"NM Flat Gk, Aramid Fiber Reinforced SBR, 150 Lbs, RF as per ASME B16.5, Full Face, Thk=1/8in, -,",C76KHSS7,2.0,6820-R2-67140-07,6820,
6820-R2-67140-07_CTWL-CS01_0.pdf,OTHER THAN SHOP MATERIALS,6,5/8,"SBlt 2 HHx N, A193 Gr.B7/A194 Gr.2H, -, Xylan PTFE Coated, - 3.75 in. Length",C6S4K88S,16.0,6820-R2-67140-07,6820,
6820-R2-67140-07_CTWL-CS01_0.pdf,OTHER THAN SHOP MATERIALS,7,4,"Plug Flg,SP, Inverted Tapered Plug, Non Lubricated, API 599, ASTM A395 Gr.60-40-18, 150 Lbs, RF, Ends as per ASME B16.5, -, GO,-, -, Valve Tag: PL-0546",C76RJXJ1,1.0,6820-R2-67140-07,6820,
6820-R2-67140-07_CTWL-CS01_0.pdf,PIPE SUPPORTS,8,4,PS433-4,PS433,2.0,6820-R2-67140-07,6820,
6820-R2-67140-07_CTWL-CS01_0.pdf,PIPE SUPPORTS,9,4,PS203-4,PS203,1.0,6820-R2-67140-07,6820,
6820-R2-67140-07_CTWL-CS01_0.pdf,PIPE SUPPORTS,10,4,PS401-1-48.13-1,PS401,1.0,6820-R2-67140-07,6820,
6820-R2-67140-07_CTWL-CS01_0.pdf,PIPE SUPPORTS,11,4,PS434-C-3-16.9-21-6.4,PS434,1.0,6820-R2-67140-07,6820,
6820-R2-67140-07_CTWL-CS01_0.pdf,PIPE SUPPORTS,12,4,PS201-4,PS201,1.0,6820-R2-67140-07,6820,
6820-R2-67140-08_CTWL-CS01_0.pdf,OTHER THAN SHOP MATERIALS,1,2,"Pipes, Seamless, ASME B36.10, ASTM ' A106 Gr.B Galv. as per ASTM A153, NPTM Ends, w/ coupling, -, S-XS",C145308,4.5,6820-R2-67140-08,6820,
6820-R2-67140-08_CTWL-CS01_0.pdf,OTHER THAN SHOP MATERIALS,2,2,"90° Elb, ASME B16.11, ASTM A105N Galv. as per ASTM A153, 3000 Lbs, NPTF Ends, -,",C1DMWEN,1.0,6820-R2-67140-08,6820,
6820-R2-67140-08_CTWL-CS01_0.pdf,OTHER THAN SHOP MATERIALS,3,2,"THD Flg, ASME B16.5, ASTM A105N Galv. as per ASTM A153, 150 Lbs, RF/NPTF End, -,",C1DR2JR,1.0,6820-R2-67140-08,6820,
6820-R2-67140-08_CTWL-CS01_0.pdf,OTHER THAN SHOP MATERIALS,4,2,"NM Flat Gk, Aramid Fiber Reinforced SBR, 150 Lbs, RF as per ASME B16.5, Full Face, Thk=1/8in, -,",C76KHSS3,2.0,6820-R2-67140-08,6820,
6820-R2-67140-08_CTWL-CS01_0.pdf,OTHER THAN SHOP MATERIALS,5,5/8,"SBlt 2 HHx N, A193 Gr.B7/A194 Gr.2H, -, Xylan PTFE Coated, - 3.5 in. Length",C6S4K88R,8.0,6820-R2-67140-08,6820,
6820-R2-67140-08_CTWL-CS01_0.pdf,OTHER THAN SHOP MATERIALS,6,2,"Plug Flg,SP, Inverted Tapered Plug, Non Lubricated, API 599, ASTM A395 Gr.60-40-18, 150 Lbs, RF, Ends as per ASME B16.5, -, LO,-, -, Valve Tag: PL-0546",C76RJXHX,1.0,6820-R2-67140-08,6820,
6820-R2-67140-08_CTWL-CS01_0.pdf,OTHER THAN SHOP MATERIALS,7,2,"Bld Flg, ASME B16.5, ASTM A105N Galv. as per ASTM A153, 150 Lbs, RF, -,",C1DR2JY,1.0,6820-R2-67140-08,6820,
6820-R2-67140-08_CTWL-CS01_0.pdf,PIPE SUPPORTS,8,2,PS433-2,PS433,1.0,6820-R2-67140-08,6820,
6820-R2-67140-08_CTWL-CS01_0.pdf,PIPE SUPPORTS,9,2,PS201-2,PS201,1.0,6820-R2-67140-08,6820,
6820-R2-67140-08_CTWL-CS01_0.pdf,PIPE SUPPORTS,10,2,"PS434-A-2-26.51-22-6.33 TYPE: INSUL THK: SHOP: FIELD: PAINT CODE: MODULE: L Per LDT Per LDT N Y Per LDT - P&ID: 202998C-001-PID-0021-0330 UNIT#: EWP AREA: SPEC: STRESS CALC #: 6800 6820 CTWL-CS01 CN-0406 LINE No. 2""-R2-67140-CTWL-CS01-N Battleground DRAWING NUMBER REV. 6820-R2-67140-08 *6820-R2-67140-08*",PS434,1.0,6820-R2-67140-08,6820,
6820-R2-67140-09_CTWL-CS01_0.pdf,OTHER THAN SHOP MATERIALS,4,1/2,"SBlt 2 HHx N, A193 Gr.B7/A194 Gr.2H, -, Xylan PTFE Coated, - 3 in. Length",C6S4K87V,4.0,6820-R2-67140-09,6820,
6820-R2-67140-09_CTWL-CS01_0.pdf,OTHER THAN SHOP MATERIALS,5,1/2,"SBlt 2 HHx N, A193 Gr.B7/A194 Gr.2H, -, Xylan PTFE Coated, - 3.75 in. Length",C6S4K87Y,4.0,6820-R2-67140-09,6820,
6820-R2-67141-01_EPCL-SS01_1.pdf,OTHER THAN SHOP MATERIALS,1,2,"Pipes, Seamless, ASME ' B36.19/B36.10, ASTM A312 Gr.TP304L, NPTM Ends, w/ coupling, -, S-80S",C76KFFWK,45.9,6820-R2-67141-01,6820,
6820-R2-67141-01_EPCL-SS01_1.pdf,OTHER THAN SHOP MATERIALS,2,2,"90° Elb, ASME B16.11, ASTM A182 Gr.F304L, 3000 Lbs, NPTF Ends, Annealed,",C7BP5GGZ,6.0,6820-R2-67141-01,6820,
6820-R2-67141-01_EPCL-SS01_1.pdf,OTHER THAN SHOP MATERIALS,3,2,"45° Elb, ASME B16.11, ASTM A182 Gr.F304L, 3000 Lbs, NPTF Ends, Annealed,",C7BP5GZF,1.0,6820-R2-67141-01,6820,
6820-R2-67141-01_EPCL-SS01_1.pdf,PIPE SUPPORTS,4,2,PS105-2-12-4,PS105,5.0,6820-R2-67141-01,6820,
6820-R2-67141-01_EPCL-SS01_1.pdf,PIPE SUPPORTS,5,2,PS204-2 1,PS204,2.0,6820-R2-67141-01,6820,
6820-R2-67141-01_EPCL-SS01_1.pdf,PIPE SUPPORTS,6,2,PS434-A-3-48-20.94-5.18,PS434,1.0,6820-R2-67141-01,6820,
6820-R2-67141-01_EPCL-SS01_1.pdf,PIPE SUPPORTS,7,2,PS434-C-3-34.50-18.64-13.97,PS434,1.0,6820-R2-67141-01,6820,
6820-R2-67141-01_EPCL-SS01_1.pdf,PIPE SUPPORTS,8,2,PS434-C-3-32.9-19.3-13.97,PS434,1.0,6820-R2-67141-01,6820,
6820-R2-67141-01_EPCL-SS01_1.pdf,PIPE SUPPORTS,9,2,PS434-C-3-34.8-19.3-13.97,PS434,1.0,6820-R2-67141-01,6820,
6820-R2-67141-01_EPCL-SS01_1.pdf,PIPE SUPPORTS,10,2,"PS434-C-3-70.54-20-14 TYPE: INSUL THK: SHOP: FIELD: PAINT CODE: MODULE: L Per LDT Per LDT N Y Per LDT - P&ID: 202998C-001-PID-0021-0329 UNIT#: EWP AREA: SPEC: STRESS CALC #: 6800 6820 EPCL-SS01 - LINE No. 2""-R2-67141-EPCL-SS01-H Battleground DRAWING NUMBER REV. 6820-R2-67141-01 *6820-R2-67141-01*",PS434,1.0,6820-R2-67141-01,6820,
6820-R2-67141-03_EPCL-SS01_0..pdf,OTHER THAN SHOP MATERIALS,1,2,"Pipes, Seamless, ASME ' B36.19/B36.10, ASTM A312 Gr.TP304L, NPTM Ends, w/ coupling, -, S-80S",C76KFFWK,40.7,6820-R2-67141-03,6820,
6820-R2-67141-03_EPCL-SS01_0..pdf,OTHER THAN SHOP MATERIALS,4,2,"90° Elb, ASME B16.11, ASTM A182 Gr.F304L, 3000 Lbs, NPTF Ends, Annealed,",C7BP5GGZ,1.0,6820-R2-67141-03,6820,
6820-R2-67141-03_EPCL-SS01_0..pdf,OTHER THAN SHOP MATERIALS,5,2,"Full Coup, ASME B16.11, ASTM A182 Gr.F304L, 3000 Lbs, NPTF Ends, Annealed,",C7BP51NY,1.0,6820-R2-67141-03,6820,
6820-R2-67141-03_EPCL-SS01_0..pdf,OTHER THAN SHOP MATERIALS,6,1,"Full Coup, ASME B16.11, ASTM A182 Gr.F304L, 3000 Lbs, NPTF Ends, Annealed,",C7BP51NV,1.0,6820-R2-67141-03,6820,
6820-R2-67141-03_EPCL-SS01_0..pdf,PIPE SUPPORTS,7,2,PS434-C-3-70.54-20.13-14,PS434,3.0,6820-R2-67141-03,6820,
6820-R2-67141-03_EPCL-SS01_0..pdf,PIPE SUPPORTS,8,2,PS204-2,PS204,3.0,6820-R2-67141-03,6820,
6820-R2-67141-03_EPCL-SS01_0..pdf,PIPE SUPPORTS,9,2,PS105-2-12-4,PS105,5.0,6820-R2-67141-03,6820,
6820-R2-67141-03_EPCL-SS01_0..pdf,PIPE SUPPORTS,10,2,"PS712-A-14.36 TYPE: INSUL THK: SHOP: FIELD: PAINT CODE: MODULE: L Per LDT Per LDT N Y Per LDT - P&ID: 202998C-001-PID-0021-0329 UNIT#: EWP AREA: SPEC: STRESS CALC #: 6800 6820 EPCL-SS01 NC LINE No. 2""-R2-67141-EPCL-SS01-H Battleground DRAWING NUMBER REV. 6820-R2-67141-03 *6820-R2-67141-03*",PS712,2.0,6820-R2-67141-03,6820,
6820-R2-67142-01_NOHD-NI01_0..pdf,OTHER THAN SHOP MATERIALS,5,1/2,"NM Flat Gk, Barium Sulfate filled PTFE, 150 Lbs, RF as per ASME B16.5, -, Thk=1/8in, -,",C76SNTEV,3.0,6820-R2-67142-01,6820,
6820-R2-67142-01_NOHD-NI01_0..pdf,OTHER THAN SHOP MATERIALS,6,1/2,"SBlt 2 HHx N, A193 Gr.B7/A194 Gr.2H, -, Xylan PTFE Coated, - 2.5 in. Length",C6S4K87T,12.0,6820-R2-67142-01,6820,
6820-R2-67142-01_NOHD-NI01_0..pdf,OTHER THAN SHOP MATERIALS,7,1/2,"Plug Flg,SP, Inverted Tapered Plug, Non Lubricated, API 599, ASTM B564 UNS N02200, 150 Lbs, RF, Ends as per ASME B16.5, -, LO,-, -, Valve Tag: PL-0503_LO",C8RR9V35,1.0,6820-R2-67142-01,6820,
6820-R2-67143-01_NOHD-SS01_0..pdf,OTHER THAN SHOP MATERIALS,5,2,"NM Flat Gk, Barium Sulfate filled PTFE, 150 Lbs, RF as per ASME B16.5, -, Thk=1/8in, -,",C6S4K87J,5.0,6820-R2-67143-01,6820,
6820-R2-67143-01_NOHD-SS01_0..pdf,OTHER THAN SHOP MATERIALS,6,5/8,"SBlt 2 HHx N, A193 Gr.B7/A194 Gr.2H, -, Xylan PTFE Coated, - 3.5 in. Length",C6S4K88R,4.0,6820-R2-67143-01,6820,
6820-R2-67143-01_NOHD-SS01_0..pdf,OTHER THAN SHOP MATERIALS,7,5/8,"SBlt 2 HHx N, A193 Gr.B7/A194 Gr.2H, -, Xylan PTFE Coated, - 3.25 in. Length",C6S4K88P,8.0,6820-R2-67143-01,6820,
6820-R2-67143-01_NOHD-SS01_0..pdf,OTHER THAN SHOP MATERIALS,8,5/8,"SBlt 2 HHx N, A193 Gr.B7/A194",C6S4K890,4.0,6820-R2-67143-01,6820,
6820-R2-67143-01_NOHD-SS01_0..pdf,OTHER THAN SHOP MATERIALS,9,2,"Plug Flg,SP, Tapered Plug, Non Lubricated, API 599, ASTM A351 Gr.CF8M, 150 Lbs, RF, Ends as per ASME B16.5, -, LO,-, -, Valve Tag: PL-0548",C6SDVYKZ,2.0,6820-R2-67143-01,6820,
6820-R2-67143-02_NOHD-SS01_0..pdf,OTHER THAN SHOP MATERIALS,6,1/2,"SBlt 2 HHx N, A193 Gr.B7/A194 Gr.2H, -, Xylan PTFE Coated, - 3 in. Length",C6S4K87V,8.0,6820-R2-67143-02,6820,
6820-R2-67146-02_EPCL-SS01_0..pdf,OTHER THAN SHOP MATERIALS,7,2,"Pipes, Seamless, ASME ' B36.19/B36.10, ASTM A312 Gr.TP304L, NPTM Ends, w/ coupling, -, S-80S",C76KFFWK,0.7,6820-R2-67146-02,6820,
6820-R2-67146-02_EPCL-SS01_0..pdf,OTHER THAN SHOP MATERIALS,8,2,"THD Flg, ASME B16.5, ASTM A182 Gr.F304L, 150 Lbs, RF/NPTF End, Annealed,",C7W2U48P,2.0,6820-R2-67146-02,6820,
6820-R2-67146-02_EPCL-SS01_0..pdf,OTHER THAN SHOP MATERIALS,9,2,"NM Flat Gk, Barium Sulfate filled PTFE, 150 Lbs, RF as per ASME B16.5, Full Face, Thk=1/8in, -,",C7CT1ZFS,6.0,6820-R2-67146-02,6820,
6820-R2-67146-02_EPCL-SS01_0..pdf,OTHER THAN SHOP MATERIALS,10,5/8,"SBlt 2 HHx N, A193 Gr.B7/A194 Gr.2H, -, Xylan PTFE Coated, - 3.5 in. Length",C6S4K88R,8.0,6820-R2-67146-02,6820,
6820-R2-67146-02_EPCL-SS01_0..pdf,OTHER THAN SHOP MATERIALS,11,5/8,"SBlt 2 HHx N, A193 Gr.B7/A194 Gr.2H, -, Xylan PTFE Coated, - 5.75 in. Length",C6S4K890,8.0,6820-R2-67146-02,6820,
6820-R2-67146-02_EPCL-SS01_0..pdf,OTHER THAN SHOP MATERIALS,12,2,"Plug Flg,SP, Tapered Plug, Non Lubricated, API 599, ASTM A351 Gr.CF8M, 150 Lbs, RF, Ends as per ASME B16.5, -, LO,-, -, Valve Tag: PL-0548",C6SDVYKZ,2.0,6820-R2-67146-02,6820,
6820-R2-67146-02_EPCL-SS01_0..pdf,PIPE SUPPORTS,15,8,PS209-B2,PS209,1.0,6820-R2-67146-02,6820,
6820-R2-67146-02_EPCL-SS01_0..pdf,PIPE SUPPORTS,16,8,PS430-3-A-47.59,PS430,1.0,6820-R2-67146-02,6820,
6820-R2-67146-03_EPCL-SS01_0..pdf,PIPE SUPPORTS,5,8,PS434-C-3-44.08-17.21-8.61,PS434,1.0,6820-R2-67146-03,6820,
6820-R2-67146-03_EPCL-SS01_0..pdf,PIPE SUPPORTS,6,8,PS204-8,PS204,1.0,6820-R2-67146-03,6820,
6820-R2-67146-04_EPCL-SS01_0..pdf,PIPE SUPPORTS,5,8,PS204-8,PS204,1.0,6820-R2-67146-04,6820,
6820-R2-67146-05_EPCL-SS01_0..pdf,OTHER THAN SHOP MATERIALS,4,8,PS434-C-3-41.64-31.76-8.61,PS434,1.0,6820-R2-67146-05,6820,
6820-R2-67146-05_EPCL-SS01_0..pdf,OTHER THAN SHOP MATERIALS,5,8,PS204-8,PS204,1.0,6820-R2-67146-05,6820,
6820-R2-67146-05_EPCL-SS01_0..pdf,OTHER THAN SHOP MATERIALS,6,8,PS401-3-29.9-2,PS401,1.0,6820-R2-67146-05,6820,
6820-R2-67146-06_EPCL-SS01_0..pdf,OTHER THAN SHOP MATERIALS,6,8,"NM Flat Gk, Barium Sulfate filled PTFE, 150 Lbs, RF as per ASME B16.5, Full Face, Thk=1/8in, -,",C7CT1ZG2,1.0,6820-R2-67146-06,6820,
6820-R2-67146-06_EPCL-SS01_0..pdf,OTHER THAN SHOP MATERIALS,7,3/4,"SBlt 2 HHx N, A193 Gr.B7/A194 Gr.2H, -, Xylan PTFE Coated, - 4.5 in. Length",C6S4K8BD,8.0,6820-R2-67146-06,6820,
6820-R2-67146-06_EPCL-SS01_0..pdf,OTHER THAN SHOP MATERIALS,8,8,"Bld Flg, ASME B16.5, ASTM A182 Gr.F304L, 150 Lbs, RF, Annealed,",C7W2U47N,1.0,6820-R2-67146-06,6820,
6820-R2-67146-06_EPCL-SS01_0..pdf,PIPE SUPPORTS,9,8,PS204-8,PS204,2.0,6820-R2-67146-06,6820,
6820-R2-67147-01_EPCL-SS01_0..pdf,OTHER THAN SHOP MATERIALS,1,1,"Pipes, Seamless, ASME ' B36.19/B36.10, ASTM A312 Gr.TP304L, NPTM Ends, w/ coupling, -, S-80S",C76KFFTD,28.7,6820-R2-67147-01,6820,
6820-R2-67147-01_EPCL-SS01_0..pdf,OTHER THAN SHOP MATERIALS,4,1,"Full Coup, ASME B16.11, ASTM A182 Gr.F304L, 3000 Lbs, NPTF Ends, Annealed,",C7BP51NV,1.0,6820-R2-67147-01,6820,
6820-R2-67147-01_EPCL-SS01_0..pdf,OTHER THAN SHOP MATERIALS,5,1,"90° Elb, ASME B16.11, ASTM A182 Gr.F304L, 3000 Lbs, NPTF Ends, Annealed,",C7BP5GGW,6.0,6820-R2-67147-01,6820,
6820-R2-67147-01_EPCL-SS01_0..pdf,OTHER THAN SHOP MATERIALS,6,1,"Nipple, ASTM A312 Gr.TP304L, NPTM Ends, L = 3in, -, S-80S",CEZMKL0,1.0,6820-R2-67147-01,6820,
6820-R2-67147-01_EPCL-SS01_0..pdf,OTHER THAN SHOP MATERIALS,7,1,"THD Flg, ASME B16.5, ASTM A182 Gr.F304L, 150 Lbs, RF/NPTF End, Annealed,",C7W2U48L,7.0,6820-R2-67147-01,6820,
6820-R2-67147-01_EPCL-SS01_0..pdf,OTHER THAN SHOP MATERIALS,8,3/4,"THD Flg, ASME B16.5, ASTM A182 Gr.F304L, 300 Lbs, RF/NPTF End, Annealed,",C7W2U48S,1.0,6820-R2-67147-01,6820,
6820-R2-67147-01_EPCL-SS01_0..pdf,OTHER THAN SHOP MATERIALS,9,1,"NM Flat Gk, Barium Sulfate filled PTFE, 150 Lbs, RF as per ASME B16.5, Full Face, Thk=1/8in, -,",C7CT1ZFH,6.0,6820-R2-67147-01,6820,
6820-R2-67147-01_EPCL-SS01_0..pdf,OTHER THAN SHOP MATERIALS,10,3/4,"NM Flat Gk, Barium Sulfate filled PTFE, 300 Lbs, RF as per ASME B16.5, Full Face, Thk=1/8in, -,",C7W3AL3K,1.0,6820-R2-67147-01,6820,
6820-R2-67147-01_EPCL-SS01_0..pdf,OTHER THAN SHOP MATERIALS,11,5/8,"SBlt 2 HHx N, A193 Gr.B7/A194 Gr.2H, -, Xylan PTFE Coated, - 3 in. Length",C6S4K88N,4.0,6820-R2-67147-01,6820,
6820-R2-67147-01_EPCL-SS01_0..pdf,OTHER THAN SHOP MATERIALS,12,1/2,"SBlt 2 HHx N, A193 Gr.B7/A194 Gr.2H, -, Xylan PTFE Coated, - 2.75 in. Length",C6S4K87U,24.0,6820-R2-67147-01,6820,
6820-R2-67147-01_EPCL-SS01_0..pdf,OTHER THAN SHOP MATERIALS,13,1,"Plug Flg,SP, Tapered Plug, Non Lubricated, API 599, ASTM A351 Gr.CF8M, 150 Lbs, RF, Ends as per ASME B16.5, -, LO,-, -, Valve Tag: PL-0548",C76KHSRR,2.0,6820-R2-67147-01,6820,
6820-R2-67147-01_EPCL-SS01_0..pdf,OTHER THAN SHOP MATERIALS,14,1,"Bld Flg, ASME B16.5, ASTM A182 Gr.F304L, 150 Lbs, RF, Annealed,",C7W2U478,1.0,6820-R2-67147-01,6820,
6820-R2-67147-01_EPCL-SS01_0..pdf,PIPE SUPPORTS,15,1,PS201-1-S,PS201,4.0,6820-R2-67147-01,6820,
6820-R2-67147-01_EPCL-SS01_0..pdf,PIPE SUPPORTS,16,1,PS433-1,PS433,4.0,6820-R2-67147-01,6820,
6820-R2-67147-01_EPCL-SS01_0..pdf,PIPE SUPPORTS,17,1,PS709-A-16.52-6,PS709,3.0,6820-R2-67147-01,6820,
6820-R2-67147-01_EPCL-SS01_0..pdf,PIPE SUPPORTS,18,1,PS732-3-60-20,PS732,1.0,6820-R2-67147-01,6820,
6820-R2-67147-01_EPCL-SS01_0..pdf,PIPE SUPPORTS,19,1,PS212-01,PS212,1.0,6820-R2-67147-01,6820,
6820-R2-67147-01_EPCL-SS01_0..pdf,PIPE SUPPORTS,20,1,"PS719-H-25.25-6-/ TYPE: INSUL THK: SHOP: FIELD: PAINT CODE: MODULE: L Per LDT Per LDT N Y Per LDT - P&ID: 202998C-001-PID-0021-0331 UNIT#: EWP AREA: SPEC: STRESS CALC #: 6800 6820 EPCL-SS01 - LINE No. 1""-R2-67147-EPCL-SS01-P Battleground DRAWING NUMBER REV. 6820-R2-67147-01 *6820-R2-67147-01*",PS719,1.0,6820-R2-67147-01,6820,
6820-R2-67148-01_EPCL-SS01_0.pdf,OTHER THAN SHOP MATERIALS,1,1,"Pipes, Seamless, ASME ' B36.19/B36.10, ASTM A312 Gr.TP304L, NPTM Ends, w/ coupling, -, S-80S",C76KFFTD,42.3,6820-R2-67148-01,6820,
6820-R2-67148-01_EPCL-SS01_0.pdf,OTHER THAN SHOP MATERIALS,2,1,"90° Elb, ASME B16.11, ASTM A182 Gr.F304L, 3000 Lbs, NPTF Ends, Annealed,",C7BP5GGW,8.0,6820-R2-67148-01,6820,
6820-R2-67148-01_EPCL-SS01_0.pdf,OTHER THAN SHOP MATERIALS,3,1,"45° Elb, ASME B16.11, ASTM A182 Gr.F304L, 3000 Lbs, NPTF Ends, Annealed,",C7BP5GZC,1.0,6820-R2-67148-01,6820,
6820-R2-67148-01_EPCL-SS01_0.pdf,OTHER THAN SHOP MATERIALS,4,1,"Full Coup, ASME B16.11, ASTM A182 Gr.F304L, 3000 Lbs, NPTF Ends, Annealed,",C7BP51NV,1.0,6820-R2-67148-01,6820,
6820-R2-67148-01_EPCL-SS01_0.pdf,PIPE SUPPORTS,5,1,PS433-1,PS433,5.0,6820-R2-67148-01,6820,
6820-R2-67148-01_EPCL-SS01_0.pdf,PIPE SUPPORTS,6,1,PS201-1-S,PS201,5.0,6820-R2-67148-01,6820,
6820-R2-67148-01_EPCL-SS01_0.pdf,PIPE SUPPORTS,7,1,"PS719-H-7.5-20-4 TYPE: INSUL THK: SHOP: FIELD: PAINT CODE: MODULE: L Per LDT Per LDT N Y Per LDT - P&ID: 202998C-001-PID-0021-0331 UNIT#: EWP AREA: SPEC: STRESS CALC #: 6800 6820 EPCL-SS01 - LINE No. 1""-R2-67148-EPCL-SS01-P Battleground DRAWING NUMBER REV. 6820-R2-67148-01 *6820-R2-67148-01*",PS719,1.0,6820-R2-67148-01,6820,
6820-R2-67148-02_EPCL-SS01_0..pdf,OTHER THAN SHOP MATERIALS,1,1,"Pipes, Seamless, ASME ' B36.19/B36.10, ASTM A312 Gr.TP304L, NPTM Ends, w/ coupling, -, S-80S",C76KFFTD,19.2,6820-R2-67148-02,6820,
6820-R2-67148-02_EPCL-SS01_0..pdf,OTHER THAN SHOP MATERIALS,2,1,"90° Elb, ASME B16.11, ASTM A182 Gr.F304L, 3000 Lbs, NPTF Ends, Annealed,",C7BP5GGW,4.0,6820-R2-67148-02,6820,
6820-R2-67148-02_EPCL-SS01_0..pdf,OTHER THAN SHOP MATERIALS,3,1,"45° Elb, ASME B16.11, ASTM A182 Gr.F304L, 3000 Lbs, NPTF Ends, Annealed,",C7BP5GZC,4.0,6820-R2-67148-02,6820,
6820-R2-67148-02_EPCL-SS01_0..pdf,OTHER THAN SHOP MATERIALS,4,1,"THD Flg, ASME B16.5, ASTM A182 Gr.F304L, 150 Lbs, RF/NPTF End, Annealed,",C7W2U48L,2.0,6820-R2-67148-02,6820,
6820-R2-67148-02_EPCL-SS01_0..pdf,OTHER THAN SHOP MATERIALS,5,1,"NM Flat Gk, Barium Sulfate filled PTFE, 150 Lbs, RF as per ASME B16.5, Full Face, Thk=1/8in, -,",C7CT1ZFH,2.0,6820-R2-67148-02,6820,
6820-R2-67148-02_EPCL-SS01_0..pdf,OTHER THAN SHOP MATERIALS,6,1/2,"SBlt 2 HHx N, A193 Gr.B7/A194 Gr.2H, -, Xylan PTFE Coated, - 2.75 in. Length",C6S4K87U,8.0,6820-R2-67148-02,6820,
6820-R2-67148-02_EPCL-SS01_0..pdf,OTHER THAN SHOP MATERIALS,7,1,"Plug Flg,SP, Tapered Plug, Non Lubricated, API 599, ASTM A351 Gr.CF8M, 150 Lbs, RF, Ends as per ASME B16.5, -, LO,-, -, Valve Tag: PL-0548",C76KHSRR,1.0,6820-R2-67148-02,6820,
6820-R2-67148-02_EPCL-SS01_0..pdf,PIPE SUPPORTS,8,1,PS718-A-40-11,PS718,1.0,6820-R2-67148-02,6820,
6820-R2-67148-02_EPCL-SS01_0..pdf,PIPE SUPPORTS,9,1,PS433-1,PS433,4.0,6820-R2-67148-02,6820,
6820-R2-67148-02_EPCL-SS01_0..pdf,PIPE SUPPORTS,10,1,PS711,PS711,2.0,6820-R2-67148-02,6820,
6820-R2-67148-02_EPCL-SS01_0..pdf,PIPE SUPPORTS,11,1,PS718-A-23.64-12,PS718,1.0,6820-R2-67148-02,6820,
6820-R2-67148-02_EPCL-SS01_0..pdf,PIPE SUPPORTS,12,1,PS201-1-S,PS201,2.0,6820-R2-67148-02,6820,
6820-R2-67148-02_EPCL-SS01_0..pdf,PIPE SUPPORTS,13,1,PS709-A-23.64-11-5-2.5,PS709,1.0,6820-R2-67148-02,6820,
6820-R2-67148-02_EPCL-SS01_0..pdf,PIPE SUPPORTS,14,1,"PS709-A-23.6-14-6-3 TYPE: INSUL THK: SHOP: FIELD: PAINT CODE: MODULE: L Per LDT Per LDT N Y Per LDT - P&ID: 202998C-001-PID-0021-0331 UNIT#: EWP AREA: SPEC: STRESS CALC #: 6800 6820 EPCL-SS01 - LINE No. 1""-R2-67148-EPCL-SS01-P Battleground DRAWING NUMBER REV. 6820-R2-67148-02 *6820-R2-67148-02*",PS709,1.0,6820-R2-67148-02,6820,
6820-R2-67148-03_EPCL-SS01_0..pdf,OTHER THAN SHOP MATERIALS,1,1,"Pipes, Seamless, ASME ' B36.19/B36.10, ASTM A312 Gr.TP304L, NPTM Ends, w/ coupling, -, S-80S",C76KFFTD,11.6,6820-R2-67148-03,6820,
6820-R2-67148-03_EPCL-SS01_0..pdf,OTHER THAN SHOP MATERIALS,2,3/4,"Pipes, Seamless, ASME ' B36.19/B36.10, ASTM A312 Gr.TP304L, NPTM Ends, w/ coupling, -, S-80S",C76KFFSD,0.8,6820-R2-67148-03,6820,
6820-R2-67148-03_EPCL-SS01_0..pdf,OTHER THAN SHOP MATERIALS,5,1,"Full Coup, ASME B16.11, ASTM A182 Gr.F304L, 3000 Lbs, NPTF Ends, Annealed,",C7BP51NV,1.0,6820-R2-67148-03,6820,
6820-R2-67148-03_EPCL-SS01_0..pdf,OTHER THAN SHOP MATERIALS,6,1,"90° Elb, ASME B16.11, ASTM A182 Gr.F304L, 3000 Lbs, NPTF Ends, Annealed,",C7BP5GGW,3.0,6820-R2-67148-03,6820,
6820-R2-67148-03_EPCL-SS01_0..pdf,OTHER THAN SHOP MATERIALS,7,1,"Nipple, ASTM A312 Gr.TP304L, NPTM Ends, L = 3in, -, S-80S",CEZMKL0,1.0,6820-R2-67148-03,6820,
6820-R2-67148-03_EPCL-SS01_0..pdf,OTHER THAN SHOP MATERIALS,8,3/4,"90° Elb, ASME B16.11, ASTM A182 Gr.F304L, 3000 Lbs, NPTF Ends, Annealed,",C7BP5GGV,2.0,6820-R2-67148-03,6820,
6820-R2-67148-03_EPCL-SS01_0..pdf,OTHER THAN SHOP MATERIALS,9,1,"THD Flg, ASME B16.5, ASTM A182 Gr.F304L, 150 Lbs, RF/NPTF End, Annealed,",C7W2U48L,5.0,6820-R2-67148-03,6820,
6820-R2-67148-03_EPCL-SS01_0..pdf,OTHER THAN SHOP MATERIALS,10,3/4,"THD Flg, ASME B16.5, ASTM A182 Gr.F304L, 300 Lbs, RF/NPTF End, Annealed,",C7W2U48S,1.0,6820-R2-67148-03,6820,
6820-R2-67148-03_EPCL-SS01_0..pdf,OTHER THAN SHOP MATERIALS,11,1,"NM Flat Gk, Barium Sulfate filled PTFE, 150 Lbs, RF as per ASME B16.5, Full Face, Thk=1/8in, -,",C7CT1ZFH,4.0,6820-R2-67148-03,6820,
6820-R2-67148-03_EPCL-SS01_0..pdf,OTHER THAN SHOP MATERIALS,12,3/4,"NM Flat Gk, Barium Sulfate filled PTFE, 300 Lbs, RF as per ASME B16.5, Full Face, Thk=1/8in, -,",C7W3AL3K,1.0,6820-R2-67148-03,6820,
6820-R2-67148-03_EPCL-SS01_0..pdf,OTHER THAN SHOP MATERIALS,13,5/8,"SBlt 2 HHx N, A193 Gr.B7/A194 Gr.2H, -, Xylan PTFE Coated, - 3 in. Length",C6S4K88N,4.0,6820-R2-67148-03,6820,
6820-R2-67148-03_EPCL-SS01_0..pdf,OTHER THAN SHOP MATERIALS,14,1/2,"SBlt 2 HHx N, A193 Gr.B7/A194 Gr.2H, -, Xylan PTFE Coated, - 2.75 in. Length",C6S4K87U,16.0,6820-R2-67148-03,6820,
6820-R2-67148-03_EPCL-SS01_0..pdf,OTHER THAN SHOP MATERIALS,15,1,"Plug Flg,SP, Tapered Plug, Non Lubricated, API 599, ASTM A351 Gr.CF8M, 150 Lbs, RF, Ends as per ASME B16.5, -, LO,-, -, Valve Tag: PL-0548",C76KHSRR,1.0,6820-R2-67148-03,6820,
6820-R2-67148-03_EPCL-SS01_0..pdf,OTHER THAN SHOP MATERIALS,16,1,"Bld Flg, ASME B16.5, ASTM A182 Gr.F304L, 150 Lbs, RF, Annealed,",C7W2U478,1.0,6820-R2-67148-03,6820,
6820-R2-67148-03_EPCL-SS01_0..pdf,PIPE SUPPORTS,17,1,PS201-1-S,PS201,2.0,6820-R2-67148-03,6820,
6820-R2-67148-03_EPCL-SS01_0..pdf,PIPE SUPPORTS,18,1,"PS433-1 TYPE: INSUL THK: SHOP: FIELD: PAINT CODE: MODULE: L Per LDT Per LDT N Y Per LDT - P&ID: 202998C-001-PID-0021-0331 UNIT#: EWP AREA: SPEC: STRESS CALC #: 6800 6820 EPCL-SS01 - LINE No. 1""-R2-67148-EPCL-SS01-P Battleground DRAWING NUMBER REV. 6820-R2-67148-03 *6820-R2-67148-03*",PS433,2.0,6820-R2-67148-03,6820,
6820-R2-67149-01_EPCL-SS01_0.pdf,OTHER THAN SHOP MATERIALS,1,1,"Pipes, Seamless, ASME ' B36.19/B36.10, ASTM A312 Gr.TP304L, NPTM Ends, w/ coupling, -, S-80S",C76KFFTD,50.8,6820-R2-67149-01,6820,
6820-R2-67149-01_EPCL-SS01_0.pdf,OTHER THAN SHOP MATERIALS,2,1,"90° Elb, ASME B16.11, ASTM A182 Gr.F304L, 3000 Lbs, NPTF Ends, Annealed,",C7BP5GGW,8.0,6820-R2-67149-01,6820,
6820-R2-67149-01_EPCL-SS01_0.pdf,OTHER THAN SHOP MATERIALS,3,1,"45° Elb, ASME B16.11, ASTM A182 Gr.F304L, 3000 Lbs, NPTF Ends, Annealed,",C7BP5GZC,1.0,6820-R2-67149-01,6820,
6820-R2-67149-01_EPCL-SS01_0.pdf,OTHER THAN SHOP MATERIALS,4,1,"Full Coup, ASME B16.11, ASTM A182 Gr.F304L, 3000 Lbs, NPTF Ends, Annealed,",C7BP51NV,2.0,6820-R2-67149-01,6820,
6820-R2-67149-01_EPCL-SS01_0.pdf,PIPE SUPPORTS,5,1,PS433-1,PS433,7.0,6820-R2-67149-01,6820,
6820-R2-67149-01_EPCL-SS01_0.pdf,PIPE SUPPORTS,6,1,PS201-1-S,PS201,7.0,6820-R2-67149-01,6820,
6820-R2-67149-01_EPCL-SS01_0.pdf,PIPE SUPPORTS,7,1,PS434-C-2-33.4-25-9,PS434,2.0,6820-R2-67149-01,6820,
6820-R2-67149-01_EPCL-SS01_0.pdf,PIPE SUPPORTS,8,1,PS434-C-2-33.4-22-5,PS434,1.0,6820-R2-67149-01,6820,
6820-R2-67149-01_EPCL-SS01_0.pdf,PIPE SUPPORTS,9,1,PS718-A-13.2-16,PS718,1.0,6820-R2-67149-01,6820,
6820-R2-67149-01_EPCL-SS01_0.pdf,PIPE SUPPORTS,10,1,PS713-D-10,PS713,1.0,6820-R2-67149-01,6820,
6820-R2-67149-01_EPCL-SS01_0.pdf,PIPE SUPPORTS,11,1,PS210-1,PS210,1.0,6820-R2-67149-01,6820,
6820-R2-67149-01_EPCL-SS01_0.pdf,PIPE SUPPORTS,12,1,"PS719-B-11.5-8-4 TYPE: INSUL THK: SHOP: FIELD: PAINT CODE: MODULE: L Per LDT Per LDT N Y Per LDT - P&ID: 202998C-001-PID-0021-0331 UNIT#: EWP AREA: SPEC: STRESS CALC #: 6800 6820 EPCL-SS01 - LINE No. 1""-R2-67149-EPCL-SS01-P Battleground DRAWING NUMBER REV. 6820-R2-67149-01 *6820-R2-67149-01*",PS719,1.0,6820-R2-67149-01,6820,
6820-R2-67149-02_EPCL-SS01_0..pdf,OTHER THAN SHOP MATERIALS,2,1,"Pipes, Seamless, ASME '",C76KFFTD,22.6,6820-R2-67149-02,6820,
6820-R2-67149-02_EPCL-SS01_0..pdf,OTHER THAN SHOP MATERIALS,3,1,"90° Elb, ASME B16.11, ASTM A182 Gr.F304L, 3000 Lbs, NPTF Ends, Annealed,",C7BP5GGW,1.0,6820-R2-67149-02,6820,
6820-R2-67149-02_EPCL-SS01_0..pdf,OTHER THAN SHOP MATERIALS,4,1,"45° Elb, ASME B16.11, ASTM A182 Gr.F304L, 3000 Lbs, NPTF Ends, Annealed,",C7BP5GZC,4.0,6820-R2-67149-02,6820,
6820-R2-67149-02_EPCL-SS01_0..pdf,OTHER THAN SHOP MATERIALS,5,1,"THD Flg, ASME B16.5, ASTM A182 Gr.F304L, 150 Lbs, RF/NPTF End, Annealed,",C7W2U48L,2.0,6820-R2-67149-02,6820,
6820-R2-67149-02_EPCL-SS01_0..pdf,OTHER THAN SHOP MATERIALS,6,1,"NM Flat Gk, Barium Sulfate filled PTFE, 150 Lbs, RF as per ASME B16.5, Full Face, Thk=1/8in, -,",C7CT1ZFH,2.0,6820-R2-67149-02,6820,
6820-R2-67149-02_EPCL-SS01_0..pdf,OTHER THAN SHOP MATERIALS,7,1/2,"SBlt 2 HHx N, A193 Gr.B7/A194 Gr.2H, -, Xylan PTFE Coated, - 2.75 in. Length",C6S4K87U,8.0,6820-R2-67149-02,6820,
6820-R2-67149-02_EPCL-SS01_0..pdf,OTHER THAN SHOP MATERIALS,8,1,"Plug Flg,SP, Tapered Plug, Non Lubricated, API 599, ASTM A351 Gr.CF8M, 150 Lbs, RF, Ends as per ASME B16.5, -, LO,-, -, Valve Tag: PL-0548",C76KHSRR,1.0,6820-R2-67149-02,6820,
6820-R2-67149-02_EPCL-SS01_0..pdf,PIPE SUPPORTS,9,1,PS718-A-23.65-9,PS718,1.0,6820-R2-67149-02,6820,
6820-R2-67149-02_EPCL-SS01_0..pdf,PIPE SUPPORTS,10,1,PS433-1,PS433,3.0,6820-R2-67149-02,6820,
6820-R2-67149-02_EPCL-SS01_0..pdf,PIPE SUPPORTS,11,1,PS711,PS711,1.0,6820-R2-67149-02,6820,
6820-R2-67149-02_EPCL-SS01_0..pdf,PIPE SUPPORTS,12,1,PS709-A-23.65-10-5--2,PS709,1.0,6820-R2-67149-02,6820,
6820-R2-67149-02_EPCL-SS01_0..pdf,PIPE SUPPORTS,13,1,"PS709-A-23.65-10-5-2 TYPE: INSUL THK: SHOP: FIELD: PAINT CODE: MODULE: L Per LDT Per LDT N Y Per LDT - P&ID: 202998C-001-PID-0021-0331 UNIT#: EWP AREA: SPEC: STRESS CALC #: 6800 6820 EPCL-SS01 - LINE No. 1""-R2-67149-EPCL-SS01-P Battleground DRAWING NUMBER REV. 6820-R2-67149-02 *6820-R2-67149-02*",PS709,1.0,6820-R2-67149-02,6820,
6820-R2-67149-03_EPCL-SS01_0..pdf,OTHER THAN SHOP MATERIALS,1,1,"Pipes, Seamless, ASME ' B36.19/B36.10, ASTM A312 Gr.TP304L, NPTM Ends, w/ coupling, -, S-80S",C76KFFTD,11.6,6820-R2-67149-03,6820,
6820-R2-67149-03_EPCL-SS01_0..pdf,OTHER THAN SHOP MATERIALS,2,3/4,"Pipes, Seamless, ASME ' B36.19/B36.10, ASTM A312 Gr.TP304L, NPTM Ends, w/ coupling, -, S-80S",C76KFFSD,0.8,6820-R2-67149-03,6820,
6820-R2-67149-03_EPCL-SS01_0..pdf,OTHER THAN SHOP MATERIALS,5,1,"Full Coup, ASME B16.11, ASTM A182 Gr.F304L, 3000 Lbs, NPTF Ends, Annealed,",C7BP51NV,1.0,6820-R2-67149-03,6820,
6820-R2-67149-03_EPCL-SS01_0..pdf,OTHER THAN SHOP MATERIALS,6,1,"90° Elb, ASME B16.11, ASTM A182 Gr.F304L, 3000 Lbs, NPTF Ends, Annealed,",C7BP5GGW,3.0,6820-R2-67149-03,6820,
6820-R2-67149-03_EPCL-SS01_0..pdf,OTHER THAN SHOP MATERIALS,7,1,"Nipple, ASTM A312 Gr.TP304L, NPTM Ends, L = 3in, -, S-80S",CEZMKL0,1.0,6820-R2-67149-03,6820,
6820-R2-67149-03_EPCL-SS01_0..pdf,OTHER THAN SHOP MATERIALS,8,3/4,"90° Elb, ASME B16.11, ASTM A182 Gr.F304L, 3000 Lbs, NPTF Ends, Annealed,",C7BP5GGV,2.0,6820-R2-67149-03,6820,
6820-R2-67149-03_EPCL-SS01_0..pdf,OTHER THAN SHOP MATERIALS,9,1,"THD Flg, ASME B16.5, ASTM A182 Gr.F304L, 150 Lbs, RF/NPTF End, Annealed,",C7W2U48L,5.0,6820-R2-67149-03,6820,
6820-R2-67149-03_EPCL-SS01_0..pdf,OTHER THAN SHOP MATERIALS,10,3/4,"THD Flg, ASME B16.5, ASTM A182 Gr.F304L, 300 Lbs, RF/NPTF End, Annealed,",C7W2U48S,1.0,6820-R2-67149-03,6820,
6820-R2-67149-03_EPCL-SS01_0..pdf,OTHER THAN SHOP MATERIALS,11,1,"NM Flat Gk, Barium Sulfate filled PTFE, 150 Lbs, RF as per ASME B16.5, Full Face, Thk=1/8in, -,",C7CT1ZFH,4.0,6820-R2-67149-03,6820,
6820-R2-67149-03_EPCL-SS01_0..pdf,OTHER THAN SHOP MATERIALS,12,3/4,"NM Flat Gk, Barium Sulfate filled PTFE, 300 Lbs, RF as per ASME B16.5, Full Face, Thk=1/8in, -,",C7W3AL3K,1.0,6820-R2-67149-03,6820,
6820-R2-67149-03_EPCL-SS01_0..pdf,OTHER THAN SHOP MATERIALS,13,5/8,"SBlt 2 HHx N, A193 Gr.B7/A194 Gr.2H, -, Xylan PTFE Coated, - 3 in. Length",C6S4K88N,4.0,6820-R2-67149-03,6820,
6820-R2-67149-03_EPCL-SS01_0..pdf,OTHER THAN SHOP MATERIALS,14,1/2,"SBlt 2 HHx N, A193 Gr.B7/A194 Gr.2H, -, Xylan PTFE Coated, - 2.75 in. Length",C6S4K87U,16.0,6820-R2-67149-03,6820,
6820-R2-67149-03_EPCL-SS01_0..pdf,OTHER THAN SHOP MATERIALS,15,1,"Plug Flg,SP, Tapered Plug, Non Lubricated, API 599, ASTM A351 Gr.CF8M, 150 Lbs, RF, Ends as per ASME B16.5, -, LO,-, -, Valve Tag: PL-0548",C76KHSRR,1.0,6820-R2-67149-03,6820,
6820-R2-67149-03_EPCL-SS01_0..pdf,OTHER THAN SHOP MATERIALS,16,1,"Bld Flg, ASME B16.5, ASTM A182 Gr.F304L, 150 Lbs, RF, Annealed,",C7W2U478,1.0,6820-R2-67149-03,6820,
6820-R2-67149-03_EPCL-SS01_0..pdf,PIPE SUPPORTS,17,1,PS201-1-S,PS201,2.0,6820-R2-67149-03,6820,
6820-R2-67149-03_EPCL-SS01_0..pdf,PIPE SUPPORTS,18,1,"PS433-1 TYPE: INSUL THK: SHOP: FIELD: PAINT CODE: MODULE: L Per LDT Per LDT N Y Per LDT - P&ID: 202998C-001-PID-0021-0331 UNIT#: EWP AREA: SPEC: STRESS CALC #: 6800 6820 EPCL-SS01 - LINE No. 1""-R2-67149-EPCL-SS01-P Battleground DRAWING NUMBER REV. 6820-R2-67149-03 *6820-R2-67149-03*",PS433,2.0,6820-R2-67149-03,6820,
6820-R2-67150-01_EPCL-SS01_0..pdf,OTHER THAN SHOP MATERIALS,1,1,"Pipes, Seamless, ASME ' B36.19/B36.10, ASTM A312 Gr.TP304L, NPTM Ends, w/ coupling, -, S-80S",C76KFFTD,19.3,6820-R2-67150-01,6820,
6820-R2-67150-01_EPCL-SS01_0..pdf,OTHER THAN SHOP MATERIALS,2,1,"90° Elb, ASME B16.11, ASTM A182 Gr.F304L, 3000 Lbs, NPTF Ends, Annealed,",C7BP5GGW,7.0,6820-R2-67150-01,6820,
6820-R2-67150-01_EPCL-SS01_0..pdf,OTHER THAN SHOP MATERIALS,3,1,"THD Flg, ASME B16.5, ASTM A182 Gr.F304L, 150 Lbs, RF/NPTF End, Annealed,",C7W2U48L,4.0,6820-R2-67150-01,6820,
6820-R2-67150-01_EPCL-SS01_0..pdf,OTHER THAN SHOP MATERIALS,4,1,"NM Flat Gk, Barium Sulfate filled PTFE, 150 Lbs, RF as per ASME B16.5, Full Face, Thk=1/8in, -,",C7CT1ZFH,3.0,6820-R2-67150-01,6820,
6820-R2-67150-01_EPCL-SS01_0..pdf,OTHER THAN SHOP MATERIALS,5,1/2,"SBlt 2 HHx N, A193 Gr.B7/A194 Gr.2H, -, Xylan PTFE Coated, - 2.75 in. Length",C6S4K87U,12.0,6820-R2-67150-01,6820,
6820-R2-67150-01_EPCL-SS01_0..pdf,OTHER THAN SHOP MATERIALS,6,1,"Plug Flg,SP, Tapered Plug, Non Lubricated, API 599, ASTM A351 Gr.CF8M, 150 Lbs, RF, Ends as per ASME B16.5, -, LO,-, -, Valve Tag: PL-0548",C76KHSRR,1.0,6820-R2-67150-01,6820,
6820-R2-67150-01_EPCL-SS01_0..pdf,PIPE SUPPORTS,7,1,PS433-1,PS433,2.0,6820-R2-67150-01,6820,
6820-R2-67150-01_EPCL-SS01_0..pdf,PIPE SUPPORTS,8,1,PS709-B-20-6,PS709,1.0,6820-R2-67150-01,6820,
6820-R2-67150-01_EPCL-SS01_0..pdf,PIPE SUPPORTS,9,1,PS201-1-S,PS201,2.0,6820-R2-67150-01,6820,
6820-R2-67150-01_EPCL-SS01_0..pdf,PIPE SUPPORTS,10,1,PS212-1,PS212,1.0,6820-R2-67150-01,6820,
6820-R2-67150-01_EPCL-SS01_0..pdf,PIPE SUPPORTS,11,1,PS732-3-60-17,PS732,1.0,6820-R2-67150-01,6820,
6820-R2-67150-01_EPCL-SS01_0..pdf,PIPE SUPPORTS,12,1,"PS709-A-16.52-6 TYPE: INSUL THK: SHOP: FIELD: PAINT CODE: MODULE: L Per LDT Per LDT N Y Per LDT - P&ID: 202998C-001-PID-0021-0331 UNIT#: EWP AREA: SPEC: STRESS CALC #: 6800 6820 EPCL-SS01 - LINE No. 1""-R2-67150-EPCL-SS01-P Battleground DRAWING NUMBER REV. 6820-R2-67150-01 *6820-R2-67150-01*",PS709,1.0,6820-R2-67150-01,6820,
6820-R2-67150-02_EPCL-SS01_0..pdf,OTHER THAN SHOP MATERIALS,1,1,"Pipes, Seamless, ASME ' B36.19/B36.10, ASTM A312 Gr.TP304L, NPTM Ends, w/ coupling, -, S-80S",C76KFFTD,9.8,6820-R2-67150-02,6820,
6820-R2-67150-02_EPCL-SS01_0..pdf,OTHER THAN SHOP MATERIALS,4,1,"Full Coup, ASME B16.11, ASTM A182 Gr.F304L, 3000 Lbs, NPTF Ends, Annealed,",C7BP51NV,1.0,6820-R2-67150-02,6820,
6820-R2-67150-02_EPCL-SS01_0..pdf,OTHER THAN SHOP MATERIALS,5,1,"90° Elb, ASME B16.11, ASTM A182 Gr.F304L, 3000 Lbs, NPTF Ends, Annealed,",C7BP5GGW,1.0,6820-R2-67150-02,6820,
6820-R2-67150-02_EPCL-SS01_0..pdf,OTHER THAN SHOP MATERIALS,6,1,"Nipple, ASTM A312 Gr.TP304L, NPTM Ends, L = 3in, -, S-80S",CEZMKL0,1.0,6820-R2-67150-02,6820,
6820-R2-67150-02_EPCL-SS01_0..pdf,OTHER THAN SHOP MATERIALS,7,1,"THD Flg, ASME B16.5, ASTM A182 Gr.F304L, 150 Lbs, RF/NPTF End, Annealed,",C7W2U48L,3.0,6820-R2-67150-02,6820,
6820-R2-67150-02_EPCL-SS01_0..pdf,OTHER THAN SHOP MATERIALS,8,3/4,"THD Flg, ASME B16.5, ASTM A182 Gr.F304L, 300 Lbs, RF/NPTF End, Annealed,",C7W2U48S,1.0,6820-R2-67150-02,6820,
6820-R2-67150-02_EPCL-SS01_0..pdf,OTHER THAN SHOP MATERIALS,9,1,"NM Flat Gk, Barium Sulfate filled PTFE, 150 Lbs, RF as per ASME B16.5, Full Face, Thk=1/8in, -,",C7CT1ZFH,3.0,6820-R2-67150-02,6820,
6820-R2-67150-02_EPCL-SS01_0..pdf,OTHER THAN SHOP MATERIALS,10,3/4,"NM Flat Gk, Barium Sulfate filled PTFE, 300 Lbs, RF as per ASME B16.5, Full Face, Thk=1/8in, -,",C7W3AL3K,1.0,6820-R2-67150-02,6820,
6820-R2-67150-02_EPCL-SS01_0..pdf,OTHER THAN SHOP MATERIALS,11,5/8,"SBlt 2 HHx N, A193 Gr.B7/A194 Gr.2H, -, Xylan PTFE Coated, - 3 in. Length",C6S4K88N,4.0,6820-R2-67150-02,6820,
6820-R2-67150-02_EPCL-SS01_0..pdf,OTHER THAN SHOP MATERIALS,12,1/2,"SBlt 2 HHx N, A193 Gr.B7/A194 Gr.2H, -, Xylan PTFE Coated, - 2.75 in. Length",C6S4K87U,12.0,6820-R2-67150-02,6820,
6820-R2-67150-02_EPCL-SS01_0..pdf,OTHER THAN SHOP MATERIALS,13,1,"Plug Flg,SP, Tapered Plug, Non Lubricated, API 599, ASTM A351 Gr.CF8M, 150 Lbs, RF, Ends as per ASME B16.5, -, LO,-, -, Valve Tag: PL-0548",C76KHSRR,1.0,6820-R2-67150-02,6820,
6820-R2-67150-02_EPCL-SS01_0..pdf,OTHER THAN SHOP MATERIALS,14,1,"Bld Flg, ASME B16.5, ASTM A182 Gr.F304L, 150 Lbs, RF, Annealed,",C7W2U478,1.0,6820-R2-67150-02,6820,
6820-R2-67150-02_EPCL-SS01_0..pdf,PIPE SUPPORTS,15,1,PS709-A-16.52-6,PS709,2.0,6820-R2-67150-02,6820,
6820-R2-67150-02_EPCL-SS01_0..pdf,PIPE SUPPORTS,16,1,PS201-1-S,PS201,2.0,6820-R2-67150-02,6820,
6820-R2-67150-02_EPCL-SS01_0..pdf,PIPE SUPPORTS,17,1,"PS433-1 TYPE: INSUL THK: SHOP: FIELD: PAINT CODE: MODULE: L Per LDT Per LDT N Y Per LDT - P&ID: 202998C-001-PID-0021-0331 UNIT#: EWP AREA: SPEC: STRESS CALC #: 6800 6820 EPCL-SS01 - LINE No. 1""-R2-67150-EPCL-SS01-P Battleground DRAWING NUMBER REV. 6820-R2-67150-02 *6820-R2-67150-02*",PS433,2.0,6820-R2-67150-02,6820,
6820-R2-67151-01_EPCL-SS01_0..pdf,OTHER THAN SHOP MATERIALS,1,1,"Pipes, Seamless, ASME ' B36.19/B36.10, ASTM A312 Gr.TP304L, NPTM Ends, w/ coupling, -, S-80S",C76KFFTD,24.1,6820-R2-67151-01,6820,
6820-R2-67151-01_EPCL-SS01_0..pdf,OTHER THAN SHOP MATERIALS,2,1,"90° Elb, ASME B16.11, ASTM A182 Gr.F304L, 3000 Lbs, NPTF Ends, Annealed,",C7BP5GGW,6.0,6820-R2-67151-01,6820,
6820-R2-67151-01_EPCL-SS01_0..pdf,OTHER THAN SHOP MATERIALS,3,1,"THD Flg, ASME B16.5, ASTM A182 Gr.F304L, 150 Lbs, RF/NPTF End, Annealed,",C7W2U48L,4.0,6820-R2-67151-01,6820,
6820-R2-67151-01_EPCL-SS01_0..pdf,OTHER THAN SHOP MATERIALS,4,1,"NM Flat Gk, Barium Sulfate filled PTFE, 150 Lbs, RF as per ASME B16.5, Full Face, Thk=1/8in, -,",C7CT1ZFH,3.0,6820-R2-67151-01,6820,
6820-R2-67151-01_EPCL-SS01_0..pdf,OTHER THAN SHOP MATERIALS,5,1/2,"SBlt 2 HHx N, A193 Gr.B7/A194 Gr.2H, -, Xylan PTFE Coated, - 2.75 in. Length",C6S4K87U,12.0,6820-R2-67151-01,6820,
6820-R2-67151-01_EPCL-SS01_0..pdf,OTHER THAN SHOP MATERIALS,6,1,"Plug Flg,SP, Tapered Plug, Non Lubricated, API 599, ASTM A351 Gr.CF8M, 150 Lbs, RF, Ends as per ASME B16.5, -, LO,-, -, Valve Tag: PL-0548",C76KHSRR,1.0,6820-R2-67151-01,6820,
6820-R2-67151-01_EPCL-SS01_0..pdf,PIPE SUPPORTS,7,1,PS433-1,PS433,2.0,6820-R2-67151-01,6820,
6820-R2-67151-01_EPCL-SS01_0..pdf,PIPE SUPPORTS,8,1,PS201-1-S,PS201,2.0,6820-R2-67151-01,6820,
6820-R2-67151-01_EPCL-SS01_0..pdf,PIPE SUPPORTS,9,1,PS719-H-15.87-3.40-/,PS719,1.0,6820-R2-67151-01,6820,
6820-R2-67151-01_EPCL-SS01_0..pdf,PIPE SUPPORTS,10,1,PS221-1,PS221,1.0,6820-R2-67151-01,6820,
6820-R2-67151-01_EPCL-SS01_0..pdf,PIPE SUPPORTS,11,1,PS213-1,PS213,1.0,6820-R2-67151-01,6820,
6820-R2-67151-01_EPCL-SS01_0..pdf,PIPE SUPPORTS,12,1,PS713-B-19,PS713,1.0,6820-R2-67151-01,6820,
6820-R2-67151-01_EPCL-SS01_0..pdf,PIPE SUPPORTS,13,1,PS732-3-60-17,PS732,1.0,6820-R2-67151-01,6820,
6820-R2-67151-01_EPCL-SS01_0..pdf,PIPE SUPPORTS,14,1,PS212-1,PS212,1.0,6820-R2-67151-01,6820,
6820-R2-67151-01_EPCL-SS01_0..pdf,PIPE SUPPORTS,15,1,"PS709-A-16.52-6 TYPE: INSUL THK: SHOP: FIELD: PAINT CODE: MODULE: L Per LDT Per LDT N Y Per LDT - P&ID: 202998C-001-PID-0021-0331 UNIT#: EWP AREA: SPEC: STRESS CALC #: 6800 6820 EPCL-SS01 - LINE No. 1""-R2-67151-EPCL-SS01-P Battleground DRAWING NUMBER REV. 6820-R2-67151-01 *6820-R2-67151-01*",PS709,1.0,6820-R2-67151-01,6820,
6820-R2-67151-02_EPCL-SS01_0..pdf,OTHER THAN SHOP MATERIALS,1,1,"Pipes, Seamless, ASME ' B36.19/B36.10, ASTM A312 Gr.TP304L, NPTM Ends, w/ coupling, -, S-80S",C76KFFTD,9.8,6820-R2-67151-02,6820,
6820-R2-67151-02_EPCL-SS01_0..pdf,OTHER THAN SHOP MATERIALS,4,1,"Full Coup, ASME B16.11, ASTM A182 Gr.F304L, 3000 Lbs, NPTF Ends, Annealed,",C7BP51NV,1.0,6820-R2-67151-02,6820,
6820-R2-67151-02_EPCL-SS01_0..pdf,OTHER THAN SHOP MATERIALS,5,1,"90° Elb, ASME B16.11, ASTM A182 Gr.F304L, 3000 Lbs, NPTF Ends, Annealed,",C7BP5GGW,1.0,6820-R2-67151-02,6820,
6820-R2-67151-02_EPCL-SS01_0..pdf,OTHER THAN SHOP MATERIALS,6,1,"Nipple, ASTM A312 Gr.TP304L, NPTM Ends, L = 3in, -, S-80S",CEZMKL0,1.0,6820-R2-67151-02,6820,
6820-R2-67151-02_EPCL-SS01_0..pdf,OTHER THAN SHOP MATERIALS,7,1,"THD Flg, ASME B16.5, ASTM A182 Gr.F304L, 150 Lbs, RF/NPTF End, Annealed,",C7W2U48L,3.0,6820-R2-67151-02,6820,
6820-R2-67151-02_EPCL-SS01_0..pdf,OTHER THAN SHOP MATERIALS,8,3/4,"THD Flg, ASME B16.5, ASTM A182 Gr.F304L, 300 Lbs, RF/NPTF End, Annealed,",C7W2U48S,1.0,6820-R2-67151-02,6820,
6820-R2-67151-02_EPCL-SS01_0..pdf,OTHER THAN SHOP MATERIALS,9,1,"NM Flat Gk, Barium Sulfate filled PTFE, 150 Lbs, RF as per ASME B16.5, Full Face, Thk=1/8in, -,",C7CT1ZFH,3.0,6820-R2-67151-02,6820,
6820-R2-67151-02_EPCL-SS01_0..pdf,OTHER THAN SHOP MATERIALS,10,3/4,"NM Flat Gk, Barium Sulfate filled PTFE, 300 Lbs, RF as per ASME B16.5, Full Face, Thk=1/8in, -,",C7W3AL3K,1.0,6820-R2-67151-02,6820,
6820-R2-67151-02_EPCL-SS01_0..pdf,OTHER THAN SHOP MATERIALS,11,5/8,"SBlt 2 HHx N, A193 Gr.B7/A194 Gr.2H, -, Xylan PTFE Coated, - 3 in. Length",C6S4K88N,4.0,6820-R2-67151-02,6820,
6820-R2-67151-02_EPCL-SS01_0..pdf,OTHER THAN SHOP MATERIALS,12,1/2,"SBlt 2 HHx N, A193 Gr.B7/A194 Gr.2H, -, Xylan PTFE Coated, - 2.75 in. Length",C6S4K87U,12.0,6820-R2-67151-02,6820,
6820-R2-67151-02_EPCL-SS01_0..pdf,OTHER THAN SHOP MATERIALS,13,1,"Plug Flg,SP, Tapered Plug, Non Lubricated, API 599, ASTM A351 Gr.CF8M, 150 Lbs, RF, Ends as per ASME B16.5, -, LO,-, -, Valve Tag: PL-0548",C76KHSRR,1.0,6820-R2-67151-02,6820,
6820-R2-67151-02_EPCL-SS01_0..pdf,OTHER THAN SHOP MATERIALS,14,1,"Bld Flg, ASME B16.5, ASTM A182 Gr.F304L, 150 Lbs, RF, Annealed,",C7W2U478,1.0,6820-R2-67151-02,6820,
6820-R2-67151-02_EPCL-SS01_0..pdf,PIPE SUPPORTS,15,1,PS201-1-S,PS201,2.0,6820-R2-67151-02,6820,
6820-R2-67151-02_EPCL-SS01_0..pdf,PIPE SUPPORTS,16,1,PS433-1,PS433,2.0,6820-R2-67151-02,6820,
6820-R2-67151-02_EPCL-SS01_0..pdf,PIPE SUPPORTS,17,1,"PS709-A-16.52-6 TYPE: INSUL THK: SHOP: FIELD: PAINT CODE: MODULE: L Per LDT Per LDT N Y Per LDT - P&ID: 202998C-001-PID-0021-0331 UNIT#: EWP AREA: SPEC: STRESS CALC #: 6800 6820 EPCL-SS01 - LINE No. 1""-R2-67151-EPCL-SS01-P Battleground DRAWING NUMBER REV. 6820-R2-67151-02 *6820-R2-67151-02*",PS709,2.0,6820-R2-67151-02,6820,
6820-R2-67154-01_EPCL-SS01_0..pdf,OTHER THAN SHOP MATERIALS,1,1,"Pipes, Seamless, ASME ' B36.19/B36.10, ASTM A312 Gr.TP304L, NPTM Ends, w/ coupling, -, S-80S",C76KFFTD,26.4,6820-R2-67154-01,6820,
6820-R2-67154-01_EPCL-SS01_0..pdf,OTHER THAN SHOP MATERIALS,2,1,"90° Elb, ASME B16.11, ASTM A182 Gr.F304L, 3000 Lbs, NPTF Ends, Annealed,",C7BP5GGW,3.0,6820-R2-67154-01,6820,
6820-R2-67154-01_EPCL-SS01_0..pdf,OTHER THAN SHOP MATERIALS,3,1,"THD Flg, ASME B16.5, ASTM A182 Gr.F304L, 150 Lbs, RF/NPTF End, Annealed,",C7W2U48L,2.0,6820-R2-67154-01,6820,
6820-R2-67154-01_EPCL-SS01_0..pdf,OTHER THAN SHOP MATERIALS,4,1,"NM Flat Gk, Barium Sulfate filled PTFE, 150 Lbs, RF as per ASME B16.5, Full Face, Thk=1/8in, -,",C7CT1ZFH,2.0,6820-R2-67154-01,6820,
6820-R2-67154-01_EPCL-SS01_0..pdf,OTHER THAN SHOP MATERIALS,5,1/2,"SBlt 2 HHx N, A193 Gr.B7/A194 Gr.2H, -, Xylan PTFE Coated, - 2.75 in. Length",C6S4K87U,8.0,6820-R2-67154-01,6820,
6820-R2-67154-01_EPCL-SS01_0..pdf,OTHER THAN SHOP MATERIALS,6,1,"Plug Flg,SP, Tapered Plug, Non Lubricated, API 599, ASTM A351 Gr.CF8M, 150 Lbs, RF, Ends as per ASME B16.5, -, LO,-, -, Valve Tag: PL-0548",C76KHSRR,1.0,6820-R2-67154-01,6820,
6820-R2-67154-01_EPCL-SS01_0..pdf,PIPE SUPPORTS,7,1,PS433-1,PS433,2.0,6820-R2-67154-01,6820,
6820-R2-67154-01_EPCL-SS01_0..pdf,PIPE SUPPORTS,8,1,PS712-A-5.33,PS712,1.0,6820-R2-67154-01,6820,
6820-R2-67154-01_EPCL-SS01_0..pdf,PIPE SUPPORTS,9,1,PS201-1-S,PS201,2.0,6820-R2-67154-01,6820,
6820-R2-67154-01_EPCL-SS01_0..pdf,PIPE SUPPORTS,10,1,PS221-1,PS221,1.0,6820-R2-67154-01,6820,
6820-R2-67154-01_EPCL-SS01_0..pdf,PIPE SUPPORTS,11,1,PS713-F-13,PS713,1.0,6820-R2-67154-01,6820,
6820-R2-67154-01_EPCL-SS01_0..pdf,PIPE SUPPORTS,12,1,PS213-1,PS213,1.0,6820-R2-67154-01,6820,
6820-R2-67154-01_EPCL-SS01_0..pdf,PIPE SUPPORTS,13,1,PS732-3-60-17,PS732,1.0,6820-R2-67154-01,6820,
6820-R2-67154-01_EPCL-SS01_0..pdf,PIPE SUPPORTS,14,1,PS212-1,PS212,1.0,6820-R2-67154-01,6820,
6820-R2-67154-01_EPCL-SS01_0..pdf,PIPE SUPPORTS,15,1,"PS709-A-22.48-6 TYPE: INSUL THK: SHOP: FIELD: PAINT CODE: MODULE: L Per LDT Per LDT N Y Per LDT - P&ID: 202998C-001-PID-0021-0331 UNIT#: EWP AREA: SPEC: STRESS CALC #: 6800 6820 EPCL-SS01 - LINE No. 1""-R2-67154-EPCL-SS01-P Battleground DRAWING NUMBER REV. 6820-R2-67154-01 *6820-R2-67154-01*",PS709,1.0,6820-R2-67154-01,6820,
6820-R2-67154-02_EPCL-SS01_0..pdf,OTHER THAN SHOP MATERIALS,1,1,"Pipes, Seamless, ASME ' B36.19/B36.10, ASTM A312 Gr.TP304L, NPTM Ends, w/ coupling, -, S-80S",C76KFFTD,13.1,6820-R2-67154-02,6820,
6820-R2-67154-02_EPCL-SS01_0..pdf,OTHER THAN SHOP MATERIALS,4,1,"Full Coup, ASME B16.11, ASTM A182 Gr.F304L, 3000 Lbs, NPTF Ends, Annealed,",C7BP51NV,1.0,6820-R2-67154-02,6820,
6820-R2-67154-02_EPCL-SS01_0..pdf,OTHER THAN SHOP MATERIALS,5,1,"90° Elb, ASME B16.11, ASTM A182 Gr.F304L, 3000 Lbs, NPTF Ends, Annealed,",C7BP5GGW,5.0,6820-R2-67154-02,6820,
6820-R2-67154-02_EPCL-SS01_0..pdf,OTHER THAN SHOP MATERIALS,6,1,"Nipple, ASTM A312 Gr.TP304L, NPTM Ends, L = 3in, -, S-80S",CEZMKL0,1.0,6820-R2-67154-02,6820,
6820-R2-67154-02_EPCL-SS01_0..pdf,OTHER THAN SHOP MATERIALS,7,1,"THD Flg, ASME B16.5, ASTM A182 Gr.F304L, 150 Lbs, RF/NPTF End, Annealed,",C7W2U48L,5.0,6820-R2-67154-02,6820,
6820-R2-67154-02_EPCL-SS01_0..pdf,OTHER THAN SHOP MATERIALS,8,3/4,"THD Flg, ASME B16.5, ASTM A182 Gr.F304L, 300 Lbs, RF/NPTF End, Annealed,",C7W2U48S,1.0,6820-R2-67154-02,6820,
6820-R2-67154-02_EPCL-SS01_0..pdf,OTHER THAN SHOP MATERIALS,9,1,"NM Flat Gk, Barium Sulfate filled PTFE, 150 Lbs, RF as per ASME B16.5, Full Face, Thk=1/8in, -,",C7CT1ZFH,4.0,6820-R2-67154-02,6820,
6820-R2-67154-02_EPCL-SS01_0..pdf,OTHER THAN SHOP MATERIALS,10,3/4,"NM Flat Gk, Barium Sulfate filled PTFE, 300 Lbs, RF as per ASME B16.5, Full Face, Thk=1/8in, -,",C7W3AL3K,1.0,6820-R2-67154-02,6820,
6820-R2-67154-02_EPCL-SS01_0..pdf,OTHER THAN SHOP MATERIALS,11,5/8,"SBlt 2 HHx N, A193 Gr.B7/A194 Gr.2H, -, Xylan PTFE Coated, - 3 in. Length",C6S4K88N,4.0,6820-R2-67154-02,6820,
6820-R2-67154-02_EPCL-SS01_0..pdf,OTHER THAN SHOP MATERIALS,12,1/2,"SBlt 2 HHx N, A193 Gr.B7/A194 Gr.2H, -, Xylan PTFE Coated, - 2.75 in. Length",C6S4K87U,16.0,6820-R2-67154-02,6820,
6820-R2-67154-02_EPCL-SS01_0..pdf,OTHER THAN SHOP MATERIALS,13,1,"Plug Flg,SP, Tapered Plug, Non Lubricated, API 599, ASTM A351 Gr.CF8M, 150 Lbs, RF, Ends as per ASME B16.5, -, LO,-, -, Valve Tag: PL-0548",C76KHSRR,1.0,6820-R2-67154-02,6820,
6820-R2-67154-02_EPCL-SS01_0..pdf,OTHER THAN SHOP MATERIALS,14,1,"Bld Flg, ASME B16.5, ASTM A182 Gr.F304L, 150 Lbs, RF, Annealed,",C7W2U478,1.0,6820-R2-67154-02,6820,
6820-R2-67154-02_EPCL-SS01_0..pdf,PIPE SUPPORTS,15,1,PS709-A-15.53-6,PS709,2.0,6820-R2-67154-02,6820,
6820-R2-67154-02_EPCL-SS01_0..pdf,PIPE SUPPORTS,16,1,PS433-1,PS433,2.0,6820-R2-67154-02,6820,
6820-R2-67154-02_EPCL-SS01_0..pdf,PIPE SUPPORTS,17,1,"PS201-1-S TYPE: INSUL THK: SHOP: FIELD: PAINT CODE: MODULE: L Per LDT Per LDT N Y Per LDT - P&ID: 202998C-001-PID-0021-0331 UNIT#: EWP AREA: SPEC: STRESS CALC #: 6800 6820 EPCL-SS01 - LINE No. 1""-R2-67154-EPCL-SS01-P Battleground DRAWING NUMBER REV. 6820-R2-67154-02 *6820-R2-67154-02*",PS201,2.0,6820-R2-67154-02,6820,
6820-R2-67155-01_EPCL-SS01_0..pdf,OTHER THAN SHOP MATERIALS,1,1,"Pipes, Seamless, ASME ' B36.19/B36.10, ASTM A312 Gr.TP304L, NPTM Ends, w/ coupling, -, S-80S",C76KFFTD,26.6,6820-R2-67155-01,6820,
6820-R2-67155-01_EPCL-SS01_0..pdf,OTHER THAN SHOP MATERIALS,2,1,"90° Elb, ASME B16.11, ASTM A182 Gr.F304L, 3000 Lbs, NPTF Ends, Annealed,",C7BP5GGW,3.0,6820-R2-67155-01,6820,
6820-R2-67155-01_EPCL-SS01_0..pdf,OTHER THAN SHOP MATERIALS,3,1,"THD Flg, ASME B16.5, ASTM A182 Gr.F304L, 150 Lbs, RF/NPTF End, Annealed,",C7W2U48L,2.0,6820-R2-67155-01,6820,
6820-R2-67155-01_EPCL-SS01_0..pdf,OTHER THAN SHOP MATERIALS,4,1,"NM Flat Gk, Barium Sulfate filled PTFE, 150 Lbs, RF as per ASME B16.5, Full Face, Thk=1/8in, -,",C7CT1ZFH,2.0,6820-R2-67155-01,6820,
6820-R2-67155-01_EPCL-SS01_0..pdf,OTHER THAN SHOP MATERIALS,5,1/2,"SBlt 2 HHx N, A193 Gr.B7/A194 Gr.2H, -, Xylan PTFE Coated, - 2.75 in. Length",C6S4K87U,8.0,6820-R2-67155-01,6820,
6820-R2-67155-01_EPCL-SS01_0..pdf,OTHER THAN SHOP MATERIALS,6,1,"Plug Flg,SP, Tapered Plug, Non Lubricated, API 599, ASTM A351 Gr.CF8M, 150 Lbs, RF, Ends as per ASME B16.5, -, LO,-, -, Valve Tag: PL-0548",C76KHSRR,1.0,6820-R2-67155-01,6820,
6820-R2-67155-01_EPCL-SS01_0..pdf,PIPE SUPPORTS,7,1,PS712-A-3,PS712,1.0,6820-R2-67155-01,6820,
6820-R2-67155-01_EPCL-SS01_0..pdf,PIPE SUPPORTS,8,1,PS433-1,PS433,2.0,6820-R2-67155-01,6820,
6820-R2-67155-01_EPCL-SS01_0..pdf,PIPE SUPPORTS,9,1,PS221-1,PS221,1.0,6820-R2-67155-01,6820,
6820-R2-67155-01_EPCL-SS01_0..pdf,PIPE SUPPORTS,10,1,PS717-B-11,PS717,1.0,6820-R2-67155-01,6820,
6820-R2-67155-01_EPCL-SS01_0..pdf,PIPE SUPPORTS,11,1,PS213-1,PS213,1.0,6820-R2-67155-01,6820,
6820-R2-67155-01_EPCL-SS01_0..pdf,PIPE SUPPORTS,12,1,PS732-3-60-17,PS732,1.0,6820-R2-67155-01,6820,
6820-R2-67155-01_EPCL-SS01_0..pdf,PIPE SUPPORTS,13,1,PS212-1,PS212,1.0,6820-R2-67155-01,6820,
6820-R2-67155-01_EPCL-SS01_0..pdf,PIPE SUPPORTS,14,1,PS709-A-22.48-6,PS709,1.0,6820-R2-67155-01,6820,
6820-R2-67155-01_EPCL-SS01_0..pdf,PIPE SUPPORTS,15,1,"PS201-1-S TYPE: INSUL THK: SHOP: FIELD: PAINT CODE: MODULE: L Per LDT Per LDT N Y Per LDT - P&ID: 202998C-001-PID-0021-0331 UNIT#: EWP AREA: SPEC: STRESS CALC #: 6800 6820 EPCL-SS01 - LINE No. 1""-R2-67155-EPCL-SS01-P Battleground DRAWING NUMBER REV. 6820-R2-67155-01 *6820-R2-67155-01*",PS201,1.0,6820-R2-67155-01,6820,
6820-R2-67155-02_EPCL-SS01_0..pdf,OTHER THAN SHOP MATERIALS,1,1,"Pipes, Seamless, ASME ' B36.19/B36.10, ASTM A312 Gr.TP304L, NPTM Ends, w/ coupling, -, S-80S",C76KFFTD,12.4,6820-R2-67155-02,6820,
6820-R2-67155-02_EPCL-SS01_0..pdf,OTHER THAN SHOP MATERIALS,4,1,"Full Coup, ASME B16.11, ASTM A182 Gr.F304L, 3000 Lbs, NPTF Ends, Annealed,",C7BP51NV,1.0,6820-R2-67155-02,6820,
6820-R2-67155-02_EPCL-SS01_0..pdf,OTHER THAN SHOP MATERIALS,5,1,"90° Elb, ASME B16.11, ASTM A182 Gr.F304L, 3000 Lbs, NPTF Ends, Annealed,",C7BP5GGW,5.0,6820-R2-67155-02,6820,
6820-R2-67155-02_EPCL-SS01_0..pdf,OTHER THAN SHOP MATERIALS,6,1,"Nipple, ASTM A312 Gr.TP304L, NPTM Ends, L = 3in, -, S-80S",CEZMKL0,1.0,6820-R2-67155-02,6820,
6820-R2-67155-02_EPCL-SS01_0..pdf,OTHER THAN SHOP MATERIALS,7,1,"THD Flg, ASME B16.5, ASTM A182 Gr.F304L, 150 Lbs, RF/NPTF End, Annealed,",C7W2U48L,5.0,6820-R2-67155-02,6820,
6820-R2-67155-02_EPCL-SS01_0..pdf,OTHER THAN SHOP MATERIALS,8,3/4,"THD Flg, ASME B16.5, ASTM A182 Gr.F304L, 300 Lbs, RF/NPTF End, Annealed,",C7W2U48S,1.0,6820-R2-67155-02,6820,
6820-R2-67155-02_EPCL-SS01_0..pdf,OTHER THAN SHOP MATERIALS,9,1,"NM Flat Gk, Barium Sulfate filled PTFE, 150 Lbs, RF as per ASME B16.5, Full Face, Thk=1/8in, -,",C7CT1ZFH,4.0,6820-R2-67155-02,6820,
6820-R2-67155-02_EPCL-SS01_0..pdf,OTHER THAN SHOP MATERIALS,10,3/4,"NM Flat Gk, Barium Sulfate filled PTFE, 300 Lbs, RF as per ASME B16.5, Full Face, Thk=1/8in, -,",C7W3AL3K,1.0,6820-R2-67155-02,6820,
6820-R2-67155-02_EPCL-SS01_0..pdf,OTHER THAN SHOP MATERIALS,11,5/8,"SBlt 2 HHx N, A193 Gr.B7/A194 Gr.2H, -, Xylan PTFE Coated, - 3 in. Length",C6S4K88N,4.0,6820-R2-67155-02,6820,
6820-R2-67155-02_EPCL-SS01_0..pdf,OTHER THAN SHOP MATERIALS,12,1/2,"SBlt 2 HHx N, A193 Gr.B7/A194 Gr.2H, -, Xylan PTFE Coated, - 2.75 in. Length",C6S4K87U,16.0,6820-R2-67155-02,6820,
6820-R2-67155-02_EPCL-SS01_0..pdf,OTHER THAN SHOP MATERIALS,13,1,"Plug Flg,SP, Tapered Plug, Non Lubricated, API 599, ASTM A351 Gr.CF8M, 150 Lbs, RF, Ends as per ASME B16.5, -, LO,-, -, Valve Tag: PL-0548",C76KHSRR,1.0,6820-R2-67155-02,6820,
6820-R2-67155-02_EPCL-SS01_0..pdf,OTHER THAN SHOP MATERIALS,14,1,"Bld Flg, ASME B16.5, ASTM A182 Gr.F304L, 150 Lbs, RF, Annealed,",C7W2U478,1.0,6820-R2-67155-02,6820,
6820-R2-67155-02_EPCL-SS01_0..pdf,PIPE SUPPORTS,15,1,PS433-1,PS433,2.0,6820-R2-67155-02,6820,
6820-R2-67155-02_EPCL-SS01_0..pdf,PIPE SUPPORTS,16,1,PS709-A-15.53-6,PS709,2.0,6820-R2-67155-02,6820,
6820-R2-67155-02_EPCL-SS01_0..pdf,PIPE SUPPORTS,17,1,"PS201-1-S TYPE: INSUL THK: SHOP: FIELD: PAINT CODE: MODULE: L Per LDT Per LDT N Y Per LDT - P&ID: 202998C-001-PID-0021-0331 UNIT#: EWP AREA: SPEC: STRESS CALC #: 6800 6820 EPCL-SS01 - LINE No. 1""-R2-67155-EPCL-SS01-P Battleground DRAWING NUMBER REV. 6820-R2-67155-02 *6820-R2-67155-02*",PS201,2.0,6820-R2-67155-02,6820,
6820-R2-67160-02_CTWL-CS01_1..pdf,OTHER THAN SHOP MATERIALS,7,2,"Nipple, ASTM A106 Gr.B Galv. as per ASTM A153, NPTM Ends, L = 6in, -, S-XS",C76KHZKZ,1.0,6820-R2-67160-02,6820,
6820-R2-67160-02_CTWL-CS01_1..pdf,OTHER THAN SHOP MATERIALS,8,2,"THD Flg, ASME B16.5, ASTM A105N Galv. as per ASTM A153, 150 Lbs, RF/NPTF End, -,",C1DR2JR,1.0,6820-R2-67160-02,6820,
6820-R2-67160-02_CTWL-CS01_1..pdf,OTHER THAN SHOP MATERIALS,9,2,"NM Flat Gk, Aramid Fiber Reinforced SBR, 150 Lbs, RF as per ASME B16.5, Full Face, Thk=1/8in, -,",C76KHSS3,2.0,6820-R2-67160-02,6820,
6820-R2-67160-02_CTWL-CS01_1..pdf,OTHER THAN SHOP MATERIALS,10,5/8,"SBlt 2 HHx N, A193 Gr.B7/A194 Gr.2H, -, Xylan PTFE Coated, - 3.5 in. Length",C6S4K88R,8.0,6820-R2-67160-02,6820,
6820-R2-67160-02_CTWL-CS01_1..pdf,OTHER THAN SHOP MATERIALS,11,2,"Plug Flg,SP, Inverted Tapered Plug, Non Lubricated, API 599, ASTM A395 Gr.60-40-18, 150 Lbs, RF, Ends as per ASME B16.5, -, LO,-, -, Valve Tag: PL-0546",C76RJXHX,1.0,6820-R2-67160-02,6820,
6820-R2-67160-02_CTWL-CS01_1..pdf,OTHER THAN SHOP MATERIALS,12,2,"Bld Flg, ASME B16.5, ASTM A105N Galv. as per ASTM A153, 150 Lbs, RF, -,",C1DR2JY,1.0,6820-R2-67160-02,6820,
6820-R2-67160-02_CTWL-CS01_1..pdf,PIPE SUPPORTS,13,36,PS207-36-1,PS207,1.0,6820-R2-67160-02,6820,
6820-R2-67160-02_CTWL-CS01_1..pdf,PIPE SUPPORTS,14,36,PS204-36,PS204,2.0,6820-R2-67160-02,6820,
6820-R2-67160-03_CTWL-CS01_1.pdf,OTHER THAN SHOP MATERIALS,6,36,"NM Flat Gk, Aramid Fiber Reinforced SBR, 150 Lbs, RF as per ASME B16.47 Series A, Full Face, Thk=1/8in, -,",C7SN7J06,2.0,6820-R2-67160-03,6820,
6820-R2-67160-03_CTWL-CS01_1.pdf,PIPE SUPPORTS,8,36,PS204-36,PS204,1.0,6820-R2-67160-03,6820,
6820-R2-67161-01_CTWL-CS01_1.pdf,OTHER THAN SHOP MATERIALS,5,4,"NM Flat Gk, Aramid Fiber Reinforced SBR, 150 Lbs, RF as per ASME B16.5, Full Face, Thk=1/8in, -,",C76KHSS7,2.0,6820-R2-67161-01,6820,
6820-R2-67161-01_CTWL-CS01_1.pdf,OTHER THAN SHOP MATERIALS,6,5/8,"SBlt 2 HHx N, A193 Gr.B7/A194",C6S4K88S,16.0,6820-R2-67161-01,6820,
6820-R2-67161-01_CTWL-CS01_1.pdf,OTHER THAN SHOP MATERIALS,7,4,"Plug Flg,SP, Inverted Tapered Plug, Non Lubricated, API 599, ASTM A395 Gr.60-40-18, 150 Lbs, RF, Ends as per ASME B16.5, -, GO,-, -, Valve Tag: PL-0546",C76RJXJ1,1.0,6820-R2-67161-01,6820,
6820-R2-67161-01_CTWL-CS01_1.pdf,PIPE SUPPORTS,8,4,PS433-4,PS433,3.0,6820-R2-67161-01,6820,
6820-R2-67161-01_CTWL-CS01_1.pdf,PIPE SUPPORTS,9,4,PS434-C-2-16.10-20.53-5,PS434,2.0,6820-R2-67161-01,6820,
6820-R2-67161-01_CTWL-CS01_1.pdf,PIPE SUPPORTS,10,4,PS201-4,PS201,1.0,6820-R2-67161-01,6820,
6820-R2-67161-01_CTWL-CS01_1.pdf,PIPE SUPPORTS,11,4,PS434-C-2-16-10-5 1,PS434,1.0,6820-R2-67161-01,6820,
6820-R2-67161-02_CTWL-CS01_1.pdf,OTHER THAN SHOP MATERIALS,6,1,"Nipple, ASTM A106 Gr.B Galv. as per ASTM A153, NPTM Ends, L = 3in, -, S-XS",C41B2D94,1.0,6820-R2-67161-02,6820,
6820-R2-67161-02_CTWL-CS01_1.pdf,OTHER THAN SHOP MATERIALS,7,1,"THD Flg, ASME B16.5, ASTM A105N Galv. as per ASTM A153, 150 Lbs, RF/NPTF End, -,",C1DR2JM,1.0,6820-R2-67161-02,6820,
6820-R2-67161-02_CTWL-CS01_1.pdf,OTHER THAN SHOP MATERIALS,8,1,"NM Flat Gk, Aramid Fiber Reinforced SBR, 150 Lbs, RF as per ASME B16.5, Full Face, Thk=1/8in, -,",C76KHSRZ,2.0,6820-R2-67161-02,6820,
6820-R2-67161-02_CTWL-CS01_1.pdf,OTHER THAN SHOP MATERIALS,9,1/2,"SBlt 2 HHx N, A193 Gr.B7/A194 Gr.2H, -, Xylan PTFE Coated, - 2.75 in. Length",C6S4K87U,8.0,6820-R2-67161-02,6820,
6820-R2-67161-02_CTWL-CS01_1.pdf,OTHER THAN SHOP MATERIALS,10,1,"Plug Flg,SP, Inverted Tapered Plug, Non Lubricated, API 599, ASTM A395 Gr.60-40-18, 150 Lbs, RF, Ends as per ASME B16.5, -, LO,-, -, Valve Tag: PL-0546",C76RJXHV,1.0,6820-R2-67161-02,6820,
6820-R2-67161-02_CTWL-CS01_1.pdf,OTHER THAN SHOP MATERIALS,11,1,"Bld Flg, ASME B16.5, ASTM A105N Galv. as per ASTM A153, 150 Lbs, RF, -,",C1DR2JV,1.0,6820-R2-67161-02,6820,
6820-R2-67161-02_CTWL-CS01_1.pdf,PIPE SUPPORTS,12,4,PS433-4,PS433,1.0,6820-R2-67161-02,6820,
6820-R2-67161-02_CTWL-CS01_1.pdf,PIPE SUPPORTS,13,4,PS210-4,PS210,1.0,6820-R2-67161-02,6820,
6820-R2-67161-02_CTWL-CS01_1.pdf,PIPE SUPPORTS,14,4,PS404-1-29.06-6-6 1,PS404,1.0,6820-R2-67161-02,6820,
6820-R2-67161-03_CTWL-CS01_0..pdf,OTHER THAN SHOP MATERIALS,4,3,"NM Flat Gk, Aramid Fiber Reinforced SBR, 150 Lbs, RF as per ASME B16.5, Full Face, Thk=1/8in, -,",C76KHSS5,2.0,6820-R2-67161-03,6820,
6820-R2-67161-03_CTWL-CS01_0..pdf,OTHER THAN SHOP MATERIALS,5,5/8,"SBlt 2 HHx N, A193 Gr.B7/A194 Gr.2H, -, Xylan PTFE Coated, - 3.75 in. Length",C6S4K88S,8.0,6820-R2-67161-03,6820,
6820-R2-67161-03_CTWL-CS01_0..pdf,OTHER THAN SHOP MATERIALS,6,3,"Plug Flg,SP, Inverted Tapered Plug, Non Lubricated, API 599, ASTM A395 Gr.60-40-18, 150 Lbs, RF, Ends as per ASME B16.5, -, LO,-, -, Valve Tag: PL-0546",C76RJXHR,1.0,6820-R2-67161-03,6820,
6820-R2-67161-04_CTWL-CS01_0.pdf,OTHER THAN SHOP MATERIALS,7,1/2,"SBlt 2 HHx N, A193 Gr.B7/A194 Gr.2H, -, Xylan PTFE Coated, - 3 in. Length",C6S4K87V,4.0,6820-R2-67161-04,6820,
6820-R2-67162-01_CTWL-CS01_1..pdf,OTHER THAN SHOP MATERIALS,8,1,"SBlt 2 HHx N, A193 Gr.B7/A194 Gr.2H, -, Xylan PTFE Coated, - 8.5 in. Length",C6S4K8EN,12.0,6820-R2-67162-01,6820,
6820-R2-67162-01_CTWL-CS01_1..pdf,PIPE SUPPORTS,9,14,PS206-14-2A,PS206,1.0,6820-R2-67162-01,6820,
6820-R2-67162-01_CTWL-CS01_1..pdf,PIPE SUPPORTS,10,14,PS406-2A-13.53-16-8,PS406,1.0,6820-R2-67162-01,6820,
6820-R2-67162-01_CTWL-CS01_1..pdf,PIPE SUPPORTS,11,14,PS209-B1,PS209,1.0,6820-R2-67162-01,6820,
6820-R2-67162-01_CTWL-CS01_1..pdf,PIPE SUPPORTS,12,14,PS214-26,PS214,1.0,6820-R2-67162-01,6820,
6820-R2-67162-04_CTWL-CS01_0.pdf,OTHER THAN SHOP MATERIALS,1,2,"Pipes, Seamless, ASME B36.10, ASTM ' A106 Gr.B Galv. as per ASTM A153, NPTM Ends, w/ coupling, -, S-XS",C145308,0.5,6820-R2-67162-04,6820,
6820-R2-67162-04_CTWL-CS01_0.pdf,OTHER THAN SHOP MATERIALS,2,2,"THD Flg, ASME B16.5, ASTM A105N Galv. as per ASTM A153, 150 Lbs, RF/NPTF End, -,",C1DR2JR,1.0,6820-R2-67162-04,6820,
6820-R2-67162-04_CTWL-CS01_0.pdf,OTHER THAN SHOP MATERIALS,3,2,"NM Flat Gk, Aramid Fiber Reinforced SBR, 150 Lbs, RF as per ASME B16.5, Full Face, Thk=1/8in, -,",C76KHSS3,2.0,6820-R2-67162-04,6820,
6820-R2-67162-04_CTWL-CS01_0.pdf,OTHER THAN SHOP MATERIALS,4,5/8,"SBlt 2 HHx N, A193 Gr.B7/A194 Gr.2H, -, Xylan PTFE Coated, - 3.5 in. Length",C6S4K88R,8.0,6820-R2-67162-04,6820,
6820-R2-67162-04_CTWL-CS01_0.pdf,OTHER THAN SHOP MATERIALS,5,2,"Plug Flg,SP, Inverted Tapered Plug, Non Lubricated, API 599, ASTM A395 Gr.60-40-18, 150 Lbs, RF, Ends as per ASME B16.5, -, LO,-, -, Valve Tag: PL-0546",C76RJXHX,1.0,6820-R2-67162-04,6820,
6820-R2-67162-04_CTWL-CS01_0.pdf,OTHER THAN SHOP MATERIALS,6,2,"Bld Flg, ASME B16.5, ASTM A105N Galv. as per ASTM A153, 150 Lbs, RF, -, TYPE: INSUL THK: SHOP: FIELD: PAINT CODE: MODULE: L Per LDT Per LDT Y Y Per LDT - P&ID: 202998C-001-PID-0021-0333 UNIT#: EWP AREA: SPEC: STRESS CALC #: 6800 6820 CTWL-CS01 CN-0403 LINE No. 2""-R2-67162-CTWL-CS01-N Battleground DRAWING NUMBER REV. 6820-R2-67162-04 *6820-R2-67162-04*",C1DR2JY,1.0,6820-R2-67162-04,6820,
6820-R2-67164-01_CTWL-CS01_1..pdf,OTHER THAN SHOP MATERIALS,5,36,"NM Flat Gk, Aramid Fiber Reinforced SBR, 150 Lbs, FF as per ASME B16.47 Series A, Full Face, Thk=1/8in, -,",C9CT3XUN,2.0,6820-R2-67164-01,6820,
6820-R2-67164-01_CTWL-CS01_1..pdf,OTHER THAN SHOP MATERIALS,7,36,"But Waf, API 609 Cat.A, ASTM A126 Cl.B,125 Lbs, Lug-type FF, Ends as per ASME B16.1, GO,-, Valve Tag: VF-9",C7WHDV5R,1.0,6820-R2-67164-01,6820,
6820-R2-67164-02_CTWL-CS01_2.pdf,OTHER THAN SHOP MATERIALS,7,2,"Nipple, ASTM A106 Gr.B Galv. as",C76KHZKZ,1.0,6820-R2-67164-02,6820,
6820-R2-67164-02_CTWL-CS01_2.pdf,OTHER THAN SHOP MATERIALS,9,2,"THD Flg, ASME B16.5, ASTM A105N Galv. as per ASTM A153, 150 Lbs, RF/NPTF End, -,",C1DR2JR,1.0,6820-R2-67164-02,6820,
6820-R2-67164-02_CTWL-CS01_2.pdf,OTHER THAN SHOP MATERIALS,10,36,"NM Flat Gk, Aramid Fiber Reinforced SBR, 300 Lbs, RF as per ASME B16.47 Series A, Full Face, Thk=1/8in, -,",C9YZMJSH,2.0,6820-R2-67164-02,6820,
6820-R2-67164-02_CTWL-CS01_2.pdf,OTHER THAN SHOP MATERIALS,11,2,"NM Flat Gk, Aramid Fiber Reinforced SBR, 150 Lbs, RF as per ASME B16.5, Full Face, Thk=1/8in, -,",C76KHSS3,2.0,6820-R2-67164-02,6820,
6820-R2-67164-02_CTWL-CS01_2.pdf,OTHER THAN SHOP MATERIALS,12,2,"SBlt 2 HHx N, A193 Gr.B7/A194 2 Gr.2H, -, Xylan PTFE Coated, - 13.5 in. Length",C6SDEV8M,32.0,6820-R2-67164-02,6820,
6820-R2-67164-02_CTWL-CS01_2.pdf,OTHER THAN SHOP MATERIALS,13,5/8,"SBlt 2 HHx N, A193 Gr.B7/A194 Gr.2H, -, Xylan PTFE Coated, - 3.5 in. Length",C6S4K88R,8.0,6820-R2-67164-02,6820,
6820-R2-67164-02_CTWL-CS01_2.pdf,OTHER THAN SHOP MATERIALS,14,2,"Plug Flg,SP, Inverted Tapered Plug, Non Lubricated, API 599, ASTM A395 Gr.60-40-18, 150 Lbs, RF, Ends as per ASME B16.5, -, LO,-, -, Valve Tag: PL-0546",C76RJXHX,1.0,6820-R2-67164-02,6820,
6820-R2-67164-02_CTWL-CS01_2.pdf,OTHER THAN SHOP MATERIALS,15,2,"Bld Flg, ASME B16.5, ASTM A105N Galv. as per ASTM A153, 150 Lbs, RF, -,",C1DR2JY,1.0,6820-R2-67164-02,6820,
6820-R2-67164-02_CTWL-CS01_2.pdf,PIPE SUPPORTS,17,36,PS204-36,PS204,3.0,6820-R2-67164-02,6820,
6820-R2-67164-02_CTWL-CS01_2.pdf,PIPE SUPPORTS,18,36,PS207-36-1,PS207,1.0,6820-R2-67164-02,6820,
6820-R2-67164-03_CTWL-CS01_1.pdf,OTHER THAN SHOP MATERIALS,8,36,"NM Flat Gk, Aramid Fiber Reinforced SBR, 150 Lbs, FF as per ASME B16.47 Series A, Full Face, Thk=1/8in, -,",C9CT3XUN,1.0,6820-R2-67164-03,6820,
6820-R2-67164-03_CTWL-CS01_1.pdf,OTHER THAN SHOP MATERIALS,11,1/2,"SBlt 2 HHx N, A193 Gr.B7/A194 Gr.2H, -, Xylan PTFE Coated, - 3 in. Length",C6S4K87V,4.0,6820-R2-67164-03,6820,
6820-R2-67164-03_CTWL-CS01_1.pdf,PIPE SUPPORTS,13,36,PS204-36 1,PS204,1.0,6820-R2-67164-03,6820,
6820-R2-67164-04_CTWL-CS01_1..pdf,OTHER THAN SHOP MATERIALS,6,36,"NM Flat Gk, Aramid Fiber Reinforced SBR, 150 Lbs, RF as per ASME B16.47 Series A, Full Face, Thk=1/8in, -,",C7SN7J06,1.0,6820-R2-67164-04,6820,
6820-R2-67164-04_CTWL-CS01_1..pdf,OTHER THAN SHOP MATERIALS,7,36,"NM Flat Gk, Aramid Fiber Reinforced SBR, 150 Lbs, FF as per ASME B16.47 Series A, Full Face, Thk=1/8in, -,",C9CT3XUN,1.0,6820-R2-67164-04,6820,
6820-R2-67164-04_CTWL-CS01_1..pdf,OTHER THAN SHOP MATERIALS,9,36,"But Waf, API 609 Cat.A, ASTM A126 Cl.B,125 Lbs, Lug-type FF, Ends as per ASME B16.1, GO,-, Valve Tag: VF-9",C7WHDV5R,1.0,6820-R2-67164-04,6820,
6820-R2-67165-02_POWL-XX01_0.pdf,OTHER THAN SHOP MATERIALS,1,2,"Pipes, Seamless, ASME B36.10, ASTM ' A106 Gr.B Galv. as per ASTM A153, NPTM Ends, w/ coupling, NSF-61 Cert, S-XS",C76SD26N,59.6,6820-R2-67165-02,6820,
6820-R2-67165-02_POWL-XX01_0.pdf,OTHER THAN SHOP MATERIALS,2,2,"Full Coup, ASME B16.3, ASTM A197 Galv. as per ASTM A153, 150 Lbs, NPTF Ends, NSF-61 Cert.,",C76SDEMB,2.0,6820-R2-67165-02,6820,
6820-R2-67165-02_POWL-XX01_0.pdf,OTHER THAN SHOP MATERIALS,3,2,"90° Elb, ASME B16.3, ASTM A197 Galv. as per ASTM A153, 150 Lbs, NPTF Ends, NSF-61 Cert.,",C76SDEP8,5.0,6820-R2-67165-02,6820,
6820-R2-67165-02_POWL-XX01_0.pdf,PIPE SUPPORTS,4,2,PS201-2,PS201,7.0,6820-R2-67165-02,6820,
6820-R2-67165-02_POWL-XX01_0.pdf,PIPE SUPPORTS,5,2,PS433-2,PS433,7.0,6820-R2-67165-02,6820,
6820-R2-67165-02_POWL-XX01_0.pdf,PIPE SUPPORTS,6,2,"PS434-C-13-20-2 TYPE: INSUL THK: SHOP: FIELD: PAINT CODE: MODULE: L Per LDT Per LDT N Y Per LDT - P&ID: 202998C-001-PID-0031-0946 UNIT#: EWP AREA: SPEC: STRESS CALC #: 6800 6820 POWL-XX01 - LINE No. 2""-R2-67165-POWL-XX01-N Battleground DRAWING NUMBER REV. 6820-R2-67165-02 *6820-R2-67165-02*",PS434,1.0,6820-R2-67165-02,6820,
6820-R2-67165-03_POWL-XX01_1.pdf,OTHER THAN SHOP MATERIALS,1,2,"Pipes, Seamless, ASME B36.10, ASTM ' A106 Gr.B Galv. as per ASTM A153, NPTM Ends, w/ coupling, NSF-61 Cert, S-XS",C76SD26N,2.1,6820-R2-67165-03,6820,
6820-R2-67165-03_POWL-XX01_1.pdf,OTHER THAN SHOP MATERIALS,3,1,"Pipes, Seamless, ASME B36.10, ASTM ' A106 Gr.B Galv. as per ASTM A153, NPTM Ends, w/ coupling, NSF-61 Cert, S-XS",C76SD23G,0.7,6820-R2-67165-03,6820,
6820-R2-67165-03_POWL-XX01_1.pdf,OTHER THAN SHOP MATERIALS,6,2,"90° Elb, ASME B16.3, ASTM A197 Galv. as per ASTM A153, 150 Lbs, NPTF Ends, NSF-61 Cert.,",C76SDEP8,2.0,6820-R2-67165-03,6820,
6820-R2-67165-03_POWL-XX01_1.pdf,OTHER THAN SHOP MATERIALS,8,1,"Cap, ASME B16.3, ASTM A197 Galv. as per ASTM A153, 150 Lbs, NPTF End, NSF-61 Cert.,",C76SDEMT,1.0,6820-R2-67165-03,6820,
6820-R2-67165-03_POWL-XX01_1.pdf,OTHER THAN SHOP MATERIALS,10,1,"Bal Fem,FB, MSS SP-110, ASTM A351 Gr.CF8M,1000 PSI CWP, NPTF Ends, LO,NSF-61 Cert, Valve Tag: BA-1196",C9P77RM8,1.0,6820-R2-67165-03,6820,
6820-R2-67165-03_POWL-XX01_1.pdf,PIPE SUPPORTS,12,2,PS201-2,PS201,1.0,6820-R2-67165-03,6820,
6820-R2-67165-03_POWL-XX01_1.pdf,PIPE SUPPORTS,13,2,PS709-A-24.55-10,PS709,1.0,6820-R2-67165-03,6820,
6820-R2-67165-03_POWL-XX01_1.pdf,PIPE SUPPORTS,14,2,"PS433-2 TYPE: INSUL THK: SHOP: FIELD: PAINT CODE: MODULE: L Per LDT Per LDT N Y Per LDT - P&ID: 202998C-001-PID-0031-0946 UNIT#: EWP AREA: SPEC: STRESS CALC #: 6800 6820 POWL-XX01 - LINE No. 2""-R2-67165-POWL-XX01-N Battleground DRAWING NUMBER REV. 6820-R2-67165-03 *6820-R2-67165-03*",PS433,1.0,6820-R2-67165-03,6820,
6820-R2-67165-04_POWL-XX01_0.pdf,OTHER THAN SHOP MATERIALS,1,2,"Pipes, Seamless, ASME B36.10, ASTM ' A106 Gr.B Galv. as per ASTM A153, NPTM Ends, w/ coupling, NSF-61 Cert, S-XS",C76SD26N,29.5,6820-R2-67165-04,6820,
6820-R2-67165-04_POWL-XX01_0.pdf,OTHER THAN SHOP MATERIALS,4,2,"90° Elb, ASME B16.3, ASTM A197 Galv. as per ASTM A153, 150 Lbs, NPTF Ends, NSF-61 Cert.,",C76SDEP8,5.0,6820-R2-67165-04,6820,
6820-R2-67165-04_POWL-XX01_0.pdf,PIPE SUPPORTS,5,2,PS210-2,PS210,2.0,6820-R2-67165-04,6820,
6820-R2-67165-04_POWL-XX01_0.pdf,PIPE SUPPORTS,6,2,PS713-D-12.75,PS713,1.0,6820-R2-67165-04,6820,
6820-R2-67165-04_POWL-XX01_0.pdf,PIPE SUPPORTS,7,2,PS719-H-20.19-6-/,PS719,1.0,6820-R2-67165-04,6820,
6820-R2-67165-04_POWL-XX01_0.pdf,PIPE SUPPORTS,8,2,PS433-2,PS433,2.0,6820-R2-67165-04,6820,
6820-R2-67165-04_POWL-XX01_0.pdf,PIPE SUPPORTS,9,2,PS201-2,PS201,1.0,6820-R2-67165-04,6820,
6820-R2-67165-04_POWL-XX01_0.pdf,PIPE SUPPORTS,10,2,PS719-H-13.19-6-/,PS719,1.0,6820-R2-67165-04,6820,
6820-R2-67165-04_POWL-XX01_0.pdf,PIPE SUPPORTS,11,2,PS712-D-13.46,PS712,1.0,6820-R2-67165-04,6820,
6820-R2-67165-04_POWL-XX01_0.pdf,PIPE SUPPORTS,12,2,"PS221-2 TYPE: INSUL THK: SHOP: FIELD: PAINT CODE: MODULE: L Per LDT Per LDT N Y Per LDT - P&ID: 202998C-001-PID-0031-0946 UNIT#: EWP AREA: SPEC: STRESS CALC #: 6800 6820 POWL-XX01 - LINE No. 2""-R2-67165-POWL-XX01-N Battleground DRAWING NUMBER REV. 6820-R2-67165-04 *6820-R2-67165-04*",PS221,1.0,6820-R2-67165-04,6820,
6820-R2-67165-05_POWL-XX01_0.pdf,OTHER THAN SHOP MATERIALS,1,2,"Pipes, Seamless, ASME B36.10, ASTM ' A106 Gr.B Galv. as per ASTM A153, NPTM Ends, w/ coupling, NSF-61 Cert, S-XS",C76SD26N,18.7,6820-R2-67165-05,6820,
6820-R2-67165-05_POWL-XX01_0.pdf,OTHER THAN SHOP MATERIALS,3,2,"90° Elb, ASME B16.3, ASTM A197 Galv. as per ASTM A153, 150 Lbs, NPTF Ends, NSF-61 Cert.,",C76SDEP8,3.0,6820-R2-67165-05,6820,
6820-R2-67165-05_POWL-XX01_0.pdf,PIPE SUPPORTS,4,2,PS433-2,PS433,3.0,6820-R2-67165-05,6820,
6820-R2-67165-05_POWL-XX01_0.pdf,PIPE SUPPORTS,5,2,PS201-2,PS201,2.0,6820-R2-67165-05,6820,
6820-R2-67165-05_POWL-XX01_0.pdf,PIPE SUPPORTS,6,2,PS719-H-13.19-6.75-/,PS719,2.0,6820-R2-67165-05,6820,
6820-R2-67165-05_POWL-XX01_0.pdf,PIPE SUPPORTS,7,2,"PS719-H-11.19-6-/ TYPE: INSUL THK: SHOP: FIELD: PAINT CODE: MODULE: L Per LDT Per LDT N Y Per LDT - P&ID: 202998C-001-PID-0031-0946 UNIT#: EWP AREA: SPEC: STRESS CALC #: 6800 6820 POWL-XX01 - LINE No. 2""-R2-67165-POWL-XX01-N Battleground DRAWING NUMBER REV. 6820-R2-67165-05 *6820-R2-67165-05*",PS719,1.0,6820-R2-67165-05,6820,
6820-R2-67165-06_POWL-XX01_0.pdf,OTHER THAN SHOP MATERIALS,1,2,"Pipes, Seamless, ASME B36.10, ASTM ' A106 Gr.B Galv. as per ASTM A153, NPTM Ends, w/ coupling, NSF-61 Cert, S-XS",C76SD26N,67.9,6820-R2-67165-06,6820,
6820-R2-67165-06_POWL-XX01_0.pdf,OTHER THAN SHOP MATERIALS,3,2,"90° Elb, ASME B16.3, ASTM A197 Galv. as per ASTM A153, 150 Lbs, NPTF Ends, NSF-61 Cert.,",C76SDEP8,1.0,6820-R2-67165-06,6820,
6820-R2-67165-06_POWL-XX01_0.pdf,OTHER THAN SHOP MATERIALS,4,2,"Full Coup, ASME B16.3, ASTM A197 Galv. as per ASTM A153, 150 Lbs, NPTF Ends, NSF-61 Cert.,",C76SDEMB,2.0,6820-R2-67165-06,6820,
6820-R2-67165-06_POWL-XX01_0.pdf,OTHER THAN SHOP MATERIALS,5,2,"Cap, ASME B16.3, ASTM A197 Galv. as per ASTM A153, 150 Lbs, NPTF End, NSF-61 Cert.,",C76SDEMW,1.0,6820-R2-67165-06,6820,
6820-R2-67165-06_POWL-XX01_0.pdf,PIPE SUPPORTS,6,2,PS719-H-44.34-6-/,PS719,1.0,6820-R2-67165-06,6820,
6820-R2-67165-06_POWL-XX01_0.pdf,PIPE SUPPORTS,7,2,PS433-2,PS433,10.0,6820-R2-67165-06,6820,
6820-R2-67165-06_POWL-XX01_0.pdf,PIPE SUPPORTS,8,2,PS201-2,PS201,9.0,6820-R2-67165-06,6820,
6820-R2-67165-06_POWL-XX01_0.pdf,PIPE SUPPORTS,9,2,PS719-H-42.24-6-/,PS719,1.0,6820-R2-67165-06,6820,
6820-R2-67165-06_POWL-XX01_0.pdf,PIPE SUPPORTS,10,2,"PS719-H-42.84-6-/ TYPE: INSUL THK: SHOP: FIELD: PAINT CODE: MODULE: L Per LDT Per LDT N Y Per LDT - P&ID: 202998C-001-PID-0031-0946 UNIT#: EWP AREA: SPEC: STRESS CALC #: 6800 6820 POWL-XX01 - LINE No. 2""-R2-67165-POWL-XX01-N Battleground DRAWING NUMBER REV. 6820-R2-67165-06 *6820-R2-67165-06*",PS719,3.0,6820-R2-67165-06,6820,
6820-R2-67178-01_EPCL-SS01_0..pdf,OTHER THAN SHOP MATERIALS,1,1,"Pipes, Seamless, ASME ' B36.19/B36.10, ASTM A312 Gr.TP304L, NPTM Ends, w/ coupling, -, S-80S",C76KFFTD,6.5,6820-R2-67178-01,6820,
6820-R2-67178-01_EPCL-SS01_0..pdf,OTHER THAN SHOP MATERIALS,2,1,"90° Elb, ASME B16.11, ASTM A182 Gr.F304L, 3000 Lbs, NPTF Ends, Annealed,",C7BP5GGW,1.0,6820-R2-67178-01,6820,
6820-R2-67178-01_EPCL-SS01_0..pdf,OTHER THAN SHOP MATERIALS,3,1,"THD Flg, ASME B16.5, ASTM A182 Gr.F304L, 150 Lbs, RF/NPTF End, Annealed,",C7W2U48L,4.0,6820-R2-67178-01,6820,
6820-R2-67178-01_EPCL-SS01_0..pdf,OTHER THAN SHOP MATERIALS,4,1,"NM Flat Gk, Barium Sulfate filled PTFE, 150 Lbs, RF as per ASME B16.5, Full Face, Thk=1/8in, -,",C7CT1ZFH,4.0,6820-R2-67178-01,6820,
6820-R2-67178-01_EPCL-SS01_0..pdf,OTHER THAN SHOP MATERIALS,5,1/2,"SBlt 2 HHx N, A193 Gr.B7/A194 Gr.2H, -, Xylan PTFE Coated, - 2.75 in. Length",C6S4K87U,16.0,6820-R2-67178-01,6820,
6820-R2-67178-01_EPCL-SS01_0..pdf,OTHER THAN SHOP MATERIALS,6,1,"Plug Flg,SP, Tapered Plug, Non Lubricated, API 599, ASTM A351 Gr.CF8M, 150 Lbs, RF, Ends as per ASME B16.5, -, LO,-, -, Valve Tag: PL-0548",C76KHSRR,1.0,6820-R2-67178-01,6820,
6820-R2-67178-01_EPCL-SS01_0..pdf,OTHER THAN SHOP MATERIALS,7,1,"SwgChk Flg, ASME B16.34, ASTM A351 Gr.CF8M,150 Lbs, RF, Ends as per ASME B16.5,-, Valve Tag: CH-0276",C7CXA8BE,1.0,6820-R2-67178-01,6820,
6820-R2-67178-01_EPCL-SS01_0..pdf,PIPE SUPPORTS,8,1,PS718-A-29.50-6,PS718,1.0,6820-R2-67178-01,6820,
6820-R2-67178-01_EPCL-SS01_0..pdf,PIPE SUPPORTS,9,1,"PS433-1 TYPE: INSUL THK: SHOP: FIELD: PAINT CODE: MODULE: L Per LDT Per LDT N Y Per LDT - P&ID: 202998C-001-PID-0021-0331 UNIT#: EWP AREA: SPEC: STRESS CALC #: 6800 6820 EPCL-SS01 - LINE No. 1""-R2-67178-EPCL-SS01-N Battleground DRAWING NUMBER REV. 6820-R2-67178-01 *6820-R2-67178-01*",PS433,1.0,6820-R2-67178-01,6820,
6820-R2-67178-02_EPCL-SS01_0.pdf,OTHER THAN SHOP MATERIALS,1,1,"Pipes, Seamless, ASME ' B36.19/B36.10, ASTM A312 Gr.TP304L, NPTM Ends, w/ coupling, -, S-80S",C76KFFTD,15.2,6820-R2-67178-02,6820,
6820-R2-67178-02_EPCL-SS01_0.pdf,OTHER THAN SHOP MATERIALS,2,1,"90° Elb, ASME B16.11, ASTM A182 Gr.F304L, 3000 Lbs, NPTF Ends, Annealed,",C7BP5GGW,3.0,6820-R2-67178-02,6820,
6820-R2-67178-02_EPCL-SS01_0.pdf,PIPE SUPPORTS,3,1,PS718-E-15.2-5.50,PS718,1.0,6820-R2-67178-02,6820,
6820-R2-67178-02_EPCL-SS01_0.pdf,PIPE SUPPORTS,4,1,"PS213-1 TYPE: INSUL THK: SHOP: FIELD: PAINT CODE: MODULE: L Per LDT Per LDT N Y Per LDT - P&ID: 202998C-001-PID-0021-0331 UNIT#: EWP AREA: SPEC: STRESS CALC #: 6800 6820 EPCL-SS01 - LINE No. 1""-R2-67178-EPCL-SS01-N Battleground DRAWING NUMBER REV. 6820-R2-67178-02 *6820-R2-67178-02*",PS213,1.0,6820-R2-67178-02,6820,
6820-R2-67178-03_EPCL-SS01_0..pdf,OTHER THAN SHOP MATERIALS,1,1,"Pipes, Seamless, ASME ' B36.19/B36.10, ASTM A312 Gr.TP304L, NPTM Ends, w/ coupling, -, S-80S",C76KFFTD,11.5,6820-R2-67178-03,6820,
6820-R2-67178-03_EPCL-SS01_0..pdf,OTHER THAN SHOP MATERIALS,4,1,"Nipple, ASTM A312 Gr.TP304L, NPTM Ends, L = 3in, -, S-80S",CEZMKL0,2.0,6820-R2-67178-03,6820,
6820-R2-67178-03_EPCL-SS01_0..pdf,OTHER THAN SHOP MATERIALS,5,1,"Plug, Solid Round Head Type, ASME B16.11, ASTM A182 Gr.F304L, NPTM End, Annealed,",C7BP51NZ,1.0,6820-R2-67178-03,6820,
6820-R2-67178-03_EPCL-SS01_0..pdf,OTHER THAN SHOP MATERIALS,7,1,"THD Flg, ASME B16.5, ASTM A182 Gr.F304L, 150 Lbs, RF/NPTF End, Annealed,",C7W2U48L,2.0,6820-R2-67178-03,6820,
6820-R2-67178-03_EPCL-SS01_0..pdf,OTHER THAN SHOP MATERIALS,8,1,"NM Flat Gk, Barium Sulfate filled PTFE, 150 Lbs, RF as per ASME B16.5, Full Face, Thk=1/8in, -,",C7CT1ZFH,2.0,6820-R2-67178-03,6820,
6820-R2-67178-03_EPCL-SS01_0..pdf,OTHER THAN SHOP MATERIALS,9,1/2,"SBlt 2 HHx N, A193 Gr.B7/A194 Gr.2H, -, Xylan PTFE Coated, - 2.75 in. Length",C6S4K87U,8.0,6820-R2-67178-03,6820,
6820-R2-67178-03_EPCL-SS01_0..pdf,OTHER THAN SHOP MATERIALS,10,1,"Plug Flg,SP, Tapered Plug, Non Lubricated, API 599, ASTM A351 Gr.CF8M, 150 Lbs, RF, Ends as per ASME B16.5, -, LO,-, -, Valve Tag: PL-0548",C76KHSRR,1.0,6820-R2-67178-03,6820,
6820-R2-67178-03_EPCL-SS01_0..pdf,OTHER THAN SHOP MATERIALS,11,1,"Plug Fem,RgP, Tapered Plug, Non Lubricated, API 599, ASTM A351 Gr.CF8M, 300 Lbs, NPTF Ends, Ends as per ASME B1.20.1,-, LO, -, Valve Tag: PL-0547",C76KHSRH,2.0,6820-R2-67178-03,6820,
6820-R2-67178-03_EPCL-SS01_0..pdf,PIPE SUPPORTS,12,1,PS213-1,PS213,1.0,6820-R2-67178-03,6820,
6820-R2-67178-03_EPCL-SS01_0..pdf,PIPE SUPPORTS,13,1,PS718-A-3.80-2.99,PS718,1.0,6820-R2-67178-03,6820,
6820-R2-67178-03_EPCL-SS01_0..pdf,PIPE SUPPORTS,14,1,PS221-1,PS221,1.0,6820-R2-67178-03,6820,
6820-R2-67178-03_EPCL-SS01_0..pdf,PIPE SUPPORTS,15,1,PS731-4-24-3.8,PS731,1.0,6820-R2-67178-03,6820,
6820-R2-67178-03_EPCL-SS01_0..pdf,PIPE SUPPORTS,16,1,"PS212-1 TYPE: INSUL THK: SHOP: FIELD: PAINT CODE: MODULE: L Per LDT Per LDT N Y Per LDT - P&ID: 202998C-001-PID-0021-0331 UNIT#: EWP AREA: SPEC: STRESS CALC #: 6800 6820 EPCL-SS01 - LINE No. 1""-R2-67178-EPCL-SS01-P Battleground DRAWING NUMBER REV. 6820-R2-67178-03 *6820-R2-67178-03*",PS212,1.0,6820-R2-67178-03,6820,
6820-R2-67179-01_EPCL-SS01_0.pdf,OTHER THAN SHOP MATERIALS,1,1,"Pipes, Seamless, ASME ' B36.19/B36.10, ASTM A312 Gr.TP304L, NPTM Ends, w/ coupling, -, S-80S",C76KFFTD,28.0,6820-R2-67179-01,6820,
6820-R2-67179-01_EPCL-SS01_0.pdf,OTHER THAN SHOP MATERIALS,2,1,"90° Elb, ASME B16.11, ASTM A182 Gr.F304L, 3000 Lbs, NPTF Ends, Annealed,",C7BP5GGW,6.0,6820-R2-67179-01,6820,
6820-R2-67179-01_EPCL-SS01_0.pdf,PIPE SUPPORTS,3,1,PS201-1-S,PS201,3.0,6820-R2-67179-01,6820,
6820-R2-67179-01_EPCL-SS01_0.pdf,PIPE SUPPORTS,4,1,"PS433-1 TYPE: INSUL THK: SHOP: FIELD: PAINT CODE: MODULE: L Per LDT Per LDT N Y Per LDT - P&ID: 202998C-001-PID-0021-0331 UNIT#: EWP AREA: SPEC: STRESS CALC #: 6800 6820 EPCL-SS01 - LINE No. 1""-R2-67179-EPCL-SS01-N Battleground DRAWING NUMBER REV. 6820-R2-67179-01 *6820-R2-67179-01*",PS433,3.0,6820-R2-67179-01,6820,
6820-R2-67179-02_EPCL-SS01_0..pdf,OTHER THAN SHOP MATERIALS,1,1,"Pipes, Seamless, ASME ' B36.19/B36.10, ASTM A312 Gr.TP304L, NPTM Ends, w/ coupling, -, S-80S",C76KFFTD,11.1,6820-R2-67179-02,6820,
6820-R2-67179-02_EPCL-SS01_0..pdf,OTHER THAN SHOP MATERIALS,4,1,"Nipple, ASTM A312 Gr.TP304L, NPTM Ends, L = 3in, -, S-80S",CEZMKL0,2.0,6820-R2-67179-02,6820,
6820-R2-67179-02_EPCL-SS01_0..pdf,OTHER THAN SHOP MATERIALS,5,1,"Plug, Solid Round Head Type, ASME B16.11, ASTM A182 Gr.F304L, NPTM End, Annealed,",C7BP51NZ,1.0,6820-R2-67179-02,6820,
6820-R2-67179-02_EPCL-SS01_0..pdf,OTHER THAN SHOP MATERIALS,7,1,"THD Flg, ASME B16.5, ASTM A182 Gr.F304L, 150 Lbs, RF/NPTF End, Annealed,",C7W2U48L,2.0,6820-R2-67179-02,6820,
6820-R2-67179-02_EPCL-SS01_0..pdf,OTHER THAN SHOP MATERIALS,8,1,"NM Flat Gk, Barium Sulfate filled PTFE, 150 Lbs, RF as per ASME B16.5, Full Face, Thk=1/8in, -,",C7CT1ZFH,2.0,6820-R2-67179-02,6820,
6820-R2-67179-02_EPCL-SS01_0..pdf,OTHER THAN SHOP MATERIALS,9,1/2,"SBlt 2 HHx N, A193 Gr.B7/A194 Gr.2H, -, Xylan PTFE Coated, - 2.75 in. Length",C6S4K87U,8.0,6820-R2-67179-02,6820,
6820-R2-67179-02_EPCL-SS01_0..pdf,OTHER THAN SHOP MATERIALS,10,1,"Plug Flg,SP, Tapered Plug, Non Lubricated, API 599, ASTM A351 Gr.CF8M, 150 Lbs, RF, Ends as per ASME B16.5, -, LO,-, -, Valve Tag: PL-0548",C76KHSRR,1.0,6820-R2-67179-02,6820,
6820-R2-67179-02_EPCL-SS01_0..pdf,OTHER THAN SHOP MATERIALS,11,1,"Plug Fem,RgP, Tapered Plug, Non Lubricated, API 599, ASTM A351 Gr.CF8M, 300 Lbs, NPTF Ends, Ends as per ASME B1.20.1,-, LO, -, Valve Tag: PL-0547",C76KHSRH,2.0,6820-R2-67179-02,6820,
6820-R2-67179-02_EPCL-SS01_0..pdf,PIPE SUPPORTS,12,1,PS731-4-24-12,PS731,2.0,6820-R2-67179-02,6820,
6820-R2-67179-02_EPCL-SS01_0..pdf,PIPE SUPPORTS,13,1,PS212-1,PS212,2.0,6820-R2-67179-02,6820,
6820-R2-67179-02_EPCL-SS01_0..pdf,PIPE SUPPORTS,14,1,"PS221-1 TYPE: INSUL THK: SHOP: FIELD: PAINT CODE: MODULE: L Per LDT Per LDT N Y Per LDT - P&ID: 202998C-001-PID-0021-0331 UNIT#: EWP AREA: SPEC: STRESS CALC #: 6800 6820 EPCL-SS01 - LINE No. 1""-R2-67179-EPCL-SS01-P Battleground DRAWING NUMBER REV. 6820-R2-67179-02 *6820-R2-67179-02*",PS221,1.0,6820-R2-67179-02,6820,
6820-R2-67180-01_EPCL-SS01_0.pdf,OTHER THAN SHOP MATERIALS,1,1,"Pipes, Seamless, ASME ' B36.19/B36.10, ASTM A312 Gr.TP304L, NPTM Ends, w/ coupling, -, S-80S",C76KFFTD,1.3,6820-R2-67180-01,6820,
6820-R2-67180-01_EPCL-SS01_0.pdf,OTHER THAN SHOP MATERIALS,2,1,"90° Elb, ASME B16.11, ASTM A182 Gr.F304L, 3000 Lbs, NPTF Ends, Annealed, TYPE: INSUL THK: SHOP: FIELD: PAINT CODE: MODULE: L Per LDT Per LDT N Y Per LDT - P&ID: 202998C-001-PID-0021-0331 UNIT#: EWP AREA: SPEC: STRESS CALC #: 6800 6820 EPCL-SS01 - LINE No. 1""-R2-67180-EPCL-SS01-N Battleground DRAWING NUMBER REV. 6820-R2-67180-01 *6820-R2-67180-01*",C7BP5GGW,2.0,6820-R2-67180-01,6820,
6820-R2-67180-02_EPCL-SS01_0..pdf,OTHER THAN SHOP MATERIALS,1,1,"Pipes, Seamless, ASME ' B36.19/B36.10, ASTM A312 Gr.TP304L, NPTM Ends, w/ coupling, -, S-80S",C76KFFTD,11.0,6820-R2-67180-02,6820,
6820-R2-67180-02_EPCL-SS01_0..pdf,OTHER THAN SHOP MATERIALS,2,1,"90° Elb, ASME B16.11, ASTM A182 Gr.F304L, 3000 Lbs, NPTF Ends, Annealed,",C7BP5GGW,3.0,6820-R2-67180-02,6820,
6820-R2-67180-02_EPCL-SS01_0..pdf,OTHER THAN SHOP MATERIALS,3,1,"THD Flg, ASME B16.5, ASTM A182 Gr.F304L, 150 Lbs, RF/NPTF End, Annealed,",C7W2U48L,4.0,6820-R2-67180-02,6820,
6820-R2-67180-02_EPCL-SS01_0..pdf,OTHER THAN SHOP MATERIALS,4,1,"NM Flat Gk, Barium Sulfate filled PTFE, 150 Lbs, RF as per ASME B16.5, Full Face, Thk=1/8in, -,",C7CT1ZFH,4.0,6820-R2-67180-02,6820,
6820-R2-67180-02_EPCL-SS01_0..pdf,OTHER THAN SHOP MATERIALS,5,1/2,"SBlt 2 HHx N, A193 Gr.B7/A194 Gr.2H, -, Xylan PTFE Coated, - 2.75 in. Length",C6S4K87U,16.0,6820-R2-67180-02,6820,
6820-R2-67180-02_EPCL-SS01_0..pdf,OTHER THAN SHOP MATERIALS,6,1,"SwgChk Flg, ASME B16.34, ASTM A351 Gr.CF8M,150 Lbs, RF, Ends as per ASME B16.5,-, Valve Tag: CH-0276",C7CXA8BE,1.0,6820-R2-67180-02,6820,
6820-R2-67180-02_EPCL-SS01_0..pdf,OTHER THAN SHOP MATERIALS,7,1,"Plug Flg,SP, Tapered Plug, Non Lubricated, API 599, ASTM A351 Gr.CF8M, 150 Lbs, RF, Ends as per ASME B16.5, -, LO,-, -, Valve Tag: PL-0548",C76KHSRR,1.0,6820-R2-67180-02,6820,
6820-R2-67180-02_EPCL-SS01_0..pdf,PIPE SUPPORTS,8,1,"PS433-1 TYPE: INSUL THK: SHOP: FIELD: PAINT CODE: MODULE: L Per LDT Per LDT Y Y Per LDT - P&ID: 202998C-001-PID-0021-0331 UNIT#: EWP AREA: SPEC: STRESS CALC #: 6800 6820 EPCL-SS01 - LINE No. 1""-R2-67180-EPCL-SS01-N Battleground DRAWING NUMBER REV. 6820-R2-67180-02 *6820-R2-67180-02*",PS433,2.0,6820-R2-67180-02,6820,
6820-R2-67180-05_EPCL-SS01_0.pdf,OTHER THAN SHOP MATERIALS,1,1,"Pipes, Seamless, ASME ' B36.19/B36.10, ASTM A312 Gr.TP304L, NPTM Ends, w/ coupling, -, S-80S",C76KFFTD,8.5,6820-R2-67180-05,6820,
6820-R2-67180-05_EPCL-SS01_0.pdf,OTHER THAN SHOP MATERIALS,2,1,"90° Elb, ASME B16.11, ASTM A182 Gr.F304L, 3000 Lbs, NPTF Ends, Annealed,",C7BP5GGW,2.0,6820-R2-67180-05,6820,
6820-R2-67180-05_EPCL-SS01_0.pdf,OTHER THAN SHOP MATERIALS,3,1,"Nipple, ASTM A312 Gr.TP304L, NPTM Ends, L = 3in, -, S-80S",CEZMKL0,1.0,6820-R2-67180-05,6820,
6820-R2-67180-05_EPCL-SS01_0.pdf,OTHER THAN SHOP MATERIALS,4,1,"THD Flg, ASME B16.5, ASTM A182 Gr.F304L, 150 Lbs, RF/NPTF End, Annealed, TYPE: INSUL THK: SHOP: FIELD: PAINT CODE: MODULE: L Per LDT Per LDT N Y Per LDT - P&ID: 202998C-001-PID-0021-0331 UNIT#: EWP AREA: SPEC: STRESS CALC #: 6800 6820 EPCL-SS01 - LINE No. 1""-R2-67180-EPCL-SS01-N Battleground DRAWING NUMBER REV. 6820-R2-67180-05 *6820-R2-67180-05*",C7W2U48L,1.0,6820-R2-67180-05,6820,
6820-R2-67180-06_EPCL-SS01_0..pdf,OTHER THAN SHOP MATERIALS,1,1,"Pipes, Seamless, ASME ' B36.19/B36.10, ASTM A312 Gr.TP304L, NPTM Ends, w/ coupling, -, S-80S",C76KFFTD,1.1,6820-R2-67180-06,6820,
6820-R2-67180-06_EPCL-SS01_0..pdf,OTHER THAN SHOP MATERIALS,4,1,"Nipple, ASTM A312 Gr.TP304L, NPTM Ends, L = 3in, -, S-80S",CEZMKL0,2.0,6820-R2-67180-06,6820,
6820-R2-67180-06_EPCL-SS01_0..pdf,OTHER THAN SHOP MATERIALS,5,1,"Plug, Solid Round Head Type, ASME B16.11, ASTM A182 Gr.F304L, NPTM End, Annealed,",C7BP51NZ,1.0,6820-R2-67180-06,6820,
6820-R2-67180-06_EPCL-SS01_0..pdf,OTHER THAN SHOP MATERIALS,7,1,"THD Flg, ASME B16.5, ASTM A182 Gr.F304L, 150 Lbs, RF/NPTF End, Annealed,",C7W2U48L,1.0,6820-R2-67180-06,6820,
6820-R2-67180-06_EPCL-SS01_0..pdf,OTHER THAN SHOP MATERIALS,8,1,"NM Flat Gk, Barium Sulfate filled PTFE, 150 Lbs, RF as per ASME B16.5, Full Face, Thk=1/8in, -,",C7CT1ZFH,2.0,6820-R2-67180-06,6820,
6820-R2-67180-06_EPCL-SS01_0..pdf,OTHER THAN SHOP MATERIALS,9,1/2,"SBlt 2 HHx N, A193 Gr.B7/A194 Gr.2H, -, Xylan PTFE Coated, - 2.75 in. Length",C6S4K87U,8.0,6820-R2-67180-06,6820,
6820-R2-67180-06_EPCL-SS01_0..pdf,OTHER THAN SHOP MATERIALS,10,1,"Plug Flg,SP, Tapered Plug, Non Lubricated, API 599, ASTM A351 Gr.CF8M, 150 Lbs, RF, Ends as per ASME B16.5, -, LO,-, -, Valve Tag: PL-0548",C76KHSRR,1.0,6820-R2-67180-06,6820,
6820-R2-67180-06_EPCL-SS01_0..pdf,OTHER THAN SHOP MATERIALS,11,1,"Plug Fem,RgP, Tapered Plug, Non Lubricated, API 599, ASTM A351 Gr.CF8M, 300 Lbs, NPTF Ends, Ends as per ASME B1.20.1,-, LO, -, Valve Tag: PL-0547",C76KHSRH,2.0,6820-R2-67180-06,6820,
6820-R2-67180-06_EPCL-SS01_0..pdf,PIPE SUPPORTS,12,1,PS221-1,PS221,1.0,6820-R2-67180-06,6820,
6820-R2-67180-06_EPCL-SS01_0..pdf,PIPE SUPPORTS,13,1,PS732-2-41.6-21.8,PS732,1.0,6820-R2-67180-06,6820,
6820-R2-67180-06_EPCL-SS01_0..pdf,PIPE SUPPORTS,14,1,"PS210-1 TYPE: INSUL THK: SHOP: FIELD: PAINT CODE: MODULE: L Per LDT Per LDT N Y Per LDT - P&ID: 202998C-001-PID-0021-0331 UNIT#: EWP AREA: SPEC: STRESS CALC #: 6800 6820 EPCL-SS01 - LINE No. 1""-R2-67180-EPCL-SS01-P Battleground DRAWING NUMBER REV. 6820-R2-67180-06 *6820-R2-67180-06*",PS210,1.0,6820-R2-67180-06,6820,
6820-R2-67181-01_SLPG-CS01_1.pdf,PIPE SUPPORTS,9,3,PS434-C-3-27.6875-14-6,PS434,1.0,6820-R2-67181-01,6820,
6820-R2-67181-01_SLPG-CS01_1.pdf,PIPE SUPPORTS,10,3,PS412-13.94-10,PS412,1.0,6820-R2-67181-01,6820,
6820-R2-67181-01_SLPG-CS01_1.pdf,PIPE SUPPORTS,11,3,PS204-3,PS204,1.0,6820-R2-67181-01,6820,
6820-R2-67181-01_SLPG-CS01_1.pdf,PIPE SUPPORTS,12,3,PS430-3-A-42.75,PS430,1.0,6820-R2-67181-01,6820,
6820-R2-67181-02_SLPG-CS01_1..pdf,OTHER THAN SHOP MATERIALS,7,3,"NM Flat Gk, Aramid Fiber Reinforced SBR, 150 Lbs, RF as per ASME B16.5, -, Thk=1/8in, -,",C7SM1YGT,2.0,6820-R2-67181-02,6820,
6820-R2-67181-02_SLPG-CS01_1..pdf,OTHER THAN SHOP MATERIALS,9,5/8,"SBlt 2 HHx N, A193 Gr.B7/A194 Gr.2H, -, Xylan PTFE Coated, - 3.75 in. Length",C6S4K88S,8.0,6820-R2-67181-02,6820,
6820-R2-67181-02_SLPG-CS01_1..pdf,OTHER THAN SHOP MATERIALS,10,1/2,"SBlt 2 HHx N, A193 Gr.B7/A194 Gr.2H, -, Xylan PTFE Coated, - 3 in. Length",C6S4K87V,4.0,6820-R2-67181-02,6820,
6820-R2-67181-02_SLPG-CS01_1..pdf,OTHER THAN SHOP MATERIALS,11,3,"Gat Flg, -, API 600, ASTM A216 Gr.WCB,150 Lbs, RF, Ends as per ASME B16.5, HO,-, Valve Tag: GA-0215",C76SPAB8,1.0,6820-R2-67181-02,6820,
6820-R2-67181-02_SLPG-CS01_1..pdf,PIPE SUPPORTS,1,3,PS412-13.94-10,PS412,1.0,6820-R2-67181-02,6820,
6820-R2-67181-02_SLPG-CS01_1..pdf,PIPE SUPPORTS,14,3,PS206-3-1,PS206,1.0,6820-R2-67181-02,6820,
6820-R2-67181-02_SLPG-CS01_1..pdf,PIPE SUPPORTS,15,3,PS204-3,PS204,1.0,6820-R2-67181-02,6820,
6820-R2-67181-03_SLPG-CS01_1.pdf,OTHER THAN SHOP MATERIALS,8,1,"Plug, Solid Round Head Type, ASME",CBBPLK4,1.0,6820-R2-67181-03,6820,
6820-R2-67181-03_SLPG-CS01_1.pdf,OTHER THAN SHOP MATERIALS,10,1/2,"SBlt 2 HHx N, A193 Gr.B7/A194 Gr.2H, -, Xylan PTFE Coated, - 3 in. Length",C6S4K87V,4.0,6820-R2-67181-03,6820,
6820-R2-67181-03_SLPG-CS01_1.pdf,OTHER THAN SHOP MATERIALS,11,1,"Gat Fem, API 602, ASTM A105N,800 Lbs, NPTF Ends, HO,-, Valve Tag: GA-0120",C76SPABV,1.0,6820-R2-67181-03,6820,
6820-R2-67181-04_SLPG-CS01_2.pdf,OTHER THAN SHOP MATERIALS,8,3,"NM Flat Gk, Aramid Fiber Reinforced SBR, 150 Lbs, RF as per ASME B16.5, -, Thk=1/8in, -,",C7SM1YGT,2.0,6820-R2-67181-04,6820,
6820-R2-67181-04_SLPG-CS01_2.pdf,OTHER THAN SHOP MATERIALS,10,5/8,"SBlt 2 HHx N, A193 Gr.B7/A194 Gr.2H, -, Xylan PTFE Coated, - 3.75 in. Length",C6S4K88S,8.0,6820-R2-67181-04,6820,
6820-R2-67181-04_SLPG-CS01_2.pdf,OTHER THAN SHOP MATERIALS,11,1/2,"SBlt 2 HHx N, A193 Gr.B7/A194 Gr.2H, -, Xylan PTFE Coated, - 3 in. Length",C6S4K87V,8.0,6820-R2-67181-04,6820,
6820-R2-67181-04_SLPG-CS01_2.pdf,OTHER THAN SHOP MATERIALS,12,3,"Gat Flg, -, API 600, ASTM A216 Gr.WCB,150 Lbs, RF, Ends as per ASME B16.5, HO,-, Valve Tag: GA-0215",C76SPAB8,1.0,6820-R2-67181-04,6820,
6820-R2-67181-05_SLPG-CS01_0..pdf,OTHER THAN SHOP MATERIALS,8,1,"Plug, Solid Round Head Type, ASME B16.11, ASTM A105N, NPTM End, -,",CBBPLK4,1.0,6820-R2-67181-05,6820,
6820-R2-67181-05_SLPG-CS01_0..pdf,OTHER THAN SHOP MATERIALS,9,2,"NM Flat Gk, Aramid Fiber Reinforced SBR, 150 Lbs, RF as per ASME B16.5, -, Thk=1/8in, -,",C7SM1YGR,2.0,6820-R2-67181-05,6820,
6820-R2-67181-05_SLPG-CS01_0..pdf,OTHER THAN SHOP MATERIALS,10,5/8,"SBlt 2 HHx N, A193 Gr.B7/A194 Gr.2H, -, Xylan PTFE Coated, - 5.75 in. Length",C6S4K890,4.0,6820-R2-67181-05,6820,
6820-R2-67181-05_SLPG-CS01_0..pdf,OTHER THAN SHOP MATERIALS,11,2,"Gat Fem, API 602, ASTM A105N,800 Lbs, NPTF Ends, HO,-, Valve Tag: GA-0120",C8ADWXKM,1.0,6820-R2-67181-05,6820,
6820-R2-67181-05_SLPG-CS01_0..pdf,OTHER THAN SHOP MATERIALS,12,1,"Gat Fem, API 602, ASTM A105N,800 Lbs, NPTF Ends, HO,-, Valve Tag: GA-0120",C76SPABV,1.0,6820-R2-67181-05,6820,
6820-R2-67181-05_SLPG-CS01_0..pdf,PIPE SUPPORTS,14,3,PS412-13.94-10,PS412,1.0,6820-R2-67181-05,6820,
6820-R2-67181-05_SLPG-CS01_0..pdf,PIPE SUPPORTS,15,3,PS204-3,PS204,1.0,6820-R2-67181-05,6820,
6820-R2-67181-05_SLPG-CS01_0..pdf,PIPE SUPPORTS,16,3,PS430-3-A-48,PS430,1.0,6820-R2-67181-05,6820,
6820-R2-67181-06_SLPG-CS01_1.pdf,OTHER THAN SHOP MATERIALS,7,1/2,"SBlt 2 HHx N, A193 Gr.B7/A194 Gr.2H, -, Xylan PTFE Coated, - 3 in. Length",C6S4K87V,4.0,6820-R2-67181-06,6820,
6820-R2-67181-07_SLPG-CS01_1.pdf,OTHER THAN SHOP MATERIALS,6,3,"NM Flat Gk, Aramid Fiber Reinforced SBR, 150 Lbs, RF as per ASME B16.5, -, Thk=1/8in, -,",C7SM1YGT,1.0,6820-R2-67181-07,6820,
6820-R2-67181-07_SLPG-CS01_1.pdf,OTHER THAN SHOP MATERIALS,7,5/8,"SBlt 2 HHx N, A193 Gr.B7/A194 Gr.2H, -, Xylan PTFE Coated, - 3.75 in. Length",C6S4K88S,4.0,6820-R2-67181-07,6820,
6820-R2-67181-07_SLPG-CS01_1.pdf,OTHER THAN SHOP MATERIALS,8,3,"Bld Flg, ASME B16.5, ASTM A105N, 150 Lbs, RF, -,",CFG6WM66,1.0,6820-R2-67181-07,6820,
6820-R2-67181-07_SLPG-CS01_1.pdf,PIPE SUPPORTS,9,3,PS204-3,PS204,2.0,6820-R2-67181-07,6820,
6820-R2-67181-08_SLPG-CS01_1.pdf,PIPE SUPPORTS,5,3,PS204-3,PS204,3.0,6820-R2-67181-08,6820,
6820-R2-67181-08_SLPG-CS01_1.pdf,PIPE SUPPORTS,6,3,PS206-3-1,PS206,1.0,6820-R2-67181-08,6820,
6820-R2-67181-09_SLPG-CS01_0..pdf,OTHER THAN SHOP MATERIALS,6,3,"NM Flat Gk, Aramid Fiber Reinforced SBR, 150 Lbs, RF as per ASME B16.5, -, Thk=1/8in, -,",C7SM1YGT,1.0,6820-R2-67181-09,6820,
6820-R2-67181-09_SLPG-CS01_0..pdf,OTHER THAN SHOP MATERIALS,7,5/8,"SBlt 2 HHx N, A193 Gr.B7/A194 Gr.2H, -, Xylan PTFE Coated, - 3.75 in. Length",C6S4K88S,4.0,6820-R2-67181-09,6820,
6820-R2-67181-09_SLPG-CS01_0..pdf,OTHER THAN SHOP MATERIALS,8,3,"Bld Flg, ASME B16.5, ASTM A105N, 150 Lbs, RF, -,",CFG6WM66,1.0,6820-R2-67181-09,6820,
6820-R2-67181-09_SLPG-CS01_0..pdf,PIPE SUPPORTS,9,3,PS204-3,PS204,5.0,6820-R2-67181-09,6820,
6820-R2-67181-10_SLPG-CS01_0.pdf,PIPE SUPPORTS,6,2,PS430-3-A-45.74,PS430,2.0,6820-R2-67181-10,6820,
6820-R2-67181-10_SLPG-CS01_0.pdf,PIPE SUPPORTS,7,2,PS406-3-18.31-50.20-29.46,PS406,2.0,6820-R2-67181-10,6820,
6820-R2-67181-10_SLPG-CS01_0.pdf,PIPE SUPPORTS,8,2,PS204-2,PS204,3.0,6820-R2-67181-10,6820,
6820-R2-67181-10_SLPG-CS01_0.pdf,PIPE SUPPORTS,9,2,PS430-3-A-42,PS430,1.0,6820-R2-67181-10,6820,
6820-R2-67181-10_SLPG-CS01_0.pdf,PIPE SUPPORTS,10,2,PS206-2-1,PS206,1.0,6820-R2-67181-10,6820,
6820-R2-67181-10_SLPG-CS01_0.pdf,PIPE SUPPORTS,11,2,PS406-3-18.31-63.80-44.02,PS406,1.0,6820-R2-67181-10,6820,
6820-R2-67181-10_SLPG-CS01_0.pdf,PIPE SUPPORTS,12,2,PS406-3-14.53-63.80-44.02,PS406,1.0,6820-R2-67181-10,6820,
6820-R2-67181-10_SLPG-CS01_0.pdf,PIPE SUPPORTS,13,2,PS430-4-A-42,PS430,1.0,6820-R2-67181-10,6820,
6820-R2-67181-10_SLPG-CS01_0.pdf,PIPE SUPPORTS,14,2,PS406-3-20.44-60-22.5,PS406,1.0,6820-R2-67181-10,6820,
6820-R2-67181-11_SLPG-CS01_0.pdf,OTHER THAN SHOP MATERIALS,6,2,"NM Flat Gk, Aramid Fiber Reinforced SBR, 150 Lbs, RF as per ASME B16.5, -, Thk=1/8in, -,",C7SM1YGR,1.0,6820-R2-67181-11,6820,
6820-R2-67181-11_SLPG-CS01_0.pdf,OTHER THAN SHOP MATERIALS,7,5/8,"SBlt 2 HHx N, A193 Gr.B7/A194 Gr.2H, -, Xylan PTFE Coated, - 3.5 in. Length",C6S4K88R,4.0,6820-R2-67181-11,6820,
6820-R2-67181-11_SLPG-CS01_0.pdf,OTHER THAN SHOP MATERIALS,8,2,"Bld Flg, ASME B16.5, ASTM A105N, 150 Lbs, RF, -,",CFG6WM62,1.0,6820-R2-67181-11,6820,
6820-R2-67181-11_SLPG-CS01_0.pdf,PIPE SUPPORTS,9,2,PS434-C-3-48.46-39.5-11,PS434,1.0,6820-R2-67181-11,6820,
6820-R2-67181-11_SLPG-CS01_0.pdf,PIPE SUPPORTS,10,2,PS204-2,PS204,2.0,6820-R2-67181-11,6820,
6820-R2-67181-11_SLPG-CS01_0.pdf,PIPE SUPPORTS,11,2,PS402-2A-48,PS402,1.0,6820-R2-67181-11,6820,
6820-R2-67181-12_SLPG-CS01_0.pdf,PIPE SUPPORTS,6,2,PS204-2,PS204,4.0,6820-R2-67181-12,6820,
6820-R2-67181-12_SLPG-CS01_0.pdf,PIPE SUPPORTS,7,2,PS406-3A-43.84-54-27,PS406,1.0,6820-R2-67181-12,6820,
6820-R2-67181-12_SLPG-CS01_0.pdf,PIPE SUPPORTS,8,2,PS413-2-10-10,PS413,1.0,6820-R2-67181-12,6820,
6820-R2-67181-12_SLPG-CS01_0.pdf,PIPE SUPPORTS,9,2,PS206-2-1,PS206,1.0,6820-R2-67181-12,6820,
6820-R2-67181-12_SLPG-CS01_0.pdf,PIPE SUPPORTS,10,2,PS402-2A-48,PS402,2.0,6820-R2-67181-12,6820,
6820-R2-67181-12_SLPG-CS01_0.pdf,PIPE SUPPORTS,11,2,PS434-C-3-50.46-36-11,PS434,1.0,6820-R2-67181-12,6820,
6820-R2-67181-13_SLPG-CS01_0.pdf,OTHER THAN SHOP MATERIALS,6,2,"NM Flat Gk, Aramid Fiber Reinforced SBR, 150 Lbs, RF as per ASME B16.5, -, Thk=1/8in, -,",C7SM1YGR,1.0,6820-R2-67181-13,6820,
6820-R2-67181-13_SLPG-CS01_0.pdf,OTHER THAN SHOP MATERIALS,7,5/8,"SBlt 2 HHx N, A193 Gr.B7/A194 Gr.2H, -, Xylan PTFE Coated, - 3.5 in. Length",C6S4K88R,4.0,6820-R2-67181-13,6820,
6820-R2-67181-13_SLPG-CS01_0.pdf,OTHER THAN SHOP MATERIALS,8,2,"Bld Flg, ASME B16.5, ASTM A105N, 150 Lbs, RF, -,",CFG6WM62,1.0,6820-R2-67181-13,6820,
6820-R2-67181-13_SLPG-CS01_0.pdf,PIPE SUPPORTS,9,2,PS204-2,PS204,5.0,6820-R2-67181-13,6820,
6820-R2-67181-13_SLPG-CS01_0.pdf,PIPE SUPPORTS,10,2,PS406-2-44.34-38-13.5,PS406,2.0,6820-R2-67181-13,6820,
6820-R2-67181-13_SLPG-CS01_0.pdf,PIPE SUPPORTS,11,2,PS406-3-50.34-46.09-14.12,PS406,1.0,6820-R2-67181-13,6820,
6820-R2-67181-13_SLPG-CS01_0.pdf,PIPE SUPPORTS,12,2,PS430-3-A-48,PS430,2.0,6820-R2-67181-13,6820,
6820-R2-67181-13_SLPG-CS01_0.pdf,PIPE SUPPORTS,13,2,PS406-2-44.6-30-14.12,PS406,1.0,6820-R2-67181-13,6820,
6820-R2-67182-01_SCXL-CS01_0.pdf,PIPE SUPPORTS,4,1,PS204-1,PS204,1.0,6820-R2-67182-01,6820,
6820-R2-67182-01_SCXL-CS01_0.pdf,PIPE SUPPORTS,5,1,PS719-H-14-10-/,PS719,1.0,6820-R2-67182-01,6820,
6820-R2-67182-02_SCXL-CS01_1..pdf,OTHER THAN SHOP MATERIALS,7,1/2,"Plug, Solid Round Head Type, ASME B16.11, ASTM A105N, NPTM End, -,",CBBPLK2,1.0,6820-R2-67182-02,6820,
6820-R2-67182-02_SCXL-CS01_1..pdf,OTHER THAN SHOP MATERIALS,8,1,"NM Flat Gk, Barium Sulfate filled PTFE, 150 Lbs, RF as per ASME B16.5, Full Face, Thk=1/8in, -,",C7CT1ZFH,2.0,6820-R2-67182-02,6820,
6820-R2-67182-02_SCXL-CS01_1..pdf,OTHER THAN SHOP MATERIALS,9,1/2,"SBlt 2 HHx N, A193 Gr.B7/A194 Gr.2H, -, Xylan PTFE Coated, - 2.75 in. Length",C6S4K87U,8.0,6820-R2-67182-02,6820,
6820-R2-67182-02_SCXL-CS01_1..pdf,OTHER THAN SHOP MATERIALS,10,1/2,"Gat Fem, API 602, ASTM A105N,800 Lbs, NPTF Ends, HO,-, Valve Tag: GA-0120",C76SPABT,1.0,6820-R2-67182-02,6820,
6820-R2-67182-02_SCXL-CS01_1..pdf,PIPE SUPPORTS,11,1,PS709-A-19.86-10,PS709,1.0,6820-R2-67182-02,6820,
6820-R2-67182-02_SCXL-CS01_1..pdf,PIPE SUPPORTS,12,1,PS433-1,PS433,2.0,6820-R2-67182-02,6820,
6820-R2-67182-02_SCXL-CS01_1..pdf,PIPE SUPPORTS,13,1,PS201-1,PS201,2.0,6820-R2-67182-02,6820,
6820-R2-67182-02_SCXL-CS01_1..pdf,PIPE SUPPORTS,14,1,PS712-D-21,PS712,1.0,6820-R2-67182-02,6820,
6820-R2-67182-02_SCXL-CS01_1..pdf,PIPE SUPPORTS,15,1,PS205-B,PS205,1.0,6820-R2-67182-02,6820,
6820-R2-67182-02_SCXL-CS01_1..pdf,PIPE SUPPORTS,16,1,PS719-G-48-7.9-/,PS719,1.0,6820-R2-67182-02,6820,
6820-R2-67182-03_SCXL-CS01_0..pdf,OTHER THAN SHOP MATERIALS,5,1,"NM Flat Gk, Barium Sulfate filled PTFE, 150 Lbs, RF as per ASME B16.5, Full Face, Thk=1/8in, -,",C7CT1ZFH,2.0,6820-R2-67182-03,6820,
6820-R2-67182-03_SCXL-CS01_0..pdf,OTHER THAN SHOP MATERIALS,6,1/2,"SBlt 2 HHx N, A193 Gr.B7/A194 Gr.2H, -, Xylan PTFE Coated, - 2.75 in. Length",C6S4K87U,8.0,6820-R2-67182-03,6820,
6820-R2-67182-03_SCXL-CS01_0..pdf,PIPE SUPPORTS,8,1,PS433-1,PS433,3.0,6820-R2-67182-03,6820,
6820-R2-67182-03_SCXL-CS01_0..pdf,PIPE SUPPORTS,9,1,PS709-A-19.86-10,PS709,1.0,6820-R2-67182-03,6820,
6820-R2-67182-03_SCXL-CS01_0..pdf,PIPE SUPPORTS,10,1,PS201-1,PS201,3.0,6820-R2-67182-03,6820,
6820-R2-67182-03_SCXL-CS01_0..pdf,PIPE SUPPORTS,11,1,PS712-D-10.70,PS712,1.0,6820-R2-67182-03,6820,
6820-R2-67183-01_SCXL-CS01_0.pdf,PIPE SUPPORTS,4,1,PS433-1,PS433,3.0,6820-R2-67183-01,6820,
6820-R2-67183-01_SCXL-CS01_0.pdf,PIPE SUPPORTS,5,1,PS719-H-36.2-12-/,PS719,3.0,6820-R2-67183-01,6820,
6820-R2-67183-01_SCXL-CS01_0.pdf,PIPE SUPPORTS,6,1,PS201-1,PS201,3.0,6820-R2-67183-01,6820,
6820-R2-67183-02_SCXL-CS01_0.pdf,PIPE SUPPORTS,4,1,PS433-1,PS433,4.0,6820-R2-67183-02,6820,
6820-R2-67183-02_SCXL-CS01_0.pdf,PIPE SUPPORTS,5,1,PS201-1,PS201,4.0,6820-R2-67183-02,6820,
6820-R2-67183-02_SCXL-CS01_0.pdf,PIPE SUPPORTS,6,1,PS719-H-36.2-12-/,PS719,3.0,6820-R2-67183-02,6820,
6820-R2-67183-02_SCXL-CS01_0.pdf,PIPE SUPPORTS,7,1,PS221-1,PS221,1.0,6820-R2-67183-02,6820,
6820-R2-67183-02_SCXL-CS01_0.pdf,PIPE SUPPORTS,8,1,PS210-1,PS210,2.0,6820-R2-67183-02,6820,
6820-R2-67183-02_SCXL-CS01_0.pdf,PIPE SUPPORTS,9,1,PS713-D-24,PS713,1.0,6820-R2-67183-02,6820,
6820-R2-67183-02_SCXL-CS01_0.pdf,PIPE SUPPORTS,10,1,PS713-D-30.5,PS713,1.0,6820-R2-67183-02,6820,
6820-R2-67183-03_SCXL-CS01_0..pdf,OTHER THAN SHOP MATERIALS,6,1/2,"Plug, Solid Round Head Type, ASME B16.11, ASTM A105N, NPTM End, -,",CBBPLK2,1.0,6820-R2-67183-03,6820,
6820-R2-67183-03_SCXL-CS01_0..pdf,OTHER THAN SHOP MATERIALS,7,1,"NM Flat Gk, Barium Sulfate filled PTFE, 150 Lbs, RF as per ASME B16.5, Full Face, Thk=1/8in, -,",C7CT1ZFH,2.0,6820-R2-67183-03,6820,
6820-R2-67183-03_SCXL-CS01_0..pdf,OTHER THAN SHOP MATERIALS,8,1/2,"SBlt 2 HHx N, A193 Gr.B7/A194 Gr.2H, -, Xylan PTFE Coated, - 2.75 in. Length",C6S4K87U,8.0,6820-R2-67183-03,6820,
6820-R2-67183-03_SCXL-CS01_0..pdf,OTHER THAN SHOP MATERIALS,10,1/2,"Gat Fem, API 602, ASTM A105N,800 Lbs, NPTF Ends, HO,-, Valve Tag: GA-0120",C76SPABT,1.0,6820-R2-67183-03,6820,
6820-R2-67183-03_SCXL-CS01_0..pdf,PIPE SUPPORTS,11,1,PS712-D-20.8,PS712,1.0,6820-R2-67183-03,6820,
6820-R2-67183-03_SCXL-CS01_0..pdf,PIPE SUPPORTS,12,1,PS433-1,PS433,1.0,6820-R2-67183-03,6820,
6820-R2-67183-03_SCXL-CS01_0..pdf,PIPE SUPPORTS,13,1,PS201-1,PS201,1.0,6820-R2-67183-03,6820,
6820-R2-67183-04_SCXL-CS01_0.pdf,PIPE SUPPORTS,6,1,PS201-1,PS201,2.0,6820-R2-67183-04,6820,
6820-R2-67183-04_SCXL-CS01_0.pdf,PIPE SUPPORTS,7,1,PS712-D-20.8,PS712,1.0,6820-R2-67183-04,6820,
6820-R2-67183-04_SCXL-CS01_0.pdf,PIPE SUPPORTS,8,1,PS433-1,PS433,2.0,6820-R2-67183-04,6820,
6820-R2-67183-04_SCXL-CS01_0.pdf,PIPE SUPPORTS,9,1,PS709-A-18-18,PS709,1.0,6820-R2-67183-04,6820,
6820-R2-67183-05_SCXL-CS01_0.pdf,PIPE SUPPORTS,4,1,PS433-1,PS433,2.0,6820-R2-67183-05,6820,
6820-R2-67183-05_SCXL-CS01_0.pdf,PIPE SUPPORTS,5,1,PS201-1,PS201,2.0,6820-R2-67183-05,6820,
6820-R2-67183-05_SCXL-CS01_0.pdf,PIPE SUPPORTS,6,1,PS712-D-15,PS712,2.0,6820-R2-67183-05,6820,
6820-R2-67183-06_SCXL-CS01_0.pdf,PIPE SUPPORTS,4,1,PS433-1,PS433,4.0,6820-R2-67183-06,6820,
6820-R2-67183-06_SCXL-CS01_0.pdf,PIPE SUPPORTS,5,1,PS201-1,PS201,4.0,6820-R2-67183-06,6820,
6820-R2-67183-06_SCXL-CS01_0.pdf,PIPE SUPPORTS,6,1,PS221-1,PS221,1.0,6820-R2-67183-06,6820,
6820-R2-67183-06_SCXL-CS01_0.pdf,PIPE SUPPORTS,7,1,PS210-1,PS210,2.0,6820-R2-67183-06,6820,
6820-R2-67183-07_SCXL-CS01_0.pdf,PIPE SUPPORTS,4,1,PS433-1,PS433,3.0,6820-R2-67183-07,6820,
6820-R2-67183-07_SCXL-CS01_0.pdf,PIPE SUPPORTS,5,1,PS201-1,PS201,3.0,6820-R2-67183-07,6820,
6820-R2-67184-01_SIPG-CS01_1.pdf,OTHER THAN SHOP MATERIALS,11,24,"SW Gk, AISI 304/Graphite, 300 Lbs, RF as per ASME B16.5, Thk=1/8in, -, -,",CGKFEG67,2.0,6820-R2-67184-01,6820,
6820-R2-67184-01_SIPG-CS01_1.pdf,OTHER THAN SHOP MATERIALS,12,2,"SW Gk, AISI 304/Graphite, 300 Lbs, RF as per ASME B16.5, Thk=1/8in, -, -,",CGKFEG63,1.0,6820-R2-67184-01,6820,
6820-R2-67184-01_SIPG-CS01_1.pdf,OTHER THAN SHOP MATERIALS,14,5/8,"SBlt 2 HHx N, A193 Gr.B7/A194 Gr.2H, -, Xylan PTFE Coated, - 3.5 in. Length",C6S4K88R,8.0,6820-R2-67184-01,6820,
6820-R2-67184-01_SIPG-CS01_1.pdf,OTHER THAN SHOP MATERIALS,15,24,"Gat Flg, -, API 600, ASTM A216 Gr.WCB,300 Lbs, RF, Ends as per ASME B16.5, GO,-, Valve Tag: VG-4",C7J7XW33,1.0,6820-R2-67184-01,6820,
6820-R2-67184-02_SIPG-CS01_1.pdf,OTHER THAN SHOP MATERIALS,8,2,"SW Gk, AISI 304/Graphite, 300 Lbs, RF as per ASME B16.5, Thk=1/8in, -, -,",CGKFEG63,3.0,6820-R2-67184-02,6820,
6820-R2-67184-02_SIPG-CS01_1.pdf,OTHER THAN SHOP MATERIALS,9,1/2,"SW Gk, AISI 304/Graphite, 300 Lbs, RF as per ASME B16.5, Thk=1/8in, -, -,",CGKFEG5T,1.0,6820-R2-67184-02,6820,
6820-R2-67184-02_SIPG-CS01_1.pdf,OTHER THAN SHOP MATERIALS,10,5/8,"SBlt 2 HHx N, A193 Gr.B7/A194 Gr.2H, -, Xylan PTFE Coated, - 3.5 in. Length",C6S4K88R,8.0,6820-R2-67184-02,6820,
6820-R2-67184-02_SIPG-CS01_1.pdf,OTHER THAN SHOP MATERIALS,11,5/8,"SBlt 2 HHx N, A193 Gr.B7/A194 Gr.2H, -, Xylan PTFE Coated, - 5.75 in. Length",C6S4K890,8.0,6820-R2-67184-02,6820,
6820-R2-67184-02_SIPG-CS01_1.pdf,OTHER THAN SHOP MATERIALS,12,1/2,"SBlt 2 HHx N, A193 Gr.B7/A194 Gr.2H, -, Xylan PTFE Coated, - 2.75 in. Length",C6S4K87U,4.0,6820-R2-67184-02,6820,
6820-R2-67184-02_SIPG-CS01_1.pdf,OTHER THAN SHOP MATERIALS,13,2,"Gat Flg, -, API 600, ASTM A216 Gr.WCB,300 Lbs, RF, Ends as per ASME B16.5, HO,-, Valve Tag: VG-4",C7J7XW2J,1.0,6820-R2-67184-02,6820,
6820-R2-67184-02_SIPG-CS01_1.pdf,OTHER THAN SHOP MATERIALS,14,1/2,"Gat Fem, API 602, ASTM A105N,800",C80U8UAY,1.0,6820-R2-67184-02,6820,
6820-R2-67184-02_SIPG-CS01_1.pdf,PIPE SUPPORTS,17,24,PS204-24,PS204,1.0,6820-R2-67184-02,6820,
6820-R2-67184-03_SIPG-CS01_1..pdf,OTHER THAN SHOP MATERIALS,8,24,"SW Gk, AISI 304/Graphite, 300 Lbs, RF as per ASME B16.5, Thk=1/8in, -, -,",CGKFEG67,2.0,6820-R2-67184-03,6820,
6820-R2-67184-03_SIPG-CS01_1..pdf,OTHER THAN SHOP MATERIALS,9,2,"SW Gk, AISI 304/Graphite, 300 Lbs, RF as per ASME B16.5, Thk=1/8in, -, -,",CGKFEG63,2.0,6820-R2-67184-03,6820,
6820-R2-67184-03_SIPG-CS01_1..pdf,OTHER THAN SHOP MATERIALS,10,1/2,"SW Gk, AISI 304/Graphite, 300 Lbs, RF as per ASME B16.5, Thk=1/8in, -, -,",CGKFEG5T,1.0,6820-R2-67184-03,6820,
6820-R2-67184-03_SIPG-CS01_1..pdf,OTHER THAN SHOP MATERIALS,12,5/8,"SBlt 2 HHx N, A193 Gr.B7/A194 Gr.2H, -, Xylan PTFE Coated, - 3.5 in. Length",C6S4K88R,16.0,6820-R2-67184-03,6820,
6820-R2-67184-03_SIPG-CS01_1..pdf,OTHER THAN SHOP MATERIALS,13,1/2,"SBlt 2 HHx N, A193 Gr.B7/A194 Gr.2H, -, Xylan PTFE Coated, - 2.75 in. Length",C6S4K87U,4.0,6820-R2-67184-03,6820,
6820-R2-67184-03_SIPG-CS01_1..pdf,OTHER THAN SHOP MATERIALS,14,2,"Gat Flg, -, API 600, ASTM A216 Gr.WCB,300 Lbs, RF, Ends as per ASME B16.5, HO,-, Valve Tag: VG-4",C7J7XW2J,1.0,6820-R2-67184-03,6820,
6820-R2-67184-03_SIPG-CS01_1..pdf,OTHER THAN SHOP MATERIALS,15,2,"Bld Flg, ASME B16.5, ASTM A105N, 300 Lbs, RF, -,",CFG6WM77,1.0,6820-R2-67184-03,6820,
6820-R2-67184-03_SIPG-CS01_1..pdf,OTHER THAN SHOP MATERIALS,16,1/2,"Gat Fem, API 602, ASTM A105N,800",C80U8UAY,1.0,6820-R2-67184-03,6820,
6820-R2-67184-03_SIPG-CS01_1..pdf,PIPE SUPPORTS,19,24,PS206-24-2A,PS206,1.0,6820-R2-67184-03,6820,
6820-R2-67184-04_SIPG-CS01_0.pdf,OTHER THAN SHOP MATERIALS,6,18,"SW Gk, AISI 304/Graphite, 300 Lbs, RF as per ASME B16.5, Thk=1/8in, -, -,",CGKFEG62,1.0,6820-R2-67184-04,6820,
6820-R2-67184-05_SIPG-CS01_0.pdf,OTHER THAN SHOP MATERIALS,3,18,"SW Gk, AISI 304/Graphite, 300 Lbs, RF as per ASME B16.5, Thk=1/8in, -, -,",CGKFEG62,1.0,6820-R2-67184-05,6820,
6820-R2-67184-06_SIPG-CS01_0.pdf,OTHER THAN SHOP MATERIALS,7,2,"SW Gk, AISI 304/Graphite, 300 Lbs, RF as per ASME B16.5, Thk=1/8in, -, -,",CGKFEG63,2.0,6820-R2-67184-06,6820,
6820-R2-67184-06_SIPG-CS01_0.pdf,OTHER THAN SHOP MATERIALS,8,5/8,"SBlt 2 HHx N, A193 Gr.B7/A194 Gr.2H, -, Xylan PTFE Coated, - 3.5 in. Length",C6S4K88R,16.0,6820-R2-67184-06,6820,
6820-R2-67184-06_SIPG-CS01_0.pdf,OTHER THAN SHOP MATERIALS,9,2,"Gat Flg, -, API 600, ASTM A216 Gr.WCB,300 Lbs, RF, Ends as per ASME B16.5, HO,-, Valve Tag: VG-4",C7J7XW2J,1.0,6820-R2-67184-06,6820,
6820-R2-67184-06_SIPG-CS01_0.pdf,OTHER THAN SHOP MATERIALS,10,2,"Bld Flg, ASME B16.5, ASTM A105N, 300 Lbs, RF, -,",CFG6WM77,1.0,6820-R2-67184-06,6820,
6820-R2-67184-06_SIPG-CS01_0.pdf,PIPE SUPPORTS,11,24,PS206-24-2A,PS206,1.0,6820-R2-67184-06,6820,
6820-R2-67184-07_SIPG-CS01_0.pdf,OTHER THAN SHOP MATERIALS,8,24,"SW Gk, AISI 304/Graphite, 300 Lbs, RF as per ASME B16.5, Thk=1/8in, -, -,",CGKFEG67,3.0,6820-R2-67184-07,6820,
6820-R2-67184-07_SIPG-CS01_0.pdf,OTHER THAN SHOP MATERIALS,9,6,"SW Gk, AISI 304/Graphite, 300 Lbs, RF as per ASME B16.5, Thk=1/8in, -, -,",CGKFEG6E,1.0,6820-R2-67184-07,6820,
6820-R2-67184-07_SIPG-CS01_0.pdf,OTHER THAN SHOP MATERIALS,10,1,"SW Gk, AISI 304/Graphite, 300 Lbs, RF as per ASME B16.5, Thk=1/8in, -, -,",CGKFEG5V,1.0,6820-R2-67184-07,6820,
6820-R2-67184-07_SIPG-CS01_0.pdf,OTHER THAN SHOP MATERIALS,12,3/4,"SBlt 2 HHx N, A193 Gr.B7/A194 Gr.2H, -, Xylan PTFE Coated, - 5 in. Length",C6S4K8BF,12.0,6820-R2-67184-07,6820,
6820-R2-67184-07_SIPG-CS01_0.pdf,OTHER THAN SHOP MATERIALS,13,5/8,"SBlt 2 HHx N, A193 Gr.B7/A194 Gr.2H, -, Xylan PTFE Coated, - 3 in. Length",C6S4K88N,4.0,6820-R2-67184-07,6820,
6820-R2-67184-07_SIPG-CS01_0.pdf,OTHER THAN SHOP MATERIALS,14,24,"Gat Flg, -, API 600, ASTM A216 Gr.WCB,300 Lbs, RF, Ends as per ASME B16.5, GO,-, Valve Tag: VG-4",C7J7XW33,1.0,6820-R2-67184-07,6820,
6820-R2-67184-07_SIPG-CS01_0.pdf,PIPE SUPPORTS,16,24,PS209-A2,PS209,1.0,6820-R2-67184-07,6820,
6820-R2-67184-08_SIPG-CS01_0.pdf,OTHER THAN SHOP MATERIALS,9,24,"SW Gk, AISI 304/Graphite, 300 Lbs, RF as per ASME B16.5, Thk=1/8in, -, -,",CGKFEG67,2.0,6820-R2-67184-08,6820,
6820-R2-67184-08_SIPG-CS01_0.pdf,OTHER THAN SHOP MATERIALS,10,2,"SW Gk, AISI 304/Graphite, 300 Lbs, RF as per ASME B16.5, Thk=1/8in, -, -,",CGKFEG63,1.0,6820-R2-67184-08,6820,
6820-R2-67184-08_SIPG-CS01_0.pdf,OTHER THAN SHOP MATERIALS,12,5/8,"SBlt 2 HHx N, A193 Gr.B7/A194 Gr.2H, -, Xylan PTFE Coated, - 3.5 in. Length",C6S4K88R,8.0,6820-R2-67184-08,6820,
6820-R2-67184-08_SIPG-CS01_0.pdf,PIPE SUPPORTS,14,24,PS921-SH-6820-R2-67184-0001,PS921,1.0,6820-R2-67184-08,6820,
6820-R2-67184-09_SIPG-CS01_0.pdf,OTHER THAN SHOP MATERIALS,5,2,"SW Gk, AISI 304/Graphite, 300 Lbs, RF as per ASME B16.5, Thk=1/8in, -, -,",CGKFEG63,2.0,6820-R2-67184-09,6820,
6820-R2-67184-09_SIPG-CS01_0.pdf,OTHER THAN SHOP MATERIALS,6,5/8,"SBlt 2 HHx N, A193 Gr.B7/A194 Gr.2H, -, Xylan PTFE Coated, - 3.5 in. Length",C6S4K88R,16.0,6820-R2-67184-09,6820,
6820-R2-67184-09_SIPG-CS01_0.pdf,OTHER THAN SHOP MATERIALS,7,2,"Gat Flg, -, API 600, ASTM A216 Gr.WCB,300 Lbs, RF, Ends as per ASME B16.5, HO,-, Valve Tag: VG-4",C7J7XW2J,1.0,6820-R2-67184-09,6820,
6820-R2-67184-09_SIPG-CS01_0.pdf,PIPE SUPPORTS,8,2,PS434-A-2-53.9-15.5-4,PS434,2.0,6820-R2-67184-09,6820,
6820-R2-67184-12_SIPG-CS01_1..pdf,OTHER THAN SHOP MATERIALS,7,1/2,"Plug, Solid Round Head Type, ASME B16.11, ASTM A105N, NPTM End, -,",CBBPLK2,1.0,6820-R2-67184-12,6820,
6820-R2-67184-12_SIPG-CS01_1..pdf,OTHER THAN SHOP MATERIALS,8,1,"SW Gk, AISI 304/Graphite, 300 Lbs, RF as per ASME B16.5,",CGKFEG5V,2.0,6820-R2-67184-12,6820,
6820-R2-67184-12_SIPG-CS01_1..pdf,OTHER THAN SHOP MATERIALS,9,5/8,"SBlt 2 HHx N, A193 Gr.B7/A194 Gr.2H, -, Xylan PTFE Coated, - 3 in. Length",C6S4K88N,8.0,6820-R2-67184-12,6820,
6820-R2-67184-12_SIPG-CS01_1..pdf,OTHER THAN SHOP MATERIALS,11,1/2,"Gat Fem, API 602, ASTM A105N,800 Lbs, NPTF Ends, HO,-, Valve Tag: VG-7",C80U8UAY,1.0,6820-R2-67184-12,6820,
6820-R2-67184-12_SIPG-CS01_1..pdf,PIPE SUPPORTS,12,1,PS712-A-24,PS712,1.0,6820-R2-67184-12,6820,
6820-R2-67186-02_SLPG-CS01_0.pdf,PIPE SUPPORTS,4,1,PS205,PS205,1.0,6820-R2-67186-02,6820,
6820-R2-67186-02_SLPG-CS01_0.pdf,PIPE SUPPORTS,5,1,PS205-A,PS205,1.0,6820-R2-67186-02,6820,
6820-R2-67186-03_SLPG-CS01_0.pdf,OTHER THAN SHOP MATERIALS,7,1,"Nipple, ASTM A106 Gr.B, NPTM Ends, L = 3in, -, S-XS",C2KV11G,1.0,6820-R2-67186-03,6820,
6820-R2-67186-03_SLPG-CS01_0.pdf,OTHER THAN SHOP MATERIALS,9,1,"Plug, Solid Round Head Type, ASME B16.11, ASTM A105N, NPTM End, -,",CBBPLK4,1.0,6820-R2-67186-03,6820,
6820-R2-67186-03_SLPG-CS01_0.pdf,OTHER THAN SHOP MATERIALS,10,1,"Gat Fem, API 602, ASTM A105N,800 Lbs, NPTF Ends, HO,-, Valve Tag: GA-0120",C76SPABV,2.0,6820-R2-67186-03,6820,
6820-R2-67186-03_SLPG-CS01_0.pdf,PIPE SUPPORTS,11,1,PS210-1,PS210,1.0,6820-R2-67186-03,6820,
6820-R2-67187-01_SLPG-CS01_0.pdf,PIPE SUPPORTS,4,1,PS204-1,PS204,2.0,6820-R2-67187-01,6820,
6820-R2-67188-02_SLPG-CS01_0.pdf,OTHER THAN SHOP MATERIALS,7,1,"Nipple, ASTM A106 Gr.B, BE/PE, L = 3in, -, S-XS",C8ELT53D,1.0,6820-R2-67188-02,6820,
6820-R2-67188-02_SLPG-CS01_0.pdf,OTHER THAN SHOP MATERIALS,8,1,"Nipple, ASTM A106 Gr.B, NPTM Ends, L = 3in, -, S-XS",C2KV11G,1.0,6820-R2-67188-02,6820,
6820-R2-67188-02_SLPG-CS01_0.pdf,OTHER THAN SHOP MATERIALS,10,1,"Plug, Solid Round Head Type, ASME B16.11, ASTM A105N, NPTM End, -,",CBBPLK4,1.0,6820-R2-67188-02,6820,
6820-R2-67188-02_SLPG-CS01_0.pdf,OTHER THAN SHOP MATERIALS,11,1,"Gat Fem, API 602, ASTM A105N,800 Lbs, NPTF Ends, HO,-, Valve Tag: GA-0120",C76SPABV,2.0,6820-R2-67188-02,6820,
6820-R2-67188-02_SLPG-CS01_0.pdf,PIPE SUPPORTS,12,1,PS210-1,PS210,1.0,6820-R2-67188-02,6820,
6820-R2-67189-01_SIPG-CS01_0..pdf,OTHER THAN SHOP MATERIALS,5,2,"SW Gk, AISI 304/Graphite, 300 Lbs, RF as per ASME B16.5, Thk=1/8in, -, -,",CGKFEG63,2.0,6820-R2-67189-01,6820,
6820-R2-67189-01_SIPG-CS01_0..pdf,OTHER THAN SHOP MATERIALS,6,5/8,"SBlt 2 HHx N, A193 Gr.B7/A194 Gr.2H, -, Xylan PTFE Coated, - 3.5 in. Length",C6S4K88R,16.0,6820-R2-67189-01,6820,
6820-R2-67189-01_SIPG-CS01_0..pdf,OTHER THAN SHOP MATERIALS,7,2,"Gat Flg, -, API 600, ASTM A216 Gr.WCB,300 Lbs, RF, Ends as per ASME B16.5, HO,-, Valve Tag: VG-4",C7J7XW2J,1.0,6820-R2-67189-01,6820,
6820-R2-67189-01_SIPG-CS01_0..pdf,PIPE SUPPORTS,8,2,PS719-H-8.65-15.70-4,PS719,1.0,6820-R2-67189-01,6820,
6820-R2-67189-01_SIPG-CS01_0..pdf,PIPE SUPPORTS,9,2,PS719-H-6.25-15.70-4,PS719,3.0,6820-R2-67189-01,6820,
6820-R2-67189-01_SIPG-CS01_0..pdf,PIPE SUPPORTS,10,2,PS204-2,PS204,2.0,6820-R2-67189-01,6820,
6820-R2-67189-02_SIPG-CS01_0..pdf,OTHER THAN SHOP MATERIALS,7,1/2,"Nipple, ASTM A106 Gr.B, NPTM Ends, L = 3in, -, S-XS",C2KV10B,1.0,6820-R2-67189-02,6820,
6820-R2-67189-02_SIPG-CS01_0..pdf,OTHER THAN SHOP MATERIALS,8,1/2,"Plug, Solid Round Head Type, ASME B16.11, ASTM A105N, NPTM End, -,",CBBPLK2,1.0,6820-R2-67189-02,6820,
6820-R2-67189-02_SIPG-CS01_0..pdf,OTHER THAN SHOP MATERIALS,9,2,"SW Gk, AISI 304/Graphite, 300 Lbs, RF as per ASME B16.5, Thk=1/8in, -, -,",CGKFEG63,2.0,6820-R2-67189-02,6820,
6820-R2-67189-02_SIPG-CS01_0..pdf,OTHER THAN SHOP MATERIALS,10,1/2,"SW Gk, AISI 304/Graphite, 300 Lbs, RF as per ASME B16.5, Thk=1/8in, -, -,",CGKFEG5T,1.0,6820-R2-67189-02,6820,
6820-R2-67189-02_SIPG-CS01_0..pdf,OTHER THAN SHOP MATERIALS,11,5/8,"SBlt 2 HHx N, A193 Gr.B7/A194 Gr.2H, -, Xylan PTFE Coated, - 3.5 in. Length",C6S4K88R,16.0,6820-R2-67189-02,6820,
6820-R2-67189-02_SIPG-CS01_0..pdf,OTHER THAN SHOP MATERIALS,12,1/2,"SBlt 2 HHx N, A193 Gr.B7/A194 Gr.2H, -, Xylan PTFE Coated, - 2.75 in. Length",C6S4K87U,4.0,6820-R2-67189-02,6820,
6820-R2-67189-02_SIPG-CS01_0..pdf,OTHER THAN SHOP MATERIALS,13,1/2,"Bld Flg, ASME B16.5, ASTM A105N, 300 Lbs, RF, -,",CFG6WM6X,1.0,6820-R2-67189-02,6820,
6820-R2-67189-02_SIPG-CS01_0..pdf,OTHER THAN SHOP MATERIALS,14,1/2,"Gat Fem, API 602, ASTM A105N,800 Lbs, NPTF Ends, HO,-, Valve Tag: VG-7",C80U8UAY,1.0,6820-R2-67189-02,6820,
6820-R2-67189-02_SIPG-CS01_0..pdf,PIPE SUPPORTS,15,2,PS719-H-13.52-6-4,PS719,1.0,6820-R2-67189-02,6820,
6820-R2-67189-02_SIPG-CS01_0..pdf,PIPE SUPPORTS,16,2,PS206-2-1,PS206,1.0,6820-R2-67189-02,6820,
6820-R2-67189-02_SIPG-CS01_0..pdf,PIPE SUPPORTS,17,2,PS204-2,PS204,1.0,6820-R2-67189-02,6820,
6820-R2-67189-03_SIPG-CS01_0..pdf,OTHER THAN SHOP MATERIALS,9,3/4,"SBlt 2 HHx N, A193 Gr.B7/A194 Gr.2H, -, Xylan PTFE Coated, - 4 in. Length",C6S4K8BB,4.0,6820-R2-67189-03,6820,
6820-R2-67189-04_SIPG-CS01_0..pdf,OTHER THAN SHOP MATERIALS,5,2,"SW Gk, AISI 304/Graphite, 300 Lbs, RF as per ASME B16.5, Thk=1/8in, -, -,",CGKFEG63,2.0,6820-R2-67189-04,6820,
6820-R2-67189-04_SIPG-CS01_0..pdf,OTHER THAN SHOP MATERIALS,6,5/8,"SBlt 2 HHx N, A193 Gr.B7/A194 Gr.2H, -, Xylan PTFE Coated, - 3.5 in. Length",C6S4K88R,16.0,6820-R2-67189-04,6820,
6820-R2-67189-04_SIPG-CS01_0..pdf,OTHER THAN SHOP MATERIALS,7,2,"Gat Flg, -, API 600, ASTM A216 Gr.WCB,300 Lbs, RF, Ends as per ASME B16.5, HO,-, Valve Tag: VG-4",C7J7XW2J,1.0,6820-R2-67189-04,6820,
6820-R2-67189-04_SIPG-CS01_0..pdf,PIPE SUPPORTS,8,2,PS709-B-25.56-8,PS709,1.0,6820-R2-67189-04,6820,
6820-R2-67191-01_ARDG-XX01_1.pdf,OTHER THAN SHOP MATERIALS,1,2,"Pipes, Seamless, ASME B36.10, ASTM ' A53 Gr.B Galv. as per ASTM A153, NPTM Ends, w/ coupling, -, S-XS",C8GWJY7T,40.0,6820-R2-67191-01,6820,
6820-R2-67191-01_ARDG-XX01_1.pdf,OTHER THAN SHOP MATERIALS,2,2,"90° Elb, ASME B16.11, ASTM A105N Galv. as per ASTM A153, 3000 Lbs, NPTF Ends, -,",C1DMWEN,2.0,6820-R2-67191-01,6820,
6820-R2-67191-01_ARDG-XX01_1.pdf,OTHER THAN SHOP MATERIALS,3,2,"Full Coup, ASME B16.11, ASTM A105N Galv. as per ASTM A153, 3000 Lbs, NPTF Ends, -,",CZ2LEZH,1.0,6820-R2-67191-01,6820,
6820-R2-67191-01_ARDG-XX01_1.pdf,OTHER THAN SHOP MATERIALS,4,2,"Gat Fem, MSS SP-80, ASTM B62 UNS C83600,125 Lbs, NPTF Ends, HO,-, Valve Tag: GA-0110",C76KHVWW,1.0,6820-R2-67191-01,6820,
6820-R2-67191-01_ARDG-XX01_1.pdf,PIPE SUPPORTS,5,2,PS433-2,PS433,1.0,6820-R2-67191-01,6820,
6820-R2-67191-01_ARDG-XX01_1.pdf,PIPE SUPPORTS,6,2,"PS210-2 TYPE: INSUL THK: SHOP: FIELD: PAINT CODE: MODULE: V Per LDT Per LDT N Y Per LDT - P&ID: 202998C-001-PID-0031-1001 UNIT#: EWP AREA: SPEC: STRESS CALC #: 6800 6820 ARDG-XX01 - LINE No. 2""-R2-67191-ARDG-XX01-N Battleground DRAWING NUMBER REV. 6820-R2-67191-01 *6820-R2-67191-01*",PS210,1.0,6820-R2-67191-01,6820,
6820-R2-67191-02_ARDG-XX01_0.pdf,OTHER THAN SHOP MATERIALS,1,2,"Pipes, Seamless, ASME B36.10, ASTM ' A53 Gr.B Galv. as per ASTM A153, NPTM Ends, w/ coupling, -, S-XS",C8GWJY7T,64.7,6820-R2-67191-02,6820,
6820-R2-67191-02_ARDG-XX01_0.pdf,OTHER THAN SHOP MATERIALS,3,2,"90° Elb, ASME B16.11, ASTM A105N Galv. as per ASTM A153, 3000 Lbs, NPTF Ends, -,",C1DMWEN,1.0,6820-R2-67191-02,6820,
6820-R2-67191-02_ARDG-XX01_0.pdf,OTHER THAN SHOP MATERIALS,4,2,"45° Elb, ASME B16.11, ASTM A105N Galv. as per ASTM A153, 3000 Lbs, NPTF Ends, -,",C1DMWEF,1.0,6820-R2-67191-02,6820,
6820-R2-67191-02_ARDG-XX01_0.pdf,OTHER THAN SHOP MATERIALS,5,2,"Full Coup, ASME B16.11, ASTM A105N Galv. as per ASTM A153, 3000 Lbs, NPTF Ends, -,",CZ2LEZH,2.0,6820-R2-67191-02,6820,
6820-R2-67191-02_ARDG-XX01_0.pdf,PIPE SUPPORTS,6,2,PS433-2,PS433,7.0,6820-R2-67191-02,6820,
6820-R2-67191-02_ARDG-XX01_0.pdf,PIPE SUPPORTS,7,2,"PS201-2 TYPE: INSUL THK: SHOP: FIELD: PAINT CODE: MODULE: V Per LDT Per LDT N Y Per LDT - P&ID: 202998C-001-PID-0031-1001 UNIT#: EWP AREA: SPEC: STRESS CALC #: 6800 6820 ARDG-XX01 - LINE No. 2""-R2-67191-ARDG-XX01-N Battleground DRAWING NUMBER REV. 6820-R2-67191-02 *6820-R2-67191-02*",PS201,3.0,6820-R2-67191-02,6820,
6820-R2-67191-03_ARDG-XX01_1..pdf,OTHER THAN SHOP MATERIALS,1,2,"Pipes, Seamless, ASME B36.10, ASTM ' A53 Gr.B Galv. as per ASTM A153, NPTM Ends, w/ coupling, -, S-XS",C8GWJY7T,41.2,6820-R2-67191-03,6820,
6820-R2-67191-03_ARDG-XX01_1..pdf,OTHER THAN SHOP MATERIALS,4,2,"Full Coup, ASME B16.11, ASTM A105N Galv. as per ASTM A153, 3000 Lbs, NPTF Ends, -,",CZ2LEZH,1.0,6820-R2-67191-03,6820,
6820-R2-67191-03_ARDG-XX01_1..pdf,OTHER THAN SHOP MATERIALS,5,1,"Nipple, ASTM A53 Gr.B Galv. as per",C926162,1.0,6820-R2-67191-03,6820,
6820-R2-67191-03_ARDG-XX01_1..pdf,OTHER THAN SHOP MATERIALS,6,1,"Plug, Solid Round Head Type, ASME B16.11, ASTM A105N Galv. as per ASTM A153, NPTM End, -,",C1NJUHLY,1.0,6820-R2-67191-03,6820,
6820-R2-67191-03_ARDG-XX01_1..pdf,OTHER THAN SHOP MATERIALS,7,2,"THD Flg, ASME B16.5, ASTM A105N Galv. as per ASTM A153, 150 Lbs, RF/NPTF End, -,",C1DR2JR,1.0,6820-R2-67191-03,6820,
6820-R2-67191-03_ARDG-XX01_1..pdf,OTHER THAN SHOP MATERIALS,8,2,"NM Flat Gk, Aramid Fiber Reinforced SBR, 150 Lbs, RF as per ASME B16.5, -, Thk=1/8in, -,",C7SM1YGR,1.0,6820-R2-67191-03,6820,
6820-R2-67191-03_ARDG-XX01_1..pdf,OTHER THAN SHOP MATERIALS,9,5/8,"SBlt 2 HHx N, A193 Gr.B7/A194 Gr.2H, -, Xylan PTFE Coated, - 3.5 in. Length",C6S4K88R,4.0,6820-R2-67191-03,6820,
6820-R2-67191-03_ARDG-XX01_1..pdf,OTHER THAN SHOP MATERIALS,10,2,"Bld Flg, ASME B16.5, ASTM A105N Galv. as per ASTM A153, 150 Lbs, RF, -,",C1DR2JY,1.0,6820-R2-67191-03,6820,
6820-R2-67191-03_ARDG-XX01_1..pdf,OTHER THAN SHOP MATERIALS,11,1,"Gat Fem, MSS SP-80, ASTM B62 UNS C83600,125 Lbs, NPTF Ends, HO,-, Valve Tag: GA-0110",C76KHVWU,1.0,6820-R2-67191-03,6820,
6820-R2-67191-03_ARDG-XX01_1..pdf,PIPE SUPPORTS,12,2,PS433-2,PS433,5.0,6820-R2-67191-03,6820,
6820-R2-67191-03_ARDG-XX01_1..pdf,PIPE SUPPORTS,13,2,"PS201-2 TYPE: INSUL THK: SHOP: FIELD: PAINT CODE: MODULE: V Per LDT Per LDT N Y Per LDT - P&ID: 202998C-001-PID-0031-1001 UNIT#: EWP AREA: SPEC: STRESS CALC #: 6800 6820 ARDG-XX01 - LINE No. 2""-R2-67191-ARDG-XX01-N Battleground DRAWING NUMBER REV. 6820-R2-67191-03 *6820-R2-67191-03*",PS201,3.0,6820-R2-67191-03,6820,
6820-R2-67192-01_ARDG-XX01_0.pdf,OTHER THAN SHOP MATERIALS,1,2,"Pipes, Seamless, ASME B36.10, ASTM ' A53 Gr.B Galv. as per ASTM A153, NPTM Ends, w/ coupling, -, S-XS",C8GWJY7T,27.3,6820-R2-67192-01,6820,
6820-R2-67192-01_ARDG-XX01_0.pdf,OTHER THAN SHOP MATERIALS,4,2,"90° Elb, ASME B16.11, ASTM A105N Galv. as per ASTM A153, 3000 Lbs, NPTF Ends, -,",C1DMWEN,1.0,6820-R2-67192-01,6820,
6820-R2-67192-01_ARDG-XX01_0.pdf,OTHER THAN SHOP MATERIALS,5,2,"Gat Fem, MSS SP-80, ASTM B62 UNS C83600,125 Lbs, NPTF Ends, HO,-, Valve Tag: GA-0110",C76KHVWW,1.0,6820-R2-67192-01,6820,
6820-R2-67192-01_ARDG-XX01_0.pdf,PIPE SUPPORTS,6,2,PS201-2,PS201,1.0,6820-R2-67192-01,6820,
6820-R2-67192-01_ARDG-XX01_0.pdf,PIPE SUPPORTS,7,2,PS433-2,PS433,2.0,6820-R2-67192-01,6820,
6820-R2-67192-01_ARDG-XX01_0.pdf,PIPE SUPPORTS,8,2,PS719-H-25.02-6-/,PS719,1.0,6820-R2-67192-01,6820,
6820-R2-67192-01_ARDG-XX01_0.pdf,PIPE SUPPORTS,9,2,"PS719-H-22.73-6-/ TYPE: INSUL THK: SHOP: FIELD: PAINT CODE: MODULE: V Per LDT Per LDT N Y Per LDT - P&ID: 202998C-001-PID-0021-0336 UNIT#: EWP AREA: SPEC: STRESS CALC #: 6800 6820 ARDG-XX01 - LINE No. 2""-R2-67192-ARDG-XX01-N Battleground DRAWING NUMBER REV. 6820-R2-67192-01 *6820-R2-67192-01*",PS719,1.0,6820-R2-67192-01,6820,
6820-R2-67192-02_ARDG-XX01_0.pdf,OTHER THAN SHOP MATERIALS,1,2,"Pipes, Seamless, ASME B36.10, ASTM ' A53 Gr.B Galv. as per ASTM A153, NPTM Ends, w/ coupling, -, S-XS",C8GWJY7T,30.1,6820-R2-67192-02,6820,
6820-R2-67192-02_ARDG-XX01_0.pdf,OTHER THAN SHOP MATERIALS,3,2,"Full Coup, ASME B16.11, ASTM A105N Galv. as per ASTM A153, 3000 Lbs, NPTF Ends, -,",CZ2LEZH,1.0,6820-R2-67192-02,6820,
6820-R2-67192-02_ARDG-XX01_0.pdf,OTHER THAN SHOP MATERIALS,4,2,"90° Elb, ASME B16.11, ASTM A105N Galv. as per ASTM A153, 3000 Lbs, NPTF Ends, -,",C1DMWEN,1.0,6820-R2-67192-02,6820,
6820-R2-67192-02_ARDG-XX01_0.pdf,PIPE SUPPORTS,5,2,PS201-2,PS201,3.0,6820-R2-67192-02,6820,
6820-R2-67192-02_ARDG-XX01_0.pdf,PIPE SUPPORTS,6,2,PS433-2,PS433,3.0,6820-R2-67192-02,6820,
6820-R2-67192-02_ARDG-XX01_0.pdf,PIPE SUPPORTS,7,2,PS719-H-22.71-6-/,PS719,2.0,6820-R2-67192-02,6820,
6820-R2-67192-02_ARDG-XX01_0.pdf,PIPE SUPPORTS,8,2,"PS719-H-22.62-6-/ TYPE: INSUL THK: SHOP: FIELD: PAINT CODE: MODULE: V Per LDT Per LDT N Y Per LDT - P&ID: 202998C-001-PID-0021-0336 UNIT#: EWP AREA: SPEC: STRESS CALC #: 6800 6820 ARDG-XX01 - LINE No. 2""-R2-67192-ARDG-XX01-N Battleground DRAWING NUMBER REV. 6820-R2-67192-02 *6820-R2-67192-02*",PS719,1.0,6820-R2-67192-02,6820,
6820-R2-67192-03_ARDG-XX01_0..pdf,OTHER THAN SHOP MATERIALS,1,2,"Pipes, Seamless, ASME B36.10, ASTM ' A53 Gr.B Galv. as per ASTM A153, NPTM Ends, w/ coupling, -, S-XS",C8GWJY7T,20.9,6820-R2-67192-03,6820,
6820-R2-67192-03_ARDG-XX01_0..pdf,OTHER THAN SHOP MATERIALS,4,1,"Nipple, ASTM A53 Gr.B Galv. as per ASTM A153, NPTM Ends, L = 3in, -, S-XS",C926162,1.0,6820-R2-67192-03,6820,
6820-R2-67192-03_ARDG-XX01_0..pdf,OTHER THAN SHOP MATERIALS,5,1,"Plug, Solid Round Head Type, ASME B16.11, ASTM A105N Galv. as per ASTM A153, NPTM End, -,",C1NJUHLY,1.0,6820-R2-67192-03,6820,
6820-R2-67192-03_ARDG-XX01_0..pdf,OTHER THAN SHOP MATERIALS,6,2,"THD Flg, ASME B16.5, ASTM A105N Galv. as per ASTM A153, 150 Lbs, RF/NPTF End, -,",C1DR2JR,1.0,6820-R2-67192-03,6820,
6820-R2-67192-03_ARDG-XX01_0..pdf,OTHER THAN SHOP MATERIALS,7,2,"NM Flat Gk, Aramid Fiber Reinforced SBR, 150 Lbs, RF as per ASME B16.5, -, Thk=1/8in, -,",C7SM1YGR,1.0,6820-R2-67192-03,6820,
6820-R2-67192-03_ARDG-XX01_0..pdf,OTHER THAN SHOP MATERIALS,8,5/8,"SBlt 2 HHx N, A193 Gr.B7/A194 Gr.2H, -, Xylan PTFE Coated, - 3.5 in. Length",C6S4K88R,4.0,6820-R2-67192-03,6820,
6820-R2-67192-03_ARDG-XX01_0..pdf,OTHER THAN SHOP MATERIALS,9,2,"Bld Flg, ASME B16.5, ASTM A105N Galv. as per ASTM A153, 150 Lbs, RF, -,",C1DR2JY,1.0,6820-R2-67192-03,6820,
6820-R2-67192-03_ARDG-XX01_0..pdf,OTHER THAN SHOP MATERIALS,10,1,"Gat Fem, MSS SP-80, ASTM B62 UNS C83600,125 Lbs, NPTF Ends, HO,-, Valve Tag: GA-0110",C76KHVWU,1.0,6820-R2-67192-03,6820,
6820-R2-67192-03_ARDG-XX01_0..pdf,PIPE SUPPORTS,11,2,PS433-2,PS433,4.0,6820-R2-67192-03,6820,
6820-R2-67192-03_ARDG-XX01_0..pdf,PIPE SUPPORTS,12,2,PS719-H-28.77-5-/,PS719,2.0,6820-R2-67192-03,6820,
6820-R2-67192-03_ARDG-XX01_0..pdf,PIPE SUPPORTS,13,2,PS201-2,PS201,3.0,6820-R2-67192-03,6820,
6820-R2-67192-03_ARDG-XX01_0..pdf,PIPE SUPPORTS,14,2,PS719-H-24.61-5-/,PS719,1.0,6820-R2-67192-03,6820,
6820-R2-67192-03_ARDG-XX01_0..pdf,PIPE SUPPORTS,15,2,"PS719-H-23.11-5-/ TYPE: INSUL THK: SHOP: FIELD: PAINT CODE: MODULE: V Per LDT Per LDT N Y Per LDT - P&ID: 202998C-001-PID-0021-0336 UNIT#: EWP AREA: SPEC: STRESS CALC #: 6800 6820 ARDG-XX01 - LINE No. 2""-R2-67192-ARDG-XX01-N Battleground DRAWING NUMBER REV. 6820-R2-67192-03 *6820-R2-67192-03*",PS719,1.0,6820-R2-67192-03,6820,
6820-R2-67192-03_ARDG-XX01_0.pdf,OTHER THAN SHOP MATERIALS,1,2,"Pipes, Seamless, ASME B36.10, ASTM ' A53 Gr.B Galv. as per ASTM A153, NPTM Ends, w/ coupling, -, S-XS",C8GWJY7T,20.9,6820-R2-67192-03,6820,
6820-R2-67192-03_ARDG-XX01_0.pdf,OTHER THAN SHOP MATERIALS,3,2,"Full Coup, ASME B16.11, ASTM A105N Galv. as per ASTM A153, 3000 Lbs, NPTF Ends, -,",CZ2LEZH,1.0,6820-R2-67192-03,6820,
6820-R2-67192-03_ARDG-XX01_0.pdf,OTHER THAN SHOP MATERIALS,4,1,"Nipple, ASTM A53 Gr.B Galv. as per ASTM A153, NPTM Ends, L = 3in, -, S-XS",C926162,1.0,6820-R2-67192-03,6820,
6820-R2-67192-03_ARDG-XX01_0.pdf,OTHER THAN SHOP MATERIALS,5,1,"Plug, Solid Round Head Type, ASME B16.11, ASTM A105N Galv. as per ASTM A153, NPTM End, -,",C1NJUHLY,1.0,6820-R2-67192-03,6820,
6820-R2-67192-03_ARDG-XX01_0.pdf,OTHER THAN SHOP MATERIALS,6,2,"THD Flg, ASME B16.5, ASTM A105N Galv. as per ASTM A153, 150 Lbs, RF/NPTF End, -,",C1DR2JR,1.0,6820-R2-67192-03,6820,
6820-R2-67192-03_ARDG-XX01_0.pdf,OTHER THAN SHOP MATERIALS,7,2,"NM Flat Gk, Aramid Fiber Reinforced SBR, 150 Lbs, RF as per ASME B16.5, -, Thk=1/8in, -,",C7SM1YGR,1.0,6820-R2-67192-03,6820,
6820-R2-67192-03_ARDG-XX01_0.pdf,OTHER THAN SHOP MATERIALS,8,5/8,"SBlt 2 HHx N, A193 Gr.B7/A194 Gr.2H, -, Xylan PTFE Coated, - 3.5 in. Length",C6S4K88R,4.0,6820-R2-67192-03,6820,
6820-R2-67192-03_ARDG-XX01_0.pdf,OTHER THAN SHOP MATERIALS,9,2,"Bld Flg, ASME B16.5, ASTM A105N Galv. as per ASTM A153, 150 Lbs, RF, -,",C1DR2JY,1.0,6820-R2-67192-03,6820,
6820-R2-67192-03_ARDG-XX01_0.pdf,OTHER THAN SHOP MATERIALS,10,1,"Gat Fem, MSS SP-80, ASTM B62 UNS C83600,125 Lbs, NPTF Ends, HO,-, Valve Tag: GA-0110",C76KHVWU,1.0,6820-R2-67192-03,6820,
6820-R2-67192-03_ARDG-XX01_0.pdf,PIPE SUPPORTS,11,2,PS433-2,PS433,4.0,6820-R2-67192-03,6820,
6820-R2-67192-03_ARDG-XX01_0.pdf,PIPE SUPPORTS,12,2,PS719-H-28.77-5-/,PS719,2.0,6820-R2-67192-03,6820,
6820-R2-67192-03_ARDG-XX01_0.pdf,PIPE SUPPORTS,13,2,PS201-2,PS201,3.0,6820-R2-67192-03,6820,
6820-R2-67192-03_ARDG-XX01_0.pdf,PIPE SUPPORTS,14,2,PS719-H-24.61-5-/,PS719,1.0,6820-R2-67192-03,6820,
6820-R2-67192-03_ARDG-XX01_0.pdf,PIPE SUPPORTS,15,2,"PS719-H-23.11-5-/ TYPE: INSUL THK: SHOP: FIELD: PAINT CODE: MODULE: V Per LDT Per LDT N Y Per LDT - P&ID: 202998C-001-PID-0021-0336 UNIT#: EWP AREA: SPEC: STRESS CALC #: 6800 6820 ARDG-XX01 - LINE No. 2""-R2-67192-ARDG-XX01-N Battleground DRAWING NUMBER REV. 6820-R2-67192-03 *6820-R2-67192-03*",PS719,1.0,6820-R2-67192-03,6820,
6820-R2-67193-01_ARDG-XX01_0.pdf,OTHER THAN SHOP MATERIALS,1,1,"Pipes, Seamless, ASME B36.10, ASTM ' A53 Gr.B Galv. as per ASTM A153, NPTM Ends, w/ coupling, -, S-XS",C6SBR43V,7.0,6820-R2-67193-01,6820,
6820-R2-67193-01_ARDG-XX01_0.pdf,OTHER THAN SHOP MATERIALS,3,1,"90° Elb, ASME B16.11, ASTM A105N Galv. as per ASTM A153, 3000 Lbs, NPTF Ends, -,",C1DMWEK,2.0,6820-R2-67193-01,6820,
6820-R2-67193-01_ARDG-XX01_0.pdf,OTHER THAN SHOP MATERIALS,4,1,"Full Coup, ASME B16.11, ASTM A105N Galv. as per ASTM A153, 3000 Lbs, NPTF Ends, -,",CZ2LEZE,1.0,6820-R2-67193-01,6820,
6820-R2-67193-01_ARDG-XX01_0.pdf,OTHER THAN SHOP MATERIALS,5,1/2,"Gat Fem, MSS SP-80, ASTM B62 UNS C83600,125 Lbs, NPTF Ends, HO,-, Valve Tag: GA-0110",C76KHVWS,1.0,6820-R2-67193-01,6820,
6820-R2-67193-01_ARDG-XX01_0.pdf,PIPE SUPPORTS,6,1,PS433-1,PS433,1.0,6820-R2-67193-01,6820,
6820-R2-67193-01_ARDG-XX01_0.pdf,PIPE SUPPORTS,7,1,PS709-B-6.8-12,PS709,1.0,6820-R2-67193-01,6820,
6820-R2-67193-01_ARDG-XX01_0.pdf,PIPE SUPPORTS,8,1,PS211-1,PS211,1.0,6820-R2-67193-01,6820,
6820-R2-67193-01_ARDG-XX01_0.pdf,PIPE SUPPORTS,9,1,PS709-B-21.76-.12.95,PS709,1.0,6820-R2-67193-01,6820,
6820-R2-67193-01_ARDG-XX01_0.pdf,PIPE SUPPORTS,10,1,"PS221-1 TYPE: INSUL THK: SHOP: FIELD: PAINT CODE: MODULE: V Per LDT Per LDT Y Y Per LDT - P&ID: 202998C-001-PID-0021-0336 UNIT#: EWP AREA: SPEC: STRESS CALC #: 6800 6820 ARDG-XX01 LINE No. 1""-R2-67193-ARDG-XX01-N Battleground DRAWING NUMBER REV. 6820-R2-67193-01 *6820-R2-67193-01*",PS221,1.0,6820-R2-67193-01,6820,
6820-R2-67194-01_ARDG-XX01_0.pdf,OTHER THAN SHOP MATERIALS,2,2,"Pipes, Seamless, ASME B36.10, ASTM ' A53 Gr.B Galv. as per ASTM A153, NPTM Ends, w/ coupling, -, S-XS",C8GWJY7T,20.5,6820-R2-67194-01,6820,
6820-R2-67194-01_ARDG-XX01_0.pdf,OTHER THAN SHOP MATERIALS,4,2,"45° Elb, ASME B16.11, ASTM A105N Galv. as per ASTM A153, 3000 Lbs, NPTF Ends, -,",C1DMWEF,1.0,6820-R2-67194-01,6820,
6820-R2-67194-01_ARDG-XX01_0.pdf,OTHER THAN SHOP MATERIALS,5,2,"90° Elb, ASME B16.11, ASTM A105N Galv. as per ASTM A153, 3000 Lbs, NPTF Ends, -,",C1DMWEN,3.0,6820-R2-67194-01,6820,
6820-R2-67194-01_ARDG-XX01_0.pdf,OTHER THAN SHOP MATERIALS,6,2,"Gat Fem, MSS SP-80, ASTM B62 UNS C83600,125 Lbs, NPTF Ends, HO,-, Valve Tag: GA-0110",C76KHVWW,1.0,6820-R2-67194-01,6820,
6820-R2-67194-01_ARDG-XX01_0.pdf,PIPE SUPPORTS,7,2,PS433-2,PS433,1.0,6820-R2-67194-01,6820,
6820-R2-67194-01_ARDG-XX01_0.pdf,PIPE SUPPORTS,8,2,PS210-2,PS210,2.0,6820-R2-67194-01,6820,
6820-R2-67194-01_ARDG-XX01_0.pdf,PIPE SUPPORTS,9,2,PS712-D-15.16,PS712,1.0,6820-R2-67194-01,6820,
6820-R2-67194-01_ARDG-XX01_0.pdf,PIPE SUPPORTS,10,2,PS221-2,PS221,1.0,6820-R2-67194-01,6820,
6820-R2-67194-01_ARDG-XX01_0.pdf,PIPE SUPPORTS,11,2,"PS713-B-15 TYPE: INSUL THK: SHOP: FIELD: PAINT CODE: MODULE: V Per LDT Per LDT N Y Per LDT - P&ID: 202998C-001-PID-0021-0336 UNIT#: EWP AREA: SPEC: STRESS CALC #: 6800 6820 ARDG-XX01 - LINE No. 2""-R2-67194-ARDG-XX01-N Battleground DRAWING NUMBER REV. 6820-R2-67194-01 *6820-R2-67194-01*",PS713,1.0,6820-R2-67194-01,6820,
6820-R2-67194-02_ARDG-XX01_0.pdf,OTHER THAN SHOP MATERIALS,1,2,"Pipes, Seamless, ASME B36.10, ASTM ' A53 Gr.B Galv. as per ASTM A153, NPTM Ends, w/ coupling, -, S-XS",C8GWJY7T,12.6,6820-R2-67194-02,6820,
6820-R2-67194-02_ARDG-XX01_0.pdf,OTHER THAN SHOP MATERIALS,3,2,"90° Elb, ASME B16.11, ASTM A105N Galv. as per ASTM A153, 3000 Lbs, NPTF Ends, -,",C1DMWEN,4.0,6820-R2-67194-02,6820,
6820-R2-67194-02_ARDG-XX01_0.pdf,PIPE SUPPORTS,4,2,PS201-2,PS201,2.0,6820-R2-67194-02,6820,
6820-R2-67194-02_ARDG-XX01_0.pdf,PIPE SUPPORTS,5,2,PS433-2,PS433,2.0,6820-R2-67194-02,6820,
6820-R2-67194-02_ARDG-XX01_0.pdf,PIPE SUPPORTS,6,2,"PS719-H-15.87-13-/ TYPE: INSUL THK: SHOP: FIELD: PAINT CODE: MODULE: V Per LDT Per LDT N Y Per LDT - P&ID: 202998C-001-PID-0021-0336 UNIT#: EWP AREA: SPEC: STRESS CALC #: 6800 6820 ARDG-XX01 - LINE No. 2""-R2-67194-ARDG-XX01-N Battleground DRAWING NUMBER REV. 6820-R2-67194-02 *6820-R2-67194-02*",PS719,1.0,6820-R2-67194-02,6820,
6820-R2-67194-03_ARDG-XX01_0.pdf,OTHER THAN SHOP MATERIALS,1,1,"Pipes, Seamless, ASME B36.10, ASTM ' A53 Gr.B Galv. as per ASTM A153, NPTM Ends, w/ coupling, -, S-XS",C6SBR43V,16.4,6820-R2-67194-03,6820,
6820-R2-67194-03_ARDG-XX01_0.pdf,OTHER THAN SHOP MATERIALS,4,1,"Full Coup, ASME B16.11, ASTM A105N Galv. as per ASTM A153, 3000 Lbs, NPTF Ends, -,",CZ2LEZE,2.0,6820-R2-67194-03,6820,
6820-R2-67194-03_ARDG-XX01_0.pdf,OTHER THAN SHOP MATERIALS,5,1,"90° Elb, ASME B16.11, ASTM A105N Galv. as per ASTM A153, 3000 Lbs, NPTF Ends, -,",C1DMWEK,1.0,6820-R2-67194-03,6820,
6820-R2-67194-03_ARDG-XX01_0.pdf,OTHER THAN SHOP MATERIALS,6,1/2,"Gat Fem, MSS SP-80, ASTM B62 UNS C83600,125 Lbs, NPTF Ends, HO,-, Valve Tag: GA-0110",C76KHVWS,1.0,6820-R2-67194-03,6820,
6820-R2-67194-03_ARDG-XX01_0.pdf,PIPE SUPPORTS,7,1,PS433-1,PS433,2.0,6820-R2-67194-03,6820,
6820-R2-67194-03_ARDG-XX01_0.pdf,PIPE SUPPORTS,8,1,PS719-H-15.35-8-/,PS719,1.0,6820-R2-67194-03,6820,
6820-R2-67194-03_ARDG-XX01_0.pdf,PIPE SUPPORTS,9,1,PS201-1,PS201,2.0,6820-R2-67194-03,6820,
6820-R2-67194-03_ARDG-XX01_0.pdf,PIPE SUPPORTS,10,1,PS719-H-15.35-9-/,PS719,1.0,6820-R2-67194-03,6820,
6820-R2-67194-03_ARDG-XX01_0.pdf,PIPE SUPPORTS,11,1,PS210-1,PS210,1.0,6820-R2-67194-03,6820,
6820-R2-67194-03_ARDG-XX01_0.pdf,PIPE SUPPORTS,12,1,PS709-21-14,PS709,1.0,6820-R2-67194-03,6820,
6820-R2-67194-03_ARDG-XX01_0.pdf,PIPE SUPPORTS,13,1,"PS221-1 TYPE: INSUL THK: SHOP: FIELD: PAINT CODE: MODULE: V Per LDT Per LDT N Y Per LDT - P&ID: 202998C-001-PID-0021-0336 UNIT#: EWP AREA: SPEC: STRESS CALC #: 6800 6820 ARDG-XX01 - LINE No. 1""-R2-67194-ARDG-XX01-N Battleground DRAWING NUMBER REV. 6820-R2-67194-03 *6820-R2-67194-03*",PS221,1.0,6820-R2-67194-03,6820,
6820-R2-67195-01_ARDG-XX01_0.pdf,OTHER THAN SHOP MATERIALS,1,1,"Pipes, Seamless, ASME B36.10, ASTM ' A53 Gr.B Galv. as per ASTM A153, NPTM Ends, w/ coupling, -, S-XS",C6SBR43V,35.3,6820-R2-67195-01,6820,
6820-R2-67195-01_ARDG-XX01_0.pdf,OTHER THAN SHOP MATERIALS,3,1,"90° Elb, ASME B16.11, ASTM A105N Galv. as per ASTM A153, 3000 Lbs, NPTF Ends, -,",C1DMWEK,4.0,6820-R2-67195-01,6820,
6820-R2-67195-01_ARDG-XX01_0.pdf,OTHER THAN SHOP MATERIALS,4,1,"Full Coup, ASME B16.11, ASTM A105N Galv. as per ASTM A153, 3000 Lbs, NPTF Ends, -,",CZ2LEZE,2.0,6820-R2-67195-01,6820,
6820-R2-67195-01_ARDG-XX01_0.pdf,OTHER THAN SHOP MATERIALS,5,1/2,"Gat Fem, MSS SP-80, ASTM B62 UNS C83600,125 Lbs, NPTF Ends, HO,-, Valve Tag: GA-0110",C76KHVWS,1.0,6820-R2-67195-01,6820,
6820-R2-67195-01_ARDG-XX01_0.pdf,PIPE SUPPORTS,6,1,PS433-1,PS433,5.0,6820-R2-67195-01,6820,
6820-R2-67195-01_ARDG-XX01_0.pdf,PIPE SUPPORTS,7,1,PS719-H-5.7-8-/,PS719,2.0,6820-R2-67195-01,6820,
6820-R2-67195-01_ARDG-XX01_0.pdf,PIPE SUPPORTS,8,1,PS201-1,PS201,4.0,6820-R2-67195-01,6820,
6820-R2-67195-01_ARDG-XX01_0.pdf,PIPE SUPPORTS,9,1,PS712-D-10.18,PS712,1.0,6820-R2-67195-01,6820,
6820-R2-67195-01_ARDG-XX01_0.pdf,PIPE SUPPORTS,10,1,PS719-H-3.5-8-/,PS719,1.0,6820-R2-67195-01,6820,
6820-R2-67195-01_ARDG-XX01_0.pdf,PIPE SUPPORTS,11,1,PS210-1,PS210,1.0,6820-R2-67195-01,6820,
6820-R2-67195-01_ARDG-XX01_0.pdf,PIPE SUPPORTS,12,1,PS221-1,PS221,1.0,6820-R2-67195-01,6820,
6820-R2-67195-01_ARDG-XX01_0.pdf,PIPE SUPPORTS,13,1,PS713-D-19.5,PS713,1.0,6820-R2-67195-01,6820,
6820-R2-67195-01_ARDG-XX01_0.pdf,PIPE SUPPORTS,14,1,"PS718-A-31.7-8 TYPE: INSUL THK: SHOP: FIELD: PAINT CODE: MODULE: V Per LDT Per LDT N Y Per LDT - P&ID: 202998C-001-PID-0021-0336 UNIT#: EWP AREA: SPEC: STRESS CALC #: 6800 6820 ARDG-XX01 - LINE No. 1""-R2-67195-ARDG-XX01-N Battleground DRAWING NUMBER REV. 6820-R2-67195-01 *6820-R2-67195-01*",PS718,1.0,6820-R2-67195-01,6820,
6820-R2-67196-01_ARDG-XX01_0.pdf,OTHER THAN SHOP MATERIALS,1,1,"Pipes, Seamless, ASME B36.10, ASTM ' A53 Gr.B Galv. as per ASTM A153, NPTM Ends, w/ coupling, -, S-XS",C6SBR43V,6.5,6820-R2-67196-01,6820,
6820-R2-67196-01_ARDG-XX01_0.pdf,OTHER THAN SHOP MATERIALS,2,1,"90° Elb, ASME B16.11, ASTM A105N Galv. as per ASTM A153, 3000 Lbs, NPTF Ends, -, TYPE: INSUL THK: SHOP: FIELD: PAINT CODE: MODULE: V Per LDT Per LDT N Y Per LDT - P&ID: 202998C-001-PID-0021-0336 UNIT#: EWP AREA: SPEC: STRESS CALC #: 6800 6820 ARDG-XX01 - LINE No. 1""-R2-67196-ARDG-XX01-N Battleground DRAWING NUMBER REV. 6820-R2-67196-01 *6820-R2-67196-01*",C1DMWEK,3.0,6820-R2-67196-01,6820,
6820-R2-67196-02_ARDG-XX01_0.pdf,OTHER THAN SHOP MATERIALS,1,1,"Pipes, Seamless, ASME B36.10, ASTM ' A53 Gr.B Galv. as per ASTM A153, NPTM Ends, w/ coupling, -, S-XS",C6SBR43V,27.9,6820-R2-67196-02,6820,
6820-R2-67196-02_ARDG-XX01_0.pdf,OTHER THAN SHOP MATERIALS,2,1,"90° Elb, ASME B16.11, ASTM A105N Galv. as per ASTM A153, 3000 Lbs, NPTF Ends, -,",C1DMWEK,1.0,6820-R2-67196-02,6820,
6820-R2-67196-02_ARDG-XX01_0.pdf,PIPE SUPPORTS,3,1,PS433-1,PS433,5.0,6820-R2-67196-02,6820,
6820-R2-67196-02_ARDG-XX01_0.pdf,PIPE SUPPORTS,4,1,PS201-1,PS201,5.0,6820-R2-67196-02,6820,
6820-R2-67196-02_ARDG-XX01_0.pdf,PIPE SUPPORTS,5,1,PS712-D-19.67,PS712,2.0,6820-R2-67196-02,6820,
6820-R2-67196-02_ARDG-XX01_0.pdf,PIPE SUPPORTS,6,1,"PS712-D-16.78 TYPE: INSUL THK: SHOP: FIELD: PAINT CODE: MODULE: V Per LDT Per LDT N Y Per LDT - P&ID: 202998C-001-PID-0021-0336 UNIT#: EWP AREA: SPEC: STRESS CALC #: 6800 6820 ARDG-XX01 - LINE No. 1""-R2-67196-ARDG-XX01-N Battleground DRAWING NUMBER REV. 6820-R2-67196-02 *6820-R2-67196-02*",PS712,3.0,6820-R2-67196-02,6820,
6820-R2-67196-03_ARDG-XX01_0.pdf,OTHER THAN SHOP MATERIALS,1,1,"Pipes, Seamless, ASME B36.10, ASTM ' A53 Gr.B Galv. as per ASTM A153, NPTM Ends, w/ coupling, -, S-XS",C6SBR43V,5.0,6820-R2-67196-03,6820,
6820-R2-67196-03_ARDG-XX01_0.pdf,OTHER THAN SHOP MATERIALS,3,1,"90° Elb, ASME B16.11, ASTM A105N Galv. as per ASTM A153, 3000 Lbs, NPTF Ends, -,",C1DMWEK,3.0,6820-R2-67196-03,6820,
6820-R2-67196-03_ARDG-XX01_0.pdf,OTHER THAN SHOP MATERIALS,4,1,"Full Coup, ASME B16.11, ASTM A105N Galv. as per ASTM A153, 3000 Lbs, NPTF Ends, -,",CZ2LEZE,1.0,6820-R2-67196-03,6820,
6820-R2-67196-03_ARDG-XX01_0.pdf,OTHER THAN SHOP MATERIALS,5,1/2,"Gat Fem, MSS SP-80, ASTM B62 UNS C83600,125 Lbs, NPTF Ends, HO,-, Valve Tag: GA-0110",C76KHVWS,1.0,6820-R2-67196-03,6820,
6820-R2-67196-03_ARDG-XX01_0.pdf,PIPE SUPPORTS,6,1,PS201-1,PS201,1.0,6820-R2-67196-03,6820,
6820-R2-67196-03_ARDG-XX01_0.pdf,PIPE SUPPORTS,7,1,PS433-1,PS433,1.0,6820-R2-67196-03,6820,
6820-R2-67196-03_ARDG-XX01_0.pdf,PIPE SUPPORTS,8,1,"PS718-A-27.33-6 TYPE: INSUL THK: SHOP: FIELD: PAINT CODE: MODULE: V Per LDT Per LDT N Y Per LDT - P&ID: 202998C-001-PID-0021-0336 UNIT#: EWP AREA: SPEC: STRESS CALC #: 6800 6820 ARDG-XX01 - LINE No. 1""-R2-67196-ARDG-XX01-N Battleground DRAWING NUMBER REV. 6820-R2-67196-03 *6820-R2-67196-03*",PS718,1.0,6820-R2-67196-03,6820,
6820-R2-67197-01_ARDG-XX01_0.pdf,OTHER THAN SHOP MATERIALS,1,1,"Pipes, Seamless, ASME B36.10, ASTM ' A53 Gr.B Galv. as per ASTM A153, NPTM Ends, w/ coupling, -, S-XS",C6SBR43V,13.2,6820-R2-67197-01,6820,
6820-R2-67197-01_ARDG-XX01_0.pdf,OTHER THAN SHOP MATERIALS,2,1,"90° Elb, ASME B16.11, ASTM A105N Galv. as per ASTM A153, 3000 Lbs, NPTF Ends, -,",C1DMWEK,3.0,6820-R2-67197-01,6820,
6820-R2-67197-01_ARDG-XX01_0.pdf,PIPE SUPPORTS,3,1,PS713-B-8,PS713,2.0,6820-R2-67197-01,6820,
6820-R2-67197-01_ARDG-XX01_0.pdf,PIPE SUPPORTS,4,1,PS221-1,PS221,1.0,6820-R2-67197-01,6820,
6820-R2-67197-01_ARDG-XX01_0.pdf,PIPE SUPPORTS,5,1,PS401-1-24-1,PS401,2.0,6820-R2-67197-01,6820,
6820-R2-67197-01_ARDG-XX01_0.pdf,PIPE SUPPORTS,6,1,"PS210-1 TYPE: INSUL THK: SHOP: FIELD: PAINT CODE: MODULE: V Per LDT Per LDT N Y Per LDT - P&ID: 202998C-001-PID-0021-0336 UNIT#: EWP AREA: SPEC: STRESS CALC #: 6800 6820 ARDG-XX01 - LINE No. 1""-R2-67197-ARDG-XX01-N Battleground DRAWING NUMBER REV. 6820-R2-67197-01 *6820-R2-67197-01*",PS210,2.0,6820-R2-67197-01,6820,
6820-R2-67197-02_ARDG-XX01_0.pdf,OTHER THAN SHOP MATERIALS,1,1,"Pipes, Seamless, ASME B36.10, ASTM ' A53 Gr.B Galv. as per ASTM A153, NPTM Ends, w/ coupling, -, S-XS",C6SBR43V,2.5,6820-R2-67197-02,6820,
6820-R2-67197-02_ARDG-XX01_0.pdf,OTHER THAN SHOP MATERIALS,2,1/2,"Pipes, Seamless, ASME B36.10, ASTM ' A53 Gr.B Galv. as per ASTM A153, NPTM Ends, w/ coupling, -, S-XS",C6SBR422,0.6,6820-R2-67197-02,6820,
6820-R2-67197-02_ARDG-XX01_0.pdf,OTHER THAN SHOP MATERIALS,4,1,"90° Elb, ASME B16.11, ASTM A105N Galv. as per ASTM A153, 3000 Lbs, NPTF Ends, -,",C1DMWEK,1.0,6820-R2-67197-02,6820,
6820-R2-67197-02_ARDG-XX01_0.pdf,OTHER THAN SHOP MATERIALS,5,1,"Full Coup, ASME B16.11, ASTM A105N Galv. as per ASTM A153, 3000 Lbs, NPTF Ends, -,",CZ2LEZE,1.0,6820-R2-67197-02,6820,
6820-R2-67197-02_ARDG-XX01_0.pdf,OTHER THAN SHOP MATERIALS,7,1/2,"Plug, Solid Round Head Type, ASME B16.11, ASTM A105N Galv. as per ASTM A153, NPTM End, -,",C1NJUHLW,1.0,6820-R2-67197-02,6820,
6820-R2-67197-02_ARDG-XX01_0.pdf,OTHER THAN SHOP MATERIALS,8,1/2,"Gat Fem, MSS SP-80, ASTM B62 UNS C83600,125 Lbs, NPTF Ends, HO,-, Valve Tag: GA-0110",C76KHVWS,2.0,6820-R2-67197-02,6820,
6820-R2-67197-02_ARDG-XX01_0.pdf,PIPE SUPPORTS,9,1,PS433-1,PS433,1.0,6820-R2-67197-02,6820,
6820-R2-67197-02_ARDG-XX01_0.pdf,PIPE SUPPORTS,10,1,PS201-1,PS201,1.0,6820-R2-67197-02,6820,
6820-R2-67197-02_ARDG-XX01_0.pdf,PIPE SUPPORTS,11,1,"PS712-B-22 TYPE: INSUL THK: SHOP: FIELD: PAINT CODE: MODULE: V Per LDT Per LDT N Y Per LDT - P&ID: 202998C-001-PID-0021-0336 UNIT#: EWP AREA: SPEC: STRESS CALC #: 6800 6820 ARDG-XX01 - LINE No. 1""-R2-67197-ARDG-XX01-N Battleground DRAWING NUMBER REV. 6820-R2-67197-02 *6820-R2-67197-02*",PS712,1.0,6820-R2-67197-02,6820,
6820-R2-67199-01_ARDG-XX01_0.pdf,OTHER THAN SHOP MATERIALS,1,1,"Pipes, Seamless, ASME B36.10, ASTM ' A53 Gr.B Galv. as per ASTM A153, NPTM Ends, w/ coupling, -, S-XS",C6SBR43V,5.4,6820-R2-67199-01,6820,
6820-R2-67199-01_ARDG-XX01_0.pdf,OTHER THAN SHOP MATERIALS,3,1,"90° Elb, ASME B16.11, ASTM A105N Galv. as per ASTM A153, 3000 Lbs, NPTF Ends, -,",C1DMWEK,2.0,6820-R2-67199-01,6820,
6820-R2-67199-01_ARDG-XX01_0.pdf,OTHER THAN SHOP MATERIALS,4,1,"Full Coup, ASME B16.11, ASTM A105N Galv. as per ASTM A153, 3000 Lbs, NPTF Ends, -,",CZ2LEZE,1.0,6820-R2-67199-01,6820,
6820-R2-67199-01_ARDG-XX01_0.pdf,OTHER THAN SHOP MATERIALS,5,1/2,"Gat Fem, MSS SP-80, ASTM B62 UNS C83600,125 Lbs, NPTF Ends, HO,-, Valve Tag: GA-0110",C76KHVWS,1.0,6820-R2-67199-01,6820,
6820-R2-67199-01_ARDG-XX01_0.pdf,PIPE SUPPORTS,6,1,PS210-1,PS210,1.0,6820-R2-67199-01,6820,
6820-R2-67199-01_ARDG-XX01_0.pdf,PIPE SUPPORTS,7,1,PS221-1,PS221,1.0,6820-R2-67199-01,6820,
6820-R2-67199-01_ARDG-XX01_0.pdf,PIPE SUPPORTS,8,1,"PS713-D-11.83 TYPE: INSUL THK: SHOP: FIELD: PAINT CODE: MODULE: V Per LDT Per LDT N Y Per LDT - P&ID: 202998C-001-PID-0021-0336 UNIT#: EWP AREA: SPEC: STRESS CALC #: 6800 6820 ARDG-XX01 - LINE No. 1""-R2-67199-ARDG-XX01-N Battleground DRAWING NUMBER REV. 6820-R2-67199-01 *6820-R2-67199-01*",PS713,1.0,6820-R2-67199-01,6820,
6820-R2-67200-01_ARDG-XX01_0.pdf,OTHER THAN SHOP MATERIALS,1,1,"Pipes, Seamless, ASME B36.10, ASTM ' A53 Gr.B Galv. as per ASTM A153, NPTM Ends, w/ coupling, -, S-XS",C6SBR43V,0.7,6820-R2-67200-01,6820,
6820-R2-67200-01_ARDG-XX01_0.pdf,OTHER THAN SHOP MATERIALS,3,1,"Full Coup, ASME B16.11, ASTM A105N Galv. as per ASTM A153, 3000 Lbs, NPTF Ends, -,",CZ2LEZE,1.0,6820-R2-67200-01,6820,
6820-R2-67200-01_ARDG-XX01_0.pdf,OTHER THAN SHOP MATERIALS,4,1/2,"Gat Fem, MSS SP-80, ASTM B62 UNS C83600,125 Lbs, NPTF Ends, HO,-, Valve Tag: GA-0110 TYPE: INSUL THK: SHOP: FIELD: PAINT CODE: MODULE: V Per LDT Per LDT N Y Per LDT - P&ID: 202998C-001-PID-0021-0336 UNIT#: EWP AREA: SPEC: STRESS CALC #: 6800 6820 ARDG-XX01 - LINE No. 1""-R2-67200-ARDG-XX01-N Battleground DRAWING NUMBER REV. 6820-R2-67200-01 *6820-R2-67200-01*",C76KHVWS,1.0,6820-R2-67200-01,6820,
6820-R2-67201-01_ARDG-XX01_0.pdf,OTHER THAN SHOP MATERIALS,1,1,"Pipes, Seamless, ASME B36.10, ASTM ' A53 Gr.B Galv. as per ASTM A153, NPTM Ends, w/ coupling, -, S-XS",C6SBR43V,0.3,6820-R2-67201-01,6820,
6820-R2-67201-01_ARDG-XX01_0.pdf,OTHER THAN SHOP MATERIALS,3,1,"Full Coup, ASME B16.11, ASTM A105N Galv. as per ASTM A153, 3000 Lbs, NPTF Ends, -,",CZ2LEZE,1.0,6820-R2-67201-01,6820,
6820-R2-67201-01_ARDG-XX01_0.pdf,OTHER THAN SHOP MATERIALS,4,1/2,"Gat Fem, MSS SP-80, ASTM B62 UNS C83600,125 Lbs, NPTF Ends, HO,-, Valve Tag: GA-0110 TYPE: INSUL THK: SHOP: FIELD: PAINT CODE: MODULE: V Per LDT Per LDT N Y Per LDT - P&ID: 202998C-001-PID-0021-0336 UNIT#: EWP AREA: SPEC: STRESS CALC #: 6800 6820 ARDG-XX01 - LINE No. 1""-R2-67201-ARDG-XX01-N Battleground DRAWING NUMBER REV. 6820-R2-67201-01 *6820-R2-67201-01*",C76KHVWS,1.0,6820-R2-67201-01,6820,
6820-R2-67202-01_ARDG-XX01_0.pdf,OTHER THAN SHOP MATERIALS,1,1,"Pipes, Seamless, ASME B36.10, ASTM ' A53 Gr.B Galv. as per ASTM A153, NPTM Ends, w/ coupling, -, S-XS",C6SBR43V,1.1,6820-R2-67202-01,6820,
6820-R2-67202-01_ARDG-XX01_0.pdf,OTHER THAN SHOP MATERIALS,2,1/2,"Pipes, Seamless, ASME B36.10, ASTM ' A53 Gr.B Galv. as per ASTM A153, NPTM Ends, w/ coupling, -, S-XS",C6SBR422,0.5,6820-R2-67202-01,6820,
6820-R2-67202-01_ARDG-XX01_0.pdf,OTHER THAN SHOP MATERIALS,5,1,"Full Coup, ASME B16.11, ASTM A105N Galv. as per ASTM A153, 3000 Lbs, NPTF Ends, -,",CZ2LEZE,2.0,6820-R2-67202-01,6820,
6820-R2-67202-01_ARDG-XX01_0.pdf,OTHER THAN SHOP MATERIALS,7,1/2,"Plug, Solid Round Head Type, ASME B16.11, ASTM A105N Galv. as per ASTM A153, NPTM End, -,",C1NJUHLW,1.0,6820-R2-67202-01,6820,
6820-R2-67202-01_ARDG-XX01_0.pdf,OTHER THAN SHOP MATERIALS,8,1/2,"Gat Fem, MSS SP-80, ASTM B62 UNS C83600,125 Lbs, NPTF Ends, HO,-, Valve Tag: GA-0110",C76KHVWS,2.0,6820-R2-67202-01,6820,
6820-R2-67202-01_ARDG-XX01_0.pdf,PIPE SUPPORTS,9,1,PS709-A-37.12-10,PS709,1.0,6820-R2-67202-01,6820,
6820-R2-67202-01_ARDG-XX01_0.pdf,PIPE SUPPORTS,10,1,PS201-1,PS201,1.0,6820-R2-67202-01,6820,
6820-R2-67202-01_ARDG-XX01_0.pdf,PIPE SUPPORTS,11,1,"PS433-1 TYPE: INSUL THK: SHOP: FIELD: PAINT CODE: MODULE: V Per LDT Per LDT N Y Per LDT - P&ID: 202998C-001-PID-0021-0336 UNIT#: EWP AREA: SPEC: STRESS CALC #: 6800 6820 ARDG-XX01 - LINE No. 1""-R2-67202-ARDG-XX01-N Battleground DRAWING NUMBER REV. 6820-R2-67202-01 *6820-R2-67202-01*",PS433,1.0,6820-R2-67202-01,6820,
6820-R2-67203-01_ARDG-XX01_0.pdf,OTHER THAN SHOP MATERIALS,1,2,"Pipes, Seamless, ASME B36.10, ASTM ' A53 Gr.B Galv. as per ASTM A153, NPTM Ends, w/ coupling, -, S-XS",C8GWJY7T,41.4,6820-R2-67203-01,6820,
6820-R2-67203-01_ARDG-XX01_0.pdf,OTHER THAN SHOP MATERIALS,3,2,"90° Elb, ASME B16.11, ASTM A105N Galv. as per ASTM A153, 3000 Lbs, NPTF Ends, -,",C1DMWEN,5.0,6820-R2-67203-01,6820,
6820-R2-67203-01_ARDG-XX01_0.pdf,OTHER THAN SHOP MATERIALS,4,2,"Full Coup, ASME B16.11, ASTM A105N Galv. as per ASTM A153, 3000 Lbs, NPTF Ends, -,",CZ2LEZH,1.0,6820-R2-67203-01,6820,
6820-R2-67203-01_ARDG-XX01_0.pdf,OTHER THAN SHOP MATERIALS,5,2,"Gat Fem, MSS SP-80, ASTM B62 UNS C83600,125 Lbs, NPTF Ends, HO,-, Valve Tag: GA-0110",C76KHVWW,1.0,6820-R2-67203-01,6820,
6820-R2-67203-01_ARDG-XX01_0.pdf,PIPE SUPPORTS,6,2,PS712-A-7.18,PS712,1.0,6820-R2-67203-01,6820,
6820-R2-67203-01_ARDG-XX01_0.pdf,PIPE SUPPORTS,7,2,PS433-2,PS433,4.0,6820-R2-67203-01,6820,
6820-R2-67203-01_ARDG-XX01_0.pdf,PIPE SUPPORTS,8,2,PS201-2,PS201,4.0,6820-R2-67203-01,6820,
6820-R2-67203-01_ARDG-XX01_0.pdf,PIPE SUPPORTS,9,2,"PS719-H-7.77-6-/ TYPE: INSUL THK: SHOP: FIELD: PAINT CODE: MODULE: V Per LDT Per LDT N Y Per LDT - P&ID: 202998C-001-PID-0021-0336 UNIT#: EWP AREA: SPEC: STRESS CALC #: 6800 6820 ARDG-XX01 - LINE No. 2""-R2-67203-ARDG-XX01-N Battleground DRAWING NUMBER REV. 6820-R2-67203-01 *6820-R2-67203-01*",PS719,2.0,6820-R2-67203-01,6820,
6820-R2-67203-02_ARDG-XX01_0..pdf,OTHER THAN SHOP MATERIALS,1,2,"Pipes, Seamless, ASME B36.10, ASTM ' A53 Gr.B Galv. as per ASTM A153, NPTM Ends, w/ coupling, -, S-XS",C8GWJY7T,32.6,6820-R2-67203-02,6820,
6820-R2-67203-02_ARDG-XX01_0..pdf,OTHER THAN SHOP MATERIALS,2,1,"Pipes, Seamless, ASME B36.10, ASTM ' A53 Gr.B Galv. as per ASTM A153, NPTM Ends, w/ coupling, -, S-XS",C6SBR43V,0.3,6820-R2-67203-02,6820,
6820-R2-67203-02_ARDG-XX01_0..pdf,OTHER THAN SHOP MATERIALS,5,2,"Full Coup, ASME B16.11, ASTM A105N Galv. as per ASTM A153, 3000 Lbs, NPTF Ends, -,",CZ2LEZH,1.0,6820-R2-67203-02,6820,
6820-R2-67203-02_ARDG-XX01_0..pdf,OTHER THAN SHOP MATERIALS,6,1,"Plug, Solid Round Head Type, ASME B16.11, ASTM A105N Galv. as per ASTM A153, NPTM End, -,",C1NJUHLY,1.0,6820-R2-67203-02,6820,
6820-R2-67203-02_ARDG-XX01_0..pdf,OTHER THAN SHOP MATERIALS,7,2,"THD Flg, ASME B16.5, ASTM A105N Galv. as per ASTM A153, 150 Lbs, RF/NPTF End, -,",C1DR2JR,1.0,6820-R2-67203-02,6820,
6820-R2-67203-02_ARDG-XX01_0..pdf,OTHER THAN SHOP MATERIALS,8,2,"NM Flat Gk, Aramid Fiber Reinforced SBR, 150 Lbs, RF as per ASME B16.5, -, Thk=1/8in, -,",C7SM1YGR,1.0,6820-R2-67203-02,6820,
6820-R2-67203-02_ARDG-XX01_0..pdf,OTHER THAN SHOP MATERIALS,9,5/8,"SBlt 2 HHx N, A193 Gr.B7/A194 Gr.2H, -, Xylan PTFE Coated, - 3.5 in. Length",C6S4K88R,4.0,6820-R2-67203-02,6820,
6820-R2-67203-02_ARDG-XX01_0..pdf,OTHER THAN SHOP MATERIALS,10,2,"Bld Flg, ASME B16.5, ASTM A105N Galv. as per ASTM A153, 150 Lbs, RF, -,",C1DR2JY,1.0,6820-R2-67203-02,6820,
6820-R2-67203-02_ARDG-XX01_0..pdf,OTHER THAN SHOP MATERIALS,11,1,"Gat Fem, MSS SP-80, ASTM B62 UNS C83600,125 Lbs, NPTF Ends, HO,-, Valve Tag: GA-0110",C76KHVWU,1.0,6820-R2-67203-02,6820,
6820-R2-67203-02_ARDG-XX01_0..pdf,PIPE SUPPORTS,12,2,PS719-H-16.47-14-/,PS719,1.0,6820-R2-67203-02,6820,
6820-R2-67203-02_ARDG-XX01_0..pdf,PIPE SUPPORTS,13,2,PS433-2,PS433,4.0,6820-R2-67203-02,6820,
6820-R2-67203-02_ARDG-XX01_0..pdf,PIPE SUPPORTS,14,2,PS201-2,PS201,3.0,6820-R2-67203-02,6820,
6820-R2-67203-02_ARDG-XX01_0..pdf,PIPE SUPPORTS,15,2,PS719-H-16.78-6-/,PS719,1.0,6820-R2-67203-02,6820,
6820-R2-67203-02_ARDG-XX01_0..pdf,PIPE SUPPORTS,16,2,PS719-H-14.48-6-/,PS719,1.0,6820-R2-67203-02,6820,
6820-R2-67203-02_ARDG-XX01_0..pdf,PIPE SUPPORTS,17,2,"PS719-H-14.88-6-/ TYPE: INSUL THK: SHOP: FIELD: PAINT CODE: MODULE: V Per LDT Per LDT N Y Per LDT - P&ID: 202998C-001-PID-0021-0336 UNIT#: EWP AREA: SPEC: STRESS CALC #: 6800 6820 ARDG-XX01 - LINE No. 2""-R2-67203-ARDG-XX01-N Battleground DRAWING NUMBER REV. 6820-R2-67203-02 *6820-R2-67203-02*",PS719,1.0,6820-R2-67203-02,6820,
6820-R2-67204-01_ARDG-XX01_0.pdf,OTHER THAN SHOP MATERIALS,1,2,"Pipes, Seamless, ASME B36.10, ASTM ' A53 Gr.B Galv. as per ASTM A153, NPTM Ends, w/ coupling, -, S-XS",C8GWJY7T,17.1,6820-R2-67204-01,6820,
6820-R2-67204-01_ARDG-XX01_0.pdf,OTHER THAN SHOP MATERIALS,3,2,"90° Elb, ASME B16.11, ASTM A105N Galv. as per ASTM A153, 3000 Lbs, NPTF Ends, -,",C1DMWEN,3.0,6820-R2-67204-01,6820,
6820-R2-67204-01_ARDG-XX01_0.pdf,OTHER THAN SHOP MATERIALS,4,2,"Gat Fem, MSS SP-80, ASTM B62 UNS C83600,125 Lbs, NPTF Ends, HO,-, Valve Tag: GA-0110",C76KHVWW,1.0,6820-R2-67204-01,6820,
6820-R2-67204-01_ARDG-XX01_0.pdf,PIPE SUPPORTS,5,2,PS221-2,PS221,1.0,6820-R2-67204-01,6820,
6820-R2-67204-01_ARDG-XX01_0.pdf,PIPE SUPPORTS,6,2,PS210-2,PS210,1.0,6820-R2-67204-01,6820,
6820-R2-67204-01_ARDG-XX01_0.pdf,PIPE SUPPORTS,7,2,"PS713-D-18.07 TYPE: INSUL THK: SHOP: FIELD: PAINT CODE: MODULE: V Per LDT Per LDT N Y Per LDT - P&ID: 202998C-001-PID-0021-0336 UNIT#: EWP AREA: SPEC: STRESS CALC #: 6800 6820 ARDG-XX01 - LINE No. 2""-R2-67204-ARDG-XX01-N Battleground DRAWING NUMBER REV. 6820-R2-67204-01 *6820-R2-67204-01*",PS713,1.0,6820-R2-67204-01,6820,
6820-R2-67204-02_ARDG-XX01_0.pdf,OTHER THAN SHOP MATERIALS,1,1,"Pipes, Seamless, ASME B36.10, ASTM ' A53 Gr.B Galv. as per ASTM A153, NPTM Ends, w/ coupling, -, S-XS",C6SBR43V,18.8,6820-R2-67204-02,6820,
6820-R2-67204-02_ARDG-XX01_0.pdf,OTHER THAN SHOP MATERIALS,2,1,"90° Elb, ASME B16.11, ASTM A105N Galv. as per ASTM A153, 3000 Lbs, NPTF Ends, -,",C1DMWEK,2.0,6820-R2-67204-02,6820,
6820-R2-67204-02_ARDG-XX01_0.pdf,PIPE SUPPORTS,3,1,PS433-1,PS433,2.0,6820-R2-67204-02,6820,
6820-R2-67204-02_ARDG-XX01_0.pdf,PIPE SUPPORTS,4,1,PS719-H-4-15-/,PS719,2.0,6820-R2-67204-02,6820,
6820-R2-67204-02_ARDG-XX01_0.pdf,PIPE SUPPORTS,5,1,PS201-1,PS201,1.0,6820-R2-67204-02,6820,
6820-R2-67204-02_ARDG-XX01_0.pdf,PIPE SUPPORTS,6,1,PS221-1,PS221,1.0,6820-R2-67204-02,6820,
6820-R2-67204-02_ARDG-XX01_0.pdf,PIPE SUPPORTS,7,1,PS713-D-14.61,PS713,1.0,6820-R2-67204-02,6820,
6820-R2-67204-02_ARDG-XX01_0.pdf,PIPE SUPPORTS,8,1,"PS210-1 TYPE: INSUL THK: SHOP: FIELD: PAINT CODE: MODULE: V Per LDT Per LDT N Y Per LDT - P&ID: 202998C-001-PID-0021-0336 UNIT#: EWP AREA: SPEC: STRESS CALC #: 6800 6820 ARDG-XX01 - LINE No. 1""-R2-67204-ARDG-XX01-N Battleground DRAWING NUMBER REV. 6820-R2-67204-02 *6820-R2-67204-02*",PS210,1.0,6820-R2-67204-02,6820,
6820-R2-67204-03_ARDG-XX01_0.pdf,OTHER THAN SHOP MATERIALS,1,1,"Pipes, Seamless, ASME B36.10, ASTM ' A53 Gr.B Galv. as per ASTM A153, NPTM Ends, w/ coupling, -, S-XS",C6SBR43V,4.5,6820-R2-67204-03,6820,
6820-R2-67204-03_ARDG-XX01_0.pdf,OTHER THAN SHOP MATERIALS,2,1/2,"Pipes, Seamless, ASME B36.10, ASTM ' A53 Gr.B Galv. as per ASTM A153, NPTM Ends, w/ coupling, -, S-XS",C6SBR422,0.5,6820-R2-67204-03,6820,
6820-R2-67204-03_ARDG-XX01_0.pdf,OTHER THAN SHOP MATERIALS,4,1,"90° Elb, ASME B16.11, ASTM A105N Galv. as per ASTM A153, 3000 Lbs, NPTF Ends, -,",C1DMWEK,1.0,6820-R2-67204-03,6820,
6820-R2-67204-03_ARDG-XX01_0.pdf,OTHER THAN SHOP MATERIALS,5,1,"Full Coup, ASME B16.11, ASTM A105N Galv. as per ASTM A153, 3000 Lbs, NPTF Ends, -,",CZ2LEZE,1.0,6820-R2-67204-03,6820,
6820-R2-67204-03_ARDG-XX01_0.pdf,OTHER THAN SHOP MATERIALS,7,1/2,"Plug, Solid Round Head Type, ASME B16.11, ASTM A105N Galv. as per ASTM A153, NPTM End, -,",C1NJUHLW,1.0,6820-R2-67204-03,6820,
6820-R2-67204-03_ARDG-XX01_0.pdf,OTHER THAN SHOP MATERIALS,8,1/2,"Gat Fem, MSS SP-80, ASTM B62 UNS C83600,125 Lbs, NPTF Ends, HO,-, Valve Tag: GA-0110",C76KHVWS,2.0,6820-R2-67204-03,6820,
6820-R2-67204-03_ARDG-XX01_0.pdf,PIPE SUPPORTS,9,1,PS433-1,PS433,1.0,6820-R2-67204-03,6820,
6820-R2-67204-03_ARDG-XX01_0.pdf,PIPE SUPPORTS,10,1,PS201-1,PS201,1.0,6820-R2-67204-03,6820,
6820-R2-67204-03_ARDG-XX01_0.pdf,PIPE SUPPORTS,11,1,"PS709-A-22.03-8 TYPE: INSUL THK: SHOP: FIELD: PAINT CODE: MODULE: V Per LDT Per LDT N Y Per LDT - P&ID: 202998C-001-PID-0021-0336 UNIT#: EWP AREA: SPEC: STRESS CALC #: 6800 6820 ARDG-XX01 - LINE No. 1""-R2-67204-ARDG-XX01-N Battleground DRAWING NUMBER REV. 6820-R2-67204-03 *6820-R2-67204-03*",PS709,1.0,6820-R2-67204-03,6820,
6820-R2-67205-01_ARDG-XX01_0.pdf,OTHER THAN SHOP MATERIALS,1,1,"Pipes, Seamless, ASME B36.10, ASTM ' A53 Gr.B Galv. as per ASTM A153, NPTM Ends, w/ coupling, -, S-XS",C6SBR43V,22.3,6820-R2-67205-01,6820,
6820-R2-67205-01_ARDG-XX01_0.pdf,OTHER THAN SHOP MATERIALS,2,1,"90° Elb, ASME B16.11, ASTM A105N Galv. as per ASTM A153, 3000 Lbs, NPTF Ends, -,",C1DMWEK,2.0,6820-R2-67205-01,6820,
6820-R2-67205-01_ARDG-XX01_0.pdf,OTHER THAN SHOP MATERIALS,3,1,"Full Coup, ASME B16.11, ASTM A105N Galv. as per ASTM A153, 3000 Lbs, NPTF Ends, -,",CZ2LEZE,1.0,6820-R2-67205-01,6820,
6820-R2-67205-01_ARDG-XX01_0.pdf,PIPE SUPPORTS,4,1,PS713-D-9.61,PS713,1.0,6820-R2-67205-01,6820,
6820-R2-67205-01_ARDG-XX01_0.pdf,PIPE SUPPORTS,5,1,PS210-1,PS210,3.0,6820-R2-67205-01,6820,
6820-R2-67205-01_ARDG-XX01_0.pdf,PIPE SUPPORTS,6,1,PS401-3-12-1,PS401,1.0,6820-R2-67205-01,6820,
6820-R2-67205-01_ARDG-XX01_0.pdf,PIPE SUPPORTS,7,1,PS713-B-15,PS713,1.0,6820-R2-67205-01,6820,
6820-R2-67205-01_ARDG-XX01_0.pdf,PIPE SUPPORTS,8,1,"PS713-D-9.54 TYPE: INSUL THK: SHOP: FIELD: PAINT CODE: MODULE: V Per LDT Per LDT N Y Per LDT - P&ID: 202998C-001-PID-0021-0336 UNIT#: EWP AREA: SPEC: STRESS CALC #: 6800 6820 ARDG-XX01 - LINE No. 1""-R2-67205-ARDG-XX01-N Battleground DRAWING NUMBER REV. 6820-R2-67205-01 *6820-R2-67205-01*",PS713,1.0,6820-R2-67205-01,6820,
6820-R2-67205-02_ARDG-XX01_0.pdf,OTHER THAN SHOP MATERIALS,1,1,"Pipes, Seamless, ASME B36.10, ASTM ' A53 Gr.B Galv. as per ASTM A153, NPTM Ends, w/ coupling, -, S-XS",C6SBR43V,20.9,6820-R2-67205-02,6820,
6820-R2-67205-02_ARDG-XX01_0.pdf,OTHER THAN SHOP MATERIALS,2,1,"90° Elb, ASME B16.11, ASTM A105N Galv. as per ASTM A153, 3000 Lbs, NPTF Ends, -,",C1DMWEK,1.0,6820-R2-67205-02,6820,
6820-R2-67205-02_ARDG-XX01_0.pdf,OTHER THAN SHOP MATERIALS,3,1,"Full Coup, ASME B16.11, ASTM A105N Galv. as per ASTM A153, 3000 Lbs, NPTF Ends, -,",CZ2LEZE,1.0,6820-R2-67205-02,6820,
6820-R2-67205-02_ARDG-XX01_0.pdf,PIPE SUPPORTS,4,1,PS210-1,PS210,1.0,6820-R2-67205-02,6820,
6820-R2-67205-02_ARDG-XX01_0.pdf,PIPE SUPPORTS,5,1,"PS713-D-9.66 TYPE: INSUL THK: SHOP: FIELD: PAINT CODE: MODULE: V Per LDT Per LDT N Y Per LDT - P&ID: 202998C-001-PID-0021-0336 UNIT#: EWP AREA: SPEC: STRESS CALC #: 6800 6820 ARDG-XX01 - LINE No. 1""-R2-67205-ARDG-XX01-N Battleground DRAWING NUMBER REV. 6820-R2-67205-02 *6820-R2-67205-02*",PS713,1.0,6820-R2-67205-02,6820,
6820-R2-67205-03_ARDG-XX01_0.pdf,OTHER THAN SHOP MATERIALS,1,1,"Pipes, Seamless, ASME B36.10, ASTM ' A53 Gr.B Galv. as per ASTM A153, NPTM Ends, w/ coupling, -, S-XS",C6SBR43V,11.7,6820-R2-67205-03,6820,
6820-R2-67205-03_ARDG-XX01_0.pdf,OTHER THAN SHOP MATERIALS,4,1,"90° Elb, ASME B16.11, ASTM A105N Galv. as per ASTM A153, 3000 Lbs, NPTF Ends, -,",C1DMWEK,3.0,6820-R2-67205-03,6820,
6820-R2-67205-03_ARDG-XX01_0.pdf,PIPE SUPPORTS,3,1,PS433-1,PS433,3.0,6820-R2-67205-03,6820,
6820-R2-67205-03_ARDG-XX01_0.pdf,PIPE SUPPORTS,4,1,PS712-D-20.95,PS712,1.0,6820-R2-67205-03,6820,
6820-R2-67205-03_ARDG-XX01_0.pdf,PIPE SUPPORTS,5,1,PS201-1,PS201,3.0,6820-R2-67205-03,6820,
6820-R2-67205-03_ARDG-XX01_0.pdf,PIPE SUPPORTS,6,1,"PS712-D-9.66 TYPE: INSUL THK: SHOP: FIELD: PAINT CODE: MODULE: V Per LDT Per LDT N Y Per LDT - P&ID: 202998C-001-PID-0021-0336 UNIT#: EWP AREA: SPEC: STRESS CALC #: 6800 6820 ARDG-XX01 - LINE No. 1""-R2-67205-ARDG-XX01-N Battleground DRAWING NUMBER REV. 6820-R2-67205-03 *6820-R2-67205-03*",PS712,2.0,6820-R2-67205-03,6820,
6820-R2-67205-04_ARDG-XX01_0.pdf,OTHER THAN SHOP MATERIALS,1,1,"Pipes, Seamless, ASME B36.10, ASTM ' A53 Gr.B Galv. as per ASTM A153, NPTM Ends, w/ coupling, -, S-XS",C6SBR43V,4.8,6820-R2-67205-04,6820,
6820-R2-67205-04_ARDG-XX01_0.pdf,OTHER THAN SHOP MATERIALS,3,1,"90° Elb, ASME B16.11, ASTM A105N Galv. as per ASTM A153, 3000 Lbs, NPTF Ends, -,",C1DMWEK,1.0,6820-R2-67205-04,6820,
6820-R2-67205-04_ARDG-XX01_0.pdf,OTHER THAN SHOP MATERIALS,4,1,"Full Coup, ASME B16.11, ASTM A105N Galv. as per ASTM A153, 3000 Lbs, NPTF Ends, -,",CZ2LEZE,1.0,6820-R2-67205-04,6820,
6820-R2-67205-04_ARDG-XX01_0.pdf,OTHER THAN SHOP MATERIALS,5,1/2,"Gat Fem, MSS SP-80, ASTM B62 UNS C83600,125 Lbs, NPTF Ends, HO,-, Valve Tag: GA-0110",C76KHVWS,1.0,6820-R2-67205-04,6820,
6820-R2-67205-04_ARDG-XX01_0.pdf,PIPE SUPPORTS,6,1,PS433-1,PS433,1.0,6820-R2-67205-04,6820,
6820-R2-67205-04_ARDG-XX01_0.pdf,PIPE SUPPORTS,7,1,PS718-A-10.84-11.5,PS718,1.0,6820-R2-67205-04,6820,
6820-R2-67205-04_ARDG-XX01_0.pdf,PIPE SUPPORTS,8,1,"PS201-1 TYPE: INSUL THK: SHOP: FIELD: PAINT CODE: MODULE: V Per LDT Per LDT N Y Per LDT - P&ID: 202998C-001-PID-0021-0336 UNIT#: EWP AREA: SPEC: STRESS CALC #: 6800 6820 ARDG-XX01 - LINE No. 1""-R2-67205-ARDG-XX01-N Battleground DRAWING NUMBER REV. 6820-R2-67205-04 *6820-R2-67205-04*",PS201,1.0,6820-R2-67205-04,6820,
6820-R2-67207-01_ARDG-XX01_0.pdf,OTHER THAN SHOP MATERIALS,1,1,"Pipes, Seamless, ASME B36.10, ASTM ' A53 Gr.B Galv. as per ASTM A153, NPTM Ends, w/ coupling, -, S-XS",C6SBR43V,10.1,6820-R2-67207-01,6820,
6820-R2-67207-01_ARDG-XX01_0.pdf,OTHER THAN SHOP MATERIALS,2,1/2,"Pipes, Seamless, ASME B36.10, ASTM ' A53 Gr.B Galv. as per ASTM A153, NPTM Ends, w/ coupling, -, S-XS",C6SBR422,0.7,6820-R2-67207-01,6820,
6820-R2-67207-01_ARDG-XX01_0.pdf,OTHER THAN SHOP MATERIALS,4,1,"90° Elb, ASME B16.11, ASTM A105N Galv. as per ASTM A153, 3000 Lbs, NPTF Ends, -,",C1DMWEK,2.0,6820-R2-67207-01,6820,
6820-R2-67207-01_ARDG-XX01_0.pdf,OTHER THAN SHOP MATERIALS,5,1,"Full Coup, ASME B16.11, ASTM A105N Galv. as per ASTM A153, 3000 Lbs, NPTF Ends, -,",CZ2LEZE,1.0,6820-R2-67207-01,6820,
6820-R2-67207-01_ARDG-XX01_0.pdf,OTHER THAN SHOP MATERIALS,7,1/2,"Plug, Solid Round Head Type, ASME B16.11, ASTM A105N Galv. as per ASTM A153, NPTM End, -,",C1NJUHLW,1.0,6820-R2-67207-01,6820,
6820-R2-67207-01_ARDG-XX01_0.pdf,OTHER THAN SHOP MATERIALS,8,1/2,"Gat Fem, MSS SP-80, ASTM B62 UNS C83600,125 Lbs, NPTF Ends, HO,-, Valve Tag: GA-0110",C76KHVWS,2.0,6820-R2-67207-01,6820,
6820-R2-67207-01_ARDG-XX01_0.pdf,PIPE SUPPORTS,9,1,PS201-1,PS201,1.0,6820-R2-67207-01,6820,
6820-R2-67207-01_ARDG-XX01_0.pdf,PIPE SUPPORTS,10,1,PS712-D-10.22,PS712,1.0,6820-R2-67207-01,6820,
6820-R2-67207-01_ARDG-XX01_0.pdf,PIPE SUPPORTS,11,1,PS433-1,PS433,1.0,6820-R2-67207-01,6820,
6820-R2-67207-01_ARDG-XX01_0.pdf,PIPE SUPPORTS,12,1,PS221-1,PS221,1.0,6820-R2-67207-01,6820,
6820-R2-67207-01_ARDG-XX01_0.pdf,PIPE SUPPORTS,13,1,PS709-A-40-9,PS709,1.0,6820-R2-67207-01,6820,
6820-R2-67207-01_ARDG-XX01_0.pdf,PIPE SUPPORTS,14,1,"PS210-1 TYPE: INSUL THK: SHOP: FIELD: PAINT CODE: MODULE: V Per LDT Per LDT N Y Per LDT - P&ID: 202998C-001-PID-0021-0336 UNIT#: EWP AREA: SPEC: STRESS CALC #: 6800 6820 ARDG-XX01 - LINE No. 1""-R2-67207-ARDG-XX01-N Battleground DRAWING NUMBER REV. 6820-R2-67207-01 *6820-R2-67207-01*",PS210,1.0,6820-R2-67207-01,6820,
6820-R2-67208-01_ARDG-XX01_0.pdf,OTHER THAN SHOP MATERIALS,1,2,"Pipes, Seamless, ASME B36.10, ASTM ' A53 Gr.B Galv. as per ASTM A153, NPTM Ends, w/ coupling, -, S-XS",C8GWJY7T,13.5,6820-R2-67208-01,6820,
6820-R2-67208-01_ARDG-XX01_0.pdf,OTHER THAN SHOP MATERIALS,5,2,"90° Elb, ASME B16.11, ASTM A105N Galv. as per ASTM A153, 3000 Lbs, NPTF Ends, -,",C1DMWEN,3.0,6820-R2-67208-01,6820,
6820-R2-67208-01_ARDG-XX01_0.pdf,OTHER THAN SHOP MATERIALS,6,2,"Gat Fem, MSS SP-80, ASTM B62 UNS C83600,125 Lbs, NPTF Ends, HO,-, Valve Tag: GA-0110",C76KHVWW,1.0,6820-R2-67208-01,6820,
6820-R2-67208-01_ARDG-XX01_0.pdf,PIPE SUPPORTS,7,2,PS712-D-14.41,PS712,1.0,6820-R2-67208-01,6820,
6820-R2-67208-01_ARDG-XX01_0.pdf,PIPE SUPPORTS,8,2,PS433-2,PS433,1.0,6820-R2-67208-01,6820,
6820-R2-67208-01_ARDG-XX01_0.pdf,PIPE SUPPORTS,9,2,"PS201-2 TYPE: INSUL THK: SHOP: FIELD: PAINT CODE: MODULE: V Per LDT Per LDT N Y Per LDT - P&ID: 202998C-001-PID-0021-0336 UNIT#: EWP AREA: SPEC: STRESS CALC #: 6800 6820 ARDG-XX01 - LINE No. 2""-R2-67208-ARDG-XX01-N Battleground DRAWING NUMBER REV. 6820-R2-67208-01 *6820-R2-67208-01*",PS201,1.0,6820-R2-67208-01,6820,
6820-R2-67208-02_ARDG-XX01_0.pdf,OTHER THAN SHOP MATERIALS,1,1,"Pipes, Seamless, ASME B36.10, ASTM ' A53 Gr.B Galv. as per ASTM A153, NPTM Ends, w/ coupling, -, S-XS",C6SBR43V,5.5,6820-R2-67208-02,6820,
6820-R2-67208-02_ARDG-XX01_0.pdf,OTHER THAN SHOP MATERIALS,2,1/2,"Pipes, Seamless, ASME B36.10, ASTM ' A53 Gr.B Galv. as per ASTM A153, NPTM Ends, w/ coupling, -, S-XS",C6SBR422,0.7,6820-R2-67208-02,6820,
6820-R2-67208-02_ARDG-XX01_0.pdf,OTHER THAN SHOP MATERIALS,4,1,"Full Coup, ASME B16.11, ASTM A105N Galv. as per ASTM A153, 3000 Lbs, NPTF Ends, -,",CZ2LEZE,2.0,6820-R2-67208-02,6820,
6820-R2-67208-02_ARDG-XX01_0.pdf,OTHER THAN SHOP MATERIALS,5,1,"90° Elb, ASME B16.11, ASTM A105N Galv. as per ASTM A153, 3000 Lbs, NPTF Ends, -,",C1DMWEK,2.0,6820-R2-67208-02,6820,
6820-R2-67208-02_ARDG-XX01_0.pdf,OTHER THAN SHOP MATERIALS,7,1/2,"Plug, Solid Round Head Type, ASME B16.11, ASTM A105N Galv. as per ASTM A153, NPTM End, -,",C1NJUHLW,1.0,6820-R2-67208-02,6820,
6820-R2-67208-02_ARDG-XX01_0.pdf,OTHER THAN SHOP MATERIALS,8,1/2,"Gat Fem, MSS SP-80, ASTM B62 UNS C83600,125 Lbs, NPTF Ends, HO,-, Valve Tag: GA-0110",C76KHVWS,2.0,6820-R2-67208-02,6820,
6820-R2-67208-02_ARDG-XX01_0.pdf,PIPE SUPPORTS,9,1,PS210-1,PS210,1.0,6820-R2-67208-02,6820,
6820-R2-67208-02_ARDG-XX01_0.pdf,PIPE SUPPORTS,10,1,PS713-A-4.30,PS713,1.0,6820-R2-67208-02,6820,
6820-R2-67208-02_ARDG-XX01_0.pdf,PIPE SUPPORTS,11,1,"PS221-1 TYPE: INSUL THK: SHOP: FIELD: PAINT CODE: MODULE: V Per LDT Per LDT N Y Per LDT - P&ID: 202998C-001-PID-0021-0336 UNIT#: EWP AREA: SPEC: STRESS CALC #: 6800 6820 ARDG-XX01 - LINE No. 1""-R2-67208-ARDG-XX01-N Battleground DRAWING NUMBER REV. 6820-R2-67208-02 *6820-R2-67208-02*",PS221,1.0,6820-R2-67208-02,6820,
6820-R2-67208-03_ARDG-XX01_0.pdf,OTHER THAN SHOP MATERIALS,1,2,"Pipes, Seamless, ASME B36.10, ASTM ' A53 Gr.B Galv. as per ASTM A153, NPTM Ends, w/ coupling, -, S-XS",C8GWJY7T,18.6,6820-R2-67208-03,6820,
6820-R2-67208-03_ARDG-XX01_0.pdf,OTHER THAN SHOP MATERIALS,3,2,"90° Elb, ASME B16.11, ASTM A105N Galv. as per ASTM A153, 3000 Lbs, NPTF Ends, -,",C1DMWEN,1.0,6820-R2-67208-03,6820,
6820-R2-67208-03_ARDG-XX01_0.pdf,PIPE SUPPORTS,4,2,PS712-D-19.19,PS712,1.0,6820-R2-67208-03,6820,
6820-R2-67208-03_ARDG-XX01_0.pdf,PIPE SUPPORTS,5,2,PS201-2,PS201,2.0,6820-R2-67208-03,6820,
6820-R2-67208-03_ARDG-XX01_0.pdf,PIPE SUPPORTS,6,2,PS433-2,PS433,2.0,6820-R2-67208-03,6820,
6820-R2-67208-03_ARDG-XX01_0.pdf,PIPE SUPPORTS,7,2,"PS719-H-6.84-16.57-/ TYPE: INSUL THK: SHOP: FIELD: PAINT CODE: MODULE: V Per LDT Per LDT Y Y Per LDT - P&ID: 202998C-001-PID-0021-0336 UNIT#: EWP AREA: SPEC: STRESS CALC #: 6800 6820 ARDG-XX01 - LINE No. 2""-R2-67208-ARDG-XX01-N Battleground DRAWING NUMBER REV. 6820-R2-67208-03 *6820-R2-67208-03*",PS719,1.0,6820-R2-67208-03,6820,
6820-R2-67209-01_ARDG-XX01_0.pdf,OTHER THAN SHOP MATERIALS,1,1,"Pipes, Seamless, ASME B36.10, ASTM ' A53 Gr.B Galv. as per ASTM A153, NPTM Ends, w/ coupling, -, S-XS",C6SBR43V,34.1,6820-R2-67209-01,6820,
6820-R2-67209-01_ARDG-XX01_0.pdf,OTHER THAN SHOP MATERIALS,4,1,"Full Coup, ASME B16.11, ASTM A105N Galv. as per ASTM A153, 3000 Lbs, NPTF Ends, -,",CZ2LEZE,2.0,6820-R2-67209-01,6820,
6820-R2-67209-01_ARDG-XX01_0.pdf,OTHER THAN SHOP MATERIALS,5,1,"90° Elb, ASME B16.11, ASTM A105N Galv. as per ASTM A153, 3000 Lbs, NPTF Ends, -,",C1DMWEK,5.0,6820-R2-67209-01,6820,
6820-R2-67209-01_ARDG-XX01_0.pdf,OTHER THAN SHOP MATERIALS,6,1/2,"Gat Fem, MSS SP-80, ASTM B62 UNS C83600,125 Lbs, NPTF Ends, HO,-, Valve Tag: GA-0110",C76KHVWS,1.0,6820-R2-67209-01,6820,
6820-R2-67209-01_ARDG-XX01_0.pdf,PIPE SUPPORTS,7,1,PS433-1,PS433,6.0,6820-R2-67209-01,6820,
6820-R2-67209-01_ARDG-XX01_0.pdf,PIPE SUPPORTS,8,1,PS719-B-6.31-16.57-/,PS719,5.0,6820-R2-67209-01,6820,
6820-R2-67209-01_ARDG-XX01_0.pdf,PIPE SUPPORTS,9,1,PS201-1,PS201,6.0,6820-R2-67209-01,6820,
6820-R2-67209-01_ARDG-XX01_0.pdf,PIPE SUPPORTS,10,1,PS719-H-6.31-8.74-/,PS719,1.0,6820-R2-67209-01,6820,
6820-R2-67209-01_ARDG-XX01_0.pdf,PIPE SUPPORTS,11,1,PS715-D-16.27,PS715,1.0,6820-R2-67209-01,6820,
6820-R2-67209-01_ARDG-XX01_0.pdf,PIPE SUPPORTS,12,1,PS221-1,PS221,1.0,6820-R2-67209-01,6820,
6820-R2-67209-01_ARDG-XX01_0.pdf,PIPE SUPPORTS,13,1,"PS210-1 TYPE: INSUL THK: SHOP: FIELD: PAINT CODE: MODULE: V Per LDT Per LDT N Y Per LDT - P&ID: 202998C-001-PID-0021-0336 UNIT#: EWP AREA: SPEC: STRESS CALC #: 6800 6820 ARDG-XX01 - LINE No. 1""-R2-67209-ARDG-XX01-N Battleground DRAWING NUMBER REV. 6820-R2-67209-01 *6820-R2-67209-01*",PS210,1.0,6820-R2-67209-01,6820,
6820-R2-67210-01_ARDG-XX01_0.pdf,OTHER THAN SHOP MATERIALS,1,1,"Pipes, Seamless, ASME B36.10, ASTM ' A53 Gr.B Galv. as per ASTM A153, NPTM Ends, w/ coupling, -, S-XS",C6SBR43V,4.8,6820-R2-67210-01,6820,
6820-R2-67210-01_ARDG-XX01_0.pdf,OTHER THAN SHOP MATERIALS,3,1,"90° Elb, ASME B16.11, ASTM A105N Galv. as per ASTM A153, 3000 Lbs, NPTF Ends, -,",C1DMWEK,1.0,6820-R2-67210-01,6820,
6820-R2-67210-01_ARDG-XX01_0.pdf,OTHER THAN SHOP MATERIALS,4,1,"Full Coup, ASME B16.11, ASTM A105N Galv. as per ASTM A153, 3000 Lbs, NPTF Ends, -,",CZ2LEZE,1.0,6820-R2-67210-01,6820,
6820-R2-67210-01_ARDG-XX01_0.pdf,OTHER THAN SHOP MATERIALS,5,1/2,"Gat Fem, MSS SP-80, ASTM B62 UNS C83600,125 Lbs, NPTF Ends, HO,-, Valve Tag: GA-0110",C76KHVWS,1.0,6820-R2-67210-01,6820,
6820-R2-67210-01_ARDG-XX01_0.pdf,PIPE SUPPORTS,6,1,PS433-1,PS433,1.0,6820-R2-67210-01,6820,
6820-R2-67210-01_ARDG-XX01_0.pdf,PIPE SUPPORTS,7,1,PS201-1,PS201,1.0,6820-R2-67210-01,6820,
6820-R2-67210-01_ARDG-XX01_0.pdf,PIPE SUPPORTS,8,1,"PS718-A-27.98-22.56 TYPE: INSUL THK: SHOP: FIELD: PAINT CODE: MODULE: V Per LDT Per LDT N Y Per LDT - P&ID: 202998C-001-PID-0021-0336 UNIT#: EWP AREA: SPEC: STRESS CALC #: 6800 6820 ARDG-XX01 - LINE No. 1""-R2-67210-ARDG-XX01-N Battleground DRAWING NUMBER REV. 6820-R2-67210-01 *6820-R2-67210-01*",PS718,1.0,6820-R2-67210-01,6820,
6820-R2-67211-01_CTWL-CS01_0..pdf,OTHER THAN SHOP MATERIALS,1,1,"Pipes, Seamless, ASME B36.10, ASTM ' A106 Gr.B Galv. as per ASTM A153, NPTM Ends, w/ coupling, -, S-XS",CPPD3S28,10.8,6820-R2-67211-01,6820,
6820-R2-67211-01_CTWL-CS01_0..pdf,OTHER THAN SHOP MATERIALS,2,3/4,"Pipes, Seamless, ASME B36.10, ASTM ' A106 Gr.B Galv. as per ASTM A153, NPTM Ends, w/ coupling, -, S-XS",CPPD3S1M,1.3,6820-R2-67211-01,6820,
6820-R2-67211-01_CTWL-CS01_0..pdf,OTHER THAN SHOP MATERIALS,4,1,"90° Elb, ASME B16.11, ASTM A105N Galv. as per ASTM A153, 3000 Lbs, NPTF Ends, -,",C1DMWEK,2.0,6820-R2-67211-01,6820,
6820-R2-67211-01_CTWL-CS01_0..pdf,OTHER THAN SHOP MATERIALS,5,3/4,"90° Elb, ASME B16.11, ASTM A105N Galv. as per ASTM A153, 3000 Lbs, NPTF Ends, -,",C1DMWEJ,1.0,6820-R2-67211-01,6820,
6820-R2-67211-01_CTWL-CS01_0..pdf,OTHER THAN SHOP MATERIALS,6,3/4,"Full Coup, ASME B16.11, ASTM A105N Galv. as per ASTM A153, 3000 Lbs, NPTF Ends, -,",CZ2LEZD,1.0,6820-R2-67211-01,6820,
6820-R2-67211-01_CTWL-CS01_0..pdf,OTHER THAN SHOP MATERIALS,7,1,"THD Flg, ASME B16.5, ASTM A105N Galv. as per ASTM A153, 150 Lbs, RF/NPTF End, -,",C1DR2JM,2.0,6820-R2-67211-01,6820,
6820-R2-67211-01_CTWL-CS01_0..pdf,OTHER THAN SHOP MATERIALS,8,1,"NM Flat Gk, Aramid Fiber Reinforced SBR, 150 Lbs, RF as per ASME B16.5, Full Face, Thk=1/8in, -,",C76KHSRZ,2.0,6820-R2-67211-01,6820,
6820-R2-67211-01_CTWL-CS01_0..pdf,OTHER THAN SHOP MATERIALS,9,1/2,"SBlt 2 HHx N, A193 Gr.B7/A194 Gr.2H, -, Xylan PTFE Coated, - 2.75 in. Length",C6S4K87U,8.0,6820-R2-67211-01,6820,
6820-R2-67211-01_CTWL-CS01_0..pdf,OTHER THAN SHOP MATERIALS,10,1,"Plug Flg,SP, Inverted Tapered Plug, Non Lubricated, API 599, ASTM A395 Gr.60-40-18, 150 Lbs, RF, Ends as per ASME B16.5, -, LO,-, -, Valve Tag: PL-0546",C76RJXHV,1.0,6820-R2-67211-01,6820,
6820-R2-67211-01_CTWL-CS01_0..pdf,PIPE SUPPORTS,11,1,PS709-A-28.02-24,PS709,1.0,6820-R2-67211-01,6820,
6820-R2-67211-01_CTWL-CS01_0..pdf,PIPE SUPPORTS,12,1,PS201-1,PS201,1.0,6820-R2-67211-01,6820,
6820-R2-67211-01_CTWL-CS01_0..pdf,PIPE SUPPORTS,13,1,PS433-1,PS433,1.0,6820-R2-67211-01,6820,
6820-R2-67211-01_CTWL-CS01_0..pdf,PIPE SUPPORTS,14,1,PS210-1,PS210,1.0,6820-R2-67211-01,6820,
6820-R2-67211-01_CTWL-CS01_0..pdf,PIPE SUPPORTS,15,1,"PS713-B-24 TYPE: INSUL THK: SHOP: FIELD: PAINT CODE: MODULE: L Per LDT Per LDT N Y Per LDT - P&ID: 202998C-001-PID-0021-0333 UNIT#: EWP AREA: SPEC: STRESS CALC #: 6800 6820 CTWL-CS01 LINE No. 1""-R2-67211-CTWL-CS01-N Battleground DRAWING NUMBER REV. 6820-R2-67211-01 *6820-R2-67211-01*",PS713,1.0,6820-R2-67211-01,6820,
6820-R2-67211-02_CTWL-CS01_0.pdf,OTHER THAN SHOP MATERIALS,1,1,"Pipes, Seamless, ASME B36.10, ASTM ' A106 Gr.B Galv. as per ASTM A153, NPTM Ends, w/ coupling, -, S-XS",CPPD3S28,24.7,6820-R2-67211-02,6820,
6820-R2-67211-02_CTWL-CS01_0.pdf,OTHER THAN SHOP MATERIALS,2,1,"90° Elb, ASME B16.11, ASTM A105N Galv. as per ASTM A153, 3000 Lbs, NPTF Ends, -,",C1DMWEK,4.0,6820-R2-67211-02,6820,
6820-R2-67211-02_CTWL-CS01_0.pdf,PIPE SUPPORTS,3,1,PS201-1,PS201,4.0,6820-R2-67211-02,6820,
6820-R2-67211-02_CTWL-CS01_0.pdf,PIPE SUPPORTS,4,1,PS433-1,PS433,5.0,6820-R2-67211-02,6820,
6820-R2-67211-02_CTWL-CS01_0.pdf,PIPE SUPPORTS,5,1,PS719-H-12-9-/,PS719,1.0,6820-R2-67211-02,6820,
6820-R2-67211-02_CTWL-CS01_0.pdf,PIPE SUPPORTS,6,1,PS712-D-22.2,PS712,1.0,6820-R2-67211-02,6820,
6820-R2-67211-02_CTWL-CS01_0.pdf,PIPE SUPPORTS,7,1,"PS210-1 TYPE: INSUL THK: SHOP: FIELD: PAINT CODE: MODULE: L Per LDT Per LDT N Y Per LDT - P&ID: 202998C-001-PID-0021-0333 UNIT#: EWP AREA: SPEC: STRESS CALC #: 6800 6820 CTWL-CS01 LINE No. 1""-R2-67211-CTWL-CS01-N Battleground DRAWING NUMBER REV. 6820-R2-67211-02 *6820-R2-67211-02*",PS210,1.0,6820-R2-67211-02,6820,
6820-R2-67211-03_CTWL-CS01_0.pdf,OTHER THAN SHOP MATERIALS,1,1,"Pipes, Seamless, ASME B36.10, ASTM ' A106 Gr.B Galv. as per ASTM A153, NPTM Ends, w/ coupling, -, S-XS",CPPD3S28,24.3,6820-R2-67211-03,6820,
6820-R2-67211-03_CTWL-CS01_0.pdf,OTHER THAN SHOP MATERIALS,2,1,"Full Coup, ASME B16.11, ASTM A105N Galv. as per ASTM A153, 3000 Lbs, NPTF Ends, -,",CZ2LEZE,2.0,6820-R2-67211-03,6820,
6820-R2-67211-03_CTWL-CS01_0.pdf,OTHER THAN SHOP MATERIALS,3,1,"90° Elb, ASME B16.11, ASTM A105N Galv. as per ASTM A153, 3000 Lbs, NPTF Ends, -,",C1DMWEK,1.0,6820-R2-67211-03,6820,
6820-R2-67211-03_CTWL-CS01_0.pdf,OTHER THAN SHOP MATERIALS,4,1,"45° Elb, ASME B16.11, ASTM A105N Galv. as per ASTM A153, 3000 Lbs, NPTF Ends, -,",C1DMWEC,2.0,6820-R2-67211-03,6820,
6820-R2-67211-03_CTWL-CS01_0.pdf,PIPE SUPPORTS,5,1,PS201-1,PS201,2.0,6820-R2-67211-03,6820,
6820-R2-67211-03_CTWL-CS01_0.pdf,PIPE SUPPORTS,6,1,PS433-1,PS433,2.0,6820-R2-67211-03,6820,
6820-R2-67211-03_CTWL-CS01_0.pdf,PIPE SUPPORTS,7,1,PS210-1,PS210,1.0,6820-R2-67211-03,6820,
6820-R2-67211-03_CTWL-CS01_0.pdf,PIPE SUPPORTS,8,1,"PS723-H-17 TYPE: INSUL THK: SHOP: FIELD: PAINT CODE: MODULE: L Per LDT Per LDT N Y Per LDT - P&ID: 202998C-001-PID-0021-0333 UNIT#: EWP AREA: SPEC: STRESS CALC #: 6800 6820 CTWL-CS01 LINE No. 1""-R2-67211-CTWL-CS01-N Battleground DRAWING NUMBER REV. 6820-R2-67211-03 *6820-R2-67211-03*",PS723,1.0,6820-R2-67211-03,6820,
6820-R2-67211-04_CTWL-CS01_0..pdf,OTHER THAN SHOP MATERIALS,1,1,"Pipes, Seamless, ASME B36.10, ASTM ' A106 Gr.B Galv. as per ASTM A153, NPTM Ends, w/ coupling, -, S-XS",CPPD3S28,18.1,6820-R2-67211-04,6820,
6820-R2-67211-04_CTWL-CS01_0..pdf,OTHER THAN SHOP MATERIALS,2,1,"90° Elb, ASME B16.11, ASTM A105N Galv. as per ASTM A153, 3000 Lbs, NPTF Ends, -,",C1DMWEK,2.0,6820-R2-67211-04,6820,
6820-R2-67211-04_CTWL-CS01_0..pdf,OTHER THAN SHOP MATERIALS,3,1,"45° Elb, ASME B16.11, ASTM A105N Galv. as per ASTM A153, 3000 Lbs, NPTF Ends, -,",C1DMWEC,1.0,6820-R2-67211-04,6820,
6820-R2-67211-04_CTWL-CS01_0..pdf,OTHER THAN SHOP MATERIALS,4,1,"THD Flg, ASME B16.5, ASTM A105N Galv. as per ASTM A153, 150 Lbs, RF/NPTF End, -,",C1DR2JM,2.0,6820-R2-67211-04,6820,
6820-R2-67211-04_CTWL-CS01_0..pdf,OTHER THAN SHOP MATERIALS,5,1,"NM Flat Gk, Aramid Fiber Reinforced SBR, 150 Lbs, RF as per ASME B16.5, Full Face, Thk=1/8in, -,",C76KHSRZ,2.0,6820-R2-67211-04,6820,
6820-R2-67211-04_CTWL-CS01_0..pdf,OTHER THAN SHOP MATERIALS,6,1/2,"SBlt 2 HHx N, A193 Gr.B7/A194 Gr.2H, -, Xylan PTFE Coated, - 2.75 in. Length",C6S4K87U,8.0,6820-R2-67211-04,6820,
6820-R2-67211-04_CTWL-CS01_0..pdf,OTHER THAN SHOP MATERIALS,7,1,"Plug Flg,SP, Inverted Tapered Plug, Non Lubricated, API 599, ASTM A395 Gr.60-40-18, 150 Lbs, RF, Ends as per ASME B16.5, -, LO,-, -, Valve Tag: PL-0546",C76RJXHV,1.0,6820-R2-67211-04,6820,
6820-R2-67211-04_CTWL-CS01_0..pdf,PIPE SUPPORTS,8,1,PS433-1,PS433,1.0,6820-R2-67211-04,6820,
6820-R2-67211-04_CTWL-CS01_0..pdf,PIPE SUPPORTS,9,1,PS712-D-13,PS712,1.0,6820-R2-67211-04,6820,
6820-R2-67211-04_CTWL-CS01_0..pdf,PIPE SUPPORTS,10,1,PS210-1,PS210,1.0,6820-R2-67211-04,6820,
6820-R2-67211-04_CTWL-CS01_0..pdf,PIPE SUPPORTS,11,1,"PS713-B-16 TYPE: INSUL THK: SHOP: FIELD: PAINT CODE: MODULE: L Per LDT Per LDT N Y Per LDT - P&ID: 202998C-001-PID-0021-0333 UNIT#: EWP AREA: SPEC: STRESS CALC #: 6800 6820 CTWL-CS01 LINE No. 1""-R2-67211-CTWL-CS01-N Battleground DRAWING NUMBER REV. 6820-R2-67211-04 *6820-R2-67211-04*",PS713,1.0,6820-R2-67211-04,6820,
6820-R2-67212-01_CTWL-CS01_0..pdf,OTHER THAN SHOP MATERIALS,1,1,"Pipes, Seamless, ASME B36.10, ASTM ' A106 Gr.B Galv. as per ASTM A153, NPTM Ends, w/ coupling, -, S-XS",CPPD3S28,3.5,6820-R2-67212-01,6820,
6820-R2-67212-01_CTWL-CS01_0..pdf,OTHER THAN SHOP MATERIALS,2,3/4,"Pipes, Seamless, ASME B36.10, ASTM ' A106 Gr.B Galv. as per ASTM A153, NPTM Ends, w/ coupling, -, S-XS",CPPD3S1M,2.1,6820-R2-67212-01,6820,
6820-R2-67212-01_CTWL-CS01_0..pdf,OTHER THAN SHOP MATERIALS,4,1,"90° Elb, ASME B16.11, ASTM A105N Galv. as per ASTM A153, 3000 Lbs, NPTF Ends, -,",C1DMWEK,2.0,6820-R2-67212-01,6820,
6820-R2-67212-01_CTWL-CS01_0..pdf,OTHER THAN SHOP MATERIALS,5,3/4,"90° Elb, ASME B16.11, ASTM A105N Galv. as per ASTM A153, 3000 Lbs, NPTF Ends, -,",C1DMWEJ,1.0,6820-R2-67212-01,6820,
6820-R2-67212-01_CTWL-CS01_0..pdf,OTHER THAN SHOP MATERIALS,6,3/4,"Full Coup, ASME B16.11, ASTM A105N Galv. as per ASTM A153, 3000 Lbs, NPTF Ends, -,",CZ2LEZD,1.0,6820-R2-67212-01,6820,
6820-R2-67212-01_CTWL-CS01_0..pdf,OTHER THAN SHOP MATERIALS,7,1,"THD Flg, ASME B16.5, ASTM A105N Galv. as per ASTM A153, 150 Lbs, RF/NPTF End, -,",C1DR2JM,1.0,6820-R2-67212-01,6820,
6820-R2-67212-01_CTWL-CS01_0..pdf,OTHER THAN SHOP MATERIALS,8,1,"NM Flat Gk, Aramid Fiber Reinforced SBR, 150 Lbs, RF as per ASME B16.5, Full Face, Thk=1/8in, -,",C76KHSRZ,2.0,6820-R2-67212-01,6820,
6820-R2-67212-01_CTWL-CS01_0..pdf,OTHER THAN SHOP MATERIALS,9,1/2,"SBlt 2 HHx N, A193 Gr.B7/A194 Gr.2H, -, Xylan PTFE Coated, - 2.75 in. Length",C6S4K87U,8.0,6820-R2-67212-01,6820,
6820-R2-67212-01_CTWL-CS01_0..pdf,OTHER THAN SHOP MATERIALS,10,1,"Plug Flg,SP, Inverted Tapered Plug, Non Lubricated, API 599, ASTM A395 Gr.60-40-18, 150 Lbs, RF, Ends as per ASME B16.5, -, LO,-, -, Valve Tag: PL-0546",C76RJXHV,1.0,6820-R2-67212-01,6820,
6820-R2-67212-01_CTWL-CS01_0..pdf,PIPE SUPPORTS,11,1,PS201-1,PS201,1.0,6820-R2-67212-01,6820,
6820-R2-67212-01_CTWL-CS01_0..pdf,PIPE SUPPORTS,12,1,PS433-1,PS433,1.0,6820-R2-67212-01,6820,
6820-R2-67212-01_CTWL-CS01_0..pdf,PIPE SUPPORTS,13,1,"PS712-1-15 TYPE: INSUL THK: SHOP: FIELD: PAINT CODE: MODULE: L Per LDT Per LDT N Y Per LDT - P&ID: 202998C-001-PID-0021-0332 UNIT#: EWP AREA: SPEC: STRESS CALC #: 6800 6820 CTWL-CS01 LINE No. 1""-R2-67212-CTWL-CS01-N Battleground DRAWING NUMBER REV. 6820-R2-67212-01 *6820-R2-67212-01*",PS712,1.0,6820-R2-67212-01,6820,
6820-R2-67212-02_CTWL-CS01_0.pdf,OTHER THAN SHOP MATERIALS,1,1,"Pipes, Seamless, ASME B36.10, ASTM ' A106 Gr.B Galv. as per ASTM A153, NPTM Ends, w/ coupling, -, S-XS",CPPD3S28,17.8,6820-R2-67212-02,6820,
6820-R2-67212-02_CTWL-CS01_0.pdf,OTHER THAN SHOP MATERIALS,2,1,"90° Elb, ASME B16.11, ASTM A105N Galv. as per ASTM A153, 3000 Lbs, NPTF Ends, -,",C1DMWEK,3.0,6820-R2-67212-02,6820,
6820-R2-67212-02_CTWL-CS01_0.pdf,OTHER THAN SHOP MATERIALS,3,1,"THD Flg, ASME B16.5, ASTM A105N Galv. as per ASTM A153, 150 Lbs, RF/NPTF End, -,",C1DR2JM,1.0,6820-R2-67212-02,6820,
6820-R2-67212-02_CTWL-CS01_0.pdf,PIPE SUPPORTS,4,1,PS210-1,PS210,1.0,6820-R2-67212-02,6820,
6820-R2-67212-02_CTWL-CS01_0.pdf,PIPE SUPPORTS,5,1,PS713-D-15.3,PS713,1.0,6820-R2-67212-02,6820,
6820-R2-67212-02_CTWL-CS01_0.pdf,PIPE SUPPORTS,6,1,PS221-1,PS221,1.0,6820-R2-67212-02,6820,
6820-R2-67212-02_CTWL-CS01_0.pdf,PIPE SUPPORTS,7,1,PS201-1,PS201,1.0,6820-R2-67212-02,6820,
6820-R2-67212-02_CTWL-CS01_0.pdf,PIPE SUPPORTS,8,1,PS433-1,PS433,1.0,6820-R2-67212-02,6820,
6820-R2-67212-02_CTWL-CS01_0.pdf,PIPE SUPPORTS,9,1,"PS719-H-20.2-8.12-/ TYPE: INSUL THK: SHOP: FIELD: PAINT CODE: MODULE: L Per LDT Per LDT N Y Per LDT - P&ID: 202998C-001-PID-0021-0332 UNIT#: EWP AREA: SPEC: STRESS CALC #: 6800 6820 CTWL-CS01 LINE No. 1""-R2-67212-CTWL-CS01-N Battleground DRAWING NUMBER REV. 6820-R2-67212-02 *6820-R2-67212-02*",PS719,1.0,6820-R2-67212-02,6820,
6820-R2-67212-03_CTWL-CS01_0.pdf,OTHER THAN SHOP MATERIALS,1,1,"Pipes, Seamless, ASME B36.10, ASTM ' A106 Gr.B Galv. as per ASTM A153, NPTM Ends, w/ coupling, -, S-XS",CPPD3S28,20.5,6820-R2-67212-03,6820,
6820-R2-67212-03_CTWL-CS01_0.pdf,OTHER THAN SHOP MATERIALS,2,1,"90° Elb, ASME B16.11, ASTM A105N Galv. as per ASTM A153, 3000 Lbs, NPTF Ends, -,",C1DMWEK,2.0,6820-R2-67212-03,6820,
6820-R2-67212-03_CTWL-CS01_0.pdf,PIPE SUPPORTS,3,1,PS723-H-19,PS723,1.0,6820-R2-67212-03,6820,
6820-R2-67212-03_CTWL-CS01_0.pdf,PIPE SUPPORTS,4,1,PS210-1,PS210,1.0,6820-R2-67212-03,6820,
6820-R2-67212-03_CTWL-CS01_0.pdf,PIPE SUPPORTS,5,1,PS201-1,PS201,2.0,6820-R2-67212-03,6820,
6820-R2-67212-03_CTWL-CS01_0.pdf,PIPE SUPPORTS,6,1,"PS433-1 TYPE: INSUL THK: SHOP: FIELD: PAINT CODE: MODULE: L Per LDT Per LDT N Y Per LDT - P&ID: 202998C-001-PID-0021-0332 UNIT#: EWP AREA: SPEC: STRESS CALC #: 6800 6820 CTWL-CS01 LINE No. 1""-R2-67212-CTWL-CS01-N Battleground DRAWING NUMBER REV. 6820-R2-67212-03 *6820-R2-67212-03*",PS433,2.0,6820-R2-67212-03,6820,
6820-R2-67212-04_CTWL-CS01_0.pdf,OTHER THAN SHOP MATERIALS,1,1,"Pipes, Seamless, ASME B36.10, ASTM ' A106 Gr.B Galv. as per ASTM A153, NPTM Ends, w/ coupling, -, S-XS",CPPD3S28,23.4,6820-R2-67212-04,6820,
6820-R2-67212-04_CTWL-CS01_0.pdf,OTHER THAN SHOP MATERIALS,2,1,"90° Elb, ASME B16.11, ASTM A105N Galv. as per ASTM A153, 3000 Lbs, NPTF Ends, -,",C1DMWEK,3.0,6820-R2-67212-04,6820,
6820-R2-67212-04_CTWL-CS01_0.pdf,OTHER THAN SHOP MATERIALS,3,1,"Full Coup, ASME B16.11, ASTM A105N Galv. as per ASTM A153, 3000 Lbs, NPTF Ends, -,",CZ2LEZE,1.0,6820-R2-67212-04,6820,
6820-R2-67212-04_CTWL-CS01_0.pdf,PIPE SUPPORTS,4,1,PS433-1,PS433,3.0,6820-R2-67212-04,6820,
6820-R2-67212-04_CTWL-CS01_0.pdf,PIPE SUPPORTS,5,1,PS719-H-18-18-/,PS719,1.0,6820-R2-67212-04,6820,
6820-R2-67212-04_CTWL-CS01_0.pdf,PIPE SUPPORTS,6,1,PS201-1,PS201,3.0,6820-R2-67212-04,6820,
6820-R2-67212-04_CTWL-CS01_0.pdf,PIPE SUPPORTS,7,1,PS210-1,PS210,1.0,6820-R2-67212-04,6820,
6820-R2-67212-04_CTWL-CS01_0.pdf,PIPE SUPPORTS,8,1,"PS723-H-17 TYPE: INSUL THK: SHOP: FIELD: PAINT CODE: MODULE: L Per LDT Per LDT N Y Per LDT - P&ID: 202998C-001-PID-0021-0332 UNIT#: EWP AREA: SPEC: STRESS CALC #: 6800 6820 CTWL-CS01 LINE No. 1""-R2-67212-CTWL-CS01-N Battleground DRAWING NUMBER REV. 6820-R2-67212-04 *6820-R2-67212-04*",PS723,1.0,6820-R2-67212-04,6820,
6820-R2-67212-05_CTWL-CS01_0..pdf,OTHER THAN SHOP MATERIALS,1,1,"Pipes, Seamless, ASME B36.10, ASTM ' A106 Gr.B Galv. as per ASTM A153, NPTM Ends, w/ coupling, -, S-XS",CPPD3S28,19.2,6820-R2-67212-05,6820,
6820-R2-67212-05_CTWL-CS01_0..pdf,OTHER THAN SHOP MATERIALS,2,1,"90° Elb, ASME B16.11, ASTM A105N Galv. as per ASTM A153, 3000 Lbs, NPTF Ends, -,",C1DMWEK,3.0,6820-R2-67212-05,6820,
6820-R2-67212-05_CTWL-CS01_0..pdf,OTHER THAN SHOP MATERIALS,3,1,"THD Flg, ASME B16.5, ASTM A105N Galv. as per ASTM A153, 150 Lbs, RF/NPTF End, -,",C1DR2JM,2.0,6820-R2-67212-05,6820,
6820-R2-67212-05_CTWL-CS01_0..pdf,OTHER THAN SHOP MATERIALS,4,1,"NM Flat Gk, Aramid Fiber Reinforced SBR, 150 Lbs, RF as per ASME B16.5, Full Face, Thk=1/8in, -,",C76KHSRZ,2.0,6820-R2-67212-05,6820,
6820-R2-67212-05_CTWL-CS01_0..pdf,OTHER THAN SHOP MATERIALS,5,1/2,"SBlt 2 HHx N, A193 Gr.B7/A194 Gr.2H, -, Xylan PTFE Coated, - 2.75 in. Length",C6S4K87U,8.0,6820-R2-67212-05,6820,
6820-R2-67212-05_CTWL-CS01_0..pdf,OTHER THAN SHOP MATERIALS,6,1,"Plug Flg,SP, Inverted Tapered Plug, Non Lubricated, API 599, ASTM A395 Gr.60-40-18, 150 Lbs, RF, Ends as per ASME B16.5, -, LO,-, -, Valve Tag: PL-0546",C76RJXHV,1.0,6820-R2-67212-05,6820,
6820-R2-67212-05_CTWL-CS01_0..pdf,PIPE SUPPORTS,7,1,PS712-D-24,PS712,1.0,6820-R2-67212-05,6820,
6820-R2-67212-05_CTWL-CS01_0..pdf,PIPE SUPPORTS,8,1,PS433-1,PS433,1.0,6820-R2-67212-05,6820,
6820-R2-67212-05_CTWL-CS01_0..pdf,PIPE SUPPORTS,9,1,PS709-D-10.5-12,PS709,2.0,6820-R2-67212-05,6820,
6820-R2-67212-05_CTWL-CS01_0..pdf,PIPE SUPPORTS,10,1,"PS210-1 TYPE: INSUL THK: SHOP: FIELD: PAINT CODE: MODULE: L Per LDT Per LDT N Y Per LDT - P&ID: 202998C-001-PID-0021-0332 UNIT#: EWP AREA: SPEC: STRESS CALC #: 6800 6820 CTWL-CS01 LINE No. 1""-R2-67212-CTWL-CS01-N Battleground DRAWING NUMBER REV. 6820-R2-67212-05 *6820-R2-67212-05*",PS210,2.0,6820-R2-67212-05,6820,
6820-R2-67213-01_NOHD-SS03_0..pdf,OTHER THAN SHOP MATERIALS,9,1,"NM Flat Gk, Barium Sulfate filled PTFE, 150 Lbs, RF as per ASME B16.5, -, Thk=1/8in, -,",C6S4K87F,2.0,6820-R2-67213-01,6820,
6820-R2-67213-01_NOHD-SS03_0..pdf,OTHER THAN SHOP MATERIALS,10,1/2,"NM Flat Gk, Barium Sulfate filled PTFE, 150 Lbs, RF as per ASME B16.5, -, Thk=1/8in, -,",C76SNTEV,1.0,6820-R2-67213-01,6820,
6820-R2-67213-01_NOHD-SS03_0..pdf,OTHER THAN SHOP MATERIALS,11,1/2,"SBlt 2 HHx N, A193 Gr.B7/A194 Gr.2H, -, Xylan PTFE Coated, - 2.75 in. Length",C6S4K87U,8.0,6820-R2-67213-01,6820,
6820-R2-67213-01_NOHD-SS03_0..pdf,OTHER THAN SHOP MATERIALS,12,1/2,"SBlt 2 HHx N, A193 Gr.B7/A194 Gr.2H, -, Xylan PTFE Coated, - 2.25 in. Length",C6S4K87S,4.0,6820-R2-67213-01,6820,
6820-R2-67213-01_NOHD-SS03_0..pdf,OTHER THAN SHOP MATERIALS,13,1,"Plug Flg,SP, Tapered Plug, Non Lubricated, API 599, ASTM A351 Gr.CF8M, 150 Lbs, RF, Ends as per ASME B16.5, -, LO,-, -, Valve Tag: PL-0548",C76KHSRR,1.0,6820-R2-67213-01,6820,
6820-R2-67213-01_NOHD-SS03_0..pdf,OTHER THAN SHOP MATERIALS,14,1,"Bld Flg, ASME B16.5, ASTM A182 Gr.F304L, 150 Lbs, RF, Annealed,",C7W2U478,1.0,6820-R2-67213-01,6820,
6820-R2-67213-01_NOHD-SS03_0..pdf,PIPE SUPPORTS,15,1,PS201-1-S,PS201,1.0,6820-R2-67213-01,6820,
6820-R2-67213-01_NOHD-SS03_0..pdf,PIPE SUPPORTS,16,1,PS433-1,PS433,1.0,6820-R2-67213-01,6820,
6820-R2-67213-02_NOHD-SS03_0.pdf,OTHER THAN SHOP MATERIALS,5,1,"NM Flat Gk, Barium Sulfate filled PTFE, 150 Lbs, RF as per ASME B16.5, -, Thk=1/8in, -,",C6S4K87F,4.0,6820-R2-67213-02,6820,
6820-R2-67213-02_NOHD-SS03_0.pdf,OTHER THAN SHOP MATERIALS,6,1/2,"SBlt 2 HHx N, A193 Gr.B7/A194 Gr.2H, -, Xylan PTFE Coated, - 2.5 in. Length",C6S4K87T,8.0,6820-R2-67213-02,6820,
6820-R2-67213-02_NOHD-SS03_0.pdf,OTHER THAN SHOP MATERIALS,7,1/2,"SBlt 2 HHx N, A193 Gr.B7/A194 Gr.2H, -, Xylan PTFE Coated, - 2.75 in. Length",C6S4K87U,8.0,6820-R2-67213-02,6820,
6820-R2-67213-02_NOHD-SS03_0.pdf,OTHER THAN SHOP MATERIALS,8,1,"Plug Flg,SP, Tapered Plug, Non Lubricated, API 599, ASTM A351 Gr.CF8M, 150 Lbs, RF, Ends as per ASME B16.5, -, LO,-, -, Valve Tag: PL-0548",C76KHSRR,1.0,6820-R2-67213-02,6820,
6820-R2-67213-02_NOHD-SS03_0.pdf,PIPE SUPPORTS,10,1,PS709-A-37.84-8,PS709,1.0,6820-R2-67213-02,6820,
6820-R2-67213-02_NOHD-SS03_0.pdf,PIPE SUPPORTS,11,1,PS433-1,PS433,1.0,6820-R2-67213-02,6820,
6820-R2-67213-03_NOHD-SS03_0..pdf,OTHER THAN SHOP MATERIALS,5,1,"NM Flat Gk, Barium Sulfate filled PTFE, 150 Lbs, RF as per ASME B16.5, -, Thk=1/8in, -,",C6S4K87F,2.0,6820-R2-67213-03,6820,
6820-R2-67213-03_NOHD-SS03_0..pdf,OTHER THAN SHOP MATERIALS,6,1/2,"SBlt 2 HHx N, A193 Gr.B7/A194 Gr.2H, -, Xylan PTFE Coated, - 2.75 in. Length",C6S4K87U,8.0,6820-R2-67213-03,6820,
6820-R2-67213-03_NOHD-SS03_0..pdf,OTHER THAN SHOP MATERIALS,7,1,"SwgChk Flg, ASME B16.34, ASTM A351 Gr.CF8M,150 Lbs, RF, Ends as per ASME B16.5,-, Valve Tag: CH-0276",C7CXA8BE,1.0,6820-R2-67213-03,6820,
6820-R2-67214-01_CTWL-CS01_0..pdf,OTHER THAN SHOP MATERIALS,1,3,"NM Flat Gk, Aramid Fiber Reinforced SBR, 150 Lbs, RF as per ASME B16.5, Full Face, Thk=1/8in, -,",C76KHSS5,3.0,6820-R2-67214-01,6820,
6820-R2-67214-01_CTWL-CS01_0..pdf,OTHER THAN SHOP MATERIALS,2,5/8,"SBlt 2 HHx N, A193 Gr.B7/A194 Gr.2H, -, Xylan PTFE Coated, - 3.75 in. Length",C6S4K88S,4.0,6820-R2-67214-01,6820,
6820-R2-67214-01_CTWL-CS01_0..pdf,OTHER THAN SHOP MATERIALS,3,5/8,"SBlt 2 HHx N, A193 Gr.B7/A194 Gr.2H, -, Xylan PTFE Coated, - 6 in. Length",C6S4K891,4.0,6820-R2-67214-01,6820,
6820-R2-67214-01_CTWL-CS01_0..pdf,OTHER THAN SHOP MATERIALS,4,3,"Plug Flg,SP, Inverted Tapered Plug, Non Lubricated, API 599, ASTM A395 Gr.60-40-18, 150 Lbs, RF, Ends as per ASME B16.5, -, LO,-, -, Valve Tag: PL-0546",C76RJXHR,1.0,6820-R2-67214-01,6820,
6820-R2-67216-01_ARWW-XX01_0..pdf,OTHER THAN SHOP MATERIALS,1,2,"Pipes, Seamless, ASME B36.10, ASTM ' A53 Gr.B Galv. as per ASTM A153, NPTM Ends, w/ coupling, -, S-XS",C8GWJY7T,75.7,6820-R2-67216-01,6820,
6820-R2-67216-01_ARWW-XX01_0..pdf,OTHER THAN SHOP MATERIALS,5,2,"90° Elb, ASME B16.11, ASTM A105N Galv. as per ASTM A153, 3000 Lbs, NPTF Ends, -,",C1DMWEN,4.0,6820-R2-67216-01,6820,
6820-R2-67216-01_ARWW-XX01_0..pdf,OTHER THAN SHOP MATERIALS,6,2,"45° Elb, ASME B16.11, ASTM A105N Galv. as per ASTM A153, 3000 Lbs, NPTF Ends, -,",C1DMWEF,1.0,6820-R2-67216-01,6820,
6820-R2-67216-01_ARWW-XX01_0..pdf,OTHER THAN SHOP MATERIALS,7,2,"Full Coup, ASME B16.11, ASTM A105N Galv. as per ASTM A153, 3000 Lbs, NPTF Ends, -,",CZ2LEZH,1.0,6820-R2-67216-01,6820,
6820-R2-67216-01_ARWW-XX01_0..pdf,OTHER THAN SHOP MATERIALS,8,2,"THD Flg, ASME B16.5, ASTM A105N Galv. as per ASTM A153, 150 Lbs, RF/NPTF End, -,",C1DR2JR,3.0,6820-R2-67216-01,6820,
6820-R2-67216-01_ARWW-XX01_0..pdf,OTHER THAN SHOP MATERIALS,10,2,"NM Flat Gk, Aramid Fiber Reinforced SBR, 150 Lbs, RF as per ASME B16.5, -, Thk=1/8in, -,",C7SM1YGR,3.0,6820-R2-67216-01,6820,
6820-R2-67216-01_ARWW-XX01_0..pdf,OTHER THAN SHOP MATERIALS,12,5/8,"SBlt 2 HHx N, A193 Gr.B7/A194 Gr.2H, -, Xylan PTFE Coated, - 3.5 in. Length",C6S4K88R,12.0,6820-R2-67216-01,6820,
6820-R2-67216-01_ARWW-XX01_0..pdf,OTHER THAN SHOP MATERIALS,13,1/2,"SBlt 2 HHx N, A193 Gr.B7/A194 Gr.2H, -, Xylan PTFE Coated, - 3 in. Length",C6S4K87V,4.0,6820-R2-67216-01,6820,
6820-R2-67216-01_ARWW-XX01_0..pdf,OTHER THAN SHOP MATERIALS,14,2,"Bal Flg,RB,SP, API 608, ASTM A216 Gr.WCB,150 Lbs, RF, Ends as per ASME B16.5,-, LO,-, Valve Tag: BA-1035",C7J6DK24,1.0,6820-R2-67216-01,6820,
6820-R2-67216-01_ARWW-XX01_0..pdf,PIPE SUPPORTS,15,2,PS719-H-18.01-10.29-/,PS719,1.0,6820-R2-67216-01,6820,
6820-R2-67216-01_ARWW-XX01_0..pdf,PIPE SUPPORTS,16,2,PS433-2,PS433,7.0,6820-R2-67216-01,6820,
6820-R2-67216-01_ARWW-XX01_0..pdf,PIPE SUPPORTS,17,2,PS201-2,PS201,7.0,6820-R2-67216-01,6820,
6820-R2-67216-01_ARWW-XX01_0..pdf,PIPE SUPPORTS,18,2,PS210-2,PS210,1.0,6820-R2-67216-01,6820,
6820-R2-67216-01_ARWW-XX01_0..pdf,PIPE SUPPORTS,19,2,"PS418-1-11-6-4 TYPE: INSUL THK: SHOP: FIELD: PAINT CODE: MODULE: V Per LDT Per LDT N Y Per LDT - P&ID: 202998C-001-PID-0031-0967 UNIT#: EWP AREA: SPEC: STRESS CALC #: 6800 6820 ARWW-XX01 - LINE No. 2""-R2-67216-ARWW-XX01-N Battleground DRAWING NUMBER REV. 6820-R2-67216-01 *6820-R2-67216-01*",PS418,1.0,6820-R2-67216-01,6820,
6820-R2-67216-02_ARWW-XX01_0..pdf,OTHER THAN SHOP MATERIALS,1,2,"Pipes, Seamless, ASME B36.10, ASTM ' A53 Gr.B Galv. as per ASTM A153, NPTM Ends, w/ coupling, -, S-XS",C8GWJY7T,52.4,6820-R2-67216-02,6820,
6820-R2-67216-02_ARWW-XX01_0..pdf,OTHER THAN SHOP MATERIALS,3,1,"Pipes, Seamless, ASME B36.10, ASTM ' A53 Gr.B Galv. as per ASTM A153, NPTM Ends, w/ coupling, -, S-XS",C6SBR43V,0.3,6820-R2-67216-02,6820,
6820-R2-67216-02_ARWW-XX01_0..pdf,OTHER THAN SHOP MATERIALS,7,2,"Full Coup, ASME B16.11, ASTM A105N Galv. as per ASTM A153, 3000 Lbs, NPTF Ends, -,",CZ2LEZH,2.0,6820-R2-67216-02,6820,
6820-R2-67216-02_ARWW-XX01_0..pdf,OTHER THAN SHOP MATERIALS,8,2,"THD Flg, ASME B16.5, ASTM A105N Galv. as per ASTM A153, 150 Lbs, RF/NPTF End, -,",C1DR2JR,1.0,6820-R2-67216-02,6820,
6820-R2-67216-02_ARWW-XX01_0..pdf,OTHER THAN SHOP MATERIALS,10,1,"THD Flg, ASME B16.5, ASTM A105N Galv. as per ASTM A153, 150 Lbs, RF/NPTF End, -,",C1DR2JM,1.0,6820-R2-67216-02,6820,
6820-R2-67216-02_ARWW-XX01_0..pdf,OTHER THAN SHOP MATERIALS,11,2,"NM Flat Gk, Aramid Fiber Reinforced SBR, 150 Lbs, RF as per ASME B16.5, -, Thk=1/8in, -,",C7SM1YGR,1.0,6820-R2-67216-02,6820,
6820-R2-67216-02_ARWW-XX01_0..pdf,OTHER THAN SHOP MATERIALS,13,1,"NM Flat Gk, Aramid Fiber Reinforced SBR, 150 Lbs, RF as per ASME B16.5, -, Thk=1/8in, -,",C7SM1YGM,2.0,6820-R2-67216-02,6820,
6820-R2-67216-02_ARWW-XX01_0..pdf,OTHER THAN SHOP MATERIALS,14,5/8,"SBlt 2 HHx N, A193 Gr.B7/A194 Gr.2H, -, Xylan PTFE Coated, - 3.5 in. Length",C6S4K88R,4.0,6820-R2-67216-02,6820,
6820-R2-67216-02_ARWW-XX01_0..pdf,OTHER THAN SHOP MATERIALS,15,1/2,"SBlt 2 HHx N, A193 Gr.B7/A194 Gr.2H, -, Xylan PTFE Coated, - 3 in. Length",C6S4K87V,4.0,6820-R2-67216-02,6820,
6820-R2-67216-02_ARWW-XX01_0..pdf,OTHER THAN SHOP MATERIALS,16,1/2,"SBlt 2 HHx N, A193 Gr.B7/A194 Gr.2H, -, Xylan PTFE Coated, - 2.75 in. Length",C6S4K87U,8.0,6820-R2-67216-02,6820,
6820-R2-67216-02_ARWW-XX01_0..pdf,OTHER THAN SHOP MATERIALS,17,2,"Bld Flg, ASME B16.5, ASTM A105N Galv. as per ASTM A153, 150 Lbs, RF, -,",C1DR2JY,1.0,6820-R2-67216-02,6820,
6820-R2-67216-02_ARWW-XX01_0..pdf,OTHER THAN SHOP MATERIALS,18,1,"Bal Flg,RB,SP, API 608, ASTM A216 Gr.WCB,150 Lbs, RF, Ends as per ASME B16.5,-, LO,-, Valve Tag: BA-1035",C7J6DK21,1.0,6820-R2-67216-02,6820,
6820-R2-67216-02_ARWW-XX01_0..pdf,OTHER THAN SHOP MATERIALS,19,1,"Bld Flg, ASME B16.5, ASTM A105N Galv. as per ASTM A153, 150 Lbs, RF, -,",C1DR2JV,1.0,6820-R2-67216-02,6820,
6820-R2-67216-02_ARWW-XX01_0..pdf,PIPE SUPPORTS,20,2,PS433-2,PS433,6.0,6820-R2-67216-02,6820,
6820-R2-67216-02_ARWW-XX01_0..pdf,PIPE SUPPORTS,21,2,"PS201-2 TYPE: INSUL THK: SHOP: FIELD: PAINT CODE: MODULE: V Per LDT Per LDT N Y Per LDT - P&ID: 202998C-001-PID-0031-0967 UNIT#: EWP AREA: SPEC: STRESS CALC #: 6800 6820 ARWW-XX01 - LINE No. 2""-R2-67216-ARWW-XX01-N Battleground DRAWING NUMBER REV. 6820-R2-67216-02 *6820-R2-67216-02*",PS201,6.0,6820-R2-67216-02,6820,
6820-R2-67216-03_ARWW-XX01_1.pdf,OTHER THAN SHOP MATERIALS,1,2,"Pipes, Seamless, ASME B36.10, ASTM ' A53 Gr.B Galv. as per ASTM A153, NPTM Ends, w/ coupling, -, S-XS",C8GWJY7T,51.7,6820-R2-67216-03,6820,
6820-R2-67216-03_ARWW-XX01_1.pdf,OTHER THAN SHOP MATERIALS,2,2,"90° Elb, ASME B16.11, ASTM A105N Galv. as per ASTM A153, 3000 Lbs, NPTF Ends, -,",C1DMWEN,4.0,6820-R2-67216-03,6820,
6820-R2-67216-03_ARWW-XX01_1.pdf,OTHER THAN SHOP MATERIALS,3,2,"Full Coup, ASME B16.11, ASTM A105N Galv. as per ASTM A153, 3000 Lbs, NPTF Ends, -,",CZ2LEZH,2.0,6820-R2-67216-03,6820,
6820-R2-67216-03_ARWW-XX01_1.pdf,OTHER THAN SHOP MATERIALS,4,2,"Plug Fem,RgP, Tapered Plug, Non Lubricated, API 599, ASTM A395 Gr.60-40-18, 300 Lbs, NPTF Ends, Ends as per ASME B16.11,-, LO, -, Valve Tag: PL-0545",C76S9AH4,1.0,6820-R2-67216-03,6820,
6820-R2-67216-03_ARWW-XX01_1.pdf,OTHER THAN SHOP MATERIALS,5,2,"SwgChk Y Fem,MSS SP-80,ASTM B61 UNS C92200,NPTF Ends,200 Lbs, Valve Tag: CH-0171",C766B01H,1.0,6820-R2-67216-03,6820,
6820-R2-67216-03_ARWW-XX01_1.pdf,PIPE SUPPORTS,6,2,PS712-D-15.13,PS712,1.0,6820-R2-67216-03,6820,
6820-R2-67216-03_ARWW-XX01_1.pdf,PIPE SUPPORTS,7,2,PS433-2,PS433,6.0,6820-R2-67216-03,6820,
6820-R2-67216-03_ARWW-XX01_1.pdf,PIPE SUPPORTS,8,2,"PS201-2 TYPE: INSUL THK: SHOP: FIELD: PAINT CODE: MODULE: V Per LDT Per LDT N Y Per LDT - P&ID: 202998C-001-PID-0031-0967 UNIT#: EWP AREA: SPEC: STRESS CALC #: 6800 6820 ARWW-XX01 - LINE No. 2""-R2-67216-ARWW-XX01-N Battleground DRAWING NUMBER REV. 6820-R2-67216-03 *6820-R2-67216-03*",PS201,6.0,6820-R2-67216-03,6820,
6820-R2-67216-04_ARWW-XX01_0..pdf,OTHER THAN SHOP MATERIALS,1,2,"Pipes, Seamless, ASME B36.10, ASTM ' A53 Gr.B Galv. as per ASTM A153, NPTM Ends, w/ coupling, -, S-XS",C8GWJY7T,52.0,6820-R2-67216-04,6820,
6820-R2-67216-04_ARWW-XX01_0..pdf,OTHER THAN SHOP MATERIALS,3,1,"Pipes, Seamless, ASME B36.10, ASTM ' A53 Gr.B Galv. as per ASTM A153, NPTM Ends, w/ coupling, -, S-XS",C6SBR43V,0.4,6820-R2-67216-04,6820,
6820-R2-67216-04_ARWW-XX01_0..pdf,OTHER THAN SHOP MATERIALS,8,2,"THD Flg, ASME B16.5, ASTM A105N Galv. as per ASTM A153, 150 Lbs, RF/NPTF End, -,",C1DR2JR,1.0,6820-R2-67216-04,6820,
6820-R2-67216-04_ARWW-XX01_0..pdf,OTHER THAN SHOP MATERIALS,10,1,"THD Flg, ASME B16.5, ASTM A105N Galv. as per ASTM A153, 150 Lbs, RF/NPTF End, -,",C1DR2JM,1.0,6820-R2-67216-04,6820,
6820-R2-67216-04_ARWW-XX01_0..pdf,OTHER THAN SHOP MATERIALS,11,2,"NM Flat Gk, Aramid Fiber Reinforced SBR, 150 Lbs, RF as per ASME B16.5, -, Thk=1/8in, -,",C7SM1YGR,1.0,6820-R2-67216-04,6820,
6820-R2-67216-04_ARWW-XX01_0..pdf,OTHER THAN SHOP MATERIALS,13,1,"NM Flat Gk, Aramid Fiber Reinforced SBR, 150 Lbs, RF as per ASME B16.5, -, Thk=1/8in, -,",C7SM1YGM,2.0,6820-R2-67216-04,6820,
6820-R2-67216-04_ARWW-XX01_0..pdf,OTHER THAN SHOP MATERIALS,14,5/8,"SBlt 2 HHx N, A193 Gr.B7/A194 Gr.2H, -, Xylan PTFE Coated, - 3.5 in. Length",C6S4K88R,4.0,6820-R2-67216-04,6820,
6820-R2-67216-04_ARWW-XX01_0..pdf,OTHER THAN SHOP MATERIALS,15,1/2,"SBlt 2 HHx N, A193 Gr.B7/A194 Gr.2H, -, Xylan PTFE Coated, - 3 in. Length",C6S4K87V,12.0,6820-R2-67216-04,6820,
6820-R2-67216-04_ARWW-XX01_0..pdf,OTHER THAN SHOP MATERIALS,16,1/2,"SBlt 2 HHx N, A193 Gr.B7/A194 Gr.2H, -, Xylan PTFE Coated, - 2.75 in. Length",C6S4K87U,8.0,6820-R2-67216-04,6820,
6820-R2-67216-04_ARWW-XX01_0..pdf,OTHER THAN SHOP MATERIALS,17,2,"Bld Flg, ASME B16.5, ASTM A105N Galv. as per ASTM A153, 150 Lbs, RF, -,",C1DR2JY,1.0,6820-R2-67216-04,6820,
6820-R2-67216-04_ARWW-XX01_0..pdf,OTHER THAN SHOP MATERIALS,18,1,"Bal Flg,RB,SP, API 608, ASTM A216 Gr.WCB,150 Lbs, RF, Ends as per ASME B16.5,-, LO,-, Valve Tag: BA-1035",C7J6DK21,1.0,6820-R2-67216-04,6820,
6820-R2-67216-04_ARWW-XX01_0..pdf,OTHER THAN SHOP MATERIALS,19,1,"Bld Flg, ASME B16.5, ASTM A105N Galv. as per ASTM A153, 150 Lbs, RF, -,",C1DR2JV,1.0,6820-R2-67216-04,6820,
6820-R2-67216-04_ARWW-XX01_0..pdf,PIPE SUPPORTS,20,2,PS201-2,PS201,6.0,6820-R2-67216-04,6820,
6820-R2-67216-04_ARWW-XX01_0..pdf,PIPE SUPPORTS,21,2,"PS433-2 TYPE: INSUL THK: SHOP: FIELD: PAINT CODE: MODULE: V Per LDT Per LDT N Y Per LDT - P&ID: 202998C-001-PID-0031-0967 UNIT#: EWP AREA: SPEC: STRESS CALC #: 6800 6820 ARWW-XX01 - LINE No. 2""-R2-67216-ARWW-XX01-N Battleground DRAWING NUMBER REV. 6820-R2-67216-04 *6820-R2-67216-04*",PS433,6.0,6820-R2-67216-04,6820,
6820-R2-67216-05_ARWW-XX01_0.pdf,OTHER THAN SHOP MATERIALS,1,2,"Pipes, Seamless, ASME B36.10, ASTM ' A53 Gr.B Galv. as per ASTM A153, NPTM Ends, w/ coupling, -, S-XS",C8GWJY7T,26.9,6820-R2-67216-05,6820,
6820-R2-67216-05_ARWW-XX01_0.pdf,OTHER THAN SHOP MATERIALS,2,2,"45° Elb, ASME B16.11, ASTM A105N Galv. as per ASTM A153, 3000 Lbs, NPTF Ends, -,",C1DMWEF,2.0,6820-R2-67216-05,6820,
6820-R2-67216-05_ARWW-XX01_0.pdf,OTHER THAN SHOP MATERIALS,3,2,"Full Coup, ASME B16.11, ASTM A105N Galv. as per ASTM A153, 3000 Lbs, NPTF Ends, -,",CZ2LEZH,1.0,6820-R2-67216-05,6820,
6820-R2-67216-05_ARWW-XX01_0.pdf,OTHER THAN SHOP MATERIALS,4,2,"90° Elb, ASME B16.11, ASTM A105N Galv. as per ASTM A153, 3000 Lbs, NPTF Ends, -,",C1DMWEN,2.0,6820-R2-67216-05,6820,
6820-R2-67216-05_ARWW-XX01_0.pdf,PIPE SUPPORTS,5,2,PS433-2,PS433,3.0,6820-R2-67216-05,6820,
6820-R2-67216-05_ARWW-XX01_0.pdf,PIPE SUPPORTS,6,2,"PS201-2 TYPE: INSUL THK: SHOP: FIELD: PAINT CODE: MODULE: V Per LDT Per LDT N Y Per LDT - P&ID: 202998C-001-PID-0031-0967 UNIT#: EWP AREA: SPEC: STRESS CALC #: 6800 6820 ARWW-XX01 - LINE No. 2""-R2-67216-ARWW-XX01-N Battleground DRAWING NUMBER REV. 6820-R2-67216-05 *6820-R2-67216-05*",PS201,3.0,6820-R2-67216-05,6820,
6820-R2-67216-06_ARWW-XX01_0..pdf,OTHER THAN SHOP MATERIALS,1,2,"Pipes, Seamless, ASME B36.10, ASTM ' A53 Gr.B Galv. as per ASTM A153, NPTM Ends, w/ coupling, -, S-XS",C8GWJY7T,11.8,6820-R2-67216-06,6820,
6820-R2-67216-06_ARWW-XX01_0..pdf,OTHER THAN SHOP MATERIALS,4,2,"THD Flg, ASME B16.5, ASTM A105N Galv. as per ASTM A153, 150 Lbs, RF/NPTF End, -,",C1DR2JR,1.0,6820-R2-67216-06,6820,
6820-R2-67216-06_ARWW-XX01_0..pdf,OTHER THAN SHOP MATERIALS,6,2,"NM Flat Gk, Aramid Fiber Reinforced SBR, 150 Lbs, RF as per ASME B16.5, -, Thk=1/8in, -,",C7SM1YGR,1.0,6820-R2-67216-06,6820,
6820-R2-67216-06_ARWW-XX01_0..pdf,OTHER THAN SHOP MATERIALS,8,5/8,"SBlt 2 HHx N, A193 Gr.B7/A194 Gr.2H, -, Xylan PTFE Coated, - 3.5 in. Length",C6S4K88R,4.0,6820-R2-67216-06,6820,
6820-R2-67216-06_ARWW-XX01_0..pdf,OTHER THAN SHOP MATERIALS,9,1/2,"SBlt 2 HHx N, A193 Gr.B7/A194 Gr.2H, -, Xylan PTFE Coated, - 3 in. Length",C6S4K87V,8.0,6820-R2-67216-06,6820,
6820-R2-67216-06_ARWW-XX01_0..pdf,OTHER THAN SHOP MATERIALS,10,2,"Bld Flg, ASME B16.5, ASTM A105N Galv. as per ASTM A153, 150 Lbs, RF, -,",C1DR2JY,1.0,6820-R2-67216-06,6820,
6820-R2-67216-06_ARWW-XX01_0..pdf,PIPE SUPPORTS,11,2,PS201-2,PS201,2.0,6820-R2-67216-06,6820,
6820-R2-67216-06_ARWW-XX01_0..pdf,PIPE SUPPORTS,12,2,"PS433-2 TYPE: INSUL THK: SHOP: FIELD: PAINT CODE: MODULE: V Per LDT Per LDT N Y Per LDT - P&ID: 202998C-001-PID-0031-0967 UNIT#: EWP AREA: SPEC: STRESS CALC #: 6800 6820 ARWW-XX01 - LINE No. 2""-R2-67216-ARWW-XX01-N Battleground DRAWING NUMBER REV. 6820-R2-67216-06 *6820-R2-67216-06*",PS433,2.0,6820-R2-67216-06,6820,
6820-R2-67216-06_ARWW-XX01_0.pdf,OTHER THAN SHOP MATERIALS,1,2,"Pipes, Seamless, ASME B36.10, ASTM ' A53 Gr.B Galv. as per ASTM A153, NPTM Ends, w/ coupling, -, S-XS",C8GWJY7T,11.8,6820-R2-67216-06,6820,
6820-R2-67216-06_ARWW-XX01_0.pdf,OTHER THAN SHOP MATERIALS,4,2,"THD Flg, ASME B16.5, ASTM A105N Galv. as per ASTM A153, 150 Lbs, RF/NPTF End, -,",C1DR2JR,1.0,6820-R2-67216-06,6820,
6820-R2-67216-06_ARWW-XX01_0.pdf,OTHER THAN SHOP MATERIALS,6,2,"NM Flat Gk, Aramid Fiber Reinforced SBR, 150 Lbs, RF as per ASME B16.5, -, Thk=1/8in, -,",C7SM1YGR,1.0,6820-R2-67216-06,6820,
6820-R2-67216-06_ARWW-XX01_0.pdf,OTHER THAN SHOP MATERIALS,8,5/8,"SBlt 2 HHx N, A193 Gr.B7/A194 Gr.2H, -, Xylan PTFE Coated, - 3.5 in. Length",C6S4K88R,4.0,6820-R2-67216-06,6820,
6820-R2-67216-06_ARWW-XX01_0.pdf,OTHER THAN SHOP MATERIALS,9,1/2,"SBlt 2 HHx N, A193 Gr.B7/A194 Gr.2H, -, Xylan PTFE Coated, - 3 in. Length",C6S4K87V,8.0,6820-R2-67216-06,6820,
6820-R2-67216-06_ARWW-XX01_0.pdf,OTHER THAN SHOP MATERIALS,10,2,"Bld Flg, ASME B16.5, ASTM A105N Galv. as per ASTM A153, 150 Lbs, RF, -,",C1DR2JY,1.0,6820-R2-67216-06,6820,
6820-R2-67216-06_ARWW-XX01_0.pdf,PIPE SUPPORTS,11,2,PS201-2,PS201,2.0,6820-R2-67216-06,6820,
6820-R2-67216-06_ARWW-XX01_0.pdf,PIPE SUPPORTS,12,2,"PS433-2 TYPE: INSUL THK: SHOP: FIELD: PAINT CODE: MODULE: V Per LDT Per LDT N Y Per LDT - P&ID: 202998C-001-PID-0031-0967 UNIT#: EWP AREA: SPEC: STRESS CALC #: 6800 6820 ARWW-XX01 - LINE No. 2""-R2-67216-ARWW-XX01-N Battleground DRAWING NUMBER REV. 6820-R2-67216-06 *6820-R2-67216-06*",PS433,2.0,6820-R2-67216-06,6820,
6820-R2-67218-02_ARWW-CS01_0.pdf,OTHER THAN SHOP MATERIALS,6,1,"Plug, Solid Round Head Type, ASME B16.11, ASTM A105N, NPTM End, -,",CBBPLK4,1.0,6820-R2-67218-02,6820,
6820-R2-67218-02_ARWW-CS01_0.pdf,OTHER THAN SHOP MATERIALS,8,1,"Plug Fem,RgP, Tapered Plug, Non Lubricated, API 599, ASTM A395 Gr.60-40-18, 300 Lbs, NPTF Ends, Ends as per ASME B16.11,-, LO, -, Valve Tag: PL-0545",C76N9VBG,3.0,6820-R2-67218-02,6820,
6820-R2-67218-02_ARWW-CS01_0.pdf,PIPE SUPPORTS,9,1,PS221-1,PS221,1.0,6820-R2-67218-02,6820,
6820-R2-67218-02_ARWW-CS01_0.pdf,PIPE SUPPORTS,10,1,PS210-1,PS210,1.0,6820-R2-67218-02,6820,
6820-R2-67219-02_ARWW-CS01_0.pdf,OTHER THAN SHOP MATERIALS,9,1,"Plug, Solid Round Head Type, ASME B16.11, ASTM A105N, NPTM End, -,",CBBPLK4,1.0,6820-R2-67219-02,6820,
6820-R2-67219-02_ARWW-CS01_0.pdf,OTHER THAN SHOP MATERIALS,11,1,"Plug Fem,RgP, Tapered Plug, Non Lubricated, API 599, ASTM A395 Gr.60-40-18, 300 Lbs, NPTF Ends, Ends as per ASME B16.11,-, LO, -, Valve Tag: PL-0545",C76N9VBG,3.0,6820-R2-67219-02,6820,
6820-R2-67219-02_ARWW-CS01_0.pdf,PIPE SUPPORTS,14,1,PS210-1,PS210,1.0,6820-R2-67219-02,6820,
6820-R2-67220-01_ARWW-CS01_0.pdf,PIPE SUPPORTS,10,1,PS721-H-7.5-23.2-/,PS721,1.0,6820-R2-67220-01,6820,
6820-R2-67220-01_ARWW-CS01_0.pdf,PIPE SUPPORTS,11,1,PS433-1,PS433,1.0,6820-R2-67220-01,6820,
6820-R2-67220-01_ARWW-CS01_0.pdf,PIPE SUPPORTS,12,1,PS201-1,PS201,1.0,6820-R2-67220-01,6820,
6820-R2-67220-02_ARWW-CS01_0.pdf,OTHER THAN SHOP MATERIALS,7,1,"Plug, Solid Round Head Type, ASME B16.11, ASTM A105N, NPTM End, -,",CBBPLK4,1.0,6820-R2-67220-02,6820,
6820-R2-67220-02_ARWW-CS01_0.pdf,OTHER THAN SHOP MATERIALS,9,1,"Plug Fem,RgP, Tapered Plug, Non Lubricated, API 599, ASTM A395 Gr.60-40-18, 300 Lbs, NPTF Ends, Ends as per ASME B16.11,-, LO, -, Valve Tag: PL-0545",C76N9VBG,3.0,6820-R2-67220-02,6820,
6820-R2-67220-02_ARWW-CS01_0.pdf,PIPE SUPPORTS,10,1,PS731-4-24-18.8,PS731,1.0,6820-R2-67220-02,6820,
6820-R2-67220-02_ARWW-CS01_0.pdf,PIPE SUPPORTS,11,1,PS210-1,PS210,2.0,6820-R2-67220-02,6820,
6820-R2-67220-02_ARWW-CS01_0.pdf,PIPE SUPPORTS,12,1,PS221-1,PS221,2.0,6820-R2-67220-02,6820,
6820-R2-67221-02_SIPG-CS01_0..pdf,OTHER THAN SHOP MATERIALS,3,24,"SW Gk, AISI 304/Graphite, 300 Lbs, RF as per ASME B16.5, Thk=1/8in, -, -,",CGKFEG67,1.0,6820-R2-67221-02,6820,
6820-R2-67221-03_SIPG-CS01_0.pdf,OTHER THAN SHOP MATERIALS,8,24,"SW Gk, AISI 304/Graphite, 300 Lbs, RF as per ASME B16.5, Thk=1/8in, -, -,",CGKFEG67,3.0,6820-R2-67221-03,6820,
6820-R2-67221-03_SIPG-CS01_0.pdf,OTHER THAN SHOP MATERIALS,11,3/4,"SBlt 2 HHx N, A193 Gr.B7/A194 Gr.2H, -, Xylan PTFE Coated, - 4 in. Length",C6S4K8BB,4.0,6820-R2-67221-03,6820,
6820-R2-67221-03_SIPG-CS01_0.pdf,OTHER THAN SHOP MATERIALS,12,24,"Gat Flg, -, API 600, ASTM A216 Gr.WCB,300 Lbs, RF, Ends as per ASME B16.5, GO,-, Valve Tag: VG-4",C7J7XW33,1.0,6820-R2-67221-03,6820,
6820-R2-67221-03_SIPG-CS01_0.pdf,PIPE SUPPORTS,15,24,PS204-24,PS204,1.0,6820-R2-67221-03,6820,
6820-R2-67222-01_EPCL-SS01_1..pdf,OTHER THAN SHOP MATERIALS,5,8,"NM Flat Gk, Barium Sulfate filled PTFE, 150 Lbs, RF as per ASME B16.5, Full Face, Thk=1/8in, -,",C7CT1ZG2,2.0,6820-R2-67222-01,6820,
6820-R2-67222-01_EPCL-SS01_1..pdf,OTHER THAN SHOP MATERIALS,6,3/4,"SBlt 2 HHx N, A193 Gr.B7/A194 Gr.2H, -, Xylan PTFE Coated, - 7.25 in. Length",C6S4K8BR,8.0,6820-R2-67222-01,6820,
6820-R2-67222-01_EPCL-SS01_1..pdf,OTHER THAN SHOP MATERIALS,7,8,"But Waf, API 609 Cat.B, ASTM A351 Gr.CF8M,150 Lbs, Lug-type RF, Ends as per ASME B16.5, GO,-, Valve Tag: BU-1191",C8PLE444,1.0,6820-R2-67222-01,6820,
6820-R2-67222-01_EPCL-SS01_1..pdf,PIPE SUPPORTS,8,8,PS430-3-A-35.77,PS430,1.0,6820-R2-67222-01,6820,
6820-R2-67222-02_EPCL-SS01_0..pdf,OTHER THAN SHOP MATERIALS,7,8,"NM Flat Gk, Barium Sulfate filled PTFE, 150 Lbs, RF as per ASME B16.5, Full Face, Thk=1/8in, -,",C7CT1ZG2,2.0,6820-R2-67222-02,6820,
6820-R2-67222-02_EPCL-SS01_0..pdf,OTHER THAN SHOP MATERIALS,8,3/4,"SBlt 2 HHx N, A193 Gr.B7/A194 Gr.2H, -, Xylan PTFE Coated, - 4.5 in. Length",C6S4K8BD,16.0,6820-R2-67222-02,6820,
6820-R2-67222-02_EPCL-SS01_0..pdf,PIPE SUPPORTS,9,8,PS413-2-16-16,PS413,1.0,6820-R2-67222-02,6820,
6820-R2-67222-02_EPCL-SS01_0..pdf,PIPE SUPPORTS,10,8,PS430-3-A-47.59,PS430,1.0,6820-R2-67222-02,6820,
6820-R2-67222-02_EPCL-SS01_0..pdf,PIPE SUPPORTS,11,8,PS209-A3,PS209,1.0,6820-R2-67222-02,6820,
6820-R2-67222-03_EPCL-SS01_1..pdf,OTHER THAN SHOP MATERIALS,7,6,"NM Flat Gk, Barium Sulfate filled PTFE, 150 Lbs, RF as per ASME B16.5, Full Face, Thk=1/8in, -,",C7CT1ZG1,2.0,6820-R2-67222-03,6820,
6820-R2-67222-03_EPCL-SS01_1..pdf,OTHER THAN SHOP MATERIALS,8,3/4,"SBlt 2 HHx N, A193 Gr.B7/A194 Gr.2H, -, Xylan PTFE Coated, -",C6S4K8BC,16.0,6820-R2-67222-03,6820,
6820-R2-67222-03_EPCL-SS01_1..pdf,PIPE SUPPORTS,10,8,PS209-A1,PS209,2.0,6820-R2-67222-03,6820,
6820-R2-67222-05_EPCL-SS01_1.pdf,PIPE SUPPORTS,5,8,PS434-C-3-18.30-18.22-6,PS434,1.0,6820-R2-67222-05,6820,
6820-R2-67222-05_EPCL-SS01_1.pdf,PIPE SUPPORTS,6,8,PS433-8 1,PS433,1.0,6820-R2-67222-05,6820,
6820-R2-67222-06_EPCL-SS01_1.pdf,OTHER THAN SHOP MATERIALS,7,1,"Nipple, ASTM A312 Gr.TP304L, NPTM Ends, L = 3in, -, S-80S",CEZMKL0,1.0,6820-R2-67222-06,6820,
6820-R2-67222-06_EPCL-SS01_1.pdf,OTHER THAN SHOP MATERIALS,67,8,"NM Flat Gk, Barium Sulfate filled PTFE, 150 Lbs, RF as per ASME B16.5, Full Face, Thk=1/8in, -,",C7CT1ZG2,1.0,6820-R2-67222-06,6820,
6820-R2-67222-06_EPCL-SS01_1.pdf,OTHER THAN SHOP MATERIALS,9,1,"NM Flat Gk, Barium Sulfate filled PTFE, 150 Lbs, RF as per ASME B16.5, Full Face, Thk=1/8in, -,",C7CT1ZFH,2.0,6820-R2-67222-06,6820,
6820-R2-67222-06_EPCL-SS01_1.pdf,OTHER THAN SHOP MATERIALS,10,3/4,"SBlt 2 HHx N, A193 Gr.B7/A194 Gr.2H, -, Xylan PTFE Coated, - 4.5 in. Length",C6S4K8BD,8.0,6820-R2-67222-06,6820,
6820-R2-67222-06_EPCL-SS01_1.pdf,OTHER THAN SHOP MATERIALS,11,1/2,"SBlt 2 HHx N, A193 Gr.B7/A194 Gr.2H, -, Xylan PTFE Coated, - 2.75 in. Length",C6S4K87U,8.0,6820-R2-67222-06,6820,
6820-R2-67222-06_EPCL-SS01_1.pdf,OTHER THAN SHOP MATERIALS,12,8,"Bld Flg, ASME B16.5, ASTM A182 Gr.F304L, 150 Lbs, RF, Annealed,",C7W2U47N,1.0,6820-R2-67222-06,6820,
6820-R2-67222-06_EPCL-SS01_1.pdf,OTHER THAN SHOP MATERIALS,13,1,"Plug Flg,SP, Tapered Plug, Non Lubricated, API 599, ASTM A351 Gr.CF8M, 150 Lbs, RF, Ends as per ASME B16.5, -, LO,-, -, Valve Tag: PL-0548",C76KHSRR,1.0,6820-R2-67222-06,6820,
6820-R2-67222-06_EPCL-SS01_1.pdf,OTHER THAN SHOP MATERIALS,14,1,"Bld Flg, ASME B16.5, ASTM A182 Gr.F304L, 150 Lbs, RF, Annealed,",C7W2U478,1.0,6820-R2-67222-06,6820,
6820-R2-67222-06_EPCL-SS01_1.pdf,PIPE SUPPORTS,15,8,PS201-8-S,PS201,3.0,6820-R2-67222-06,6820,
6820-R2-67222-06_EPCL-SS01_1.pdf,PIPE SUPPORTS,16,8,PS433-8,PS433,3.0,6820-R2-67222-06,6820,
6820-R2-67222-07_EPCL-SS01_1..pdf,OTHER THAN SHOP MATERIALS,1,2,"Pipes, Seamless, ASME ' B36.19/B36.10, ASTM A312 Gr.TP304L, NPTM Ends, w/ coupling, -, S-80S",C76KFFWK,19.6,6820-R2-67222-07,6820,
6820-R2-67222-07_EPCL-SS01_1..pdf,OTHER THAN SHOP MATERIALS,2,2,"90° Elb, ASME B16.11, ASTM A182 Gr.F304L, 3000 Lbs, NPTF Ends, Annealed,",C7BP5GGZ,3.0,6820-R2-67222-07,6820,
6820-R2-67222-07_EPCL-SS01_1..pdf,OTHER THAN SHOP MATERIALS,1,2,"THD Flg, ASME B16.5, ASTM A182 Gr.F304L, 150 Lbs, RF/NPTF End, Annealed,",C7W2U48P,4.0,6820-R2-67222-07,6820,
6820-R2-67222-07_EPCL-SS01_1..pdf,OTHER THAN SHOP MATERIALS,4,2,"NM Flat Gk, Barium Sulfate filled PTFE, 150 Lbs, RF as per ASME B16.5, Full Face, Thk=1/8in, -,",C7CT1ZFS,4.0,6820-R2-67222-07,6820,
6820-R2-67222-07_EPCL-SS01_1..pdf,OTHER THAN SHOP MATERIALS,5,5/8,"SBlt 2 HHx N, A193 Gr.B7/A194 Gr.2H, -, Xylan PTFE Coated, - 3.5 in. Length",C6S4K88R,16.0,6820-R2-67222-07,6820,
6820-R2-67222-07_EPCL-SS01_1..pdf,OTHER THAN SHOP MATERIALS,6,2,"Plug Flg,SP, Tapered Plug, Non Lubricated, API 599, ASTM A351 Gr.CF8M, 150 Lbs, RF, Ends as per ASME B16.5, -, LO,-, -, Valve Tag: PL-0548",C6SDVYKZ,1.0,6820-R2-67222-07,6820,
6820-R2-67222-07_EPCL-SS01_1..pdf,OTHER THAN SHOP MATERIALS,7,2,"SwgChk Flg, ASME B16.34, ASTM A351 Gr.CF8M,150 Lbs, RF, Ends as per ASME B16.5,-, Valve Tag: CH-0276",C7CTALFX,1.0,6820-R2-67222-07,6820,
6820-R2-67222-07_EPCL-SS01_1..pdf,PIPE SUPPORTS,8,2,PS201-2,PS201,1.0,6820-R2-67222-07,6820,
6820-R2-67222-07_EPCL-SS01_1..pdf,PIPE SUPPORTS,9,2,PS433-2,PS433,1.0,6820-R2-67222-07,6820,
6820-R2-67222-07_EPCL-SS01_1..pdf,PIPE SUPPORTS,10,2,PS709-B-29-16-8-4,PS709,1.0,6820-R2-67222-07,6820,
6820-R2-67222-07_EPCL-SS01_1..pdf,PIPE SUPPORTS,11,2,"PS713-20 1 TYPE: INSUL THK: SHOP: FIELD: PAINT CODE: MODULE: L Per LDT Per LDT N Y Per LDT - P&ID: 202998C-001-PID-0021-0331 UNIT#: EWP AREA: SPEC: STRESS CALC #: 6800 6820 EPCL-SS01 - LINE No. 2""-R2-67222-EPCL-SS01-P Battleground DRAWING NUMBER REV. 6820-R2-67222-07 *6820-R2-67222-07*",PS713,1.0,6820-R2-67222-07,6820,
6820-R2-67222-08_EPCL-SS01_1.pdf,OTHER THAN SHOP MATERIALS,1,2,"Pipes, Seamless, ASME ' B36.19/B36.10, ASTM A312 Gr.TP304L, NPTM Ends, w/ coupling, -, S-80S",C76KFFWK,42.2,6820-R2-67222-08,6820,
6820-R2-67222-08_EPCL-SS01_1.pdf,OTHER THAN SHOP MATERIALS,2,2,"Full Coup, ASME B16.11, ASTM A182 Gr.F304L, 3000 Lbs, NPTF Ends, Annealed,",C7BP51NY,1.0,6820-R2-67222-08,6820,
6820-R2-67222-08_EPCL-SS01_1.pdf,OTHER THAN SHOP MATERIALS,3,2,"90° Elb, ASME B16.11, ASTM A182 Gr.F304L, 3000 Lbs, NPTF Ends, Annealed,",C7BP5GGZ,1.0,6820-R2-67222-08,6820,
6820-R2-67222-08_EPCL-SS01_1.pdf,PIPE SUPPORTS,4,2,PS433-2,PS433,5.0,6820-R2-67222-08,6820,
6820-R2-67222-08_EPCL-SS01_1.pdf,PIPE SUPPORTS,5,2,"PS201-2 TYPE: INSUL THK: SHOP: FIELD: PAINT CODE: MODULE: L Per LDT Per LDT N Y Per LDT - P&ID: 202998C-001-PID-0021-0331 UNIT#: EWP AREA: SPEC: STRESS CALC #: 6800 6820 EPCL-SS01 - LINE No. 2""-R2-67222-EPCL-SS01-P Battleground DRAWING NUMBER REV. 6820-R2-67222-08 *6820-R2-67222-08*",PS201,3.0,6820-R2-67222-08,6820,
6820-R2-67222-10_EPCL-SS01_1.pdf,OTHER THAN SHOP MATERIALS,1,2,"Pipes, Seamless, ASME ' B36.19/B36.10, ASTM A312 Gr.TP304L, NPTM Ends, w/ coupling, -, S-80S",C76KFFWK,43.9,6820-R2-67222-10,6820,
6820-R2-67222-10_EPCL-SS01_1.pdf,OTHER THAN SHOP MATERIALS,3,2,"Full Coup, ASME B16.11, ASTM A182 Gr.F304L, 3000 Lbs, NPTF Ends, Annealed,",C7BP51NY,1.0,6820-R2-67222-10,6820,
6820-R2-67222-10_EPCL-SS01_1.pdf,OTHER THAN SHOP MATERIALS,4,2,"90° Elb, ASME B16.11, ASTM A182 Gr.F304L, 3000 Lbs, NPTF Ends, Annealed,",C7BP5GGZ,2.0,6820-R2-67222-10,6820,
6820-R2-67222-10_EPCL-SS01_1.pdf,PIPE SUPPORTS,5,2,PS433-2,PS433,5.0,6820-R2-67222-10,6820,
6820-R2-67222-10_EPCL-SS01_1.pdf,PIPE SUPPORTS,6,2,"PS201-2 TYPE: INSUL THK: SHOP: FIELD: PAINT CODE: MODULE: L Per LDT Per LDT N Y Per LDT - P&ID: 202998C-001-PID-0021-0331 UNIT#: EWP AREA: SPEC: STRESS CALC #: 6800 6820 EPCL-SS01 - LINE No. 2""-R2-67222-EPCL-SS01-P Battleground DRAWING NUMBER REV. 6820-R2-67222-10 *6820-R2-67222-10*",PS201,2.0,6820-R2-67222-10,6820,
6820-R2-67222-11_EPCL-SS01_1.pdf,OTHER THAN SHOP MATERIALS,1,2,"Pipes, Seamless, ASME ' B36.19/B36.10, ASTM A312 Gr.TP304L, NPTM Ends, w/ coupling, -, S-80S",C76KFFWK,12.8,6820-R2-67222-11,6820,
6820-R2-67222-11_EPCL-SS01_1.pdf,OTHER THAN SHOP MATERIALS,3,2,"45° Elb, ASME B16.11, ASTM A182 Gr.F304L, 3000 Lbs, NPTF Ends, Annealed,",C7BP5GZF,2.0,6820-R2-67222-11,6820,
6820-R2-67222-11_EPCL-SS01_1.pdf,OTHER THAN SHOP MATERIALS,4,2,"THD Flg, ASME B16.5, ASTM A182 Gr.F304L, 150 Lbs, RF/NPTF End, Annealed,",C7W2U48P,1.0,6820-R2-67222-11,6820,
6820-R2-67222-11_EPCL-SS01_1.pdf,OTHER THAN SHOP MATERIALS,5,2,"NM Flat Gk, Barium Sulfate filled PTFE, 150 Lbs, RF as per ASME B16.5, Full Face, Thk=1/8in, -,",C7CT1ZFS,1.0,6820-R2-67222-11,6820,
6820-R2-67222-11_EPCL-SS01_1.pdf,OTHER THAN SHOP MATERIALS,6,5/8,"SBlt 2 HHx N, A193 Gr.B7/A194 Gr.2H, -, Xylan PTFE Coated, - 3.5 in. Length",C6S4K88R,4.0,6820-R2-67222-11,6820,
6820-R2-67222-11_EPCL-SS01_1.pdf,OTHER THAN SHOP MATERIALS,7,2,"Bld Flg, ASME B16.5, ASTM A182 Gr.F304L, 150 Lbs, RF, Annealed,",C7W2U47F,1.0,6820-R2-67222-11,6820,
6820-R2-67222-11_EPCL-SS01_1.pdf,PIPE SUPPORTS,8,2,PS433-2,PS433,2.0,6820-R2-67222-11,6820,
6820-R2-67222-11_EPCL-SS01_1.pdf,PIPE SUPPORTS,9,2,"PS201-2 TYPE: INSUL THK: SHOP: FIELD: PAINT CODE: MODULE: L Per LDT Per LDT N Y Per LDT - P&ID: 202998C-001-PID-0021-0331 UNIT#: EWP AREA: SPEC: STRESS CALC #: 6800 6820 EPCL-SS01 - LINE No. 2""-R2-67222-EPCL-SS01-N Battleground DRAWING NUMBER REV. 6820-R2-67222-11 *6820-R2-67222-11*",PS201,1.0,6820-R2-67222-11,6820,
6820-R2-67222-12_EPCL-SS01_0.pdf,OTHER THAN SHOP MATERIALS,1,2,"Pipes, Seamless, ASME ' B36.19/B36.10, ASTM A312 Gr.TP304L, NPTM Ends, w/ coupling, -, S-80S",C76KFFWK,4.2,6820-R2-67222-12,6820,
6820-R2-67222-12_EPCL-SS01_0.pdf,OTHER THAN SHOP MATERIALS,2,2,"90° Elb, ASME B16.11, ASTM A182 Gr.F304L, 3000 Lbs, NPTF Ends, Annealed,",C7BP5GGZ,3.0,6820-R2-67222-12,6820,
6820-R2-67222-12_EPCL-SS01_0.pdf,OTHER THAN SHOP MATERIALS,3,2,"THD Flg, ASME B16.5, ASTM A182 Gr.F304L, 150 Lbs, RF/NPTF End, Annealed,",C7W2U48P,2.0,6820-R2-67222-12,6820,
6820-R2-67222-12_EPCL-SS01_0.pdf,OTHER THAN SHOP MATERIALS,4,2,"NM Flat Gk, Barium Sulfate filled PTFE, 150 Lbs, RF as per ASME B16.5, Full Face, Thk=1/8in, -,",C7CT1ZFS,2.0,6820-R2-67222-12,6820,
6820-R2-67222-12_EPCL-SS01_0.pdf,OTHER THAN SHOP MATERIALS,5,5/8,"SBlt 2 HHx N, A193 Gr.B7/A194 Gr.2H, -, Xylan PTFE Coated, - 3.5 in. Length",C6S4K88R,8.0,6820-R2-67222-12,6820,
6820-R2-67222-12_EPCL-SS01_0.pdf,OTHER THAN SHOP MATERIALS,6,2,"Plug Flg,SP, Tapered Plug, Non Lubricated, API 599, ASTM A351 Gr.CF8M, 150 Lbs, RF, Ends as per ASME B16.5, -, LO,-, -, Valve Tag: PL-0548 TYPE: INSUL THK: SHOP: FIELD: PAINT CODE: MODULE: L Per LDT Per LDT N Y Per LDT - P&ID: 202998C-001-PID-0021-0331 UNIT#: EWP AREA: SPEC: STRESS CALC #: 6800 6820 EPCL-SS01 - LINE No. 2""-R2-67222-EPCL-SS01-P Battleground DRAWING NUMBER REV. 6820-R2-67222-12 *6820-R2-67222-12*",C6SDVYKZ,1.0,6820-R2-67222-12,6820,
6820-R2-67222-13_EPCL-SS01_0.pdf,OTHER THAN SHOP MATERIALS,1,2,"Pipes, Seamless, ASME ' B36.19/B36.10, ASTM A312 Gr.TP304L, NPTM Ends, w/ coupling, -, S-80S",C76KFFWK,19.8,6820-R2-67222-13,6820,
6820-R2-67222-13_EPCL-SS01_0.pdf,OTHER THAN SHOP MATERIALS,2,2,"90° Elb, ASME B16.11, ASTM A182 Gr.F304L, 3000 Lbs, NPTF Ends, Annealed,",C7BP5GGZ,3.0,6820-R2-67222-13,6820,
6820-R2-67222-13_EPCL-SS01_0.pdf,PIPE SUPPORTS,3,2,PS433-2,PS433,3.0,6820-R2-67222-13,6820,
6820-R2-67222-13_EPCL-SS01_0.pdf,PIPE SUPPORTS,4,2,PS719-B-8-15-4,PS719,1.0,6820-R2-67222-13,6820,
6820-R2-67222-13_EPCL-SS01_0.pdf,PIPE SUPPORTS,5,2,PS719-B-10-8-4,PS719,2.0,6820-R2-67222-13,6820,
6820-R2-67222-13_EPCL-SS01_0.pdf,PIPE SUPPORTS,6,2,"PS201-2 TYPE: INSUL THK: SHOP: FIELD: PAINT CODE: MODULE: L Per LDT Per LDT N Y Per LDT - P&ID: 202998C-001-PID-0021-0331 UNIT#: EWP AREA: SPEC: STRESS CALC #: 6800 6820 EPCL-SS01 - LINE No. 2""-R2-67222-EPCL-SS01-P Battleground DRAWING NUMBER REV. 6820-R2-67222-13 *6820-R2-67222-13*",PS201,1.0,6820-R2-67222-13,6820,
6820-R2-67222-14_EPCL-SS01_0.pdf,OTHER THAN SHOP MATERIALS,1,2,"Pipes, Seamless, ASME ' B36.19/B36.10, ASTM A312 Gr.TP304L, NPTM Ends, w/ coupling, -, S-80S",C76KFFWK,22.5,6820-R2-67222-14,6820,
6820-R2-67222-14_EPCL-SS01_0.pdf,OTHER THAN SHOP MATERIALS,2,2,"90° Elb, ASME B16.11, ASTM A182 Gr.F304L, 3000 Lbs, NPTF Ends, Annealed,",C7BP5GGZ,5.0,6820-R2-67222-14,6820,
6820-R2-67222-14_EPCL-SS01_0.pdf,PIPE SUPPORTS,3,2,PS433-2,PS433,2.0,6820-R2-67222-14,6820,
6820-R2-67222-14_EPCL-SS01_0.pdf,PIPE SUPPORTS,4,2,PS712-1-19,PS712,1.0,6820-R2-67222-14,6820,
6820-R2-67222-14_EPCL-SS01_0.pdf,PIPE SUPPORTS,5,2,"PS709-A-24.54-8-4-0 TYPE: INSUL THK: SHOP: FIELD: PAINT CODE: MODULE: L Per LDT Per LDT N Y Per LDT - P&ID: 202998C-001-PID-0021-0331 UNIT#: EWP AREA: SPEC: STRESS CALC #: 6800 6820 EPCL-SS01 - LINE No. 2""-R2-67222-EPCL-SS01-P Battleground DRAWING NUMBER REV. 6820-R2-67222-14 *6820-R2-67222-14*",PS709,1.0,6820-R2-67222-14,6820,
6820-R2-67223-01_EPCL-SS01_1..pdf,OTHER THAN SHOP MATERIALS,9,3,"NM Flat Gk, Barium Sulfate filled PTFE, 150 Lbs, RF as per ASME B16.5, Full Face, Thk=1/8in, -,",C7CT1ZFX,2.0,6820-R2-67223-01,6820,
6820-R2-67223-01_EPCL-SS01_1..pdf,OTHER THAN SHOP MATERIALS,10,5/8,"SBlt 2 HHx N, A193 Gr.B7/A194 Gr.2H, -, Xylan PTFE Coated, - 3.75 in. Length",C6S4K88S,8.0,6820-R2-67223-01,6820,
6820-R2-67223-01_EPCL-SS01_1..pdf,OTHER THAN SHOP MATERIALS,11,3,"Plug Flg,SP, Tapered Plug, Non Lubricated, API 599, ASTM A351 Gr.CF8M, 150 Lbs, RF, Ends as per ASME B16.5, -, LO,-, -, Valve Tag: PL-0548",C6SDVYL1,1.0,6820-R2-67223-01,6820,
6820-R2-67223-01_EPCL-SS01_1..pdf,PIPE SUPPORTS,12,3,PS204-3,PS204,5.0,6820-R2-67223-01,6820,
6820-R2-67223-01_EPCL-SS01_1..pdf,PIPE SUPPORTS,13,3,PS413-1-16-6,PS413,1.0,6820-R2-67223-01,6820,
6820-R2-67223-01_EPCL-SS01_1..pdf,PIPE SUPPORTS,14,3,PS205-A,PS205,1.0,6820-R2-67223-01,6820,
6820-R2-67223-01_EPCL-SS01_1..pdf,PIPE SUPPORTS,15,3,PS401-3-12-1,PS401,1.0,6820-R2-67223-01,6820,
6820-R2-67223-01_EPCL-SS01_1..pdf,PIPE SUPPORTS,16,3,PS206-3-1,PS206,1.0,6820-R2-67223-01,6820,
6820-R2-67224-01_EPCL-SS01_1.pdf,OTHER THAN SHOP MATERIALS,5,3,"NM Flat Gk, Barium Sulfate filled PTFE, 150 Lbs, RF as per ASME B16.5, Full Face, Thk=1/8in, -,",C7CT1ZFX,2.0,6820-R2-67224-01,6820,
6820-R2-67224-01_EPCL-SS01_1.pdf,OTHER THAN SHOP MATERIALS,6,5/8,"SBlt 2 HHx N, A193 Gr.B7/A194 Gr.2H, -, Xylan PTFE Coated, - 3.75 in. Length",C6S4K88S,8.0,6820-R2-67224-01,6820,
6820-R2-67224-01_EPCL-SS01_1.pdf,OTHER THAN SHOP MATERIALS,7,3,"Plug Flg,SP, Tapered Plug, Non Lubricated, API 599, ASTM A351 Gr.CF8M, 150 Lbs, RF, Ends as per ASME B16.5, -, LO,-, -, Valve Tag: PL-0548",C6SDVYL1,1.0,6820-R2-67224-01,6820,
6820-R2-67224-01_EPCL-SS01_1.pdf,PIPE SUPPORTS,8,3,PS434-C-2-23.56-13-6 1,PS434,1.0,6820-R2-67224-01,6820,
6820-R2-67224-02_EPCL-SS01_1.pdf,OTHER THAN SHOP MATERIALS,6,1,"Pipes, Seamless, ASME ' B36.19/B36.10, ASTM A312 Gr.TP304L, NPTM Ends, w/ coupling, -, S-80S",C76KFFTD,0.4,6820-R2-67224-02,6820,
6820-R2-67224-02_EPCL-SS01_1.pdf,OTHER THAN SHOP MATERIALS,7,1,"Full Coup, ASME B16.11, ASTM A182 Gr.F304L, 3000 Lbs, NPTF Ends, Annealed,",C7BP51NV,1.0,6820-R2-67224-02,6820,
6820-R2-67224-02_EPCL-SS01_1.pdf,OTHER THAN SHOP MATERIALS,8,1,"THD Flg, ASME B16.5, ASTM A182 Gr.F304L, 150 Lbs, RF/NPTF End, Annealed,",C7W2U48L,1.0,6820-R2-67224-02,6820,
6820-R2-67224-02_EPCL-SS01_1.pdf,OTHER THAN SHOP MATERIALS,9,1,"NM Flat Gk, Barium Sulfate filled PTFE, 150 Lbs, RF as per ASME B16.5, Full Face, Thk=1/8in, -,",C7CT1ZFH,2.0,6820-R2-67224-02,6820,
6820-R2-67224-02_EPCL-SS01_1.pdf,OTHER THAN SHOP MATERIALS,10,1/2,"SBlt 2 HHx N, A193 Gr.B7/A194 Gr.2H, -, Xylan PTFE Coated, - 2.75 in. Length",C6S4K87U,8.0,6820-R2-67224-02,6820,
6820-R2-67224-02_EPCL-SS01_1.pdf,OTHER THAN SHOP MATERIALS,11,1,"Plug Flg,SP, Tapered Plug, Non Lubricated, API 599, ASTM A351 Gr.CF8M, 150 Lbs, RF, Ends as per ASME B16.5, -, LO,-, -, Valve Tag: PL-0548",C76KHSRR,1.0,6820-R2-67224-02,6820,
6820-R2-67224-02_EPCL-SS01_1.pdf,OTHER THAN SHOP MATERIALS,12,1,"Bld Flg, ASME B16.5, ASTM A182 Gr.F304L, 150 Lbs, RF, Annealed,",C7W2U478,1.0,6820-R2-67224-02,6820,
6820-R2-67224-02_EPCL-SS01_1.pdf,PIPE SUPPORTS,13,3,PS434-C-3-34.41-18-8,PS434,1.0,6820-R2-67224-02,6820,
6820-R2-67224-02_EPCL-SS01_1.pdf,PIPE SUPPORTS,14,3,PS204-3,PS204,2.0,6820-R2-67224-02,6820,
6820-R2-67224-02_EPCL-SS01_1.pdf,PIPE SUPPORTS,15,3,PS434-C-2-33.21-30-8,PS434,2.0,6820-R2-67224-02,6820,
6820-R2-67224-02_EPCL-SS01_1.pdf,PIPE SUPPORTS,16,3,PS434-C-3-34.71-18-8 1,PS434,1.0,6820-R2-67224-02,6820,
6820-R2-67225-01_SLPG-CS01_1.pdf,OTHER THAN SHOP MATERIALS,5,12,"NM Flat Gk, Aramid Fiber Reinforced SBR, 150 Lbs, RF as per ASME B16.5, -, Thk=1/8in, -,",C7SMNYW5,1.0,6820-R2-67225-01,6820,
6820-R2-67225-01_SLPG-CS01_1.pdf,OTHER THAN SHOP MATERIALS,6,7/8,"SBlt 2 HHx N, A193 Gr.B7/A194 Gr.2H, -, Xylan PTFE Coated, - 5 in. Length SUPPORTS 1",C6S4K8CU,12.0,6820-R2-67225-01,6820,
6820-R2-67225-01_SLPG-CS01_1.pdf,OTHER THAN SHOP MATERIALS,7,12,PS426-2A-21,PS426,1.0,6820-R2-67225-01,6820,
6820-R2-67225-01_SLPG-CS01_1.pdf,OTHER THAN SHOP MATERIALS,8,12,PS902-SH-6820-R2-67225-0001,PS902,1.0,6820-R2-67225-01,6820,
6820-R2-67225-02_SLPG-CS01_0.pdf,PIPE SUPPORTS,3,12,PS433-12,PS433,1.0,6820-R2-67225-02,6820,
6820-R2-67225-02_SLPG-CS01_0.pdf,PIPE SUPPORTS,4,12,PS201-12,PS201,1.0,6820-R2-67225-02,6820,
6820-R2-67225-03_SLPG-CS01_0..pdf,OTHER THAN SHOP MATERIALS,6,8,"NM Flat Gk, Aramid Fiber Reinforced SBR, 150 Lbs, RF as per ASME B16.5, -, Thk=1/8in, -,",C7SMNYWH,1.0,6820-R2-67225-03,6820,
6820-R2-67225-03_SLPG-CS01_0..pdf,OTHER THAN SHOP MATERIALS,7,3/4,"SBlt 2 HHx N, A193 Gr.B7/A194 Gr.2H, -, Xylan PTFE Coated, - 4.5 in. Length",C6S4K8BD,8.0,6820-R2-67225-03,6820,
6820-R2-67225-03_SLPG-CS01_0..pdf,PIPE SUPPORTS,9,12,PS205-B,PS205,1.0,6820-R2-67225-03,6820,
6820-R2-67226-01_NOHD-SS03_0.pdf,PIPE SUPPORTS,6,8,PS201-8-S,PS201,3.0,6820-R2-67226-01,6820,
6820-R2-67226-02_NOHD-SS03_0..pdf,OTHER THAN SHOP MATERIALS,9,1,"NM Flat Gk, Barium Sulfate filled PTFE, 150 Lbs, RF as per ASME B16.5, -, Thk=1/8in, -,",C6S4K87F,2.0,6820-R2-67226-02,6820,
6820-R2-67226-02_NOHD-SS03_0..pdf,OTHER THAN SHOP MATERIALS,10,1/2,"SBlt 2 HHx N, A193 Gr.B7/A194 Gr.2H, -, Xylan PTFE Coated, - 2.75 in. Length",C6S4K87U,8.0,6820-R2-67226-02,6820,
6820-R2-67226-02_NOHD-SS03_0..pdf,OTHER THAN SHOP MATERIALS,11,1,"Plug Flg,SP, Tapered Plug, Non Lubricated, API 599, ASTM A351 Gr.CF8M, 150 Lbs, RF, Ends as per ASME B16.5, -, LO,-, -, Valve Tag: PL-0548",C76KHSRR,1.0,6820-R2-67226-02,6820,
6820-R2-67226-02_NOHD-SS03_0..pdf,OTHER THAN SHOP MATERIALS,12,1,"Bld Flg, ASME B16.5, ASTM A182 Gr.F304L, 150 Lbs, RF, Annealed,",C7W2U478,1.0,6820-R2-67226-02,6820,
6820-R2-67226-02_NOHD-SS03_0..pdf,PIPE SUPPORTS,13,8,PS433-8,PS433,4.0,6820-R2-67226-02,6820,
6820-R2-67226-02_NOHD-SS03_0..pdf,PIPE SUPPORTS,14,8,PS201-8-S,PS201,1.0,6820-R2-67226-02,6820,
6820-R2-67226-03_NOHD-SS03_0..pdf,OTHER THAN SHOP MATERIALS,6,4,"NM Flat Gk, Barium Sulfate filled PTFE, 150 Lbs, RF as per ASME B16.5, -, Thk=1/8in, -,",C6S4K87N,2.0,6820-R2-67226-03,6820,
6820-R2-67226-03_NOHD-SS03_0..pdf,OTHER THAN SHOP MATERIALS,7,5/8,"SBlt 2 HHx N, A193 Gr.B7/A194 Gr.2H, -, Xylan PTFE Coated, - 4 in. Length",C6S4K88T,16.0,6820-R2-67226-03,6820,
6820-R2-67226-03_NOHD-SS03_0..pdf,OTHER THAN SHOP MATERIALS,8,4,"Plug Flg,SP, Tapered Plug, Non Lubricated, API 599, ASTM A351 Gr.CF8M, 150 Lbs, RF, Ends as per ASME B16.5, -, GO,-, -, Valve Tag: PL-0548",C6SDVYKW,1.0,6820-R2-67226-03,6820,
6820-R2-67226-04_NOHD-SS03_0..pdf,OTHER THAN SHOP MATERIALS,5,8,"NM Flat Gk, Barium Sulfate filled PTFE, 150 Lbs, RF as per ASME B16.5, -, Thk=1/8in, -,",C6SBWZF4,2.0,6820-R2-67226-04,6820,
6820-R2-67226-04_NOHD-SS03_0..pdf,OTHER THAN SHOP MATERIALS,6,3/4,"SBlt 2 HHx N, A193 Gr.B7/A194 Gr.2H, -, Xylan PTFE Coated, - 4.75 in. Length",C6S4K8BE,16.0,6820-R2-67226-04,6820,
6820-R2-67226-04_NOHD-SS03_0..pdf,OTHER THAN SHOP MATERIALS,7,8,"Plug Flg,SP, Tapered Plug, Non Lubricated, API 599, ASTM A351 Gr.CF8M, 150 Lbs, RF, Ends as per ASME B16.5, -, GO,-, -, Valve Tag: PL-0548",C6SDVYKY,1.0,6820-R2-67226-04,6820,
6820-R2-67226-05_NOHD-SS03_0..pdf,OTHER THAN SHOP MATERIALS,9,1,"NM Flat Gk, Barium Sulfate filled PTFE, 150 Lbs, RF as per ASME B16.5, -, Thk=1/8in, -,",C6S4K87F,2.0,6820-R2-67226-05,6820,
6820-R2-67226-05_NOHD-SS03_0..pdf,OTHER THAN SHOP MATERIALS,10,1/2,"SBlt 2 HHx N, A193 Gr.B7/A194 Gr.2H, -, Xylan PTFE Coated, - 2.75 in. Length",C6S4K87U,8.0,6820-R2-67226-05,6820,
6820-R2-67226-05_NOHD-SS03_0..pdf,OTHER THAN SHOP MATERIALS,11,1,"Plug Flg,SP, Tapered Plug, Non Lubricated, API 599, ASTM A351 Gr.CF8M, 150 Lbs, RF, Ends as per ASME B16.5, -, LO,-, -, Valve Tag: PL-0548",C76KHSRR,1.0,6820-R2-67226-05,6820,
6820-R2-67226-05_NOHD-SS03_0..pdf,OTHER THAN SHOP MATERIALS,12,1,"Bld Flg, ASME B16.5, ASTM A182 Gr.F304L, 150 Lbs, RF, Annealed,",C7W2U478,1.0,6820-R2-67226-05,6820,
6820-R2-67226-05_NOHD-SS03_0..pdf,PIPE SUPPORTS,13,8,PS623-8-37.9375,PS623,1.0,6820-R2-67226-05,6820,
6820-R2-67226-05_NOHD-SS03_0..pdf,PIPE SUPPORTS,14,8,PS433-8,PS433,1.0,6820-R2-67226-05,6820,
6820-R2-67226-06_NOHD-SS03_0..pdf,OTHER THAN SHOP MATERIALS,10,8,"NM Flat Gk, Barium Sulfate filled PTFE, 150 Lbs, RF as per ASME B16.5, -, Thk=1/8in, -,",C6SBWZF4,2.0,6820-R2-67226-06,6820,
6820-R2-67226-06_NOHD-SS03_0..pdf,OTHER THAN SHOP MATERIALS,11,1,"NM Flat Gk, Barium Sulfate filled PTFE, 150 Lbs, RF as per ASME B16.5, -, Thk=1/8in, -,",C6S4K87F,2.0,6820-R2-67226-06,6820,
6820-R2-67226-06_NOHD-SS03_0..pdf,OTHER THAN SHOP MATERIALS,12,3/4,"SBlt 2 HHx N, A193 Gr.B7/A194 Gr.2H, -, Xylan PTFE Coated, - 4.75 in. Length",C6S4K8BE,16.0,6820-R2-67226-06,6820,
6820-R2-67226-06_NOHD-SS03_0..pdf,OTHER THAN SHOP MATERIALS,13,1/2,"SBlt 2 HHx N, A193 Gr.B7/A194 Gr.2H, -, Xylan PTFE Coated, - 2.75 in. Length",C6S4K87U,8.0,6820-R2-67226-06,6820,
6820-R2-67226-06_NOHD-SS03_0..pdf,OTHER THAN SHOP MATERIALS,14,8,"SwgChk Flg, ASME B16.34, ASTM A351 Gr.CF8M,150 Lbs, RF, Ends as per ASME B16.5,-, Valve Tag: CH-0276",C76KHSRG,1.0,6820-R2-67226-06,6820,
6820-R2-67226-06_NOHD-SS03_0..pdf,OTHER THAN SHOP MATERIALS,15,1,"Plug Flg,SP, Tapered Plug, Non Lubricated, API 599, ASTM A351 Gr.CF8M, 150 Lbs, RF, Ends as per ASME B16.5, -, LO,-, -, Valve Tag: PL-0548",C76KHSRR,1.0,6820-R2-67226-06,6820,
6820-R2-67226-06_NOHD-SS03_0..pdf,OTHER THAN SHOP MATERIALS,16,1,"Bld Flg, ASME B16.5, ASTM A182 Gr.F304L, 150 Lbs, RF, Annealed,",C7W2U478,1.0,6820-R2-67226-06,6820,
6820-R2-67226-06_NOHD-SS03_0..pdf,PIPE SUPPORTS,17,8,PS433-8,PS433,1.0,6820-R2-67226-06,6820,
6820-R2-67226-06_NOHD-SS03_0..pdf,PIPE SUPPORTS,18,8,PS623-8-37.9375,PS623,1.0,6820-R2-67226-06,6820,
6820-R2-67226-07_NOHD-SS03_1..pdf,OTHER THAN SHOP MATERIALS,8,8,"NM Flat Gk, Barium Sulfate filled PTFE, 150 Lbs, RF as per ASME B16.5, -, Thk=1/8in, -,",C6SBWZF4,1.0,6820-R2-67226-07,6820,
6820-R2-67226-07_NOHD-SS03_1..pdf,OTHER THAN SHOP MATERIALS,9,3/4,"SBlt 2 HHx N, A193 Gr.B7/A194 Gr.2H, -, Xylan PTFE Coated, - 4.75 in. Length",C6S4K8BE,8.0,6820-R2-67226-07,6820,
6820-R2-67226-07_NOHD-SS03_1..pdf,OTHER THAN SHOP MATERIALS,10,8,"Plug Flg,SP, Tapered Plug, Non Lubricated, API 599, ASTM A351 Gr.CF8M, 150 Lbs, RF, Ends as per ASME B16.5, -, GO,-, -, Valve Tag: PL-0548",C6SDVYKY,1.0,6820-R2-67226-07,6820,
6820-R2-67226-07_NOHD-SS03_1..pdf,PIPE SUPPORTS,11,8,PS201-8-S 1,PS201,1.0,6820-R2-67226-07,6820,
6820-R2-67226-07_NOHD-SS03_1..pdf,PIPE SUPPORTS,12,8,PS407-2-38-18-/,PS407,1.0,6820-R2-67226-07,6820,
6820-R2-67226-07_NOHD-SS03_1..pdf,PIPE SUPPORTS,13,8,PS433-8,PS433,2.0,6820-R2-67226-07,6820,
6820-R2-67226-07_NOHD-SS03_1..pdf,PIPE SUPPORTS,14,8,PS203-8-S,PS203,1.0,6820-R2-67226-07,6820,
6820-R2-67226-07_NOHD-SS03_1..pdf,PIPE SUPPORTS,389,8,PS623-8-42.43,PS623,1.0,6820-R2-67226-07,6820,
6820-R2-67226-07_NOHD-SS03_1..pdf,PIPE SUPPORTS,16,8,PS407-4-57.63-34-/,PS407,1.0,6820-R2-67226-07,6820,
6820-R2-67226-07_NOHD-SS03_1..pdf,PIPE SUPPORTS,17,8,PS206-8-1,PS206,1.0,6820-R2-67226-07,6820,
6820-R2-67226-07_NOHD-SS03_1..pdf,PIPE SUPPORTS,18,8,PS204-8,PS204,1.0,6820-R2-67226-07,6820,
6820-R2-67226-08_NOHD-SS03_0..pdf,OTHER THAN SHOP MATERIALS,6,8,"NM Flat Gk, Barium Sulfate filled PTFE, 150 Lbs, RF as per ASME B16.5, -, Thk=1/8in, -,",C6SBWZF4,1.0,6820-R2-67226-08,6820,
6820-R2-67226-08_NOHD-SS03_0..pdf,OTHER THAN SHOP MATERIALS,7,3/4,"SBlt 2 HHx N, A193 Gr.B7/A194 Gr.2H, -, Xylan PTFE Coated, - 5 in. Length",C6S4K8BF,8.0,6820-R2-67226-08,6820,
6820-R2-67226-08_NOHD-SS03_0..pdf,PIPE SUPPORTS,8,8,PS433-8,PS433,1.0,6820-R2-67226-08,6820,
6820-R2-67227-01_SCXL-CS01_0..pdf,OTHER THAN SHOP MATERIALS,5,8,"NM Flat Gk, Barium Sulfate filled PTFE, 150 Lbs, RF as per ASME B16.5, Full Face, Thk=1/8in, -,",C7CT1ZG2,2.0,6820-R2-67227-01,6820,
6820-R2-67227-01_SCXL-CS01_0..pdf,OTHER THAN SHOP MATERIALS,6,3/4,"SBlt 2 HHx N, A193 Gr.B7/A194 Gr.2H, -, Xylan PTFE Coated, - 4.5 in. Length",C6S4K8BD,16.0,6820-R2-67227-01,6820,
6820-R2-67227-01_SCXL-CS01_0..pdf,PIPE SUPPORTS,7,8,PS406-2-30.6-36-27,PS406,1.0,6820-R2-67227-01,6820,
6820-R2-67227-01_SCXL-CS01_0..pdf,PIPE SUPPORTS,8,8,PS206-8-1,PS206,2.0,6820-R2-67227-01,6820,
6820-R2-67227-01_SCXL-CS01_0..pdf,PIPE SUPPORTS,9,8,PS406-3-30.6-33-12.62,PS406,1.0,6820-R2-67227-01,6820,
6820-R2-67229-01_SCXL-CS02_0..pdf,OTHER THAN SHOP MATERIALS,10,1,"Plug, Solid Round Head Type, ASME B16.11, ASTM A105N, NPTM End, -,",CBBPLK4,1.0,6820-R2-67229-01,6820,
6820-R2-67229-01_SCXL-CS02_0..pdf,OTHER THAN SHOP MATERIALS,11,6,"NM Flat Gk, Barium Sulfate filled PTFE, 300 Lbs, RF as per ASME B16.5, Full Face, Thk=1/8in, -,",C7CX7CST,1.0,6820-R2-67229-01,6820,
6820-R2-67229-01_SCXL-CS02_0..pdf,OTHER THAN SHOP MATERIALS,12,3,"NM Flat Gk, Barium Sulfate filled PTFE, 300 Lbs, RF as per ASME B16.5, Full Face, Thk=1/8in, -,",C7CX7CSN,1.0,6820-R2-67229-01,6820,
6820-R2-67229-01_SCXL-CS02_0..pdf,OTHER THAN SHOP MATERIALS,13,3/4,"SBlt 2 HHx N, A193 Gr.B7/A194 Gr.2H, -, Xylan PTFE Coated, - 4.25 in. Length",C6S4K8BC,8.0,6820-R2-67229-01,6820,
6820-R2-67229-01_SCXL-CS02_0..pdf,OTHER THAN SHOP MATERIALS,14,3/4,"SBlt 2 HHx N, A193 Gr.B7/A194 Gr.2H, -, Xylan PTFE Coated, - 5 in. Length",C6S4K8BF,12.0,6820-R2-67229-01,6820,
6820-R2-67229-01_SCXL-CS02_0..pdf,OTHER THAN SHOP MATERIALS,15,1,"Gat Fem, API 602, ASTM A105N,800 Lbs, NPTF Ends, HO,-, Valve Tag: GA-0120",C76SPABV,1.0,6820-R2-67229-01,6820,
6820-R2-67229-01_SCXL-CS02_0..pdf,PIPE SUPPORTS,16,6,PS209-B1,PS209,1.0,6820-R2-67229-01,6820,
6820-R2-67229-01_SCXL-CS02_0..pdf,PIPE SUPPORTS,17,6,PS219-1-3-3,PS219,1.0,6820-R2-67229-01,6820,
6820-R2-67229-01_SCXL-CS02_0..pdf,PIPE SUPPORTS,18,6,PS407-2-17.97-10-/,PS407,1.0,6820-R2-67229-01,6820,
6820-R2-67229-01_SCXL-CS02_0..pdf,PIPE SUPPORTS,19,6,PS413-2-14-10,PS413,1.0,6820-R2-67229-01,6820,
6820-R2-67229-02_SCXL-CS02_0..pdf,OTHER THAN SHOP MATERIALS,8,1,"Plug, Solid Round Head Type, ASME B16.11, ASTM A105N, NPTM End, -,",CBBPLK4,1.0,6820-R2-67229-02,6820,
6820-R2-67229-02_SCXL-CS02_0..pdf,OTHER THAN SHOP MATERIALS,10,3/4,"SBlt 2 HHx N, A193 Gr.B7/A194 Gr.2H, -, Xylan PTFE Coated, - 3.5 in. Length",C6S4K8B9,4.0,6820-R2-67229-02,6820,
6820-R2-67229-02_SCXL-CS02_0..pdf,OTHER THAN SHOP MATERIALS,11,3/4,"SBlt 2 HHx N, A193 Gr.B7/A194 Gr.2H, -, Xylan PTFE Coated, - 4.25 in. Length",C6S4K8BC,4.0,6820-R2-67229-02,6820,
6820-R2-67229-02_SCXL-CS02_0..pdf,OTHER THAN SHOP MATERIALS,13,1,"Gat Fem, API 602, ASTM A105N,800 Lbs, NPTF Ends, HO,-, Valve Tag: GA-0120",C76SPABV,1.0,6820-R2-67229-02,6820,
6820-R2-67229-03_SCXL-CS02_0..pdf,OTHER THAN SHOP MATERIALS,7,1,"Plug, Solid Round Head Type, ASME B16.11, ASTM A105N, NPTM End, -,",CBBPLK4,1.0,6820-R2-67229-03,6820,
6820-R2-67229-03_SCXL-CS02_0..pdf,OTHER THAN SHOP MATERIALS,8,6,"NM Flat Gk, Barium Sulfate filled PTFE, 300 Lbs, RF as per ASME B16.5, Full Face, Thk=1/8in, -,",C7CX7CST,2.0,6820-R2-67229-03,6820,
6820-R2-67229-03_SCXL-CS02_0..pdf,OTHER THAN SHOP MATERIALS,9,3/4,"SBlt 2 HHx N, A193 Gr.B7/A194 Gr.2H, -, Xylan PTFE Coated, - 5 in. Length",C6S4K8BF,24.0,6820-R2-67229-03,6820,
6820-R2-67229-03_SCXL-CS02_0..pdf,OTHER THAN SHOP MATERIALS,10,6,"SwgChk Flg, API 594, ASTM A216 Gr.WCB,300 Lbs, RF, Ends as per ASME B16.5,-, Valve Tag: CH-1193",C99ZZ9E8,1.0,6820-R2-67229-03,6820,
6820-R2-67229-03_SCXL-CS02_0..pdf,OTHER THAN SHOP MATERIALS,11,1,"Gat Fem, API 602, ASTM A105N,800 Lbs, NPTF Ends, HO,-, Valve Tag: GA-0120",C76SPABV,1.0,6820-R2-67229-03,6820,
6820-R2-67229-03_SCXL-CS02_0..pdf,PIPE SUPPORTS,12,6,PS214-16,PS214,1.0,6820-R2-67229-03,6820,
6820-R2-67229-03_SCXL-CS02_0..pdf,PIPE SUPPORTS,13,6,PS219-1-3-3,PS219,1.0,6820-R2-67229-03,6820,
6820-R2-67229-03_SCXL-CS02_0..pdf,PIPE SUPPORTS,14,6,PS209-B2,PS209,1.0,6820-R2-67229-03,6820,
6820-R2-67229-04_SCXL-CS02_0..pdf,OTHER THAN SHOP MATERIALS,3,6,"NM Flat Gk, Barium Sulfate filled PTFE, 300 Lbs, RF as per ASME B16.5, Full Face, Thk=1/8in, -,",C7CX7CST,2.0,6820-R2-67229-04,6820,
6820-R2-67229-04_SCXL-CS02_0..pdf,OTHER THAN SHOP MATERIALS,4,3/4,"SBlt 2 HHx N, A193 Gr.B7/A194 Gr.2H, -, Xylan PTFE Coated, - 5 in. Length",C6S4K8BF,24.0,6820-R2-67229-04,6820,
6820-R2-67229-04_SCXL-CS02_0..pdf,OTHER THAN SHOP MATERIALS,5,6,"Gat Flg, -, API 600, ASTM A216 Gr.WCB,300 Lbs, RF, Ends as per ASME B16.5, HO,-, Valve Tag: GA-1192",C99ZZ9EJ,1.0,6820-R2-67229-04,6820,
6820-R2-67232-01_EPCL-SS01_2.pdf,OTHER THAN SHOP MATERIALS,7,1,"Nipple, ASTM A312 Gr.TP304L, NPTM Ends, L = 3in, -, S-80S",CEZMKL0,1.0,6820-R2-67232-01,6820,
6820-R2-67232-01_EPCL-SS01_2.pdf,OTHER THAN SHOP MATERIALS,8,1,"THD Flg, ASME B16.5, ASTM A182 Gr.F304L, 150 Lbs, RF/NPTF End, Annealed,",C7W2U48L,1.0,6820-R2-67232-01,6820,
6820-R2-67232-01_EPCL-SS01_2.pdf,OTHER THAN SHOP MATERIALS,9,8,"NM Flat Gk, Barium Sulfate filled PTFE, 150 Lbs, RF as per ASME B16.5, Full Face, Thk=1/8in, -,",C7CT1ZG2,2.0,6820-R2-67232-01,6820,
6820-R2-67232-01_EPCL-SS01_2.pdf,OTHER THAN SHOP MATERIALS,10,1,"NM Flat Gk, Barium Sulfate filled PTFE, 150 Lbs, RF as per ASME B16.5, Full Face, Thk=1/8in, -,",C7CT1ZFH,2.0,6820-R2-67232-01,6820,
6820-R2-67232-01_EPCL-SS01_2.pdf,OTHER THAN SHOP MATERIALS,11,3/4,"SBlt 2 HHx N, A193 Gr.B7/A194 Gr.2H, -, Xylan PTFE Coated, - 7.25 in. Length",C6S4K8BR,8.0,6820-R2-67232-01,6820,
6820-R2-67232-01_EPCL-SS01_2.pdf,OTHER THAN SHOP MATERIALS,12,1/2,"SBlt 2 HHx N, A193 Gr.B7/A194 Gr.2H, -, Xylan PTFE Coated, - 2.75 in. Length",C6S4K87U,8.0,6820-R2-67232-01,6820,
6820-R2-67232-01_EPCL-SS01_2.pdf,OTHER THAN SHOP MATERIALS,13,8,"But Waf, API 609 Cat.B, ASTM A351 Gr.CF8M,150 Lbs, Lug-type RF, Ends as per ASME B16.5, GO,-, Valve Tag: BU-1191",C8PLE444,1.0,6820-R2-67232-01,6820,
6820-R2-67232-01_EPCL-SS01_2.pdf,OTHER THAN SHOP MATERIALS,14,1,"Plug Flg,SP, Tapered Plug, Non Lubricated, API 599, ASTM A351 Gr.CF8M, 150 Lbs, RF, Ends as per ASME B16.5, -, LO,-, -, Valve Tag: PL-0548",C76KHSRR,1.0,6820-R2-67232-01,6820,
6820-R2-67232-01_EPCL-SS01_2.pdf,OTHER THAN SHOP MATERIALS,15,1,"Bld Flg, ASME B16.5, ASTM A182 Gr.F304L, 150 Lbs, RF, Annealed,",C7W2U478,1.0,6820-R2-67232-01,6820,
6820-R2-67232-01_EPCL-SS01_2.pdf,PIPE SUPPORTS,16,8,PS206-8-1,PS206,1.0,6820-R2-67232-01,6820,
6820-R2-67232-01_EPCL-SS01_2.pdf,PIPE SUPPORTS,17,8,PS434-C-43.9-25-8,PS434,1.0,6820-R2-67232-01,6820,
6820-R2-67232-01_EPCL-SS01_2.pdf,PIPE SUPPORTS,18,8,PS204-8,PS204,1.0,6820-R2-67232-01,6820,
6820-R2-67232-01_EPCL-SS01_2.pdf,PIPE SUPPORTS,19,8,PS401-3-24-1,PS401,1.0,6820-R2-67232-01,6820,
6820-R2-67232-02_EPCL-SS01_1.pdf,OTHER THAN SHOP MATERIALS,7,1,"Nipple, ASTM A312 Gr.TP304L, NPTM Ends, L = 3in, -, S-80S",CEZMKL0,1.0,6820-R2-67232-02,6820,
6820-R2-67232-02_EPCL-SS01_1.pdf,OTHER THAN SHOP MATERIALS,8,1,"THD Flg, ASME B16.5, ASTM A182 Gr.F304L, 150 Lbs, RF/NPTF End, Annealed,",C7W2U48L,1.0,6820-R2-67232-02,6820,
6820-R2-67232-02_EPCL-SS01_1.pdf,OTHER THAN SHOP MATERIALS,9,8,"NM Flat Gk, Barium Sulfate filled PTFE, 150 Lbs, RF as per ASME B16.5, Full Face, Thk=1/8in, -,",C7CT1ZG2,2.0,6820-R2-67232-02,6820,
6820-R2-67232-02_EPCL-SS01_1.pdf,OTHER THAN SHOP MATERIALS,10,1,"NM Flat Gk, Barium Sulfate filled PTFE, 150 Lbs, RF as per ASME B16.5, Full Face, Thk=1/8in, -,",C7CT1ZFH,2.0,6820-R2-67232-02,6820,
6820-R2-67232-02_EPCL-SS01_1.pdf,OTHER THAN SHOP MATERIALS,11,3/4,"SBlt 2 HHx N, A193 Gr.B7/A194 Gr.2H, -, Xylan PTFE Coated, - 4.5 in. Length",C6S4K8BD,16.0,6820-R2-67232-02,6820,
6820-R2-67232-02_EPCL-SS01_1.pdf,OTHER THAN SHOP MATERIALS,12,1/2,"SBlt 2 HHx N, A193 Gr.B7/A194 Gr.2H, -, Xylan PTFE Coated, - 2.75 in. Length",C6S4K87U,8.0,6820-R2-67232-02,6820,
6820-R2-67232-02_EPCL-SS01_1.pdf,OTHER THAN SHOP MATERIALS,3,8,"SwgChk Flg, ASME B16.34, ASTM A351 Gr.CF8M,150 Lbs, RF, Ends as per ASME B16.5,-, Valve Tag: CH-0276",C76KHSRG,1.0,6820-R2-67232-02,6820,
6820-R2-67232-02_EPCL-SS01_1.pdf,OTHER THAN SHOP MATERIALS,14,1,"Plug Flg,SP, Tapered Plug, Non Lubricated, API 599, ASTM A351 Gr.CF8M, 150 Lbs, RF, Ends as per ASME B16.5, -, LO,-, -, Valve Tag: PL-0548",C76KHSRR,1.0,6820-R2-67232-02,6820,
6820-R2-67232-02_EPCL-SS01_1.pdf,OTHER THAN SHOP MATERIALS,15,1,"Bld Flg, ASME B16.5, ASTM A182 Gr.F304L, 150 Lbs, RF, Annealed,",C7W2U478,1.0,6820-R2-67232-02,6820,
6820-R2-67232-02_EPCL-SS01_1.pdf,PIPE SUPPORTS,16,8,PS206-8-1,PS206,1.0,6820-R2-67232-02,6820,
6820-R2-67232-02_EPCL-SS01_1.pdf,PIPE SUPPORTS,17,8,PS204-8,PS204,1.0,6820-R2-67232-02,6820,
6820-R2-67232-02_EPCL-SS01_1.pdf,PIPE SUPPORTS,18,8,PS434-C-3-43.78-21.96-12,PS434,1.0,6820-R2-67232-02,6820,
6820-R2-67232-02_EPCL-SS01_1.pdf,PIPE SUPPORTS,19,8,PS434-C-3-41.77-24.11-12,PS434,1.0,6820-R2-67232-02,6820,
6820-R2-67233-01_NOHD-SS01_1..pdf,OTHER THAN SHOP MATERIALS,11,8,"NM Flat Gk, Barium Sulfate filled PTFE, 150 Lbs, RF as per ASME B16.5, -, Thk=1/8in, -,",C6SBWZF4,2.0,6820-R2-67233-01,6820,
6820-R2-67233-01_NOHD-SS01_1..pdf,OTHER THAN SHOP MATERIALS,12,1,"NM Flat Gk, Barium Sulfate filled PTFE, 150 Lbs, RF as per ASME B16.5, -, Thk=1/8in, -,",C6S4K87F,2.0,6820-R2-67233-01,6820,
6820-R2-67233-01_NOHD-SS01_1..pdf,OTHER THAN SHOP MATERIALS,13,3/4,"SBlt 2 HHx N, A193 Gr.B7/A194 Gr.2H, -, Xylan PTFE Coated, - 7.25 in. Length",C6S4K8BR,8.0,6820-R2-67233-01,6820,
6820-R2-67233-01_NOHD-SS01_1..pdf,OTHER THAN SHOP MATERIALS,14,1/2,"SBlt 2 HHx N, A193 Gr.B7/A194 Gr.2H, -, Xylan PTFE Coated, - 2.75 in. Length",C6S4K87U,8.0,6820-R2-67233-01,6820,
6820-R2-67233-01_NOHD-SS01_1..pdf,OTHER THAN SHOP MATERIALS,15,8,"But Waf, API 609 Cat.A, ASTM A395 Gr.60-40-18 PFA Lined and Epoxy Coated,150 Lbs, Lug-type RF, Ends as per ASME B16.5, GO,-, Valve Tag: BU-0808",C7CT0BXY,1.0,6820-R2-67233-01,6820,
6820-R2-67233-01_NOHD-SS01_1..pdf,OTHER THAN SHOP MATERIALS,16,1,"Plug Flg,SP, Tapered Plug, Non Lubricated, API 599, ASTM A351 Gr.CF8M, 150 Lbs, RF, Ends as per ASME B16.5, -, LO,-, -, Valve Tag: PL-0548",C76KHSRR,1.0,6820-R2-67233-01,6820,
6820-R2-67233-01_NOHD-SS01_1..pdf,OTHER THAN SHOP MATERIALS,17,1,"Bld Flg, ASME B16.5, ASTM A182 Gr.F316L, 150 Lbs, RF, Annealed,",C80R6Y1H,1.0,6820-R2-67233-01,6820,
6820-R2-67233-01_NOHD-SS01_1..pdf,PIPE SUPPORTS,18,8,PS209-B1,PS209,1.0,6820-R2-67233-01,6820,
6820-R2-67233-01_NOHD-SS01_1..pdf,PIPE SUPPORTS,19,8,PS214-18,PS214,1.0,6820-R2-67233-01,6820,
6820-R2-67233-02_NOHD-SS01-0.pdf,PIPE SUPPORTS,5,8,PS204-8,PS204,2.0,6820-R2-67233-02,6820,
6820-R2-67233-02_NOHD-SS01-0.pdf,PIPE SUPPORTS,6,8,PS206-8-1,PS206,1.0,6820-R2-67233-02,6820,
6820-R2-67233-03_NOHD-SS01_2..pdf,OTHER THAN SHOP MATERIALS,6,8,"NM Flat Gk, Barium Sulfate filled PTFE, 150 Lbs, RF as per ASME B16.5, -, Thk=1/8in, -,",C6SBWZF4,3.0,6820-R2-67233-03,6820,
6820-R2-67233-03_NOHD-SS01_2..pdf,OTHER THAN SHOP MATERIALS,7,3/4,"SBlt 2 HHx N, A193 Gr.B7/A194 Gr.2H, -, Xylan PTFE Coated, - 4.5 in. Length",C6S4K8BD,8.0,6820-R2-67233-03,6820,
6820-R2-67233-03_NOHD-SS01_2..pdf,OTHER THAN SHOP MATERIALS,8,3/4,"SBlt 2 HHx N, A193 Gr.B7/A194 Gr.2H, -, Xylan PTFE Coated, - 4.75 in. Length",C6S4K8BE,8.0,6820-R2-67233-03,6820,
6820-R2-67233-03_NOHD-SS01_2..pdf,OTHER THAN SHOP MATERIALS,9,3/4,"SBlt 2 HHx N, A193 Gr.B7/A194 Gr.2H, -, Xylan PTFE Coated, - 5 in. Length",C6S4K8BF,8.0,6820-R2-67233-03,6820,
6820-R2-67233-03_NOHD-SS01_2..pdf,OTHER THAN SHOP MATERIALS,10,8,"Plug Flg,SP, Tapered Plug, Non Lubricated, API 599, ASTM A351 Gr.CF8M, 150 Lbs, RF, Ends as per ASME B16.5, -, GO,-, -, Valve Tag: PL-0548",C6SDVYKY,1.0,6820-R2-67233-03,6820,
6820-R2-67233-03_NOHD-SS01_2..pdf,PIPE SUPPORTS,11,8,PS430-2-C-48,PS430,1.0,6820-R2-67233-03,6820,
6820-R2-67233-03_NOHD-SS01_2..pdf,PIPE SUPPORTS,2,8,PS204-8,PS204,2.0,6820-R2-67233-03,6820,
6820-R2-67233-03_NOHD-SS01_2..pdf,PIPE SUPPORTS,13,8,PS430-3-A-35,PS430,2.0,6820-R2-67233-03,6820,
6820-R2-67233-03_NOHD-SS01_2..pdf,PIPE SUPPORTS,1,8,PS406-2-46.65-24-12,PS406,1.0,6820-R2-67233-03,6820,
6820-R2-67233-03_NOHD-SS01_2..pdf,PIPE SUPPORTS,16,8,PS413-1-10-10,PS413,2.0,6820-R2-67233-03,6820,
6820-R2-67233-03_NOHD-SS01_2..pdf,PIPE SUPPORTS,17,8,PS406-2A-27.84-54-30.30,PS406,1.0,6820-R2-67233-03,6820,
6820-R2-67234-02_SCXL-CS01_0..pdf,OTHER THAN SHOP MATERIALS,5,1/2,"SBlt 2 HHx N, A193 Gr.B7/A194 Gr.2H, -, Xylan PTFE Coated, - 3 in. Length",C6S4K87V,12.0,6820-R2-67234-02,6820,
6820-R2-67234-03_SCXL-CS01_0..pdf,OTHER THAN SHOP MATERIALS,4,1/2,"SBlt 2 HHx N, A193 Gr.B7/A194 Gr.2H, -, Xylan PTFE Coated, - 3 in. Length",C6S4K87V,12.0,6820-R2-67234-03,6820,
6820-R2-67234-04_SCXL-CS01_0..pdf,OTHER THAN SHOP MATERIALS,1,3/4,"NM Flat Gk, Barium Sulfate filled PTFE, 150 Lbs, RF as per ASME B16.5, Full Face, Thk=1/8in, -,",C7CT1ZFG,2.0,6820-R2-67234-04,6820,
6820-R2-67234-04_SCXL-CS01_0..pdf,OTHER THAN SHOP MATERIALS,2,1/2,"SBlt 2 HHx N, A193 Gr.B7/A194 Gr.2H, -, Xylan PTFE Coated, - 2.75 in. Length",C6S4K87U,8.0,6820-R2-67234-04,6820,
6820-R2-67234-04_SCXL-CS01_0..pdf,OTHER THAN SHOP MATERIALS,3,3/4,"Gat Flg, -, API 600, ASTM A216 Gr.WCB,150 Lbs, RF, Ends as per ASME B16.5, HO,-, Valve Tag: GA-0215",C9T8B34P,1.0,6820-R2-67234-04,6820,
6820-R2-67234-04_SCXL-CS01_0..pdf,OTHER THAN SHOP MATERIALS,4,3/4,"Bld Flg, ASME B16.5, ASTM A105N, 150 Lbs, RF, -, TYPE: INSUL THK: SHOP: FIELD: PAINT CODE: MODULE: Per LDT Per LDT N Y Per LDT - P&ID: 202998C-001-PID-0021-0327 UNIT#: EWP AREA: SPEC: STRESS CALC #: 6800 6820 SCXL-CS01 - LINE No. 0.75""-R2-67234-SCXL-CS01-N Battleground DRAWING NUMBER REV. 6820-R2-67234-04 *6820-R2-67234-04*",CFG6WM5T,1.0,6820-R2-67234-04,6820,
6820-R2-67234-05_SCXL-CS01_0..pdf,OTHER THAN SHOP MATERIALS,1,3/4,"NM Flat Gk, Barium Sulfate filled PTFE, 150 Lbs, RF as per ASME B16.5, Full Face, Thk=1/8in, -,",C7CT1ZFG,2.0,6820-R2-67234-05,6820,
6820-R2-67234-05_SCXL-CS01_0..pdf,OTHER THAN SHOP MATERIALS,2,1/2,"SBlt 2 HHx N, A193 Gr.B7/A194 Gr.2H, -, Xylan PTFE Coated, - 2.75 in. Length",C6S4K87U,8.0,6820-R2-67234-05,6820,
6820-R2-67234-05_SCXL-CS01_0..pdf,OTHER THAN SHOP MATERIALS,3,3/4,"Gat Flg, -, API 600, ASTM A216 Gr.WCB,150 Lbs, RF, Ends as per ASME B16.5, HO,-, Valve Tag: GA-0215",C9T8B34P,1.0,6820-R2-67234-05,6820,
6820-R2-67234-05_SCXL-CS01_0..pdf,OTHER THAN SHOP MATERIALS,4,3/4,"Bld Flg, ASME B16.5, ASTM A105N, 150 Lbs, RF, -, TYPE: INSUL THK: SHOP: FIELD: PAINT CODE: MODULE: Per LDT Per LDT N Y Per LDT - P&ID: 202998C-001-PID-0021-0327 UNIT#: EWP AREA: SPEC: STRESS CALC #: 6800 6820 SCXL-CS01 - LINE No. 0.75""-R2-67234-SCXL-CS01-N Battleground DRAWING NUMBER REV. 6820-R2-67234-05 *6820-R2-67234-05*",CFG6WM5T,1.0,6820-R2-67234-05,6820,
6820-R2-67235-01_EPCL-SS01_0..pdf,OTHER THAN SHOP MATERIALS,2,1,"Pipes, Seamless, ASME ' B36.19/B36.10, ASTM A312 Gr.TP304L, NPTM Ends, w/ coupling, -, S-80S",C76KFFTD,20.2,6820-R2-67235-01,6820,
6820-R2-67235-01_EPCL-SS01_0..pdf,OTHER THAN SHOP MATERIALS,3,1,"90° Elb, ASME B16.11, ASTM A182 Gr.F304L, 3000 Lbs, NPTF Ends, Annealed,",C7BP5GGW,3.0,6820-R2-67235-01,6820,
6820-R2-67235-01_EPCL-SS01_0..pdf,OTHER THAN SHOP MATERIALS,4,1,"THD Flg, ASME B16.5, ASTM A182 Gr.F304L, 150 Lbs, RF/NPTF End, Annealed,",C7W2U48L,2.0,6820-R2-67235-01,6820,
6820-R2-67235-01_EPCL-SS01_0..pdf,OTHER THAN SHOP MATERIALS,5,1,"NM Flat Gk, Barium Sulfate filled PTFE, 150 Lbs, RF as per ASME B16.5, Full Face, Thk=1/8in, -,",C7CT1ZFH,2.0,6820-R2-67235-01,6820,
6820-R2-67235-01_EPCL-SS01_0..pdf,OTHER THAN SHOP MATERIALS,6,1/2,"SBlt 2 HHx N, A193 Gr.B7/A194 Gr.2H, -, Xylan PTFE Coated, - 2.75 in. Length",C6S4K87U,8.0,6820-R2-67235-01,6820,
6820-R2-67235-01_EPCL-SS01_0..pdf,OTHER THAN SHOP MATERIALS,7,1,"Plug Flg,SP, Tapered Plug, Non Lubricated, API 599, ASTM A351 Gr.CF8M, 150 Lbs, RF, Ends as per ASME B16.5, -, LO,-, -, Valve Tag: PL-0548",C76KHSRR,1.0,6820-R2-67235-01,6820,
6820-R2-67235-01_EPCL-SS01_0..pdf,PIPE SUPPORTS,8,1,PS709-A-26-8,PS709,1.0,6820-R2-67235-01,6820,
6820-R2-67235-01_EPCL-SS01_0..pdf,PIPE SUPPORTS,9,1,PS105-1-12-4,PS105,1.0,6820-R2-67235-01,6820,
6820-R2-67235-01_EPCL-SS01_0..pdf,PIPE SUPPORTS,10,1,"PS709-B-18-10 TYPE: INSUL THK: SHOP: FIELD: PAINT CODE: MODULE: L Per LDT Per LDT Y Y Per LDT - P&ID: 202998C-001-PID-0021-0331 UNIT#: EWP AREA: SPEC: STRESS CALC #: 6800 6820 EPCL-SS01 - LINE No. 1""-R2-67235-EPCL-SS01-H Battleground DRAWING NUMBER REV. 6820-R2-67235-01 *6820-R2-67235-01*",PS709,1.0,6820-R2-67235-01,6820,
6820-R2-67235-02_EPCL-SS01_0.pdf,OTHER THAN SHOP MATERIALS,1,1,"Pipes, Seamless, ASME ' B36.19/B36.10, ASTM A312 Gr.TP304L, NPTM Ends, w/ coupling, -, S-80S",C76KFFTD,20.2,6820-R2-67235-02,6820,
6820-R2-67235-02_EPCL-SS01_0.pdf,OTHER THAN SHOP MATERIALS,2,1,"90° Elb, ASME B16.11, ASTM A182 Gr.F304L, 3000 Lbs, NPTF Ends, Annealed,",C7BP5GGW,3.0,6820-R2-67235-02,6820,
6820-R2-67235-02_EPCL-SS01_0.pdf,PIPE SUPPORTS,3,1,PS105-1-12-4,PS105,2.0,6820-R2-67235-02,6820,
6820-R2-67235-02_EPCL-SS01_0.pdf,PIPE SUPPORTS,4,1,PS719-H-11.6-16-4,PS719,1.0,6820-R2-67235-02,6820,
6820-R2-67235-02_EPCL-SS01_0.pdf,PIPE SUPPORTS,5,1,PS712-1-8.2,PS712,1.0,6820-R2-67235-02,6820,
6820-R2-67235-02_EPCL-SS01_0.pdf,PIPE SUPPORTS,6,1,"PS204-1 TYPE: INSUL THK: SHOP: FIELD: PAINT CODE: MODULE: L Per LDT Per LDT N Y Per LDT - P&ID: 202998C-001-PID-0021-0331 UNIT#: EWP AREA: SPEC: STRESS CALC #: 6800 6820 EPCL-SS01 - LINE No. 1""-R2-67235-EPCL-SS01-H Battleground DRAWING NUMBER REV. 6820-R2-67235-02 *6820-R2-67235-02*",PS204,1.0,6820-R2-67235-02,6820,
6820-R2-67235-03_EPCL-SS01_0.pdf,OTHER THAN SHOP MATERIALS,1,1,"Pipes, Seamless, ASME ' B36.19/B36.10, ASTM A312 Gr.TP304L, NPTM Ends, w/ coupling, -, S-80S",C76KFFTD,20.6,6820-R2-67235-03,6820,
6820-R2-67235-03_EPCL-SS01_0.pdf,OTHER THAN SHOP MATERIALS,2,1,"90° Elb, ASME B16.11, ASTM A182 Gr.F304L, 3000 Lbs, NPTF Ends, Annealed,",C7BP5GGW,3.0,6820-R2-67235-03,6820,
6820-R2-67235-03_EPCL-SS01_0.pdf,OTHER THAN SHOP MATERIALS,3,1,"THD Flg, ASME B16.5, ASTM A182 Gr.F304L, 150 Lbs, RF/NPTF End, Annealed,",C7W2U48L,1.0,6820-R2-67235-03,6820,
6820-R2-67235-03_EPCL-SS01_0.pdf,PIPE SUPPORTS,4,1,PS105-1-12-4,PS105,3.0,6820-R2-67235-03,6820,
6820-R2-67235-03_EPCL-SS01_0.pdf,PIPE SUPPORTS,5,1,PS719-H-22.8-6-4,PS719,1.0,6820-R2-67235-03,6820,
6820-R2-67235-03_EPCL-SS01_0.pdf,PIPE SUPPORTS,6,1,PS204-1,PS204,2.0,6820-R2-67235-03,6820,
6820-R2-67235-03_EPCL-SS01_0.pdf,PIPE SUPPORTS,7,1,PS719-H-22.8-8-4,PS719,1.0,6820-R2-67235-03,6820,
6820-R2-67235-03_EPCL-SS01_0.pdf,PIPE SUPPORTS,8,1,PS205-B,PS205,1.0,6820-R2-67235-03,6820,
6820-R2-67235-03_EPCL-SS01_0.pdf,PIPE SUPPORTS,9,1,"PS717-D-24.3-8 TYPE: INSUL THK: SHOP: FIELD: PAINT CODE: MODULE: L Per LDT Per LDT N Y Per LDT - P&ID: 202998C-001-PID-0021-0331 UNIT#: EWP AREA: SPEC: STRESS CALC #: 6800 6820 EPCL-SS01 - LINE No. 1""-R2-67235-EPCL-SS01-H Battleground DRAWING NUMBER REV. 6820-R2-67235-03 *6820-R2-67235-03*",PS717,1.0,6820-R2-67235-03,6820,
6820-R2-67241-01_NOHD-SS03_0.pdf,OTHER THAN SHOP MATERIALS,6,1/2,PS212-0.5,PS212,3.0,6820-R2-67241-01,6820,
6820-R2-67242-01_NOHD-SS03_0.pdf,PIPE SUPPORTS,6,1/2,PS212-0.5,PS212,3.0,6820-R2-67242-01,6820,
6820-R2-67243-01_NOHD-SS03_0..pdf,OTHER THAN SHOP MATERIALS,6,8,"NM Flat Gk, Barium Sulfate filled PTFE, 150 Lbs, RF as per ASME B16.5, -, Thk=1/8in, -,",C6SBWZF4,1.0,6820-R2-67243-01,6820,
6820-R2-67243-01_NOHD-SS03_0..pdf,OTHER THAN SHOP MATERIALS,7,3/4,"SBlt 2 HHx N, A193 Gr.B7/A194 Gr.2H, -, Xylan PTFE Coated, - 5 in. Length",C6S4K8BF,8.0,6820-R2-67243-01,6820,
6820-R2-67243-01_NOHD-SS03_0..pdf,PIPE SUPPORTS,8,8,PS433-8,PS433,3.0,6820-R2-67243-01,6820,
6820-R2-67243-01_NOHD-SS03_0..pdf,PIPE SUPPORTS,9,8,PS201-8-S,PS201,1.0,6820-R2-67243-01,6820,
6820-R2-67243-02_NOHD-SS03_0..pdf,PIPE SUPPORTS,3,8,PS433-8,PS433,6.0,6820-R2-67243-02,6820,
6820-R2-67243-02_NOHD-SS03_0..pdf,PIPE SUPPORTS,4,8,PS201-8-S,PS201,3.0,6820-R2-67243-02,6820,
6820-R2-67247-01_NOHD-SS03_0..pdf,PIPE SUPPORTS,3,1,PS201-1-S,PS201,1.0,6820-R2-67247-01,6820,
6820-R2-67247-01_NOHD-SS03_0..pdf,PIPE SUPPORTS,4,1,PS433-1,PS433,1.0,6820-R2-67247-01,6820,
6820-R2-67247-01_NOHD-SS03_0..pdf,PIPE SUPPORTS,5,1,PS712-A-10.5,PS712,1.0,6820-R2-67247-01,6820,
6820-R2-67247-01_NOHD-SS03_0..pdf,PIPE SUPPORTS,6,1,PS212-1,PS212,1.0,6820-R2-67247-01,6820,
6820-R2-67247-01_NOHD-SS03_0..pdf,PIPE SUPPORTS,7,1,PS713-D-4.7,PS713,1.0,6820-R2-67247-01,6820,
6820-R2-67247-02_NOHD-SS03_0..pdf,OTHER THAN SHOP MATERIALS,6,1,"NM Flat Gk, Barium Sulfate filled PTFE, 150 Lbs, RF as per ASME B16.5, Full Face, Thk=1/8in, -,",C7CT1ZFH,1.0,6820-R2-67247-02,6820,
6820-R2-67247-02_NOHD-SS03_0..pdf,OTHER THAN SHOP MATERIALS,7,1,"NM Flat Gk, Barium Sulfate filled PTFE, 150 Lbs, RF as per ASME B16.5, -, Thk=1/8in, -,",C6S4K87F,5.0,6820-R2-67247-02,6820,
6820-R2-67247-02_NOHD-SS03_0..pdf,OTHER THAN SHOP MATERIALS,8,1/2,"SBlt 2 HHx N, A193 Gr.B7/A194 Gr.2H, -, Xylan PTFE Coated, - 2.75 in. Length",C6S4K87U,24.0,6820-R2-67247-02,6820,
6820-R2-67247-02_NOHD-SS03_0..pdf,OTHER THAN SHOP MATERIALS,9,1,"Plug Flg,SP, Tapered Plug, Non Lubricated, API 599, ASTM A351 Gr.CF8M, 150 Lbs, RF, Ends as per ASME B16.5, -, LO,-, -, Valve Tag: PL-0548",C76KHSRR,3.0,6820-R2-67247-02,6820,
6820-R2-67247-02_NOHD-SS03_0..pdf,OTHER THAN SHOP MATERIALS,10,1,"Bld Flg, ASME B16.5, ASTM A182 Gr.F304L, 150 Lbs, RF, Annealed,",C7W2U478,1.0,6820-R2-67247-02,6820,
6820-R2-67247-02_NOHD-SS03_0..pdf,PIPE SUPPORTS,11,1,PS211-1,PS211,1.0,6820-R2-67247-02,6820,
6820-R2-67247-02_NOHD-SS03_0..pdf,PIPE SUPPORTS,12,1,PS732-2-60-36,PS732,1.0,6820-R2-67247-02,6820,
6820-R2-67248-01_EPCL-SS01_0..pdf,OTHER THAN SHOP MATERIALS,2,1,"Pipes, Seamless, ASME ' B36.19/B36.10, ASTM A312 Gr.TP304L, NPTM Ends, w/ coupling, -, S-80S",C76KFFTD,59.3,6820-R2-67248-01,6820,
6820-R2-67248-01_EPCL-SS01_0..pdf,OTHER THAN SHOP MATERIALS,3,1,"90° Elb, ASME B16.11, ASTM A182 Gr.F304L, 3000 Lbs, NPTF Ends, Annealed,",C7BP5GGW,4.0,6820-R2-67248-01,6820,
6820-R2-67248-01_EPCL-SS01_0..pdf,OTHER THAN SHOP MATERIALS,4,1,"Full Coup, ASME B16.11, ASTM A182 Gr.F304L, 3000 Lbs, NPTF Ends, Annealed,",C7BP51NV,1.0,6820-R2-67248-01,6820,
6820-R2-67248-01_EPCL-SS01_0..pdf,OTHER THAN SHOP MATERIALS,5,1,"THD Flg, ASME B16.5, ASTM A182 Gr.F304L, 150 Lbs, RF/NPTF End, Annealed,",C7W2U48L,2.0,6820-R2-67248-01,6820,
6820-R2-67248-01_EPCL-SS01_0..pdf,OTHER THAN SHOP MATERIALS,6,1,"NM Flat Gk, Barium Sulfate filled PTFE, 150 Lbs, RF as per ASME B16.5, Full Face, Thk=1/8in, -,",C7CT1ZFH,2.0,6820-R2-67248-01,6820,
6820-R2-67248-01_EPCL-SS01_0..pdf,OTHER THAN SHOP MATERIALS,7,1/2,"SBlt 2 HHx N, A193 Gr.B7/A194 Gr.2H, -, Xylan PTFE Coated, - 2.75 in. Length",C6S4K87U,8.0,6820-R2-67248-01,6820,
6820-R2-67248-01_EPCL-SS01_0..pdf,OTHER THAN SHOP MATERIALS,8,1,"Plug Flg,SP, Tapered Plug, Non Lubricated, API 599, ASTM A351 Gr.CF8M, 150 Lbs, RF, Ends as per ASME B16.5, -, LO,-, -, Valve Tag: PL-0548",C76KHSRR,1.0,6820-R2-67248-01,6820,
6820-R2-67248-01_EPCL-SS01_0..pdf,PIPE SUPPORTS,9,1,PS433-1,PS433,6.0,6820-R2-67248-01,6820,
6820-R2-67248-01_EPCL-SS01_0..pdf,PIPE SUPPORTS,10,1,PS201-1-S,PS201,5.0,6820-R2-67248-01,6820,
6820-R2-67248-01_EPCL-SS01_0..pdf,PIPE SUPPORTS,11,1,PS709-A-20.59-6,PS709,1.0,6820-R2-67248-01,6820,
6820-R2-67248-01_EPCL-SS01_0..pdf,PIPE SUPPORTS,12,1,PS604-5-0.75-14-W,PS604,1.0,6820-R2-67248-01,6820,
6820-R2-67248-01_EPCL-SS01_0..pdf,PIPE SUPPORTS,13,1,PS430-4-A-47.77,PS430,1.0,6820-R2-67248-01,6820,
6820-R2-67248-01_EPCL-SS01_0..pdf,PIPE SUPPORTS,14,1,PS719-H-28.22-8-/,PS719,1.0,6820-R2-67248-01,6820,
6820-R2-67248-01_EPCL-SS01_0..pdf,PIPE SUPPORTS,15,1,PS430-4-A-47.6,PS430,1.0,6820-R2-67248-01,6820,
6820-R2-67248-01_EPCL-SS01_0..pdf,PIPE SUPPORTS,16,1,"PS719-B-31.3-10-/ TYPE: INSUL THK: SHOP: FIELD: PAINT CODE: MODULE: L Per LDT Per LDT N Y Per LDT - P&ID: 202998C-001-PID-0021-0331 UNIT#: EWP AREA: SPEC: STRESS CALC #: 6800 6820 EPCL-SS01 - LINE No. 1""-R2-67248-EPCL-SS01-P Battleground DRAWING NUMBER REV. 6820-R2-67248-01 *6820-R2-67248-01*",PS719,1.0,6820-R2-67248-01,6820,
6820-R2-67248-02_EPCL-SS01_0..pdf,OTHER THAN SHOP MATERIALS,1,1,"Pipes, Seamless, ASME ' B36.19/B36.10, ASTM A312 Gr.TP304L, NPTM Ends, w/ coupling, -, S-80S",C76KFFTD,18.6,6820-R2-67248-02,6820,
6820-R2-67248-02_EPCL-SS01_0..pdf,OTHER THAN SHOP MATERIALS,2,1,"90° Elb, ASME B16.11, ASTM A182 Gr.F304L, 3000 Lbs, NPTF Ends, Annealed,",C7BP5GGW,3.0,6820-R2-67248-02,6820,
6820-R2-67248-02_EPCL-SS01_0..pdf,OTHER THAN SHOP MATERIALS,3,1,"THD Flg, ASME B16.5, ASTM A182 Gr.F304L, 150 Lbs, RF/NPTF End, Annealed,",C7W2U48L,1.0,6820-R2-67248-02,6820,
6820-R2-67248-02_EPCL-SS01_0..pdf,PIPE SUPPORTS,4,1,PS433-1,PS433,1.0,6820-R2-67248-02,6820,
6820-R2-67248-02_EPCL-SS01_0..pdf,PIPE SUPPORTS,5,1,PS201-1-S,PS201,1.0,6820-R2-67248-02,6820,
6820-R2-67248-02_EPCL-SS01_0..pdf,PIPE SUPPORTS,6,1,"PS211-1 TYPE: INSUL THK: SHOP: FIELD: PAINT CODE: MODULE: L Per LDT Per LDT N Y Per LDT - P&ID: 202998C-001-PID-0021-0331 UNIT#: EWP AREA: SPEC: STRESS CALC #: 6800 6820 EPCL-SS01 - LINE No. 1""-R2-67248-EPCL-SS01-P Battleground DRAWING NUMBER REV. 6820-R2-67248-02 *6820-R2-67248-02*",PS211,1.0,6820-R2-67248-02,6820,
6820-R2-67249-01_NOHD-SS03_0..pdf,PIPE SUPPORTS,3,1,PS433-1,PS433,2.0,6820-R2-67249-01,6820,
6820-R2-67249-01_NOHD-SS03_0..pdf,PIPE SUPPORTS,4,1,PS201-1-S,PS201,2.0,6820-R2-67249-01,6820,
6820-R2-67249-01_NOHD-SS03_0..pdf,PIPE SUPPORTS,5,1,PS719-H-33.5-10-/,PS719,1.0,6820-R2-67249-01,6820,
6820-R2-67249-01_NOHD-SS03_0..pdf,PIPE SUPPORTS,6,1,PS712-A-6.41,PS712,1.0,6820-R2-67249-01,6820,
6820-R2-67249-02_NOHD-SS03_0..pdf,OTHER THAN SHOP MATERIALS,5,1,"NM Flat Gk, Barium Sulfate filled PTFE, 150 Lbs, RF as per ASME B16.5, -, Thk=1/8in, -,",C6S4K87F,2.0,6820-R2-67249-02,6820,
6820-R2-67249-02_NOHD-SS03_0..pdf,OTHER THAN SHOP MATERIALS,6,1/2,"SBlt 2 HHx N, A193 Gr.B7/A194 Gr.2H, -, Xylan PTFE Coated, - 2.75 in. Length",C6S4K87U,8.0,6820-R2-67249-02,6820,
6820-R2-67249-02_NOHD-SS03_0..pdf,OTHER THAN SHOP MATERIALS,7,1,"Plug Flg,SP, Tapered Plug, Non Lubricated, API 599, ASTM A351 Gr.CF8M, 150 Lbs, RF, Ends as per ASME B16.5, -, LO,-, -, Valve Tag: PL-0548",C76KHSRR,1.0,6820-R2-67249-02,6820,
6820-R2-67249-02_NOHD-SS03_0..pdf,PIPE SUPPORTS,8,1,PS211-1,PS211,1.0,6820-R2-67249-02,6820,
6820-R2-67250-01_NOHD-SS03_0..pdf,PIPE SUPPORTS,3,1,PS713-D-12.33,PS713,1.0,6820-R2-67250-01,6820,
6820-R2-67250-01_NOHD-SS03_0..pdf,PIPE SUPPORTS,4,1,PS213-1,PS213,1.0,6820-R2-67250-01,6820,
6820-R2-67250-01_NOHD-SS03_0..pdf,PIPE SUPPORTS,5,1,PS726-H-12.37-4.93-/,PS726,2.0,6820-R2-67250-01,6820,
6820-R2-67250-01_NOHD-SS03_0..pdf,PIPE SUPPORTS,6,1,PS201-1-S,PS201,3.0,6820-R2-67250-01,6820,
6820-R2-67250-01_NOHD-SS03_0..pdf,PIPE SUPPORTS,7,1,PS433-1,PS433,3.0,6820-R2-67250-01,6820,
6820-R2-67250-01_NOHD-SS03_0..pdf,PIPE SUPPORTS,8,1,PS719-H-10.6-6-/,PS719,1.0,6820-R2-67250-01,6820,
6820-R2-67250-02_NOHD-SS03_0..pdf,PIPE SUPPORTS,3,1,PS433-1,PS433,3.0,6820-R2-67250-02,6820,
6820-R2-67250-02_NOHD-SS03_0..pdf,PIPE SUPPORTS,4,1,PS712-D-3,PS712,1.0,6820-R2-67250-02,6820,
6820-R2-67250-02_NOHD-SS03_0..pdf,PIPE SUPPORTS,5,1,PS718--A-24-9.8,PS718,2.0,6820-R2-67250-02,6820,
6820-R2-67250-02_NOHD-SS03_0..pdf,PIPE SUPPORTS,6,1,PS201-1-S,PS201,2.0,6820-R2-67250-02,6820,
6820-R2-67250-03_NOHD-SS03_0..pdf,OTHER THAN SHOP MATERIALS,5,1,"NM Flat Gk, Barium Sulfate filled PTFE, 150 Lbs, RF as per ASME B16.5, -, Thk=1/8in, -,",C6S4K87F,2.0,6820-R2-67250-03,6820,
6820-R2-67250-03_NOHD-SS03_0..pdf,OTHER THAN SHOP MATERIALS,6,1/2,"SBlt 2 HHx N, A193 Gr.B7/A194 Gr.2H, -, Xylan PTFE Coated, - 2.75 in. Length",C6S4K87U,8.0,6820-R2-67250-03,6820,
6820-R2-67250-03_NOHD-SS03_0..pdf,OTHER THAN SHOP MATERIALS,7,1,"Plug Flg,SP, Tapered Plug, Non Lubricated, API 599, ASTM A351 Gr.CF8M, 150 Lbs, RF, Ends as per ASME B16.5, -, LO,-, -, Valve Tag: PL-0548",C76KHSRR,1.0,6820-R2-67250-03,6820,
6820-R2-67250-03_NOHD-SS03_0..pdf,PIPE SUPPORTS,8,1,PS433-1,PS433,1.0,6820-R2-67250-03,6820,
6820-R2-67250-03_NOHD-SS03_0..pdf,PIPE SUPPORTS,9,1,PS201-1-S,PS201,1.0,6820-R2-67250-03,6820,
6820-R2-67250-03_NOHD-SS03_0..pdf,PIPE SUPPORTS,10,1,PS211-1,PS211,1.0,6820-R2-67250-03,6820,
6820-R2-67253-01_EPCL-SS01_0..pdf,OTHER THAN SHOP MATERIALS,1,2,"NM Flat Gk, Barium Sulfate filled PTFE, 150 Lbs, RF as per ASME B16.5, Full Face, Thk=1/8in, -,",C7CT1ZFS,2.0,6820-R2-67253-01,6820,
6820-R2-67253-01_EPCL-SS01_0..pdf,OTHER THAN SHOP MATERIALS,2,5/8,"SBlt 2 HHx N, A193 Gr.B7/A194 Gr.2H, -, Xylan PTFE Coated, - 3.5 in. Length",C6S4K88R,8.0,6820-R2-67253-01,6820,
6820-R2-67253-01_EPCL-SS01_0..pdf,OTHER THAN SHOP MATERIALS,3,2,"Plug Flg,SP, Tapered Plug, Non Lubricated, API 599, ASTM A351 Gr.CF8M, 150 Lbs, RF, Ends as per ASME B16.5, -, LO,-, -, Valve Tag: PL-0548",C6SDVYKZ,1.0,6820-R2-67253-01,6820,
6820-R2-67253-01_EPCL-SS01_0..pdf,OTHER THAN SHOP MATERIALS,4,2,"Bld Flg, ASME B16.5, ASTM A182 Gr.F304L, 150 Lbs, RF, Annealed, TYPE: INSUL THK: SHOP: FIELD: PAINT CODE: MODULE: L Per LDT Per LDT N Y Per LDT - P&ID: 202998C-001-PID-0021-0320 UNIT#: EWP AREA: SPEC: STRESS CALC #: 6800 6820 EPCL-SS01 - LINE No. 2""-R2-67253-EPCL-SS01-N Battleground DRAWING NUMBER REV. 6820-R2-67253-01 *6820-R2-67253-01*",C7W2U47F,1.0,6820-R2-67253-01,6820,
6820-R2-67254-01_NOHD-NI01_1 DELETED.pdf,OTHER THAN SHOP MATERIALS,1,2,"NM Flat Gk, Barium Sulfate filled PTFE, 150 Lbs, RF as per ASME B16.5, -, Thk=1/8in, -,",C6S4K87J,2.0,6820-R2-67254-01,6820,
6820-R2-67254-01_NOHD-NI01_1 DELETED.pdf,OTHER THAN SHOP MATERIALS,2,5/8,"SBlt 2 HHx N, A193 Gr.B7/A194 Gr.2H, -, Xylan PTFE Coated, - 3.5 in. Length",C6S4K88R,8.0,6820-R2-67254-01,6820,
6820-R2-67254-01_NOHD-NI01_1 DELETED.pdf,OTHER THAN SHOP MATERIALS,3,2,"Plug Flg,SP, Inverted Tapered Plug, Non Lubricated, API 599, ASTM B564 UNS N02200, 150 Lbs, RF, Ends as per ASME B16.5, -, LO,-, -, Valve Tag: PL-0503_LO",C8RR9V39,1.0,6820-R2-67254-01,6820,
6820-R2-67254-01_NOHD-NI01_1 DELETED.pdf,OTHER THAN SHOP MATERIALS,4,2,"Bld Flg, ASME B16.5, ASTM B564 UNS N02200, 150 Lbs, RF, -, ISOMETRIC NUMBER: 6820-R2-67278-05 MOC-0340, R2-67254 LINE IS DELETED. ADDED THIS ISOMETRIC IN R2-67278 TYPE: INSUL THK: SHOP: FIELD: PAINT CODE: MODULE: L Per LDT Per LDT N Y Per LDT - P&ID: 202998C-001-PID-0021-0322 UNIT#: EWP AREA: SPEC: STRESS CALC #: 6800 6820 NOHD-NI01 - LINE No. 2""-R2-67254-NOHD-NI01-N Battleground DRAWING NUMBER REV. 6820-R2-67254-01 *6820-R2-67254-01*",C7T63YAX,1.0,6820-R2-67254-01,6820,
6820-R2-67257-01_EPCL-SS01_0..pdf,OTHER THAN SHOP MATERIALS,1,2,"NM Flat Gk, Barium Sulfate filled PTFE, 150 Lbs, RF as per ASME B16.5, Full Face, Thk=1/8in, -,",C7CT1ZFS,2.0,6820-R2-67257-01,6820,
6820-R2-67257-01_EPCL-SS01_0..pdf,OTHER THAN SHOP MATERIALS,2,5/8,"SBlt 2 HHx N, A193 Gr.B7/A194 Gr.2H, -, Xylan PTFE Coated, - 3.5 in. Length",C6S4K88R,8.0,6820-R2-67257-01,6820,
6820-R2-67257-01_EPCL-SS01_0..pdf,OTHER THAN SHOP MATERIALS,3,2,"Plug Flg,SP, Tapered Plug, Non Lubricated, API 599, ASTM A351 Gr.CF8M, 150 Lbs, RF, Ends as per ASME B16.5, -, LO,-, -, Valve Tag: PL-0548",C6SDVYKZ,1.0,6820-R2-67257-01,6820,
6820-R2-67257-01_EPCL-SS01_0..pdf,OTHER THAN SHOP MATERIALS,4,2,"Bld Flg, ASME B16.5, ASTM A182 Gr.F304L, 150 Lbs, RF, Annealed, TYPE: INSUL THK: SHOP: FIELD: PAINT CODE: MODULE: L Per LDT Per LDT N Y Per LDT - P&ID: 202998C-001-PID-0021-0324 UNIT#: EWP AREA: SPEC: STRESS CALC #: 6800 6820 EPCL-SS01 - LINE No. 2""-R2-67257-EPCL-SS01-N Battleground DRAWING NUMBER REV. 6820-R2-67257-01 *6820-R2-67257-01*",C7W2U47F,1.0,6820-R2-67257-01,6820,
6820-R2-67262-01_EPCL-SS01_0..pdf,OTHER THAN SHOP MATERIALS,1,1,"Pipes, Seamless, ASME ' B36.19/B36.10, ASTM A312 Gr.TP304L, NPTM Ends, w/ coupling, -, S-80S",C76KFFTD,31.9,6820-R2-67262-01,6820,
6820-R2-67262-01_EPCL-SS01_0..pdf,OTHER THAN SHOP MATERIALS,2,1,"90° Elb, ASME B16.11, ASTM A182 Gr.F304L, 3000 Lbs, NPTF Ends, Annealed,",C7BP5GGW,2.0,6820-R2-67262-01,6820,
6820-R2-67262-01_EPCL-SS01_0..pdf,OTHER THAN SHOP MATERIALS,3,1,"45° Elb, ASME B16.11, ASTM A182 Gr.F304L, 3000 Lbs, NPTF Ends, Annealed,",C7BP5GZC,2.0,6820-R2-67262-01,6820,
6820-R2-67262-01_EPCL-SS01_0..pdf,OTHER THAN SHOP MATERIALS,4,1,"THD Flg, ASME B16.5, ASTM A182 Gr.F304L, 150 Lbs, RF/NPTF End, Annealed,",C7W2U48L,2.0,6820-R2-67262-01,6820,
6820-R2-67262-01_EPCL-SS01_0..pdf,OTHER THAN SHOP MATERIALS,5,1,"NM Flat Gk, Barium Sulfate filled PTFE, 150 Lbs, RF as per ASME B16.5, Full Face, Thk=1/8in, -,",C7CT1ZFH,2.0,6820-R2-67262-01,6820,
6820-R2-67262-01_EPCL-SS01_0..pdf,OTHER THAN SHOP MATERIALS,6,1/2,"SBlt 2 HHx N, A193 Gr.B7/A194 Gr.2H, -, Xylan PTFE Coated, - 2.75 in. Length",C6S4K87U,8.0,6820-R2-67262-01,6820,
6820-R2-67262-01_EPCL-SS01_0..pdf,OTHER THAN SHOP MATERIALS,7,1,"Plug Flg,SP, Tapered Plug, Non Lubricated, API 599, ASTM A351 Gr.CF8M, 150 Lbs, RF, Ends as per ASME B16.5, -, LO,-, -, Valve Tag: PL-0548",C76KHSRR,1.0,6820-R2-67262-01,6820,
6820-R2-67262-01_EPCL-SS01_0..pdf,PIPE SUPPORTS,8,1,PS719-H-15.12-5.77-/,PS719,1.0,6820-R2-67262-01,6820,
6820-R2-67262-01_EPCL-SS01_0..pdf,PIPE SUPPORTS,9,1,PS212-1,PS212,1.0,6820-R2-67262-01,6820,
6820-R2-67262-01_EPCL-SS01_0..pdf,PIPE SUPPORTS,10,1,PS719-H-15-5.5-/,PS719,2.0,6820-R2-67262-01,6820,
6820-R2-67262-01_EPCL-SS01_0..pdf,PIPE SUPPORTS,11,1,PS201-1-S,PS201,2.0,6820-R2-67262-01,6820,
6820-R2-67262-01_EPCL-SS01_0..pdf,PIPE SUPPORTS,12,1,PS433-1,PS433,2.0,6820-R2-67262-01,6820,
6820-R2-67262-01_EPCL-SS01_0..pdf,PIPE SUPPORTS,13,1,PS221-1,PS221,1.0,6820-R2-67262-01,6820,
6820-R2-67262-01_EPCL-SS01_0..pdf,PIPE SUPPORTS,14,1,PS213-1,PS213,1.0,6820-R2-67262-01,6820,
6820-R2-67262-01_EPCL-SS01_0..pdf,PIPE SUPPORTS,15,1,"PS732-3-60-17 TYPE: INSUL THK: SHOP: FIELD: PAINT CODE: MODULE: L Per LDT Per LDT Y Y Per LDT - P&ID: 202998C-001-PID-0021-0331 UNIT#: EWP AREA: SPEC: STRESS CALC #: 6800 6820 EPCL-SS01 - LINE No. 1""-R2-67262-EPCL-SS01-P Battleground DRAWING NUMBER REV. 6820-R2-67262-01 *6820-R2-67262-01*",PS732,1.0,6820-R2-67262-01,6820,
6820-R2-67262-02_EPCL-SS01_0..pdf,OTHER THAN SHOP MATERIALS,1,1,"Pipes, Seamless, ASME ' B36.19/B36.10, ASTM A312 Gr.TP304L, NPTM Ends, w/ coupling, -, S-80S",C76KFFTD,13.7,6820-R2-67262-02,6820,
6820-R2-67262-02_EPCL-SS01_0..pdf,OTHER THAN SHOP MATERIALS,2,3/4,"Pipes, Seamless, ASME ' B36.19/B36.10, ASTM A312 Gr.TP304L, NPTM Ends, w/ coupling, -, S-80S",C76KFFSD,0.6,6820-R2-67262-02,6820,
6820-R2-67262-02_EPCL-SS01_0..pdf,OTHER THAN SHOP MATERIALS,5,1,"Full Coup, ASME B16.11, ASTM A182 Gr.F304L, 3000 Lbs, NPTF Ends, Annealed,",C7BP51NV,1.0,6820-R2-67262-02,6820,
6820-R2-67262-02_EPCL-SS01_0..pdf,OTHER THAN SHOP MATERIALS,6,1,"90° Elb, ASME B16.11, ASTM A182 Gr.F304L, 3000 Lbs, NPTF Ends, Annealed,",C7BP5GGW,3.0,6820-R2-67262-02,6820,
6820-R2-67262-02_EPCL-SS01_0..pdf,OTHER THAN SHOP MATERIALS,7,1,"Nipple, ASTM A312 Gr.TP304L, NPTM Ends, L = 3in, -, S-80S",CEZMKL0,1.0,6820-R2-67262-02,6820,
6820-R2-67262-02_EPCL-SS01_0..pdf,OTHER THAN SHOP MATERIALS,8,3/4,"90° Elb, ASME B16.11, ASTM A182 Gr.F304L, 3000 Lbs, NPTF Ends, Annealed,",C7BP5GGV,1.0,6820-R2-67262-02,6820,
6820-R2-67262-02_EPCL-SS01_0..pdf,OTHER THAN SHOP MATERIALS,9,1,"THD Flg, ASME B16.5, ASTM A182 Gr.F304L, 150 Lbs, RF/NPTF End, Annealed,",C7W2U48L,5.0,6820-R2-67262-02,6820,
6820-R2-67262-02_EPCL-SS01_0..pdf,OTHER THAN SHOP MATERIALS,10,3/4,"THD Flg, ASME B16.5, ASTM A182 Gr.F304L, 300 Lbs, RF/NPTF End, Annealed,",C7W2U48S,1.0,6820-R2-67262-02,6820,
6820-R2-67262-02_EPCL-SS01_0..pdf,OTHER THAN SHOP MATERIALS,11,1,"NM Flat Gk, Barium Sulfate filled PTFE, 150 Lbs, RF as per ASME B16.5, Full Face, Thk=1/8in, -,",C7CT1ZFH,4.0,6820-R2-67262-02,6820,
6820-R2-67262-02_EPCL-SS01_0..pdf,OTHER THAN SHOP MATERIALS,12,3/4,"NM Flat Gk, Barium Sulfate filled PTFE, 300 Lbs, RF as per ASME B16.5, Full Face, Thk=1/8in, -,",C7W3AL3K,1.0,6820-R2-67262-02,6820,
6820-R2-67262-02_EPCL-SS01_0..pdf,OTHER THAN SHOP MATERIALS,13,5/8,"SBlt 2 HHx N, A193 Gr.B7/A194 Gr.2H, -, Xylan PTFE Coated, - 3 in. Length",C6S4K88N,4.0,6820-R2-67262-02,6820,
6820-R2-67262-02_EPCL-SS01_0..pdf,OTHER THAN SHOP MATERIALS,14,1/2,"SBlt 2 HHx N, A193 Gr.B7/A194 Gr.2H, -, Xylan PTFE Coated, - 2.75 in. Length",C6S4K87U,16.0,6820-R2-67262-02,6820,
6820-R2-67262-02_EPCL-SS01_0..pdf,OTHER THAN SHOP MATERIALS,15,1,"Plug Flg,SP, Tapered Plug, Non Lubricated, API 599, ASTM A351 Gr.CF8M, 150 Lbs, RF, Ends as per ASME B16.5, -, LO,-, -, Valve Tag: PL-0548",C76KHSRR,1.0,6820-R2-67262-02,6820,
6820-R2-67262-02_EPCL-SS01_0..pdf,OTHER THAN SHOP MATERIALS,16,1,"Bld Flg, ASME B16.5, ASTM A182 Gr.F304L, 150 Lbs, RF, Annealed,",C7W2U478,1.0,6820-R2-67262-02,6820,
6820-R2-67262-02_EPCL-SS01_0..pdf,PIPE SUPPORTS,17,1,PS718-A-14.86-4,PS718,2.0,6820-R2-67262-02,6820,
6820-R2-67262-02_EPCL-SS01_0..pdf,PIPE SUPPORTS,18,1,PS711-A,PS711,3.0,6820-R2-67262-02,6820,
6820-R2-67262-02_EPCL-SS01_0..pdf,PIPE SUPPORTS,19,1,PS433-1,PS433,3.0,6820-R2-67262-02,6820,
6820-R2-67262-02_EPCL-SS01_0..pdf,PIPE SUPPORTS,20,1,PS201-1-S,PS201,3.0,6820-R2-67262-02,6820,
6820-R2-67262-02_EPCL-SS01_0..pdf,PIPE SUPPORTS,21,1,"PS718-A-14.61-8 TYPE: INSUL THK: SHOP: FIELD: PAINT CODE: MODULE: L Per LDT Per LDT Y Y Per LDT - P&ID: 202998C-001-PID-0021-0331 UNIT#: EWP AREA: SPEC: STRESS CALC #: 6800 6820 EPCL-SS01 - LINE No. 1""-R2-67262-EPCL-SS01-P Battleground DRAWING NUMBER REV. 6820-R2-67262-02 *6820-R2-67262-02*",PS718,1.0,6820-R2-67262-02,6820,
6820-R2-67263-01_EPCL-SS01_0..pdf,OTHER THAN SHOP MATERIALS,1,1,"Pipes, Seamless, ASME ' B36.19/B36.10, ASTM A312 Gr.TP304L, NPTM Ends, w/ coupling, -, S-80S",C76KFFTD,40.9,6820-R2-67263-01,6820,
6820-R2-67263-01_EPCL-SS01_0..pdf,OTHER THAN SHOP MATERIALS,4,1,"Full Coup, ASME B16.11, ASTM A182 Gr.F304L, 3000 Lbs, NPTF Ends, Annealed,",C7BP51NV,1.0,6820-R2-67263-01,6820,
6820-R2-67263-01_EPCL-SS01_0..pdf,OTHER THAN SHOP MATERIALS,5,1,"90° Elb, ASME B16.11, ASTM A182 Gr.F304L, 3000 Lbs, NPTF Ends, Annealed,",C7BP5GGW,6.0,6820-R2-67263-01,6820,
6820-R2-67263-01_EPCL-SS01_0..pdf,OTHER THAN SHOP MATERIALS,6,1,"Nipple, ASTM A312 Gr.TP304L, NPTM Ends, L = 3in, -, S-80S",CEZMKL0,1.0,6820-R2-67263-01,6820,
6820-R2-67263-01_EPCL-SS01_0..pdf,OTHER THAN SHOP MATERIALS,7,1,"THD Flg, ASME B16.5, ASTM A182 Gr.F304L, 150 Lbs, RF/NPTF End, Annealed,",C7W2U48L,7.0,6820-R2-67263-01,6820,
6820-R2-67263-01_EPCL-SS01_0..pdf,OTHER THAN SHOP MATERIALS,8,3/4,"THD Flg, ASME B16.5, ASTM A182 Gr.F304L, 300 Lbs, RF/NPTF End, Annealed,",C7W2U48S,1.0,6820-R2-67263-01,6820,
6820-R2-67263-01_EPCL-SS01_0..pdf,OTHER THAN SHOP MATERIALS,20,1,"NM Flat Gk, Barium Sulfate filled PTFE, 150 Lbs, RF as per ASME B16.5, Full Face, Thk=1/8in, -,",C7CT1ZFH,6.0,6820-R2-67263-01,6820,
6820-R2-67263-01_EPCL-SS01_0..pdf,OTHER THAN SHOP MATERIALS,10,3/4,"NM Flat Gk, Barium Sulfate filled PTFE, 300 Lbs, RF as per ASME B16.5, Full Face, Thk=1/8in, -,",C7W3AL3K,1.0,6820-R2-67263-01,6820,
6820-R2-67263-01_EPCL-SS01_0..pdf,OTHER THAN SHOP MATERIALS,11,5/8,"SBlt 2 HHx N, A193 Gr.B7/A194 Gr.2H, -, Xylan PTFE Coated, - 3 in. Length",C6S4K88N,4.0,6820-R2-67263-01,6820,
6820-R2-67263-01_EPCL-SS01_0..pdf,OTHER THAN SHOP MATERIALS,12,1/2,"SBlt 2 HHx N, A193 Gr.B7/A194 Gr.2H, -, Xylan PTFE Coated, - 2.75 in. Length",C6S4K87U,24.0,6820-R2-67263-01,6820,
6820-R2-67263-01_EPCL-SS01_0..pdf,OTHER THAN SHOP MATERIALS,13,1,"Plug Flg,SP, Tapered Plug, Non Lubricated, API 599, ASTM A351 Gr.CF8M, 150 Lbs, RF, Ends as per ASME B16.5, -, LO,-, -, Valve Tag: PL-0548",C76KHSRR,2.0,6820-R2-67263-01,6820,
6820-R2-67263-01_EPCL-SS01_0..pdf,OTHER THAN SHOP MATERIALS,14,1,"Bld Flg, ASME B16.5, ASTM A182 Gr.F304L, 150 Lbs, RF, Annealed,",C7W2U478,1.0,6820-R2-67263-01,6820,
6820-R2-67263-01_EPCL-SS01_0..pdf,PIPE SUPPORTS,15,1,PS433-1,PS433,6.0,6820-R2-67263-01,6820,
6820-R2-67263-01_EPCL-SS01_0..pdf,PIPE SUPPORTS,16,1,PS718-A-14.61-4.30,PS718,2.0,6820-R2-67263-01,6820,
6820-R2-67263-01_EPCL-SS01_0..pdf,PIPE SUPPORTS,17,1,PS711,PS711,3.0,6820-R2-67263-01,6820,
6820-R2-67263-01_EPCL-SS01_0..pdf,PIPE SUPPORTS,18,1,PS201-1-S,PS201,6.0,6820-R2-67263-01,6820,
6820-R2-67263-01_EPCL-SS01_0..pdf,PIPE SUPPORTS,19,1,PS718-A-14.61-6.53,PS718,1.0,6820-R2-67263-01,6820,
6820-R2-67263-01_EPCL-SS01_0..pdf,PIPE SUPPORTS,20,1,PS709-A-14.61-6,PS709,1.0,6820-R2-67263-01,6820,
6820-R2-67263-01_EPCL-SS01_0..pdf,PIPE SUPPORTS,21,1,PS732-3-60-17,PS732,1.0,6820-R2-67263-01,6820,
6820-R2-67263-01_EPCL-SS01_0..pdf,PIPE SUPPORTS,22,1,PS212-1,PS212,1.0,6820-R2-67263-01,6820,
6820-R2-67263-01_EPCL-SS01_0..pdf,PIPE SUPPORTS,23,1,"PS719-H-20.38-8-/ TYPE: INSUL THK: SHOP: FIELD: PAINT CODE: MODULE: L Per LDT Per LDT N Y Per LDT - P&ID: 202998C-001-PID-0021-0331 UNIT#: EWP AREA: SPEC: STRESS CALC #: 6800 6820 EPCL-SS01 - LINE No. 1""-R2-67263-EPCL-SS01-P Battleground DRAWING NUMBER REV. 6820-R2-67263-01 *6820-R2-67263-01*",PS719,2.0,6820-R2-67263-01,6820,
6820-R2-67264-01_EPCW-CS01_1.pdf,OTHER THAN SHOP MATERIALS,9,1,"Pipes, Seamless, ASME B36.10, ASTM ' A106 Gr.B, NPTM Ends, w/ coupling, -, S-XS",CEZCLUC,0.5,6820-R2-67264-01,6820,
6820-R2-67264-01_EPCW-CS01_1.pdf,OTHER THAN SHOP MATERIALS,10,1,"THD Flg, ASME B16.5, ASTM A105N, 150 Lbs, RF/NPTF End, -,",CFG8U73Y,1.0,6820-R2-67264-01,6820,
6820-R2-67264-01_EPCW-CS01_1.pdf,OTHER THAN SHOP MATERIALS,11,1,"NM Flat Gk, Barium Sulfate filled PTFE, 150 Lbs, RF as per ASME B16.5, Full Face, Thk=1/8in, -,",C7CT1ZFH,1.0,6820-R2-67264-01,6820,
6820-R2-67264-01_EPCW-CS01_1.pdf,OTHER THAN SHOP MATERIALS,12,1/2,"SBlt 2 HHx N, A193 Gr.B7/A194 Gr.2H, -, Xylan PTFE Coated, - 2.75 in. Length",C6S4K87U,4.0,6820-R2-67264-01,6820,
6820-R2-67264-01_EPCW-CS01_1.pdf,PIPE SUPPORTS,13,16,PS205-B,PS205,3.0,6820-R2-67264-01,6820,
6820-R2-67264-01_EPCW-CS01_1.pdf,PIPE SUPPORTS,14,16,PS413-2-14-16,PS413,1.0,6820-R2-67264-01,6820,
6820-R2-67265-01_EPCW-CS01_0..pdf,OTHER THAN SHOP MATERIALS,4,10,"NM Flat Gk, Barium Sulfate filled PTFE, 150 Lbs, RF as per ASME B16.5, Full Face, Thk=1/8in, -,",C7CT1ZFL,1.0,6820-R2-67265-01,6820,
6820-R2-67265-01_EPCW-CS01_0..pdf,OTHER THAN SHOP MATERIALS,5,7/8,"SBlt 2 HHx N, A193 Gr.B7/A194 Gr.2H, -, Xylan PTFE Coated, - 4.75 in. Length",C6S4K8CT,12.0,6820-R2-67265-01,6820,
6820-R2-67265-01_EPCW-CS01_0..pdf,PIPE SUPPORTS,6,12,PS203-12,PS203,1.0,6820-R2-67265-01,6820,
6820-R2-67266-01_EPCL-SS01_0..pdf,OTHER THAN SHOP MATERIALS,1,3,"NM Flat Gk, Barium Sulfate filled PTFE, 150 Lbs, RF as per ASME B16.5, Full Face, Thk=1/8in, -,",C7CT1ZFX,2.0,6820-R2-67266-01,6820,
6820-R2-67266-01_EPCL-SS01_0..pdf,OTHER THAN SHOP MATERIALS,2,5/8,"SBlt 2 HHx N, A193 Gr.B7/A194 Gr.2H, -, Xylan PTFE Coated, - 3.75 in. Length",C6S4K88S,8.0,6820-R2-67266-01,6820,
6820-R2-67266-01_EPCL-SS01_0..pdf,OTHER THAN SHOP MATERIALS,3,3,"Plug Flg,SP, Tapered Plug, Non Lubricated, API 599, ASTM A351 Gr.CF8M, 150 Lbs, RF, Ends as per ASME B16.5, -, LO,-, -, Valve Tag: PL-0548",C6SDVYL1,1.0,6820-R2-67266-01,6820,
6820-R2-67266-01_EPCL-SS01_0..pdf,OTHER THAN SHOP MATERIALS,4,3,"Bld Flg, ASME B16.5, ASTM A182 Gr.F304L, 150 Lbs, RF, Annealed, TYPE: INSUL THK: SHOP: FIELD: PAINT CODE: MODULE: L Per LDT Per LDT N Y Per LDT - P&ID: 202998C-001-PID-0021-0326 UNIT#: EWP AREA: SPEC: STRESS CALC #: 6800 6820 EPCL-SS01 - LINE No. 3""-R2-67266-EPCL-SS01-N Battleground DRAWING NUMBER REV. 6820-R2-67266-01 *6820-R2-67266-01*",C7W2U47H,1.0,6820-R2-67266-01,6820,
6820-R2-67267-01_NOHD-SS03_0..pdf,OTHER THAN SHOP MATERIALS,10,1,"NM Flat Gk, Barium Sulfate filled PTFE, 150 Lbs, RF as per ASME B16.5, -, Thk=1/8in, -,",C6S4K87F,2.0,6820-R2-67267-01,6820,
6820-R2-67267-01_NOHD-SS03_0..pdf,OTHER THAN SHOP MATERIALS,11,1/2,"NM Flat Gk, Barium Sulfate filled PTFE, 150 Lbs, RF as per ASME B16.5, -, Thk=1/8in, -,",C76SNTEV,1.0,6820-R2-67267-01,6820,
6820-R2-67267-01_NOHD-SS03_0..pdf,OTHER THAN SHOP MATERIALS,12,1/2,"SBlt 2 HHx N, A193 Gr.B7/A194 Gr.2H, -, Xylan PTFE Coated, - 2.75 in. Length",C6S4K87U,8.0,6820-R2-67267-01,6820,
6820-R2-67267-01_NOHD-SS03_0..pdf,OTHER THAN SHOP MATERIALS,13,1/2,"SBlt 2 HHx N, A193 Gr.B7/A194 Gr.2H, -, Xylan PTFE Coated, - 2.5 in. Length",C6S4K87T,4.0,6820-R2-67267-01,6820,
6820-R2-67267-01_NOHD-SS03_0..pdf,OTHER THAN SHOP MATERIALS,14,1,"Plug Flg,SP, Tapered Plug, Non Lubricated, API 599, ASTM A351 Gr.CF8M, 150 Lbs, RF, Ends as per ASME B16.5, -, LO,-, -, Valve Tag: PL-0548",C76KHSRR,1.0,6820-R2-67267-01,6820,
6820-R2-67267-01_NOHD-SS03_0..pdf,PIPE SUPPORTS,15,1,PS211-1,PS211,1.0,6820-R2-67267-01,6820,
6820-R2-67267-01_NOHD-SS03_0..pdf,PIPE SUPPORTS,16,1,PS712-A-9.58,PS712,1.0,6820-R2-67267-01,6820,
6820-R2-67267-01_NOHD-SS03_0..pdf,PIPE SUPPORTS,17,1,PS433-1,PS433,1.0,6820-R2-67267-01,6820,
6820-R2-67270-01_NOHD-NI01_0..pdf,OTHER THAN SHOP MATERIALS,2,1/2,"SBlt 2 HHx N, A193 Gr.B7/A194 Gr.2H, -, Xylan PTFE Coated, - 3 in. Length",C6S4K87V,8.0,6820-R2-67270-01,6820,
6820-R2-67271-01_NOHD-NI01_0..pdf,OTHER THAN SHOP MATERIALS,2,1/2,"SBlt 2 HHx N, A193 Gr.B7/A194 Gr.2H, -, Xylan PTFE Coated, - 3 in. Length",C6S4K87V,8.0,6820-R2-67271-01,6820,
6820-R2-67271-02_NOHD-NI01_0..pdf,OTHER THAN SHOP MATERIALS,1,3,"NM Flat Gk, Barium Sulfate filled PTFE, 150 Lbs, RF as per ASME B16.5, -, Thk=1/8in, -,",C6S4K87L,3.0,6820-R2-67271-02,6820,
6820-R2-67271-02_NOHD-NI01_0..pdf,OTHER THAN SHOP MATERIALS,2,5/8,"SBlt 2 HHx N, A193 Gr.B7/A194 Gr.2H, -, Xylan PTFE Coated, - 3.75 in. Length",C6S4K88S,4.0,6820-R2-67271-02,6820,
6820-R2-67271-02_NOHD-NI01_0..pdf,OTHER THAN SHOP MATERIALS,3,5/8,"SBlt 2 HHx N, A193 Gr.B7/A194 Gr.2H, -, Xylan PTFE Coated, - 6 in. Length",C6S4K891,4.0,6820-R2-67271-02,6820,
6820-R2-67271-02_NOHD-NI01_0..pdf,OTHER THAN SHOP MATERIALS,4,3,"Plug Flg,SP, Inverted Tapered Plug, Non Lubricated, API 599, ASTM B564 UNS N02200, 150 Lbs, RF, Ends as per ASME B16.5, -, LO,-, -, Valve Tag: PL-0503_LO",C8RR9V3B,1.0,6820-R2-67271-02,6820,
6820-R2-67271-03_NOHD-NI01_0..pdf,OTHER THAN SHOP MATERIALS,4,3,"NM Flat Gk, Barium Sulfate filled PTFE, 150 Lbs, RF as per ASME B16.5, -, Thk=1/8in, -,",C6S4K87L,4.0,6820-R2-67271-03,6820,
6820-R2-67271-03_NOHD-NI01_0..pdf,OTHER THAN SHOP MATERIALS,5,5/8,"SBlt 2 HHx N, A193 Gr.B7/A194 Gr.2H, -, Xylan PTFE Coated, - 3.75 in. Length",C6S4K88S,8.0,6820-R2-67271-03,6820,
6820-R2-67271-03_NOHD-NI01_0..pdf,OTHER THAN SHOP MATERIALS,6,5/8,"SBlt 2 HHx N, A193 Gr.B7/A194 Gr.2H, -, Xylan PTFE Coated, - 6 in. Length",C6S4K891,4.0,6820-R2-67271-03,6820,
6820-R2-67271-03_NOHD-NI01_0..pdf,OTHER THAN SHOP MATERIALS,7,3,"Plug Flg,SP, Inverted Tapered Plug, Non Lubricated, API 599, ASTM B564 UNS N02200, 150 Lbs, RF, Ends as per ASME B16.5, -, LO,-, -, Valve Tag: PL-0503_LO",C8RR9V3B,1.0,6820-R2-67271-03,6820,
6820-R2-67271-04_NOHD-NI01_0..pdf,OTHER THAN SHOP MATERIALS,1,3,"NM Flat Gk, Barium Sulfate filled PTFE, 150 Lbs, RF as per ASME B16.5, -, Thk=1/8in, -,",C6S4K87L,3.0,6820-R2-67271-04,6820,
6820-R2-67271-04_NOHD-NI01_0..pdf,OTHER THAN SHOP MATERIALS,2,5/8,"SBlt 2 HHx N, A193 Gr.B7/A194 Gr.2H, -, Xylan PTFE Coated, - 3.75 in. Length",C6S4K88S,4.0,6820-R2-67271-04,6820,
6820-R2-67271-04_NOHD-NI01_0..pdf,OTHER THAN SHOP MATERIALS,3,5/8,"SBlt 2 HHx N, A193 Gr.B7/A194 Gr.2H, -, Xylan PTFE Coated, - 6 in. Length",C6S4K891,4.0,6820-R2-67271-04,6820,
6820-R2-67271-04_NOHD-NI01_0..pdf,OTHER THAN SHOP MATERIALS,4,3,"Plug Flg,SP, Inverted Tapered Plug, Non Lubricated, API 599, ASTM B564 UNS N02200, 150 Lbs, RF, Ends as per ASME B16.5, -, LO,-, -, Valve Tag: PL-0503_LO",C8RR9V3B,1.0,6820-R2-67271-04,6820,
6820-R2-67271-05_NOHD-NI01_0..pdf,OTHER THAN SHOP MATERIALS,4,3,"NM Flat Gk, Barium Sulfate filled PTFE, 150 Lbs, RF as per ASME B16.5, -, Thk=1/8in, -,",C6S4K87L,4.0,6820-R2-67271-05,6820,
6820-R2-67271-05_NOHD-NI01_0..pdf,OTHER THAN SHOP MATERIALS,5,5/8,"SBlt 2 HHx N, A193 Gr.B7/A194 Gr.2H, -, Xylan PTFE Coated, - 3.75 in. Length",C6S4K88S,8.0,6820-R2-67271-05,6820,
6820-R2-67271-05_NOHD-NI01_0..pdf,OTHER THAN SHOP MATERIALS,6,5/8,"SBlt 2 HHx N, A193 Gr.B7/A194 Gr.2H, -, Xylan PTFE Coated, - 6 in. Length",C6S4K891,4.0,6820-R2-67271-05,6820,
6820-R2-67271-05_NOHD-NI01_0..pdf,OTHER THAN SHOP MATERIALS,7,3,"Plug Flg,SP, Inverted Tapered Plug, Non Lubricated, API 599, ASTM B564 UNS N02200, 150 Lbs, RF, Ends as per ASME B16.5, -, LO,-, -, Valve Tag: PL-0503_LO",C8RR9V3B,1.0,6820-R2-67271-05,6820,
6820-R2-67272-01_NOHD-NI01_0..pdf,OTHER THAN SHOP MATERIALS,7,2,"NM Flat Gk, Barium Sulfate filled PTFE, 150 Lbs, RF as per ASME B16.5, -, Thk=1/8in, -,",C6S4K87J,5.0,6820-R2-67272-01,6820,
6820-R2-67272-01_NOHD-NI01_0..pdf,OTHER THAN SHOP MATERIALS,8,5/8,"SBlt 2 HHx N, A193 Gr.B7/A194 Gr.2H, -, Xylan PTFE Coated, - 3.5 in. Length",C6S4K88R,4.0,6820-R2-67272-01,6820,
6820-R2-67272-01_NOHD-NI01_0..pdf,OTHER THAN SHOP MATERIALS,9,5/8,"SBlt 2 HHx N, A193 Gr.B7/A194 Gr.2H, -, Xylan PTFE Coated, - 3.25 in. Length",C6S4K88P,8.0,6820-R2-67272-01,6820,
6820-R2-67272-01_NOHD-NI01_0..pdf,OTHER THAN SHOP MATERIALS,10,5/8,"SBlt 2 HHx N, A193 Gr.B7/A194 Gr.2H, -, Xylan PTFE Coated, - 5.5 in. Length",C6S4K88Z,4.0,6820-R2-67272-01,6820,
6820-R2-67272-01_NOHD-NI01_0..pdf,OTHER THAN SHOP MATERIALS,11,2,"Plug Flg,SP, Inverted Tapered Plug, Non Lubricated, API 599, ASTM B564 UNS N02200, 150 Lbs, RF, Ends as per ASME B16.5, -, LO,-, -, Valve Tag: PL-0503_LO",C8RR9V39,2.0,6820-R2-67272-01,6820,
6820-R2-67272-01_NOHD-NI01_0..pdf,PIPE SUPPORTS,13,2,PS715-D-10.82,PS715,1.0,6820-R2-67272-01,6820,
6820-R2-67272-01_NOHD-NI01_0..pdf,PIPE SUPPORTS,14,2,PS213-2,PS213,1.0,6820-R2-67272-01,6820,
6820-R2-67272-02_NOHD-NI01_0..pdf,OTHER THAN SHOP MATERIALS,6,1/2,"SBlt 2 HHx N, A193 Gr.B7/A194 Gr.2H, -, Xylan PTFE Coated, - 3 in. Length",C6S4K87V,8.0,6820-R2-67272-02,6820,
6820-R2-67273-01_NOHD-NI01_1..pdf,OTHER THAN SHOP MATERIALS,5,1/2,"NM Flat Gk, Barium Sulfate filled PTFE, 150 Lbs, RF as per ASME B16.5, -, Thk=1/8in, -,",C76SNTEV,3.0,6820-R2-67273-01,6820,
6820-R2-67273-01_NOHD-NI01_1..pdf,OTHER THAN SHOP MATERIALS,6,1/2,"SBlt 2 HHx N, A193 Gr.B7/A194 Gr.2H, -, Xylan PTFE Coated, - 2.5 in. Length",C6S4K87T,12.0,6820-R2-67273-01,6820,
6820-R2-67273-01_NOHD-NI01_1..pdf,OTHER THAN SHOP MATERIALS,7,1/2,"Plug Flg,SP, Inverted Tapered Plug, Non Lubricated, API 599, ASTM B564 UNS N02200, 150 Lbs, RF, Ends as per ASME B16.5, -, LO,-, -, Valve Tag: PL-0503_LO",C8RR9V35,1.0,6820-R2-67273-01,6820,
6820-R2-67274-01_NOHD-NI01_0..pdf,OTHER THAN SHOP MATERIALS,2,1/2,"SBlt 2 HHx N, A193 Gr.B7/A194 Gr.2H, -, Xylan PTFE Coated, - 3 in. Length",C6S4K87V,4.0,6820-R2-67274-01,6820,
6820-R2-67274-02_NOHD-NI01_0..pdf,OTHER THAN SHOP MATERIALS,2,1/2,"SBlt 2 HHx N, A193 Gr.B7/A194 Gr.2H, -, Xylan PTFE Coated, - 3 in. Length",C6S4K87V,8.0,6820-R2-67274-02,6820,
6820-R2-67274-03_NOHD-NI01_0..pdf,OTHER THAN SHOP MATERIALS,6,2,"NM Flat Gk, Barium Sulfate filled PTFE, 150 Lbs, RF as per ASME B16.5, -, Thk=1/8in, -,",C6S4K87J,5.0,6820-R2-67274-03,6820,
6820-R2-67274-03_NOHD-NI01_0..pdf,OTHER THAN SHOP MATERIALS,7,5/8,"SBlt 2 HHx N, A193 Gr.B7/A194 Gr.2H, -, Xylan PTFE Coated, - 3.25 in. Length",C6S4K88P,16.0,6820-R2-67274-03,6820,
6820-R2-67274-03_NOHD-NI01_0..pdf,OTHER THAN SHOP MATERIALS,8,5/8,"SBlt 2 HHx N, A193 Gr.B7/A194 Gr.2H, -, Xylan PTFE Coated, - 3.5 in. Length",C6S4K88R,4.0,6820-R2-67274-03,6820,
6820-R2-67274-03_NOHD-NI01_0..pdf,OTHER THAN SHOP MATERIALS,1,2,"Plug Flg,SP, Inverted Tapered Plug, Non Lubricated, API 599, ASTM B564 UNS N02200, 150 Lbs, RF, Ends as per ASME B16.5, -, LO,-, -, Valve Tag: PL-0503_LO",C8RR9V39,2.0,6820-R2-67274-03,6820,
6820-R2-67274-03_NOHD-NI01_0..pdf,OTHER THAN SHOP MATERIALS,10,2,"Bld Flg, ASME B16.5, ASTM B564 UNS N02200, 150 Lbs, RF, -,",C7T63YAX,1.0,6820-R2-67274-03,6820,
6820-R2-67275-01_SCXL-CS01_0..pdf,OTHER THAN SHOP MATERIALS,2,1/2,"SBlt 2 HHx N, A193 Gr.B7/A194 Gr.2H, -, Xylan PTFE Coated, - 3 in. Length",C6S4K87V,8.0,6820-R2-67275-01,6820,
6820-R2-67275-02_SCXL-CS01_0..pdf,OTHER THAN SHOP MATERIALS,2,1/2,"SBlt 2 HHx N, A193 Gr.B7/A194 Gr.2H, -, Xylan PTFE Coated, - 3 in. Length",C6S4K87V,8.0,6820-R2-67275-02,6820,
6820-R2-67275-03_SCXL-CS01_0..pdf,OTHER THAN SHOP MATERIALS,1,3/4,"Nipple, ASTM A106 Gr.B, PE/NPTM End, L = 3in, -, S-XS",C12GGPSR,1.0,6820-R2-67275-03,6820,
6820-R2-67275-03_SCXL-CS01_0..pdf,OTHER THAN SHOP MATERIALS,2,3/4,"Plug, Solid Round Head Type, ASME B16.11, ASTM A105N, NPTM End, -,",CBBPLK3,1.0,6820-R2-67275-03,6820,
6820-R2-67275-03_SCXL-CS01_0..pdf,OTHER THAN SHOP MATERIALS,3,3/4,"SW Flg, ASME B16.5, ASTM A105N, 150 Lbs, RF/SW End, -, x S-XS",CFG70G7Y,1.0,6820-R2-67275-03,6820,
6820-R2-67275-03_SCXL-CS01_0..pdf,OTHER THAN SHOP MATERIALS,4,3/4,"NM Flat Gk, Barium Sulfate filled PTFE, 150 Lbs, RF as per ASME B16.5, Full Face, Thk=1/8in, -,",C7CT1ZFG,1.0,6820-R2-67275-03,6820,
6820-R2-67275-03_SCXL-CS01_0..pdf,OTHER THAN SHOP MATERIALS,5,1/2,"SBlt 2 HHx N, A193 Gr.B7/A194 Gr.2H, -, Xylan PTFE Coated, - 2.75 in. Length",C6S4K87U,4.0,6820-R2-67275-03,6820,
6820-R2-67275-03_SCXL-CS01_0..pdf,OTHER THAN SHOP MATERIALS,6,3/4,"Gat Fem, API 602, ASTM A105N,800 Lbs, NPTF Ends, HO,-, Valve Tag: GA-0120 TYPE: INSUL THK: SHOP: FIELD: PAINT CODE: MODULE: Per LDT Per LDT Y Y Per LDT - P&ID: 202998C-001-PID-0021-0321 UNIT#: EWP AREA: SPEC: STRESS CALC #: 6800 6820 SCXL-CS01 - LINE No. 0.75""-R2-67275-SCXL-CS01-H Battleground DRAWING NUMBER REV. 6820-R2-67275-03 *6820-R2-67275-03*",C76SPABU,1.0,6820-R2-67275-03,6820,
6820-R2-67275-04_SCXL-CS01_0..pdf,OTHER THAN SHOP MATERIALS,1,3/4,"Nipple, ASTM A106 Gr.B, PE/NPTM End, L = 3in, -, S-XS",C12GGPSR,1.0,6820-R2-67275-04,6820,
6820-R2-67275-04_SCXL-CS01_0..pdf,OTHER THAN SHOP MATERIALS,2,3/4,"Plug, Solid Round Head Type, ASME B16.11, ASTM A105N, NPTM End, -,",CBBPLK3,1.0,6820-R2-67275-04,6820,
6820-R2-67275-04_SCXL-CS01_0..pdf,OTHER THAN SHOP MATERIALS,3,3/4,"SW Flg, ASME B16.5, ASTM A105N, 150 Lbs, RF/SW End, -, x S-XS",CFG70G7Y,1.0,6820-R2-67275-04,6820,
6820-R2-67275-04_SCXL-CS01_0..pdf,OTHER THAN SHOP MATERIALS,4,3/4,"NM Flat Gk, Barium Sulfate filled PTFE, 150 Lbs, RF as per ASME B16.5, Full Face, Thk=1/8in, -,",C7CT1ZFG,1.0,6820-R2-67275-04,6820,
6820-R2-67275-04_SCXL-CS01_0..pdf,OTHER THAN SHOP MATERIALS,5,1/2,"SBlt 2 HHx N, A193 Gr.B7/A194 Gr.2H, -, Xylan PTFE Coated, - 2.75 in. Length",C6S4K87U,4.0,6820-R2-67275-04,6820,
6820-R2-67275-04_SCXL-CS01_0..pdf,OTHER THAN SHOP MATERIALS,6,3/4,"Gat Fem, API 602, ASTM A105N,800 Lbs, NPTF Ends, HO,-, Valve Tag: GA-0120 TYPE: INSUL THK: SHOP: FIELD: PAINT CODE: MODULE: Per LDT Per LDT Y Y Per LDT - P&ID: 202998C-001-PID-0021-0321 UNIT#: EWP AREA: SPEC: STRESS CALC #: 6800 6820 SCXL-CS01 - LINE No. 0.75""-R2-67275-SCXL-CS01-H Battleground DRAWING NUMBER REV. 6820-R2-67275-04 *6820-R2-67275-04*",C76SPABU,1.0,6820-R2-67275-04,6820,
6820-R2-67275-05_SCXL-CS01_0..pdf,OTHER THAN SHOP MATERIALS,2,1/2,"SBlt 2 HHx N, A193 Gr.B7/A194 Gr.2H, -, Xylan PTFE Coated, - 3 in. Length",C6S4K87V,8.0,6820-R2-67275-05,6820,
6820-R2-67275-06_SCXL-CS01_0..pdf,OTHER THAN SHOP MATERIALS,2,1/2,"SBlt 2 HHx N, A193 Gr.B7/A194 Gr.2H, -, Xylan PTFE Coated, - 3 in. Length",C6S4K87V,8.0,6820-R2-67275-06,6820,
6820-R2-67278-02_NOHD-NI01_0..pdf,OTHER THAN SHOP MATERIALS,1,3,"NM Flat Gk, Barium Sulfate filled PTFE, 150 Lbs, RF as per ASME B16.5, -, Thk=1/8in, -,",C6S4K87L,3.0,6820-R2-67278-02,6820,
6820-R2-67278-02_NOHD-NI01_0..pdf,OTHER THAN SHOP MATERIALS,2,5/8,"SBlt 2 HHx N, A193 Gr.B7/A194 Gr.2H, -, Xylan PTFE Coated, - 3.75 in. Length",C6S4K88S,4.0,6820-R2-67278-02,6820,
6820-R2-67278-02_NOHD-NI01_0..pdf,OTHER THAN SHOP MATERIALS,3,5/8,"SBlt 2 HHx N, A193 Gr.B7/A194 Gr.2H, -, Xylan PTFE Coated, - 6 in. Length",C6S4K891,4.0,6820-R2-67278-02,6820,
6820-R2-67278-03_NOHD-NI01_0..pdf,OTHER THAN SHOP MATERIALS,1,3,"NM Flat Gk, Barium Sulfate filled PTFE, 150 Lbs, RF as per ASME B16.5, -, Thk=1/8in, -,",C6S4K87L,3.0,6820-R2-67278-03,6820,
6820-R2-67278-03_NOHD-NI01_0..pdf,OTHER THAN SHOP MATERIALS,2,5/8,"SBlt 2 HHx N, A193 Gr.B7/A194 Gr.2H, -, Xylan PTFE Coated, - 3.75 in. Length",C6S4K88S,4.0,6820-R2-67278-03,6820,
6820-R2-67278-03_NOHD-NI01_0..pdf,OTHER THAN SHOP MATERIALS,3,5/8,"SBlt 2 HHx N, A193 Gr.B7/A194 Gr.2H, -, Xylan PTFE Coated, - 6 in. Length",C6S4K891,4.0,6820-R2-67278-03,6820,
6820-R2-67278-03_NOHD-NI01_0..pdf,OTHER THAN SHOP MATERIALS,4,3,"Plug Flg,SP, Inverted Tapered Plug, Non Lubricated, API 599, ASTM B564 UNS N02200, 150 Lbs, RF, Ends as per ASME B16.5, -, LO,-, -, Valve Tag: PL-0503_LO",C8RR9V3B,1.0,6820-R2-67278-03,6820,
6820-R2-67278-04_NOHD-NI01_0..pdf,OTHER THAN SHOP MATERIALS,1,3,"NM Flat Gk, Barium Sulfate filled PTFE, 150 Lbs, RF as per ASME B16.5, -, Thk=1/8in, -,",C6S4K87L,3.0,6820-R2-67278-04,6820,
6820-R2-67278-04_NOHD-NI01_0..pdf,OTHER THAN SHOP MATERIALS,2,5/8,"SBlt 2 HHx N, A193 Gr.B7/A194 Gr.2H, -, Xylan PTFE Coated, - 3.75 in. Length",C6S4K88S,4.0,6820-R2-67278-04,6820,
6820-R2-67278-04_NOHD-NI01_0..pdf,OTHER THAN SHOP MATERIALS,3,5/8,"SBlt 2 HHx N, A193 Gr.B7/A194 Gr.2H, -, Xylan PTFE Coated, - 6 in. Length",C6S4K891,4.0,6820-R2-67278-04,6820,
6820-R2-67278-04_NOHD-NI01_0..pdf,OTHER THAN SHOP MATERIALS,4,3,"Plug Flg,SP, Inverted Tapered Plug, Non Lubricated, API 599, ASTM B564 UNS N02200, 150 Lbs, RF, Ends as per ASME B16.5, -, LO,-, -, Valve Tag: PL-0503_LO",C8RR9V3B,1.0,6820-R2-67278-04,6820,
6820-R2-67278-05_NOHD-NI01_0..pdf,OTHER THAN SHOP MATERIALS,1,2,"NM Flat Gk, Barium Sulfate filled PTFE, 150 Lbs, RF as per ASME B16.5, -, Thk=1/8in, -,",C6S4K87J,2.0,6820-R2-67278-05,6820,
6820-R2-67278-05_NOHD-NI01_0..pdf,OTHER THAN SHOP MATERIALS,2,5/8,"SBlt 2 HHx N, A193 Gr.B7/A194 Gr.2H, -, Xylan PTFE Coated, - 3.5 in. Length",C6S4K88R,8.0,6820-R2-67278-05,6820,
6820-R2-67278-05_NOHD-NI01_0..pdf,OTHER THAN SHOP MATERIALS,3,2,"Plug Flg,SP, Inverted Tapered Plug, Non Lubricated, API 599, ASTM B564 UNS N02200, 150 Lbs, RF, Ends as per ASME B16.5, -, LO,-, -, Valve Tag: PL-0503_LO",C8RR9V39,1.0,6820-R2-67278-05,6820,
6820-R2-67278-05_NOHD-NI01_0..pdf,OTHER THAN SHOP MATERIALS,4,2,"Bld Flg, ASME B16.5, ASTM B564 UNS N02200, 150 Lbs, RF, -, TYPE: INSUL THK: SHOP: FIELD: PAINT CODE: MODULE: L Per LDT Per LDT N Y Per LDT - P&ID: 202998C-001-PID-0021-0322 UNIT#: EWP AREA: SPEC: STRESS CALC #: 6800 6820 NOHD-NI01 - LINE No. 2""-R2-67278-NOHD-NI01-N Battleground DRAWING NUMBER REV. 6820-R2-67278-05 *6820-R2-67278-05*",C7T63YAX,1.0,6820-R2-67278-05,6820,
6820-R2-67279-01_NOHD-NI03_0..pdf,OTHER THAN SHOP MATERIALS,6,1/2,"NM Flat Gk, Barium Sulfate filled PTFE, 300 Lbs, RF as per ASME B16.5, -, Thk=1/8in, -,",C76SNTF1,1.0,6820-R2-67279-01,6820,
6820-R2-67279-01_NOHD-NI03_0..pdf,OTHER THAN SHOP MATERIALS,7,1/2,"NM Flat Gk, Barium Sulfate filled PTFE, 150 Lbs, RF as per ASME B16.5, -, Thk=1/8in, -,",C76SNTEV,2.0,6820-R2-67279-01,6820,
6820-R2-67279-01_NOHD-NI03_0..pdf,OTHER THAN SHOP MATERIALS,8,1/2,"SBlt 2 HHx N, A193 Gr.B7/A194 Gr.2H, -, Xylan PTFE Coated, - 2.75 in. Length",C6S4K87U,4.0,6820-R2-67279-01,6820,
6820-R2-67279-01_NOHD-NI03_0..pdf,OTHER THAN SHOP MATERIALS,9,1/2,"SBlt 2 HHx N, A193 Gr.B7/A194 Gr.2H, -, Xylan PTFE Coated, - 2.5 in. Length",C6S4K87T,8.0,6820-R2-67279-01,6820,
6820-R2-67279-01_NOHD-NI03_0..pdf,OTHER THAN SHOP MATERIALS,10,1/2,"Plug Flg,SP, Inverted Tapered Plug, Non Lubricated, API 599, ASTM B564 UNS N02200, 150 Lbs, RF, Ends as per ASME B16.5, -, LO,-, -, Valve Tag: PL-1194",C99ZZ9D0,1.0,6820-R2-67279-01,6820,
6820-R2-67280-01_NOHD-NI03_0..pdf,OTHER THAN SHOP MATERIALS,6,1/2,"NM Flat Gk, Barium Sulfate filled PTFE, 300 Lbs, RF as per ASME B16.5, -, Thk=1/8in, -,",C76SNTF1,1.0,6820-R2-67280-01,6820,
6820-R2-67280-01_NOHD-NI03_0..pdf,OTHER THAN SHOP MATERIALS,7,1/2,"NM Flat Gk, Barium Sulfate filled PTFE, 150 Lbs, RF as per ASME B16.5, -, Thk=1/8in, -,",C76SNTEV,2.0,6820-R2-67280-01,6820,
6820-R2-67280-01_NOHD-NI03_0..pdf,OTHER THAN SHOP MATERIALS,8,1/2,"SBlt 2 HHx N, A193 Gr.B7/A194 Gr.2H, -, Xylan PTFE Coated, - 2.75 in. Length",C6S4K87U,4.0,6820-R2-67280-01,6820,
6820-R2-67280-01_NOHD-NI03_0..pdf,OTHER THAN SHOP MATERIALS,9,1/2,"SBlt 2 HHx N, A193 Gr.B7/A194 Gr.2H, -, Xylan PTFE Coated, - 2.5 in. Length",C6S4K87T,8.0,6820-R2-67280-01,6820,
6820-R2-67280-01_NOHD-NI03_0..pdf,OTHER THAN SHOP MATERIALS,10,1/2,"Plug Flg,SP, Inverted Tapered Plug, Non Lubricated, API 599, ASTM B564 UNS N02200, 150 Lbs, RF, Ends as per ASME B16.5, -, LO,-, -, Valve Tag: PL-1194",C99ZZ9D0,1.0,6820-R2-67280-01,6820,
6820-R2-67281-01_NOHD-NI01_0..pdf,OTHER THAN SHOP MATERIALS,2,1/2,"SBlt 2 HHx N, A193 Gr.B7/A194 Gr.2H, -, Xylan PTFE Coated, - 3 in. Length",C6S4K87V,8.0,6820-R2-67281-01,6820,
6820-R2-67281-02_NOHD-NI01_0..pdf,OTHER THAN SHOP MATERIALS,1,2,"NM Flat Gk, Barium Sulfate filled PTFE, 150 Lbs, RF as per ASME B16.5, -, Thk=1/8in, -,",C6S4K87J,2.0,6820-R2-67281-02,6820,
6820-R2-67281-02_NOHD-NI01_0..pdf,OTHER THAN SHOP MATERIALS,2,5/8,"SBlt 2 HHx N, A193 Gr.B7/A194 Gr.2H, -, Xylan PTFE Coated, - 3.5 in. Length",C6S4K88R,8.0,6820-R2-67281-02,6820,
6820-R2-67281-02_NOHD-NI01_0..pdf,OTHER THAN SHOP MATERIALS,3,2,"Plug Flg,SP, Inverted Tapered Plug, Non Lubricated, API 599, ASTM B564 UNS N02200, 150 Lbs, RF, Ends as per ASME B16.5, -, LO,-, -, Valve Tag: PL-0503_LO",C8RR9V39,1.0,6820-R2-67281-02,6820,
6820-R2-67281-02_NOHD-NI01_0..pdf,OTHER THAN SHOP MATERIALS,4,2,"Bld Flg, ASME B16.5, ASTM B564 UNS N02200, 150 Lbs, RF, -, TYPE: INSUL THK: SHOP: FIELD: PAINT CODE: MODULE: L Per LDT Per LDT N Y Per LDT - P&ID: 202998C-001-PID-0021-0323 UNIT#: EWP AREA: SPEC: STRESS CALC #: 6800 6820 NOHD-NI01 - LINE No. 2""-R2-67281-NOHD-NI01-H Battleground DRAWING NUMBER REV. 6820-R2-67281-02 *6820-R2-67281-02*",C7T63YAX,1.0,6820-R2-67281-02,6820,
6820-R2-67281-03_NOHD-NI01_0..pdf,OTHER THAN SHOP MATERIALS,1,2,"NM Flat Gk, Barium Sulfate filled PTFE, 150 Lbs, RF as per ASME B16.5, -, Thk=1/8in, -,",C6S4K87J,2.0,6820-R2-67281-03,6820,
6820-R2-67281-03_NOHD-NI01_0..pdf,OTHER THAN SHOP MATERIALS,2,5/8,"SBlt 2 HHx N, A193 Gr.B7/A194 Gr.2H, -, Xylan PTFE Coated, - 3.5 in. Length",C6S4K88R,8.0,6820-R2-67281-03,6820,
6820-R2-67281-03_NOHD-NI01_0..pdf,OTHER THAN SHOP MATERIALS,3,2,"Plug Flg,SP, Inverted Tapered Plug, Non Lubricated, API 599, ASTM B564 UNS N02200, 150 Lbs, RF, Ends as per ASME B16.5, -, LO,-, -, Valve Tag: PL-0503_LO",C8RR9V39,1.0,6820-R2-67281-03,6820,
6820-R2-67281-03_NOHD-NI01_0..pdf,OTHER THAN SHOP MATERIALS,4,2,"Bld Flg, ASME B16.5, ASTM B564 UNS N02200, 150 Lbs, RF, -, TYPE: INSUL THK: SHOP: FIELD: PAINT CODE: MODULE: L Per LDT Per LDT N Y Per LDT - P&ID: 202998C-001-PID-0021-0323 UNIT#: EWP AREA: SPEC: STRESS CALC #: 6800 6820 NOHD-NI01 - LINE No. 2""-R2-67281-NOHD-NI01-H Battleground DRAWING NUMBER REV. 6820-R2-67281-03 *6820-R2-67281-03*",C7T63YAX,1.0,6820-R2-67281-03,6820,
6820-R2-67281-04_NOHD-NI01_0..pdf,OTHER THAN SHOP MATERIALS,1,2,"NM Flat Gk, Barium Sulfate filled PTFE, 150 Lbs, RF as per ASME B16.5, -, Thk=1/8in, -,",C6S4K87J,2.0,6820-R2-67281-04,6820,
6820-R2-67281-04_NOHD-NI01_0..pdf,OTHER THAN SHOP MATERIALS,2,5/8,"SBlt 2 HHx N, A193 Gr.B7/A194 Gr.2H, -, Xylan PTFE Coated, - 3.5 in. Length",C6S4K88R,8.0,6820-R2-67281-04,6820,
6820-R2-67281-04_NOHD-NI01_0..pdf,OTHER THAN SHOP MATERIALS,3,2,"Plug Flg,SP, Inverted Tapered Plug, Non Lubricated, API 599, ASTM B564 UNS N02200, 150 Lbs, RF, Ends as per ASME B16.5, -, LO,-, -, Valve Tag: PL-0503_LO",C8RR9V39,1.0,6820-R2-67281-04,6820,
6820-R2-67281-04_NOHD-NI01_0..pdf,OTHER THAN SHOP MATERIALS,4,2,"Bld Flg, ASME B16.5, ASTM B564 UNS N02200, 150 Lbs, RF, -, TYPE: INSUL THK: SHOP: FIELD: PAINT CODE: MODULE: L Per LDT Per LDT N Y Per LDT - P&ID: 202998C-001-PID-0021-0323 UNIT#: EWP AREA: SPEC: STRESS CALC #: 6800 6820 NOHD-NI01 - LINE No. 2""-R2-67281-NOHD-NI01-H Battleground DRAWING NUMBER REV. 6820-R2-67281-04 *6820-R2-67281-04*",C7T63YAX,1.0,6820-R2-67281-04,6820,
6820-R2-67282-01_SCXL-CS02_0..pdf,OTHER THAN SHOP MATERIALS,2,3/4,"SBlt 2 HHx N, A193 Gr.B7/A194 Gr.2H, -, Xylan PTFE Coated, - 3.5 in. Length",C6S4K8B9,8.0,6820-R2-67282-01,6820,
6820-R2-67282-02_SCXL-CS02_0..pdf,OTHER THAN SHOP MATERIALS,2,3/4,"SBlt 2 HHx N, A193 Gr.B7/A194 Gr.2H, -, Xylan PTFE Coated, - 3.5 in. Length",C6S4K8B9,8.0,6820-R2-67282-02,6820,
6820-R2-67282-03_SCXL-CS02_0..pdf,OTHER THAN SHOP MATERIALS,2,3/4,"SBlt 2 HHx N, A193 Gr.B7/A194 Gr.2H, -, Xylan PTFE Coated, - 3.5 in. Length",C6S4K8B9,8.0,6820-R2-67282-03,6820,
6820-R2-67282-04_SCXL-CS02_0..pdf,OTHER THAN SHOP MATERIALS,1,2,"NM Flat Gk, Barium Sulfate filled PTFE, 300 Lbs, RF as per ASME B16.5, Full Face, Thk=1/8in, -,",C7CX7CSL,2.0,6820-R2-67282-04,6820,
6820-R2-67282-04_SCXL-CS02_0..pdf,OTHER THAN SHOP MATERIALS,2,5/8,"SBlt 2 HHx N, A193 Gr.B7/A194 Gr.2H, -, Xylan PTFE Coated, - 3.5 in. Length",C6S4K88R,16.0,6820-R2-67282-04,6820,
6820-R2-67282-04_SCXL-CS02_0..pdf,OTHER THAN SHOP MATERIALS,3,2,"Gat Flg, -, API 602, ASTM A105N,300 Lbs, RF, Ends as per ASME B16.5, HO,-, Valve Tag: GA-1127",C99ZZ9DH,1.0,6820-R2-67282-04,6820,
6820-R2-67282-04_SCXL-CS02_0..pdf,OTHER THAN SHOP MATERIALS,4,2,"Bld Flg, ASME B16.5, ASTM A105N, 300 Lbs, RF, -, TYPE: INSUL THK: SHOP: FIELD: PAINT CODE: MODULE: L Per LDT Per LDT N Y Per LDT - P&ID: 202998C-001-PID-0021-0323 UNIT#: EWP AREA: SPEC: STRESS CALC #: 6800 6820 SCXL-CS02 - LINE No. 2""-R2-67282-SCXL-CS02-H Battleground DRAWING NUMBER REV. 6820-R2-67282-04 *6820-R2-67282-04*",CFG6WM77,1.0,6820-R2-67282-04,6820,
6820-R2-67283-01_NOHD-NI01_0..pdf,OTHER THAN SHOP MATERIALS,2,1/2,"SBlt 2 HHx N, A193 Gr.B7/A194 Gr.2H, -, Xylan PTFE Coated, - 3 in. Length",C6S4K87V,8.0,6820-R2-67283-01,6820,
6820-R2-67284-01_EPCW-CS01_0..pdf,OTHER THAN SHOP MATERIALS,5,1/2,"SBlt 2 HHx N, A193 Gr.B7/A194 Gr.2H, -, Xylan PTFE Coated, - 3 in. Length",C6S4K87V,12.0,6820-R2-67284-01,6820,
6820-R2-67284-01_EPCW-CS01_0..pdf,OTHER THAN SHOP MATERIALS,6,1/2,"SBlt 2 HHx N, A193 Gr.B7/A194 Gr.2H, -, Xylan PTFE Coated, - 5.25 in. Length",C6S4K884,4.0,6820-R2-67284-01,6820,
6820-R2-67284-02_EPCW-CS01_0..pdf,OTHER THAN SHOP MATERIALS,5,1/2,"SBlt 2 HHx N, A193 Gr.B7/A194 Gr.2H, -, Xylan PTFE Coated, - 3 in. Length",C6S4K87V,12.0,6820-R2-67284-02,6820,
6820-R2-67284-03_EPCW-CS01_0..pdf,OTHER THAN SHOP MATERIALS,5,1/2,"SBlt 2 HHx N, A193 Gr.B7/A194 Gr.2H, -, Xylan PTFE Coated, - 3 in. Length",C6S4K87V,12.0,6820-R2-67284-03,6820,
6820-R2-67284-04_EPCW-CS01_0..pdf,OTHER THAN SHOP MATERIALS,1,3/4,"Nipple, ASTM A106 Gr.B, NPTM Ends, L = 3in, -, S-XS",C2KV10X,1.0,6820-R2-67284-04,6820,
6820-R2-67284-04_EPCW-CS01_0..pdf,OTHER THAN SHOP MATERIALS,2,3/4,"Plug, Solid Round Head Type, ASME B16.11, ASTM A105N, NPTM End, -,",CBBPLK3,1.0,6820-R2-67284-04,6820,
6820-R2-67284-04_EPCW-CS01_0..pdf,OTHER THAN SHOP MATERIALS,3,3/4,"THD Flg, ASME B16.5, ASTM A105N, 150 Lbs, RF/NPTF End, -,",CFG8U73X,1.0,6820-R2-67284-04,6820,
6820-R2-67284-04_EPCW-CS01_0..pdf,OTHER THAN SHOP MATERIALS,4,3/4,"NM Flat Gk, Barium Sulfate filled PTFE, 150 Lbs, RF as per ASME B16.5, Full Face, Thk=1/8in, -,",C7CT1ZFG,1.0,6820-R2-67284-04,6820,
6820-R2-67284-04_EPCW-CS01_0..pdf,OTHER THAN SHOP MATERIALS,5,1/2,"SBlt 2 HHx N, A193 Gr.B7/A194 Gr.2H, -, Xylan PTFE Coated, - 2.75 in. Length",C6S4K87U,4.0,6820-R2-67284-04,6820,
6820-R2-67284-04_EPCW-CS01_0..pdf,OTHER THAN SHOP MATERIALS,6,3/4,"Gat Fem, API 602, ASTM A105N,800 Lbs, NPTF Ends, HO,-, Valve Tag: GA-0120 TYPE: INSUL THK: SHOP: FIELD: PAINT CODE: MODULE: V Per LDT Per LDT N Y Per LDT - P&ID: 202998C-001-PID-0021-0324 UNIT#: EWP AREA: SPEC: STRESS CALC #: 6800 6820 EPCW-CS01 - LINE No. 0.75""-R2-67284-EPCW-CS01-H Battleground DRAWING NUMBER REV. 6820-R2-67284-04 *6820-R2-67284-04*",C76SPABU,1.0,6820-R2-67284-04,6820,
6820-R2-67284-05_EPCW-CS01_0..pdf,OTHER THAN SHOP MATERIALS,1,3/4,"Nipple, ASTM A106 Gr.B, NPTM Ends, L = 3in, -, S-XS",C2KV10X,1.0,6820-R2-67284-05,6820,
6820-R2-67284-05_EPCW-CS01_0..pdf,OTHER THAN SHOP MATERIALS,2,3/4,"Plug, Solid Round Head Type, ASME B16.11, ASTM A105N, NPTM End, -,",CBBPLK3,1.0,6820-R2-67284-05,6820,
6820-R2-67284-05_EPCW-CS01_0..pdf,OTHER THAN SHOP MATERIALS,3,3/4,"THD Flg, ASME B16.5, ASTM A105N, 150 Lbs, RF/NPTF End, -,",CFG8U73X,1.0,6820-R2-67284-05,6820,
6820-R2-67284-05_EPCW-CS01_0..pdf,OTHER THAN SHOP MATERIALS,4,3/4,"NM Flat Gk, Barium Sulfate filled PTFE, 150 Lbs, RF as per ASME B16.5, Full Face, Thk=1/8in, -,",C7CT1ZFG,1.0,6820-R2-67284-05,6820,
6820-R2-67284-05_EPCW-CS01_0..pdf,OTHER THAN SHOP MATERIALS,5,1/2,"SBlt 2 HHx N, A193 Gr.B7/A194 Gr.2H, -, Xylan PTFE Coated, - 2.75 in. Length",C6S4K87U,4.0,6820-R2-67284-05,6820,
6820-R2-67284-05_EPCW-CS01_0..pdf,OTHER THAN SHOP MATERIALS,6,3/4,"Gat Fem, API 602, ASTM A105N,800 Lbs, NPTF Ends, HO,-, Valve Tag: GA-0120 TYPE: INSUL THK: SHOP: FIELD: PAINT CODE: MODULE: V Per LDT Per LDT N Y Per LDT - P&ID: 202998C-001-PID-0021-0324 UNIT#: EWP AREA: SPEC: STRESS CALC #: 6800 6820 EPCW-CS01 - LINE No. 0.75""-R2-67284-EPCW-CS01-H Battleground DRAWING NUMBER REV. 6820-R2-67284-05 *6820-R2-67284-05*",C76SPABU,1.0,6820-R2-67284-05,6820,
6820-R2-67285-01_NOHD-NI01_0..pdf,OTHER THAN SHOP MATERIALS,2,1/2,"SBlt 2 HHx N, A193 Gr.B7/A194 Gr.2H, -, Xylan PTFE Coated, - 3 in. Length",C6S4K87V,8.0,6820-R2-67285-01,6820,
6820-R2-67285-02_NOHD-NI01_0..pdf,OTHER THAN SHOP MATERIALS,1,3,"NM Flat Gk, Barium Sulfate filled PTFE, 150 Lbs, RF as per ASME B16.5, -, Thk=1/8in, -,",C6S4K87L,3.0,6820-R2-67285-02,6820,
6820-R2-67285-02_NOHD-NI01_0..pdf,OTHER THAN SHOP MATERIALS,2,5/8,"SBlt 2 HHx N, A193 Gr.B7/A194 Gr.2H, -, Xylan PTFE Coated, - 3.75 in. Length",C6S4K88S,4.0,6820-R2-67285-02,6820,
6820-R2-67285-02_NOHD-NI01_0..pdf,OTHER THAN SHOP MATERIALS,3,5/8,"SBlt 2 HHx N, A193 Gr.B7/A194 Gr.2H, -, Xylan PTFE Coated, - 6 in. Length",C6S4K891,4.0,6820-R2-67285-02,6820,
6820-R2-67285-02_NOHD-NI01_0..pdf,OTHER THAN SHOP MATERIALS,4,3,"Plug Flg,SP, Inverted Tapered Plug, Non Lubricated, API 599, ASTM B564 UNS N02200, 150 Lbs, RF, Ends as per ASME B16.5, -, LO,-, -, Valve Tag: PL-0503_LO",C8RR9V3B,1.0,6820-R2-67285-02,6820,
6820-R2-67285-03_NOHD-NI01_0..pdf,OTHER THAN SHOP MATERIALS,4,3,"NM Flat Gk, Barium Sulfate filled PTFE, 150 Lbs, RF as per ASME B16.5, -, Thk=1/8in, -,",C6S4K87L,4.0,6820-R2-67285-03,6820,
6820-R2-67285-03_NOHD-NI01_0..pdf,OTHER THAN SHOP MATERIALS,5,5/8,"SBlt 2 HHx N, A193 Gr.B7/A194 Gr.2H, -, Xylan PTFE Coated, - 3.75 in. Length",C6S4K88S,8.0,6820-R2-67285-03,6820,
6820-R2-67285-03_NOHD-NI01_0..pdf,OTHER THAN SHOP MATERIALS,6,5/8,"SBlt 2 HHx N, A193 Gr.B7/A194 Gr.2H, -, Xylan PTFE Coated, - 6 in. Length",C6S4K891,4.0,6820-R2-67285-03,6820,
6820-R2-67285-03_NOHD-NI01_0..pdf,OTHER THAN SHOP MATERIALS,7,3,"Plug Flg,SP, Inverted Tapered Plug, Non Lubricated, API 599, ASTM B564 UNS N02200, 150 Lbs, RF, Ends as per ASME B16.5, -, LO,-, -, Valve Tag: PL-0503_LO",C8RR9V3B,1.0,6820-R2-67285-03,6820,
6820-R2-67285-04_NOHD-NI01_0..pdf,OTHER THAN SHOP MATERIALS,1,3,"NM Flat Gk, Barium Sulfate filled PTFE, 150 Lbs, RF as per ASME B16.5, -, Thk=1/8in, -,",C6S4K87L,3.0,6820-R2-67285-04,6820,
6820-R2-67285-04_NOHD-NI01_0..pdf,OTHER THAN SHOP MATERIALS,2,5/8,"SBlt 2 HHx N, A193 Gr.B7/A194 Gr.2H, -, Xylan PTFE Coated, - 3.75 in. Length",C6S4K88S,4.0,6820-R2-67285-04,6820,
6820-R2-67285-04_NOHD-NI01_0..pdf,OTHER THAN SHOP MATERIALS,3,5/8,"SBlt 2 HHx N, A193 Gr.B7/A194 Gr.2H, -, Xylan PTFE Coated, - 6 in. Length",C6S4K891,4.0,6820-R2-67285-04,6820,
6820-R2-67285-04_NOHD-NI01_0..pdf,OTHER THAN SHOP MATERIALS,4,3,"Plug Flg,SP, Inverted Tapered Plug, Non Lubricated, API 599, ASTM B564 UNS N02200, 150 Lbs, RF, Ends as per ASME B16.5, -, LO,-, -, Valve Tag: PL-0503_LO",C8RR9V3B,1.0,6820-R2-67285-04,6820,
6820-R2-67285-05_NOHD-NI01_0..pdf,OTHER THAN SHOP MATERIALS,4,3,"NM Flat Gk, Barium Sulfate filled PTFE, 150 Lbs, RF as per ASME B16.5, -, Thk=1/8in, -,",C6S4K87L,4.0,6820-R2-67285-05,6820,
6820-R2-67285-05_NOHD-NI01_0..pdf,OTHER THAN SHOP MATERIALS,5,5/8,"SBlt 2 HHx N, A193 Gr.B7/A194 Gr.2H, -, Xylan PTFE Coated, - 3.75 in. Length",C6S4K88S,8.0,6820-R2-67285-05,6820,
6820-R2-67285-05_NOHD-NI01_0..pdf,OTHER THAN SHOP MATERIALS,6,5/8,"SBlt 2 HHx N, A193 Gr.B7/A194 Gr.2H, -, Xylan PTFE Coated, - 6 in. Length",C6S4K891,4.0,6820-R2-67285-05,6820,
6820-R2-67285-05_NOHD-NI01_0..pdf,OTHER THAN SHOP MATERIALS,7,3,"Plug Flg,SP, Inverted Tapered Plug, Non Lubricated, API 599, ASTM B564 UNS N02200, 150 Lbs, RF, Ends as per ASME B16.5, -, LO,-, -, Valve Tag: PL-0503_LO",C8RR9V3B,1.0,6820-R2-67285-05,6820,
6820-R2-67286-01_NOHD-NI01_0.pdf,OTHER THAN SHOP MATERIALS,6,2,"NM Flat Gk, Barium Sulfate filled PTFE, 150 Lbs, RF as per ASME B16.5, -, Thk=1/8in, -,",C6S4K87J,5.0,6820-R2-67286-01,6820,
6820-R2-67286-01_NOHD-NI01_0.pdf,OTHER THAN SHOP MATERIALS,7,5/8,"SBlt 2 HHx N, A193 Gr.B7/A194 Gr.2H, -, Xylan PTFE Coated, - 3.5 in. Length",C6S4K88R,4.0,6820-R2-67286-01,6820,
6820-R2-67286-01_NOHD-NI01_0.pdf,OTHER THAN SHOP MATERIALS,8,5/8,"SBlt 2 HHx N, A193 Gr.B7/A194 Gr.2H, -, Xylan PTFE Coated, - 3.25 in. Length",C6S4K88P,8.0,6820-R2-67286-01,6820,
6820-R2-67286-01_NOHD-NI01_0.pdf,OTHER THAN SHOP MATERIALS,9,5/8,"SBlt 2 HHx N, A193 Gr.B7/A194 Gr.2H, -, Xylan PTFE Coated, - 5.5 in. Length",C6S4K88Z,4.0,6820-R2-67286-01,6820,
6820-R2-67286-01_NOHD-NI01_0.pdf,OTHER THAN SHOP MATERIALS,10,2,"Plug Flg,SP, Inverted Tapered Plug, Non Lubricated, API 599, ASTM B564 UNS N02200, 150 Lbs, RF, Ends as per ASME B16.5, -, LO,-, -, Valve Tag: PL-0503_LO",C8RR9V39,2.0,6820-R2-67286-01,6820,
6820-R2-67286-01_NOHD-NI01_0.pdf,PIPE SUPPORTS,12,2,PS213-2,PS213,1.0,6820-R2-67286-01,6820,
6820-R2-67286-01_NOHD-NI01_0.pdf,PIPE SUPPORTS,13,2,PS715-D-13.76,PS715,1.0,6820-R2-67286-01,6820,
6820-R2-67286-02_NOHD-NI01_0..pdf,OTHER THAN SHOP MATERIALS,6,1/2,"SBlt 2 HHx N, A193 Gr.B7/A194 Gr.2H, -, Xylan PTFE Coated, - 3 in. Length",C6S4K87V,8.0,6820-R2-67286-02,6820,
6820-R2-67287-01_NOHD-NI01_0..pdf,OTHER THAN SHOP MATERIALS,6,2,"NM Flat Gk, Barium Sulfate filled PTFE, 150 Lbs, RF as per ASME B16.5, -, Thk=1/8in, -,",C6S4K87J,5.0,6820-R2-67287-01,6820,
6820-R2-67287-01_NOHD-NI01_0..pdf,OTHER THAN SHOP MATERIALS,7,5/8,"SBlt 2 HHx N, A193 Gr.B7/A194 Gr.2H, -, Xylan PTFE Coated, - 3.25 in. Length",C6S4K88P,16.0,6820-R2-67287-01,6820,
6820-R2-67287-01_NOHD-NI01_0..pdf,OTHER THAN SHOP MATERIALS,8,5/8,"SBlt 2 HHx N, A193 Gr.B7/A194 Gr.2H, -, Xylan PTFE Coated, - 3.5 in. Length",C6S4K88R,4.0,6820-R2-67287-01,6820,
6820-R2-67287-01_NOHD-NI01_0..pdf,OTHER THAN SHOP MATERIALS,1,2,"Plug Flg,SP, Inverted Tapered Plug, Non Lubricated, API 599, ASTM B564 UNS N02200, 150 Lbs, RF, Ends as per ASME B16.5, -, LO,-, -, Valve Tag: PL-0503_LO",C8RR9V39,2.0,6820-R2-67287-01,6820,
6820-R2-67287-01_NOHD-NI01_0..pdf,OTHER THAN SHOP MATERIALS,10,2,"Bld Flg, ASME B16.5, ASTM B564 UNS N02200, 150 Lbs, RF, -,",C7T63YAX,1.0,6820-R2-67287-01,6820,
6820-R2-67287-02_NOHD-NI01_0..pdf,OTHER THAN SHOP MATERIALS,2,1/2,"SBlt 2 HHx N, A193 Gr.B7/A194 Gr.2H, -, Xylan PTFE Coated, - 3 in. Length",C6S4K87V,8.0,6820-R2-67287-02,6820,
6820-R2-67287-03_NOHD-NI01_0..pdf,OTHER THAN SHOP MATERIALS,2,1/2,"SBlt 2 HHx N, A193 Gr.B7/A194 Gr.2H, -, Xylan PTFE Coated, - 3 in. Length",C6S4K87V,4.0,6820-R2-67287-03,6820,
6820-R2-67287-04_NOHD-NI01_0..pdf,OTHER THAN SHOP MATERIALS,2,1/2,"SBlt 2 HHx N, A193 Gr.B7/A194 Gr.2H, -, Xylan PTFE Coated, - 3 in. Length",C6S4K87V,8.0,6820-R2-67287-04,6820,
6820-R2-67288-01_NOHD-NI01_1..pdf,OTHER THAN SHOP MATERIALS,5,1/2,"NM Flat Gk, Barium Sulfate filled PTFE, 150 Lbs, RF as per ASME B16.5, -, Thk=1/8in, -,",C76SNTEV,3.0,6820-R2-67288-01,6820,
6820-R2-67288-01_NOHD-NI01_1..pdf,OTHER THAN SHOP MATERIALS,6,1/2,"SBlt 2 HHx N, A193 Gr.B7/A194 Gr.2H, -, Xylan PTFE Coated, - 2.5 in. Length",C6S4K87T,12.0,6820-R2-67288-01,6820,
6820-R2-67288-01_NOHD-NI01_1..pdf,OTHER THAN SHOP MATERIALS,7,1/2,"Plug Flg,SP, Inverted Tapered Plug, Non Lubricated, API 599, ASTM A395 Gr.60-40-18 PFA 1 Lined, 150 Lbs, RF, Ends as per ASME B16.5, -, LO,-, -, Valve Tag: PL-0618",C7S24AAU,1.0,6820-R2-67288-01,6820,
6820-R2-67291-01_NOHD-SS01_0..pdf,OTHER THAN SHOP MATERIALS,2,1/2,"SBlt 2 HHx N, A193 Gr.B7/A194 Gr.2H, -, Xylan PTFE Coated, - 3 in. Length",C6S4K87V,8.0,6820-R2-67291-01,6820,
6820-R2-67292-01_EPCW-CS01_0..pdf,OTHER THAN SHOP MATERIALS,5,1/2,"SBlt 2 HHx N, A193 Gr.B7/A194 Gr.2H, -, Xylan PTFE Coated, - 3 in. Length",C6S4K87V,8.0,6820-R2-67292-01,6820,
6820-R2-67292-01_EPCW-CS01_0..pdf,OTHER THAN SHOP MATERIALS,6,1/2,"SBlt 2 HHx N, A193 Gr.B7/A194 Gr.2H, -, Xylan PTFE Coated, - 5.25 in. Length",C6S4K884,4.0,6820-R2-67292-01,6820,
6820-R2-67293-01_NOHD-SS01_0..pdf,OTHER THAN SHOP MATERIALS,2,1/2,"SBlt 2 HHx N, A193 Gr.B7/A194 Gr.2H, -, Xylan PTFE Coated, - 3 in. Length",C6S4K87V,8.0,6820-R2-67293-01,6820,
6820-R2-67293-02_NOHD-SS01_0..pdf,OTHER THAN SHOP MATERIALS,1,3,"NM Flat Gk, Barium Sulfate filled PTFE, 150 Lbs, RF as per ASME B16.5, -, Thk=1/8in, -,",C6S4K87L,3.0,6820-R2-67293-02,6820,
6820-R2-67293-02_NOHD-SS01_0..pdf,OTHER THAN SHOP MATERIALS,2,5/8,"SBlt 2 HHx N, A193 Gr.B7/A194 Gr.2H, -, Xylan PTFE Coated, - 3.75 in. Length",C6S4K88S,4.0,6820-R2-67293-02,6820,
6820-R2-67293-02_NOHD-SS01_0..pdf,OTHER THAN SHOP MATERIALS,3,5/8,"SBlt 2 HHx N, A193 Gr.B7/A194 Gr.2H, -, Xylan PTFE Coated, - 6 in. Length",C6S4K891,4.0,6820-R2-67293-02,6820,
6820-R2-67293-02_NOHD-SS01_0..pdf,OTHER THAN SHOP MATERIALS,4,3,"Plug Flg,SP, Tapered Plug, Non Lubricated, API 599, ASTM A351 Gr.CF8M, 150 Lbs, RF, Ends as per ASME B16.5, -, LO,-, -, Valve Tag: PL-0548",C6SDVYL1,1.0,6820-R2-67293-02,6820,
6820-R2-67293-03_NOHD-SS01_0..pdf,OTHER THAN SHOP MATERIALS,5,3,"NM Flat Gk, Barium Sulfate filled PTFE, 150 Lbs, RF as per ASME B16.5, -, Thk=1/8in, -,",C6S4K87L,4.0,6820-R2-67293-03,6820,
6820-R2-67293-03_NOHD-SS01_0..pdf,OTHER THAN SHOP MATERIALS,6,5/8,"SBlt 2 HHx N, A193 Gr.B7/A194 Gr.2H, -, Xylan PTFE Coated, - 3.75 in. Length",C6S4K88S,8.0,6820-R2-67293-03,6820,
6820-R2-67293-03_NOHD-SS01_0..pdf,OTHER THAN SHOP MATERIALS,7,5/8,"SBlt 2 HHx N, A193 Gr.B7/A194 Gr.2H, -, Xylan PTFE Coated, - 6 in. Length",C6S4K891,4.0,6820-R2-67293-03,6820,
6820-R2-67293-03_NOHD-SS01_0..pdf,OTHER THAN SHOP MATERIALS,8,3,"Plug Flg,SP, Tapered Plug, Non Lubricated, API 599, ASTM A351 Gr.CF8M, 150 Lbs, RF, Ends as per ASME B16.5, -, LO,-, -, Valve Tag: PL-0548",C6SDVYL1,1.0,6820-R2-67293-03,6820,
6820-R2-67293-04_NOHD-SS01_0..pdf,OTHER THAN SHOP MATERIALS,5,3,"NM Flat Gk, Barium Sulfate filled PTFE, 150 Lbs, RF as per ASME B16.5, -, Thk=1/8in, -,",C6S4K87L,4.0,6820-R2-67293-04,6820,
6820-R2-67293-04_NOHD-SS01_0..pdf,OTHER THAN SHOP MATERIALS,6,5/8,"SBlt 2 HHx N, A193 Gr.B7/A194 Gr.2H, -, Xylan PTFE Coated, - 3.75 in. Length",C6S4K88S,8.0,6820-R2-67293-04,6820,
6820-R2-67293-04_NOHD-SS01_0..pdf,OTHER THAN SHOP MATERIALS,7,5/8,"SBlt 2 HHx N, A193 Gr.B7/A194 Gr.2H, -, Xylan PTFE Coated, - 6 in. Length",C6S4K891,4.0,6820-R2-67293-04,6820,
6820-R2-67293-04_NOHD-SS01_0..pdf,OTHER THAN SHOP MATERIALS,8,3,"Plug Flg,SP, Tapered Plug, Non Lubricated, API 599, ASTM A351 Gr.CF8M, 150 Lbs, RF, Ends as per ASME B16.5, -, LO,-, -, Valve Tag: PL-0548",C6SDVYL1,1.0,6820-R2-67293-04,6820,
6820-R2-67293-05_NOHD-SS01_0..pdf,OTHER THAN SHOP MATERIALS,1,3,"NM Flat Gk, Barium Sulfate filled PTFE, 150 Lbs, RF as per ASME B16.5, -, Thk=1/8in, -,",C6S4K87L,3.0,6820-R2-67293-05,6820,
6820-R2-67293-05_NOHD-SS01_0..pdf,OTHER THAN SHOP MATERIALS,2,5/8,"SBlt 2 HHx N, A193 Gr.B7/A194 Gr.2H, -, Xylan PTFE Coated, - 3.75 in. Length",C6S4K88S,4.0,6820-R2-67293-05,6820,
6820-R2-67293-05_NOHD-SS01_0..pdf,OTHER THAN SHOP MATERIALS,3,5/8,"SBlt 2 HHx N, A193 Gr.B7/A194 Gr.2H, -, Xylan PTFE Coated, - 6 in. Length",C6S4K891,4.0,6820-R2-67293-05,6820,
6820-R2-67293-05_NOHD-SS01_0..pdf,OTHER THAN SHOP MATERIALS,4,3,"Plug Flg,SP, Tapered Plug, Non Lubricated, API 599, ASTM A351 Gr.CF8M, 150 Lbs, RF, Ends as per ASME B16.5, -, LO,-, -, Valve Tag: PL-0548",C6SDVYL1,1.0,6820-R2-67293-05,6820,
6820-R2-67294-01_NOHD-SS01_0..pdf,OTHER THAN SHOP MATERIALS,6,2,"NM Flat Gk, Barium Sulfate filled PTFE, 150 Lbs, RF as per ASME B16.5, -, Thk=1/8in, -,",C6S4K87J,5.0,6820-R2-67294-01,6820,
6820-R2-67294-01_NOHD-SS01_0..pdf,OTHER THAN SHOP MATERIALS,7,5/8,"SBlt 2 HHx N, A193 Gr.B7/A194 Gr.2H, -, Xylan PTFE Coated, - 3.25 in. Length",C6S4K88P,16.0,6820-R2-67294-01,6820,
6820-R2-67294-01_NOHD-SS01_0..pdf,OTHER THAN SHOP MATERIALS,8,5/8,"SBlt 2 HHx N, A193 Gr.B7/A194 Gr.2H, -, Xylan PTFE Coated, - 3.5 in. Length",C6S4K88R,4.0,6820-R2-67294-01,6820,
6820-R2-67294-01_NOHD-SS01_0..pdf,OTHER THAN SHOP MATERIALS,9,2,"Plug Flg,SP, Tapered Plug, Non Lubricated, API 599, ASTM A351 Gr.CF8M, 150 Lbs, RF, Ends as per ASME B16.5, -, LO,-, -, Valve Tag: PL-0548",C6SDVYKZ,2.0,6820-R2-67294-01,6820,
6820-R2-67294-01_NOHD-SS01_0..pdf,OTHER THAN SHOP MATERIALS,10,2,"Bld Flg, ASME B16.5, ASTM A182 Gr.F316L, 150 Lbs, RF, Annealed,",C80R6Y1R,1.0,6820-R2-67294-01,6820,
6820-R2-67294-02_NOHD-NI01_0..pdf,OTHER THAN SHOP MATERIALS,2,1/2,"SBlt 2 HHx N, A193 Gr.B7/A194 Gr.2H, -, Xylan PTFE Coated, - 3 in. Length",C6S4K87V,8.0,6820-R2-67294-02,6820,
6820-R2-67294-03_NOHD-NI01_0..pdf,OTHER THAN SHOP MATERIALS,2,1/2,"SBlt 2 HHx N, A193 Gr.B7/A194 Gr.2H, -, Xylan PTFE Coated, - 3 in. Length",C6S4K87V,4.0,6820-R2-67294-03,6820,
6820-R2-67294-04_NOHD-NI01_0..pdf,OTHER THAN SHOP MATERIALS,2,1/2,"SBlt 2 HHx N, A193 Gr.B7/A194 Gr.2H, -, Xylan PTFE Coated, - 3 in. Length",C6S4K87V,8.0,6820-R2-67294-04,6820,
6820-R2-67296-01_EPCL-SS01_0..pdf,OTHER THAN SHOP MATERIALS,2,1/2,"SBlt 2 HHx N, A193 Gr.B7/A194 Gr.2H, -, Xylan PTFE Coated, - 3 in. Length",C6S4K87V,8.0,6820-R2-67296-01,6820,
6820-R2-67296-02_EPCL-SS01_0..pdf,OTHER THAN SHOP MATERIALS,2,1/2,"SBlt 2 HHx N, A193 Gr.B7/A194 Gr.2H, -, Xylan PTFE Coated, - 3 in. Length",C6S4K87V,8.0,6820-R2-67296-02,6820,
6820-R2-67296-03_EPCL-SS01_0..pdf,OTHER THAN SHOP MATERIALS,1,3/4,"NM Flat Gk, Barium Sulfate filled PTFE, 150 Lbs, RF as per ASME B16.5, Full Face, Thk=1/8in, -,",C7CT1ZFG,2.0,6820-R2-67296-03,6820,
6820-R2-67296-03_EPCL-SS01_0..pdf,OTHER THAN SHOP MATERIALS,2,1/2,"SBlt 2 HHx N, A193 Gr.B7/A194 Gr.2H, -, Xylan PTFE Coated, - 2.75 in. Length",C6S4K87U,8.0,6820-R2-67296-03,6820,
6820-R2-67296-03_EPCL-SS01_0..pdf,OTHER THAN SHOP MATERIALS,3,3/4,"Plug Flg,SP, Tapered Plug, Non Lubricated, API 599, ASTM A351 Gr.CF8M, 150 Lbs, RF, Ends as per ASME B16.5, -, LO,-, -, Valve Tag: PL-0548",C76KHSRP,1.0,6820-R2-67296-03,6820,
6820-R2-67296-03_EPCL-SS01_0..pdf,OTHER THAN SHOP MATERIALS,4,3/4,"Bld Flg, ASME B16.5, ASTM A182 Gr.F304L, 150 Lbs, RF, Annealed, TYPE: INSUL THK: SHOP: FIELD: PAINT CODE: MODULE: Per LDT Per LDT N Y Per LDT - P&ID: 202998C-001-PID-0021-0329 UNIT#: EWP AREA: SPEC: STRESS CALC #: 6800 6820 EPCL-SS01 - LINE No. 0.75""-R2-67296-EPCL-SS01-H Battleground DRAWING NUMBER REV. 6820-R2-67296-03 *6820-R2-67296-03*",C7W2U477,1.0,6820-R2-67296-03,6820,
6820-R2-67296-04_EPCL-SS01_0..pdf,OTHER THAN SHOP MATERIALS,1,3/4,"NM Flat Gk, Barium Sulfate filled PTFE, 150 Lbs, RF as per ASME B16.5, Full Face, Thk=1/8in, -,",C7CT1ZFG,2.0,6820-R2-67296-04,6820,
6820-R2-67296-04_EPCL-SS01_0..pdf,OTHER THAN SHOP MATERIALS,2,1/2,"SBlt 2 HHx N, A193 Gr.B7/A194 Gr.2H, -, Xylan PTFE Coated, - 2.75 in. Length",C6S4K87U,8.0,6820-R2-67296-04,6820,
6820-R2-67296-04_EPCL-SS01_0..pdf,OTHER THAN SHOP MATERIALS,3,3/4,"Plug Flg,SP, Tapered Plug, Non Lubricated, API 599, ASTM A351 Gr.CF8M, 150 Lbs, RF, Ends as per ASME B16.5, -, LO,-, -, Valve Tag: PL-0548",C76KHSRP,1.0,6820-R2-67296-04,6820,
6820-R2-67296-04_EPCL-SS01_0..pdf,OTHER THAN SHOP MATERIALS,4,3/4,"Bld Flg, ASME B16.5, ASTM A182 Gr.F304L, 150 Lbs, RF, Annealed, TYPE: INSUL THK: SHOP: FIELD: PAINT CODE: MODULE: Per LDT Per LDT N Y Per LDT - P&ID: 202998C-001-PID-0021-0329 UNIT#: EWP AREA: SPEC: STRESS CALC #: 6800 6820 EPCL-SS01 - LINE No. 0.75""-R2-67296-EPCL-SS01-H Battleground DRAWING NUMBER REV. 6820-R2-67296-04 *6820-R2-67296-04*",C7W2U477,1.0,6820-R2-67296-04,6820,
6820-R2-67296-05_EPCL-SS01_0..pdf,OTHER THAN SHOP MATERIALS,2,1/2,"SBlt 2 HHx N, A193 Gr.B7/A194 Gr.2H, -, Xylan PTFE Coated, - 3 in. Length",C6S4K87V,8.0,6820-R2-67296-05,6820,
6820-R2-67296-06_EPCL-SS01_0..pdf,OTHER THAN SHOP MATERIALS,2,1/2,"SBlt 2 HHx N, A193 Gr.B7/A194 Gr.2H, -, Xylan PTFE Coated, - 3 in. Length",C6S4K87V,8.0,6820-R2-67296-06,6820,
6820-R2-67299-01_EPCW-CS01_1..pdf,OTHER THAN SHOP MATERIALS,5,24,"NM Flat Gk, Barium Sulfate filled PTFE, 150 Lbs, RF as per ASME B16.5, Full Face, Thk=1/8in, -,",C7CT1ZFW,3.0,6820-R2-67299-01,6820,
6820-R2-67299-01_EPCW-CS01_1..pdf,OTHER THAN SHOP MATERIALS,8,24,"But Flg,LP, API 609 Cat.B, ASTM A216 Gr.WCB,150 Lbs, RF, Ends as per ASME B16.5, GO,-, Valve Tag: BU-0807",C84MWBGZ,1.0,6820-R2-67299-01,6820,
6820-R2-67299-01_EPCW-CS01_1..pdf,PIPE SUPPORTS,9,24,PS902-SH-6820-R2-67299-0001,PS902,1.0,6820-R2-67299-01,6820,
6820-R2-67299-02_EPCW-CS01_0..pdf,OTHER THAN SHOP MATERIALS,5,24,"NM Flat Gk, Barium Sulfate filled PTFE, 150 Lbs, RF as per ASME B16.5, Full Face, Thk=1/8in, -,",C7CT1ZFW,1.0,6820-R2-67299-02,6820,
6820-R2-67300-01_NOHD-NI01_0..pdf,OTHER THAN SHOP MATERIALS,1,3,"NM Flat Gk, Barium Sulfate filled PTFE, 150 Lbs, RF as per ASME B16.5, -, Thk=1/8in, -,",C6S4K87L,2.0,6820-R2-67300-01,6820,
6820-R2-67300-01_NOHD-NI01_0..pdf,OTHER THAN SHOP MATERIALS,2,5/8,"SBlt 2 HHx N, A193 Gr.B7/A194 Gr.2H, -, Xylan PTFE Coated, - 3.75 in. Length",C6S4K88S,8.0,6820-R2-67300-01,6820,
6820-R2-67300-01_NOHD-NI01_0..pdf,OTHER THAN SHOP MATERIALS,3,3,"Plug Flg,SP, Inverted Tapered Plug, Non Lubricated, API 599, ASTM B564 UNS N02200, 150 Lbs, RF, Ends as per ASME B16.5, -, LO,-, -, Valve Tag: PL-0503_LO TYPE: INSUL THK: SHOP: FIELD: PAINT CODE: MODULE: L Per LDT Per LDT N Y Per LDT - P&ID: 202998C-001-PID-0021-0320 UNIT#: EWP AREA: SPEC: STRESS CALC #: 6800 6820 NOHD-NI01 - LINE No. 3""-R2-67300-NOHD-NI01-H Battleground DRAWING NUMBER REV. 6820-R2-67300-01 *6820-R2-67300-01*",C8RR9V3B,1.0,6820-R2-67300-01,6820,
6820-R2-67301-01_NOHD-NI01_0..pdf,OTHER THAN SHOP MATERIALS,2,1/2,"SBlt 2 HHx N, A193 Gr.B7/A194 Gr.2H, -, Xylan PTFE Coated, - 3 in. Length",C6S4K87V,8.0,6820-R2-67301-01,6820,
6820-R2-67302-01_NOHD-NI01_0..pdf,OTHER THAN SHOP MATERIALS,1,3,"NM Flat Gk, Barium Sulfate filled PTFE, 150 Lbs, RF as per ASME B16.5, -, Thk=1/8in, -,",C6S4K87L,2.0,6820-R2-67302-01,6820,
6820-R2-67302-01_NOHD-NI01_0..pdf,OTHER THAN SHOP MATERIALS,2,5/8,"SBlt 2 HHx N, A193 Gr.B7/A194 Gr.2H, -, Xylan PTFE Coated, - 3.75 in. Length",C6S4K88S,8.0,6820-R2-67302-01,6820,
6820-R2-67302-01_NOHD-NI01_0..pdf,OTHER THAN SHOP MATERIALS,3,3,"Plug Flg,SP, Inverted Tapered Plug, Non Lubricated, API 599, ASTM B564 UNS N02200, 150 Lbs, RF, Ends as per ASME B16.5, -, LO,-, -, Valve Tag: PL-0503_LO TYPE: INSUL THK: SHOP: FIELD: PAINT CODE: MODULE: L Per LDT Per LDT N Y Per LDT - P&ID: 202998C-001-PID-0021-0324 UNIT#: EWP AREA: SPEC: STRESS CALC #: 6800 6820 NOHD-NI01 - LINE No. 3""-R2-67302-NOHD-NI01-H Battleground DRAWING NUMBER REV. 6820-R2-67302-01 *6820-R2-67302-01*",C8RR9V3B,1.0,6820-R2-67302-01,6820,
6820-R2-67303-01_NOHD-NI01_0..pdf,OTHER THAN SHOP MATERIALS,2,1/2,"SBlt 2 HHx N, A193 Gr.B7/A194 Gr.2H, -, Xylan PTFE Coated, - 3 in. Length",C6S4K87V,8.0,6820-R2-67303-01,6820,
6820-R2-67305-01_NOHD-SS01_0..pdf,OTHER THAN SHOP MATERIALS,2,1/2,"SBlt 2 HHx N, A193 Gr.B7/A194 Gr.2H, -, Xylan PTFE Coated, - 3 in. Length",C6S4K87V,8.0,6820-R2-67305-01,6820,
6820-R2-67308-01_NOHD-NI01_0..pdf,OTHER THAN SHOP MATERIALS,6,1/2,"SBlt 2 HHx N, A193 Gr.B7/A194 Gr.2H, -, Xylan PTFE Coated, - 3 in. Length",C6S4K87V,8.0,6820-R2-67308-01,6820,
6820-R2-67309-01_NOHD-NI01_1..pdf,OTHER THAN SHOP MATERIALS,6,1/2,"SBlt 2 HHx N, A193 Gr.B7/A194 Gr.2H, -, Xylan PTFE Coated, - 3 in. Length",C6S4K87V,8.0,6820-R2-67309-01,6820,
6820-R2-67310-01_NOHD-NI01_0..pdf,OTHER THAN SHOP MATERIALS,6,1/2,"SBlt 2 HHx N, A193 Gr.B7/A194 Gr.2H, -, Xylan PTFE Coated, - 3 in. Length",C6S4K87V,8.0,6820-R2-67310-01,6820,
6820-R2-67312-01_CTWL-CS01_0..pdf,OTHER THAN SHOP MATERIALS,1,1,"Pipes, Seamless, ASME B36.10, ASTM ' A106 Gr.B Galv. as per ASTM A153, NPTM Ends, w/ coupling, -, S-XS",CPPD3S28,33.7,6820-R2-67312-01,6820,
6820-R2-67312-01_CTWL-CS01_0..pdf,OTHER THAN SHOP MATERIALS,2,1/2,"Pipes, Seamless, ASME B36.10, ASTM ' A106 Gr.B Galv. as per ASTM A153, NPTM Ends, w/ coupling, -, S-XS",CPPD3S11,1.7,6820-R2-67312-01,6820,
6820-R2-67312-01_CTWL-CS01_0..pdf,OTHER THAN SHOP MATERIALS,5,1,"Full Coup, ASME B16.11, ASTM A105N Galv. as per ASTM A153, 3000 Lbs, NPTF Ends, -,",CZ2LEZE,1.0,6820-R2-67312-01,6820,
6820-R2-67312-01_CTWL-CS01_0..pdf,OTHER THAN SHOP MATERIALS,6,1,"90° Elb, ASME B16.11, ASTM A105N Galv. as per ASTM A153, 3000 Lbs, NPTF Ends, -,",C1DMWEK,5.0,6820-R2-67312-01,6820,
6820-R2-67312-01_CTWL-CS01_0..pdf,OTHER THAN SHOP MATERIALS,7,1,"45° Elb, ASME B16.11, ASTM A105N Galv. as per ASTM A153, 3000 Lbs, NPTF Ends, -,",C1DMWEC,1.0,6820-R2-67312-01,6820,
6820-R2-67312-01_CTWL-CS01_0..pdf,OTHER THAN SHOP MATERIALS,8,1/2,"90° Elb, ASME B16.11, ASTM A105N Galv. as per ASTM A153, 3000 Lbs, NPTF Ends, -,",C5FX5BU,2.0,6820-R2-67312-01,6820,
6820-R2-67312-01_CTWL-CS01_0..pdf,OTHER THAN SHOP MATERIALS,9,1,"THD Flg, ASME B16.5, ASTM A105N Galv. as per ASTM A153, 150 Lbs, RF/NPTF End, -,",C1DR2JM,3.0,6820-R2-67312-01,6820,
6820-R2-67312-01_CTWL-CS01_0..pdf,OTHER THAN SHOP MATERIALS,10,1,"NM Flat Gk, Aramid Fiber Reinforced SBR, 150 Lbs, RF as per ASME B16.5, Full Face, Thk=1/8in, -,",C76KHSRZ,3.0,6820-R2-67312-01,6820,
6820-R2-67312-01_CTWL-CS01_0..pdf,OTHER THAN SHOP MATERIALS,11,1/2,"SBlt 2 HHx N, A193 Gr.B7/A194 Gr.2H, -, Xylan PTFE Coated, - 2.75 in. Length",C6S4K87U,12.0,6820-R2-67312-01,6820,
6820-R2-67312-01_CTWL-CS01_0..pdf,OTHER THAN SHOP MATERIALS,12,1,"Plug Flg,SP, Inverted Tapered Plug, Non Lubricated, API 599, ASTM A395 Gr.60-40-18, 150 Lbs, RF, Ends as per ASME B16.5, -, LO,-, -, Valve Tag: PL-0546",C76RJXHV,1.0,6820-R2-67312-01,6820,
6820-R2-67312-01_CTWL-CS01_0..pdf,OTHER THAN SHOP MATERIALS,13,1,"Bld Flg, ASME B16.5, ASTM A105N Galv. as per ASTM A153, 150 Lbs, RF, -,",C1DR2JV,1.0,6820-R2-67312-01,6820,
6820-R2-67312-01_CTWL-CS01_0..pdf,PIPE SUPPORTS,14,1,PS433-1,PS433,5.0,6820-R2-67312-01,6820,
6820-R2-67312-01_CTWL-CS01_0..pdf,PIPE SUPPORTS,15,1,PS201-1,PS201,4.0,6820-R2-67312-01,6820,
6820-R2-67312-01_CTWL-CS01_0..pdf,PIPE SUPPORTS,16,1,"PS210-1 TYPE: INSUL THK: SHOP: FIELD: PAINT CODE: MODULE: L Per LDT Per LDT N Y Per LDT - P&ID: 202998C-001-PID-0021-0333 UNIT#: EWP AREA: SPEC: STRESS CALC #: 6800 6820 CTWL-CS01 - LINE No. 1""-R2-67312-CTWL-CS01-N Battleground DRAWING NUMBER REV. 6820-R2-67312-01 *6820-R2-67312-01*",PS210,1.0,6820-R2-67312-01,6820,
6820-R2-67313-01_CTWL-CS01_0..pdf,OTHER THAN SHOP MATERIALS,1,1,"Pipes, Seamless, ASME B36.10, ASTM ' A106 Gr.B Galv. as per ASTM A153, NPTM Ends, w/ coupling, -, S-XS",CPPD3S28,34.8,6820-R2-67313-01,6820,
6820-R2-67313-01_CTWL-CS01_0..pdf,OTHER THAN SHOP MATERIALS,2,1,"90° Elb, ASME B16.11, ASTM A105N Galv. as per ASTM A153, 3000 Lbs, NPTF Ends, -,",C1DMWEK,5.0,6820-R2-67313-01,6820,
6820-R2-67313-01_CTWL-CS01_0..pdf,OTHER THAN SHOP MATERIALS,3,1,"THD Flg, ASME B16.5, ASTM A105N Galv. as per ASTM A153, 150 Lbs, RF/NPTF End, -,",C1DR2JM,2.0,6820-R2-67313-01,6820,
6820-R2-67313-01_CTWL-CS01_0..pdf,OTHER THAN SHOP MATERIALS,4,1,"NM Flat Gk, Aramid Fiber Reinforced SBR, 150 Lbs, RF as per ASME B16.5, Full Face, Thk=1/8in, -,",C76KHSRZ,2.0,6820-R2-67313-01,6820,
6820-R2-67313-01_CTWL-CS01_0..pdf,OTHER THAN SHOP MATERIALS,5,1/2,"SBlt 2 HHx N, A193 Gr.B7/A194 Gr.2H, -, Xylan PTFE Coated, - 2.75 in. Length",C6S4K87U,8.0,6820-R2-67313-01,6820,
6820-R2-67313-01_CTWL-CS01_0..pdf,OTHER THAN SHOP MATERIALS,6,1,"Plug Flg,SP, Inverted Tapered Plug, Non Lubricated, API 599, ASTM A395 Gr.60-40-18, 150 Lbs, RF, Ends as per ASME B16.5, -, LO,-, -, Valve Tag: PL-0546",C76RJXHV,1.0,6820-R2-67313-01,6820,
6820-R2-67313-01_CTWL-CS01_0..pdf,PIPE SUPPORTS,7,1,PS712-D-12.55,PS712,1.0,6820-R2-67313-01,6820,
6820-R2-67313-01_CTWL-CS01_0..pdf,PIPE SUPPORTS,8,1,PS201-1,PS201,4.0,6820-R2-67313-01,6820,
6820-R2-67313-01_CTWL-CS01_0..pdf,PIPE SUPPORTS,9,1,PS433-1,PS433,4.0,6820-R2-67313-01,6820,
6820-R2-67313-01_CTWL-CS01_0..pdf,PIPE SUPPORTS,10,1,PS713-B-17,PS713,1.0,6820-R2-67313-01,6820,
6820-R2-67313-01_CTWL-CS01_0..pdf,PIPE SUPPORTS,11,1,PS210-1,PS210,1.0,6820-R2-67313-01,6820,
6820-R2-67313-01_CTWL-CS01_0..pdf,PIPE SUPPORTS,12,1,"PS712-D-12.63 TYPE: INSUL THK: SHOP: FIELD: PAINT CODE: MODULE: L Per LDT Per LDT N Y Per LDT - P&ID: 202998C-001-PID-0021-0333 UNIT#: EWP AREA: SPEC: STRESS CALC #: 6800 6820 CTWL-CS01 - LINE No. 1""-R2-67313-CTWL-CS01-N Battleground DRAWING NUMBER REV. 6820-R2-67313-01 *6820-R2-67313-01*",PS712,3.0,6820-R2-67313-01,6820,
6820-R2-67313-02_CTWL-CS01_0..pdf,OTHER THAN SHOP MATERIALS,1,1,"Pipes, Seamless, ASME B36.10, ASTM ' A106 Gr.B Galv. as per ASTM A153, NPTM Ends, w/ coupling, -, S-XS",CPPD3S28,43.3,6820-R2-67313-02,6820,
6820-R2-67313-02_CTWL-CS01_0..pdf,OTHER THAN SHOP MATERIALS,3,1,"Full Coup, ASME B16.11, ASTM A105N Galv. as per ASTM A153, 3000 Lbs, NPTF Ends, -,",CZ2LEZE,1.0,6820-R2-67313-02,6820,
6820-R2-67313-02_CTWL-CS01_0..pdf,OTHER THAN SHOP MATERIALS,4,1,"90° Elb, ASME B16.11, ASTM A105N Galv. as per ASTM A153, 3000 Lbs, NPTF Ends, -,",C1DMWEK,4.0,6820-R2-67313-02,6820,
6820-R2-67313-02_CTWL-CS01_0..pdf,PIPE SUPPORTS,5,1,PS712-B-16.5,PS712,2.0,6820-R2-67313-02,6820,
6820-R2-67313-02_CTWL-CS01_0..pdf,PIPE SUPPORTS,6,1,PS433-1,PS433,5.0,6820-R2-67313-02,6820,
6820-R2-67313-02_CTWL-CS01_0..pdf,PIPE SUPPORTS,7,1,PS201-1,PS201,4.0,6820-R2-67313-02,6820,
6820-R2-67313-02_CTWL-CS01_0..pdf,PIPE SUPPORTS,8,1,PS712-F-16.5,PS712,2.0,6820-R2-67313-02,6820,
6820-R2-67313-02_CTWL-CS01_0..pdf,PIPE SUPPORTS,9,1,PS712-D-12.50,PS712,1.0,6820-R2-67313-02,6820,
6820-R2-67313-02_CTWL-CS01_0..pdf,PIPE SUPPORTS,10,1,PS210-1,PS210,2.0,6820-R2-67313-02,6820,
6820-R2-67313-02_CTWL-CS01_0..pdf,PIPE SUPPORTS,11,1,PS709-B-8-10,PS709,1.0,6820-R2-67313-02,6820,
6820-R2-67313-02_CTWL-CS01_0..pdf,PIPE SUPPORTS,12,1,PS713-E-21,PS713,1.0,6820-R2-67313-02,6820,
6820-R2-67313-02_CTWL-CS01_0..pdf,PIPE SUPPORTS,13,1,"PS221-1 TYPE: INSUL THK: SHOP: FIELD: PAINT CODE: MODULE: L Per LDT Per LDT N Y Per LDT - P&ID: 202998C-001-PID-0021-0333 UNIT#: EWP AREA: SPEC: STRESS CALC #: 6800 6820 CTWL-CS01 - LINE No. 1""-R2-67313-CTWL-CS01-N Battleground DRAWING NUMBER REV. 6820-R2-67313-02 *6820-R2-67313-02*",PS221,1.0,6820-R2-67313-02,6820,
6820-R2-67313-03_CTWL-CS01_0..pdf,OTHER THAN SHOP MATERIALS,1,1,"Pipes, Seamless, ASME B36.10, ASTM ' A106 Gr.B Galv. as per ASTM A153, NPTM Ends, w/ coupling, -, S-XS",CPPD3S28,17.4,6820-R2-67313-03,6820,
6820-R2-67313-03_CTWL-CS01_0..pdf,OTHER THAN SHOP MATERIALS,2,1/2,"Pipes, Seamless, ASME B36.10, ASTM ' A106 Gr.B Galv. as per ASTM A153, NPTM Ends, w/ coupling, -, S-XS",CPPD3S11,1.2,6820-R2-67313-03,6820,
6820-R2-67313-03_CTWL-CS01_0..pdf,OTHER THAN SHOP MATERIALS,5,1,"Full Coup, ASME B16.11, ASTM A105N Galv. as per ASTM A153, 3000 Lbs, NPTF Ends, -,",CZ2LEZE,1.0,6820-R2-67313-03,6820,
6820-R2-67313-03_CTWL-CS01_0..pdf,OTHER THAN SHOP MATERIALS,6,1,"90° Elb, ASME B16.11, ASTM A105N Galv. as per ASTM A153, 3000 Lbs, NPTF Ends, -,",C1DMWEK,3.0,6820-R2-67313-03,6820,
6820-R2-67313-03_CTWL-CS01_0..pdf,OTHER THAN SHOP MATERIALS,7,1/2,"90° Elb, ASME B16.11, ASTM A105N Galv. as per ASTM A153, 3000 Lbs, NPTF Ends, -,",C5FX5BU,2.0,6820-R2-67313-03,6820,
6820-R2-67313-03_CTWL-CS01_0..pdf,OTHER THAN SHOP MATERIALS,8,1,"THD Flg, ASME B16.5, ASTM A105N Galv. as per ASTM A153, 150 Lbs, RF/NPTF End, -,",C1DR2JM,3.0,6820-R2-67313-03,6820,
6820-R2-67313-03_CTWL-CS01_0..pdf,OTHER THAN SHOP MATERIALS,9,1,"NM Flat Gk, Aramid Fiber Reinforced SBR, 150 Lbs, RF as per ASME B16.5, Full Face, Thk=1/8in, -,",C76KHSRZ,3.0,6820-R2-67313-03,6820,
6820-R2-67313-03_CTWL-CS01_0..pdf,OTHER THAN SHOP MATERIALS,10,1/2,"SBlt 2 HHx N, A193 Gr.B7/A194 Gr.2H, -, Xylan PTFE Coated, - 2.75 in. Length",C6S4K87U,12.0,6820-R2-67313-03,6820,
6820-R2-67313-03_CTWL-CS01_0..pdf,OTHER THAN SHOP MATERIALS,11,1,"Plug Flg,SP, Inverted Tapered Plug, Non Lubricated, API 599, ASTM A395 Gr.60-40-18, 150 Lbs, RF, Ends as per ASME B16.5, -, LO,-, -, Valve Tag: PL-0546",C76RJXHV,1.0,6820-R2-67313-03,6820,
6820-R2-67313-03_CTWL-CS01_0..pdf,OTHER THAN SHOP MATERIALS,12,1,"Bld Flg, ASME B16.5, ASTM A105N Galv. as per ASTM A153, 150 Lbs, RF, -,",C1DR2JV,1.0,6820-R2-67313-03,6820,
6820-R2-67313-03_CTWL-CS01_0..pdf,PIPE SUPPORTS,13,1,PS433-1,PS433,3.0,6820-R2-67313-03,6820,
6820-R2-67313-03_CTWL-CS01_0..pdf,PIPE SUPPORTS,14,1,PS712-B-15,PS712,1.0,6820-R2-67313-03,6820,
6820-R2-67313-03_CTWL-CS01_0..pdf,PIPE SUPPORTS,15,1,"PS201-1 TYPE: INSUL THK: SHOP: FIELD: PAINT CODE: MODULE: L Per LDT Per LDT N Y Per LDT - P&ID: 202998C-001-PID-0021-0333 UNIT#: EWP AREA: SPEC: STRESS CALC #: 6800 6820 CTWL-CS01 - LINE No. 1""-R2-67313-CTWL-CS01-N Battleground DRAWING NUMBER REV. 6820-R2-67313-03 *6820-R2-67313-03*",PS201,1.0,6820-R2-67313-03,6820,
6820-R2-67314-01_CTWL-CS01_0..pdf,OTHER THAN SHOP MATERIALS,1,1,"Pipes, Seamless, ASME B36.10, ASTM ' A106 Gr.B Galv. as per ASTM A153, NPTM Ends, w/ coupling, -, S-XS",CPPD3S28,33.8,6820-R2-67314-01,6820,
6820-R2-67314-01_CTWL-CS01_0..pdf,OTHER THAN SHOP MATERIALS,2,1/2,"Pipes, Seamless, ASME B36.10, ASTM ' A106 Gr.B Galv. as per ASTM A153, NPTM Ends, w/ coupling, -, S-XS",CPPD3S11,1.8,6820-R2-67314-01,6820,
6820-R2-67314-01_CTWL-CS01_0..pdf,OTHER THAN SHOP MATERIALS,5,1,"Full Coup, ASME B16.11, ASTM A105N Galv. as per ASTM A153, 3000 Lbs, NPTF Ends, -,",CZ2LEZE,1.0,6820-R2-67314-01,6820,
6820-R2-67314-01_CTWL-CS01_0..pdf,OTHER THAN SHOP MATERIALS,6,1,"90° Elb, ASME B16.11, ASTM A105N Galv. as per ASTM A153, 3000 Lbs, NPTF Ends, -,",C1DMWEK,5.0,6820-R2-67314-01,6820,
6820-R2-67314-01_CTWL-CS01_0..pdf,OTHER THAN SHOP MATERIALS,7,1/2,"90° Elb, ASME B16.11, ASTM A105N Galv. as per ASTM A153, 3000 Lbs, NPTF Ends, -,",C5FX5BU,2.0,6820-R2-67314-01,6820,
6820-R2-67314-01_CTWL-CS01_0..pdf,OTHER THAN SHOP MATERIALS,8,1,"THD Flg, ASME B16.5, ASTM A105N Galv. as per ASTM A153, 150 Lbs, RF/NPTF End, -,",C1DR2JM,3.0,6820-R2-67314-01,6820,
6820-R2-67314-01_CTWL-CS01_0..pdf,OTHER THAN SHOP MATERIALS,9,1,"NM Flat Gk, Aramid Fiber Reinforced SBR, 150 Lbs, RF as per ASME B16.5, Full Face, Thk=1/8in, -,",C76KHSRZ,3.0,6820-R2-67314-01,6820,
6820-R2-67314-01_CTWL-CS01_0..pdf,OTHER THAN SHOP MATERIALS,10,1/2,"SBlt 2 HHx N, A193 Gr.B7/A194 Gr.2H, -, Xylan PTFE Coated, - 2.75 in. Length",C6S4K87U,12.0,6820-R2-67314-01,6820,
6820-R2-67314-01_CTWL-CS01_0..pdf,OTHER THAN SHOP MATERIALS,11,1,"Plug Flg,SP, Inverted Tapered Plug, Non Lubricated, API 599, ASTM A395 Gr.60-40-18, 150 Lbs, RF, Ends as per ASME B16.5, -, LO,-, -, Valve Tag: PL-0546",C76RJXHV,1.0,6820-R2-67314-01,6820,
6820-R2-67314-01_CTWL-CS01_0..pdf,OTHER THAN SHOP MATERIALS,12,1,"Bld Flg, ASME B16.5, ASTM A105N Galv. as per ASTM A153, 150 Lbs, RF, -,",C1DR2JV,1.0,6820-R2-67314-01,6820,
6820-R2-67314-01_CTWL-CS01_0..pdf,PIPE SUPPORTS,13,1,PS433-1,PS433,5.0,6820-R2-67314-01,6820,
6820-R2-67314-01_CTWL-CS01_0..pdf,PIPE SUPPORTS,14,1,PS201-1,PS201,5.0,6820-R2-67314-01,6820,
6820-R2-67314-01_CTWL-CS01_0..pdf,PIPE SUPPORTS,15,1,PS718-A-22.54-9.29,PS718,2.0,6820-R2-67314-01,6820,
6820-R2-67314-01_CTWL-CS01_0..pdf,PIPE SUPPORTS,16,1,PS711,PS711,2.0,6820-R2-67314-01,6820,
6820-R2-67314-01_CTWL-CS01_0..pdf,PIPE SUPPORTS,17,1,PS709-A-22.54-12-6-2,PS709,1.0,6820-R2-67314-01,6820,
6820-R2-67314-01_CTWL-CS01_0..pdf,PIPE SUPPORTS,18,1,PS210-1,PS210,1.0,6820-R2-67314-01,6820,
6820-R2-67314-01_CTWL-CS01_0..pdf,PIPE SUPPORTS,19,1,PS717-D-19.13,PS717,1.0,6820-R2-67314-01,6820,
6820-R2-67314-01_CTWL-CS01_0..pdf,PIPE SUPPORTS,20,1,PS221-1,PS221,1.0,6820-R2-67314-01,6820,
6820-R2-67314-01_CTWL-CS01_0..pdf,PIPE SUPPORTS,21,1,"PS719-H-23.19-14-/ TYPE: INSUL THK: SHOP: FIELD: PAINT CODE: MODULE: L Per LDT Per LDT N Y Per LDT - P&ID: 202998C-001-PID-0021-0333 UNIT#: EWP AREA: SPEC: STRESS CALC #: 6800 6820 CTWL-CS01 - LINE No. 1""-R2-67314-CTWL-CS01-N Battleground DRAWING NUMBER REV. 6820-R2-67314-01 *6820-R2-67314-01*",PS719,2.0,6820-R2-67314-01,6820,
6820-R2-67315-01_CTWL-CS01_0..pdf,OTHER THAN SHOP MATERIALS,1,1,"Pipes, Seamless, ASME B36.10, ASTM ' A106 Gr.B Galv. as per ASTM A153, NPTM Ends, w/ coupling, -, S-XS",CPPD3S28,52.4,6820-R2-67315-01,6820,
6820-R2-67315-01_CTWL-CS01_0..pdf,OTHER THAN SHOP MATERIALS,2,1,"90° Elb, ASME B16.11, ASTM A105N Galv. as per ASTM A153, 3000 Lbs, NPTF Ends, -,",C1DMWEK,7.0,6820-R2-67315-01,6820,
6820-R2-67315-01_CTWL-CS01_0..pdf,OTHER THAN SHOP MATERIALS,3,1,"THD Flg, ASME B16.5, ASTM A105N Galv. as per ASTM A153, 150 Lbs, RF/NPTF End, -,",C1DR2JM,2.0,6820-R2-67315-01,6820,
6820-R2-67315-01_CTWL-CS01_0..pdf,OTHER THAN SHOP MATERIALS,4,1,"NM Flat Gk, Aramid Fiber Reinforced SBR, 150 Lbs, RF as per ASME B16.5, Full Face, Thk=1/8in, -,",C76KHSRZ,2.0,6820-R2-67315-01,6820,
6820-R2-67315-01_CTWL-CS01_0..pdf,OTHER THAN SHOP MATERIALS,5,1/2,"SBlt 2 HHx N, A193 Gr.B7/A194 Gr.2H, -, Xylan PTFE Coated, - 2.75 in. Length",C6S4K87U,8.0,6820-R2-67315-01,6820,
6820-R2-67315-01_CTWL-CS01_0..pdf,OTHER THAN SHOP MATERIALS,6,1,"Plug Flg,SP, Inverted Tapered Plug, Non Lubricated, API 599, ASTM A395 Gr.60-40-18, 150 Lbs, RF, Ends as per ASME B16.5, -, LO,-, -, Valve Tag: PL-0546",C76RJXHV,1.0,6820-R2-67315-01,6820,
6820-R2-67315-01_CTWL-CS01_0..pdf,PIPE SUPPORTS,7,1,PS433-1,PS433,5.0,6820-R2-67315-01,6820,
6820-R2-67315-01_CTWL-CS01_0..pdf,PIPE SUPPORTS,8,1,PS221-1,PS221,1.0,6820-R2-67315-01,6820,
6820-R2-67315-01_CTWL-CS01_0..pdf,PIPE SUPPORTS,9,1,PS210-1,PS210,2.0,6820-R2-67315-01,6820,
6820-R2-67315-01_CTWL-CS01_0..pdf,PIPE SUPPORTS,10,1,PS712-D-12.13,PS712,1.0,6820-R2-67315-01,6820,
6820-R2-67315-01_CTWL-CS01_0..pdf,PIPE SUPPORTS,11,1,"PS201-1 TYPE: INSUL THK: SHOP: FIELD: PAINT CODE: MODULE: L Per LDT Per LDT N Y Per LDT - P&ID: 202998C-001-PID-0021-0333 UNIT#: EWP AREA: SPEC: STRESS CALC #: 6800 6820 CTWL-CS01 - LINE No. 1""-R2-67315-CTWL-CS01-N Battleground DRAWING NUMBER REV. 6820-R2-67315-01 *6820-R2-67315-01*",PS201,4.0,6820-R2-67315-01,6820,
6820-R2-67315-02_CTWL-CS01_0..pdf,OTHER THAN SHOP MATERIALS,1,1,"Pipes, Seamless, ASME B36.10, ASTM ' A106 Gr.B Galv. as per ASTM A153, NPTM Ends, w/ coupling, -, S-XS",CPPD3S28,63.7,6820-R2-67315-02,6820,
6820-R2-67315-02_CTWL-CS01_0..pdf,OTHER THAN SHOP MATERIALS,3,1,"Full Coup, ASME B16.11, ASTM A105N Galv. as per ASTM A153, 3000 Lbs, NPTF Ends, -,",CZ2LEZE,2.0,6820-R2-67315-02,6820,
6820-R2-67315-02_CTWL-CS01_0..pdf,OTHER THAN SHOP MATERIALS,4,1,"90° Elb, ASME B16.11, ASTM A105N Galv. as per ASTM A153, 3000 Lbs, NPTF Ends, -,",C1DMWEK,7.0,6820-R2-67315-02,6820,
6820-R2-67315-02_CTWL-CS01_0..pdf,PIPE SUPPORTS,5,1,PS433-1,PS433,9.0,6820-R2-67315-02,6820,
6820-R2-67315-02_CTWL-CS01_0..pdf,PIPE SUPPORTS,6,1,PS712-D-9.15,PS712,1.0,6820-R2-67315-02,6820,
6820-R2-67315-02_CTWL-CS01_0..pdf,PIPE SUPPORTS,7,1,PS201-1,PS201,8.0,6820-R2-67315-02,6820,
6820-R2-67315-02_CTWL-CS01_0..pdf,PIPE SUPPORTS,8,1,PS719-H-28.4-10-4,PS719,1.0,6820-R2-67315-02,6820,
6820-R2-67315-02_CTWL-CS01_0..pdf,PIPE SUPPORTS,9,1,PS221-1,PS221,2.0,6820-R2-67315-02,6820,
6820-R2-67315-02_CTWL-CS01_0..pdf,PIPE SUPPORTS,10,1,"PS210-1 TYPE: INSUL THK: SHOP: FIELD: PAINT CODE: MODULE: L Per LDT Per LDT N Y Per LDT - P&ID: 202998C-001-PID-0021-0333 UNIT#: EWP AREA: SPEC: STRESS CALC #: 6800 6820 CTWL-CS01 - LINE No. 1""-R2-67315-CTWL-CS01-N Battleground DRAWING NUMBER REV. 6820-R2-67315-02 *6820-R2-67315-02*",PS210,2.0,6820-R2-67315-02,6820,
6820-R2-67315-03_CTWL-CS01_0..pdf,OTHER THAN SHOP MATERIALS,1,1,"Pipes, Seamless, ASME B36.10, ASTM ' A106 Gr.B Galv. as per ASTM A153, NPTM Ends, w/ coupling, -, S-XS",CPPD3S28,17.5,6820-R2-67315-03,6820,
6820-R2-67315-03_CTWL-CS01_0..pdf,OTHER THAN SHOP MATERIALS,2,1/2,"Pipes, Seamless, ASME B36.10, ASTM ' A106 Gr.B Galv. as per ASTM A153, NPTM Ends, w/ coupling, -, S-XS",CPPD3S11,1.5,6820-R2-67315-03,6820,
6820-R2-67315-03_CTWL-CS01_0..pdf,OTHER THAN SHOP MATERIALS,5,1,"Full Coup, ASME B16.11, ASTM A105N Galv. as per ASTM A153, 3000 Lbs, NPTF Ends, -,",CZ2LEZE,1.0,6820-R2-67315-03,6820,
6820-R2-67315-03_CTWL-CS01_0..pdf,OTHER THAN SHOP MATERIALS,6,1,"90° Elb, ASME B16.11, ASTM A105N Galv. as per ASTM A153, 3000 Lbs, NPTF Ends, -,",C1DMWEK,2.0,6820-R2-67315-03,6820,
6820-R2-67315-03_CTWL-CS01_0..pdf,OTHER THAN SHOP MATERIALS,7,1/2,"90° Elb, ASME B16.11, ASTM A105N Galv. as per ASTM A153, 3000 Lbs, NPTF Ends, -,",C5FX5BU,2.0,6820-R2-67315-03,6820,
6820-R2-67315-03_CTWL-CS01_0..pdf,OTHER THAN SHOP MATERIALS,8,1,"THD Flg, ASME B16.5, ASTM A105N Galv. as per ASTM A153, 150 Lbs, RF/NPTF End, -,",C1DR2JM,3.0,6820-R2-67315-03,6820,
6820-R2-67315-03_CTWL-CS01_0..pdf,OTHER THAN SHOP MATERIALS,9,1,"NM Flat Gk, Aramid Fiber Reinforced SBR, 150 Lbs, RF as per ASME B16.5, Full Face, Thk=1/8in, -,",C76KHSRZ,3.0,6820-R2-67315-03,6820,
6820-R2-67315-03_CTWL-CS01_0..pdf,OTHER THAN SHOP MATERIALS,10,1/2,"SBlt 2 HHx N, A193 Gr.B7/A194 Gr.2H, -, Xylan PTFE Coated, - 2.75 in. Length",C6S4K87U,12.0,6820-R2-67315-03,6820,
6820-R2-67315-03_CTWL-CS01_0..pdf,OTHER THAN SHOP MATERIALS,11,1,"Plug Flg,SP, Inverted Tapered Plug, Non Lubricated, API 599, ASTM A395 Gr.60-40-18, 150 Lbs, RF, Ends as per ASME B16.5, -, LO,-, -, Valve Tag: PL-0546",C76RJXHV,1.0,6820-R2-67315-03,6820,
6820-R2-67315-03_CTWL-CS01_0..pdf,OTHER THAN SHOP MATERIALS,12,1,"Bld Flg, ASME B16.5, ASTM A105N Galv. as per ASTM A153, 150 Lbs, RF, -,",C1DR2JV,1.0,6820-R2-67315-03,6820,
6820-R2-67315-03_CTWL-CS01_0..pdf,PIPE SUPPORTS,13,1,PS709-A-7.04-8,PS709,1.0,6820-R2-67315-03,6820,
6820-R2-67315-03_CTWL-CS01_0..pdf,PIPE SUPPORTS,14,1,PS433-1,PS433,3.0,6820-R2-67315-03,6820,
6820-R2-67315-03_CTWL-CS01_0..pdf,PIPE SUPPORTS,15,1,PS201-1,PS201,2.0,6820-R2-67315-03,6820,
6820-R2-67315-03_CTWL-CS01_0..pdf,PIPE SUPPORTS,16,1,"PS709-A-22.54-12 TYPE: INSUL THK: SHOP: FIELD: PAINT CODE: MODULE: L Per LDT Per LDT N Y Per LDT - P&ID: 202998C-001-PID-0021-0333 UNIT#: EWP AREA: SPEC: STRESS CALC #: 6800 6820 CTWL-CS01 - LINE No. 1""-R2-67315-CTWL-CS01-N Battleground DRAWING NUMBER REV. 6820-R2-67315-03 *6820-R2-67315-03*",PS709,1.0,6820-R2-67315-03,6820,
6820-R2-67317-01_CTWL-CS01_0..pdf,OTHER THAN SHOP MATERIALS,6,16,"NM Flat Gk, Aramid Fiber Reinforced SBR, 150 Lbs, RF as per ASME B16.5, Full Face, Thk=1/8in, -,",C76KJLFK,1.0,6820-R2-67317-01,6820,
6820-R2-67317-01_CTWL-CS01_0..pdf,OTHER THAN SHOP MATERIALS,7,1,"SBlt 2 HHx N, A193 Gr.B7/A194 Gr.2H, -, Xylan PTFE Coated, - 5.5 in. Length",C6S4K8EA,16.0,6820-R2-67317-01,6820,
6820-R2-67317-01_CTWL-CS01_0..pdf,OTHER THAN SHOP MATERIALS,8,16,"Bld Flg, ASME B16.5, ASTM A105N, 150 Lbs, RF, -,",CFG6WM60,1.0,6820-R2-67317-01,6820,
6820-R2-67317-01_CTWL-CS01_0..pdf,PIPE SUPPORTS,9,16,PS433-16,PS433,1.0,6820-R2-67317-01,6820,
6820-R2-67317-02_CTWL-CS01_0..pdf,PIPE SUPPORTS,5,16,PS433-16,PS433,3.0,6820-R2-67317-02,6820,
6820-R2-67318-02_SIPG-CS01_0..pdf,OTHER THAN SHOP MATERIALS,6,6,"SW Gk, AISI 304/Graphite, 300 Lbs, RF as per ASME B16.5, Thk=1/8in, -, -,",CGKFEG6E,1.0,6820-R2-67318-02,6820,
6820-R2-67318-02_SIPG-CS01_0..pdf,OTHER THAN SHOP MATERIALS,7,7/8,"SBlt 2 HHx N, A193 Gr.B7/A194 Gr.2H, -, Xylan PTFE Coated, - 4.75 in. Length",C6S4K8CT,12.0,6820-R2-67318-02,6820,
6820-R2-67318-02_SIPG-CS01_0..pdf,OTHER THAN SHOP MATERIALS,8,3/4,"SBlt 2 HHx N, A193 Gr.B7/A194 Gr.2H, -, Xylan PTFE Coated, - 5 in. Length",C6S4K8BF,12.0,6820-R2-67318-02,6820,
6820-R2-67318-02_SIPG-CS01_0..pdf,PIPE SUPPORTS,10,10,PS205-D,PS205,2.0,6820-R2-67318-02,6820,
6820-R2-67319-01_SLPG-CS01_0..pdf,OTHER THAN SHOP MATERIALS,4,10,"NM Flat Gk, Aramid Fiber Reinforced SBR, 150 Lbs, RF as per ASME B16.5, -, Thk=1/8in, -,",C7SMNYW4,1.0,6820-R2-67319-01,6820,
6820-R2-67319-01_SLPG-CS01_0..pdf,PIPE SUPPORTS,5,12,PS203-12,PS203,1.0,6820-R2-67319-01,6820,
6820-R2-67319-01_SLPG-CS01_0..pdf,PIPE SUPPORTS,6,12,PS433-12,PS433,1.0,6820-R2-67319-01,6820,
6820-R2-67320-02_SIPG-CS01_0..pdf,OTHER THAN SHOP MATERIALS,6,6,"SW Gk, AISI 304/Graphite, 300 Lbs, RF as per ASME B16.5, Thk=1/8in, -, -,",CGKFEG6E,1.0,6820-R2-67320-02,6820,
6820-R2-67320-02_SIPG-CS01_0..pdf,OTHER THAN SHOP MATERIALS,7,7/8,"SBlt 2 HHx N, A193 Gr.B7/A194 Gr.2H, -, Xylan PTFE Coated, - 4.5 in. Length",C6S4K8CS,12.0,6820-R2-67320-02,6820,
6820-R2-67320-02_SIPG-CS01_0..pdf,OTHER THAN SHOP MATERIALS,8,3/4,"SBlt 2 HHx N, A193 Gr.B7/A194 Gr.2H, -, Xylan PTFE Coated, - 5 in. Length",C6S4K8BF,12.0,6820-R2-67320-02,6820,
6820-R2-67320-02_SIPG-CS01_0..pdf,PIPE SUPPORTS,10,10,PS205-D,PS205,2.0,6820-R2-67320-02,6820,
6820-R2-67321-01_NOHD-NI01_0..pdf,OTHER THAN SHOP MATERIALS,7,3/4,"Full Coup, ASME B16.11, ASTM B366 Gr.WPN, 3000 Lbs, NPTF Ends, Annealed,",C9ZLHEWH,1.0,6820-R2-67321-01,6820,
6820-R2-67321-01_NOHD-NI01_0..pdf,OTHER THAN SHOP MATERIALS,8,3/4,"NM Flat Gk, Barium Sulfate filled PTFE, 150 Lbs, RF as per ASME B16.5, -, Thk=1/8in, -,",C76SNTEW,5.0,6820-R2-67321-01,6820,
6820-R2-67321-01_NOHD-NI01_0..pdf,OTHER THAN SHOP MATERIALS,9,1/2,"SBlt 2 HHx N, A193 Gr.B7/A194 Gr.2H, -, Xylan PTFE Coated, - 2.5 in. Length",C6S4K87T,16.0,6820-R2-67321-01,6820,
6820-R2-67321-01_NOHD-NI01_0..pdf,OTHER THAN SHOP MATERIALS,10,1/2,"SBlt 2 HHx N, A193 Gr.B7/A194 Gr.2H, -, Xylan PTFE Coated, - 2.75 in. Length",C6S4K87U,4.0,6820-R2-67321-01,6820,
6820-R2-67321-01_NOHD-NI01_0..pdf,OTHER THAN SHOP MATERIALS,11,3/4,"Plug Flg,SP, Inverted Tapered Plug, Non Lubricated, API 599, ASTM B564 UNS N02200, 150 Lbs, RF, Ends as per ASME B16.5, -, LO,-, -, Valve Tag: PL-0503_LO",C8RR9V36,2.0,6820-R2-67321-01,6820,
6820-R2-67321-01_NOHD-NI01_0..pdf,OTHER THAN SHOP MATERIALS,12,3/4,"Bld Flg, ASME B16.5, ASTM B564 UNS N02200, 150 Lbs, RF, -,",C7TCS1ZV,1.0,6820-R2-67321-01,6820,
6820-R2-67322-01_NOHD-NI01_0..pdf,OTHER THAN SHOP MATERIALS,8,2,"NM Flat Gk, Barium Sulfate filled PTFE, 150 Lbs, RF as per ASME B16.5, -, Thk=1/8in, -,",C6S4K87J,1.0,6820-R2-67322-01,6820,
6820-R2-67322-01_NOHD-NI01_0..pdf,OTHER THAN SHOP MATERIALS,9,1,"NM Flat Gk, Barium Sulfate filled PTFE, 150 Lbs, RF as per ASME B16.5, -, Thk=1/8in, -,",C6S4K87F,3.0,6820-R2-67322-01,6820,
6820-R2-67322-01_NOHD-NI01_0..pdf,OTHER THAN SHOP MATERIALS,10,3/4,"NM Flat Gk, Barium Sulfate filled PTFE, 150 Lbs, RF as per ASME B16.5, -, Thk=1/8in, -,",C76SNTEW,2.0,6820-R2-67322-01,6820,
6820-R2-67322-01_NOHD-NI01_0..pdf,OTHER THAN SHOP MATERIALS,11,5/8,"SBlt 2 HHx N, A193 Gr.B7/A194 Gr.2H, -, Xylan PTFE Coated, - 3.25 in. Length",C6S4K88P,4.0,6820-R2-67322-01,6820,
6820-R2-67322-01_NOHD-NI01_0..pdf,OTHER THAN SHOP MATERIALS,12,1/2,"SBlt 2 HHx N, A193 Gr.B7/A194 Gr.2H, -, Xylan PTFE Coated, - 2.75 in. Length",C6S4K87U,16.0,6820-R2-67322-01,6820,
6820-R2-67322-01_NOHD-NI01_0..pdf,OTHER THAN SHOP MATERIALS,13,1/2,"SBlt 2 HHx N, A193 Gr.B7/A194 Gr.2H, -, Xylan PTFE Coated, - 2.5 in. Length",C6S4K87T,4.0,6820-R2-67322-01,6820,
6820-R2-67322-01_NOHD-NI01_0..pdf,OTHER THAN SHOP MATERIALS,14,1,"Plug Flg,SP, Inverted Tapered Plug, Non Lubricated, API 599, ASTM B564 UNS N02200, 150 Lbs, RF, Ends as per ASME B16.5, -, LO,-, -, Valve Tag: PL-0503_LO",C8RR9V37,1.0,6820-R2-67322-01,6820,
6820-R2-67322-01_NOHD-NI01_0..pdf,OTHER THAN SHOP MATERIALS,15,3/4,"Plug Flg,SP, Inverted Tapered Plug, Non Lubricated, API 599, ASTM B564 UNS N02200, 150 Lbs, RF, Ends as per ASME B16.5, -, LO,-, -, Valve Tag: PL-0503_LO",C8RR9V36,1.0,6820-R2-67322-01,6820,
6820-R2-67322-01_NOHD-NI01_0..pdf,OTHER THAN SHOP MATERIALS,16,3/4,"Bld Flg, ASME B16.5, ASTM B564 UNS N02200, 150 Lbs, RF, -,",C7TCS1ZV,1.0,6820-R2-67322-01,6820,
6820-R2-67322-01_NOHD-NI01_0..pdf,PIPE SUPPORTS,18,1,PS703,PS703,1.0,6820-R2-67322-01,6820,
6820-R2-67323-01_NOHD-NI01_0..pdf,OTHER THAN SHOP MATERIALS,7,3/4,"Full Coup, ASME B16.11, ASTM B366 Gr.WPN, 3000 Lbs, NPTF Ends, Annealed,",C9ZLHEWH,1.0,6820-R2-67323-01,6820,
6820-R2-67323-01_NOHD-NI01_0..pdf,OTHER THAN SHOP MATERIALS,8,3/4,"NM Flat Gk, Barium Sulfate filled PTFE, 150 Lbs, RF as per ASME B16.5, -, Thk=1/8in, -,",C76SNTEW,5.0,6820-R2-67323-01,6820,
6820-R2-67323-01_NOHD-NI01_0..pdf,OTHER THAN SHOP MATERIALS,9,1/2,"SBlt 2 HHx N, A193 Gr.B7/A194 Gr.2H, -, Xylan PTFE Coated, - 2.5 in. Length",C6S4K87T,16.0,6820-R2-67323-01,6820,
6820-R2-67323-01_NOHD-NI01_0..pdf,OTHER THAN SHOP MATERIALS,10,1/2,"SBlt 2 HHx N, A193 Gr.B7/A194 Gr.2H, -, Xylan PTFE Coated, - 2.75 in. Length",C6S4K87U,4.0,6820-R2-67323-01,6820,
6820-R2-67323-01_NOHD-NI01_0..pdf,OTHER THAN SHOP MATERIALS,11,3/4,"Plug Flg,SP, Inverted Tapered Plug, Non Lubricated, API 599, ASTM B564 UNS N02200, 150 Lbs, RF, Ends as per ASME B16.5, -, LO,-, -, Valve Tag: PL-0503_LO",C8RR9V36,2.0,6820-R2-67323-01,6820,
6820-R2-67323-01_NOHD-NI01_0..pdf,OTHER THAN SHOP MATERIALS,12,3/4,"Bld Flg, ASME B16.5, ASTM B564 UNS N02200, 150 Lbs, RF, -,",C7TCS1ZV,1.0,6820-R2-67323-01,6820,
6820-R2-67327-01_SCXL-CS02_0..pdf,OTHER THAN SHOP MATERIALS,7,2,"Plug, Solid Round Head Type, ASME B16.11, ASTM A105N, NPTM End, -,",C1JW6P1S,1.0,6820-R2-67327-01,6820,
6820-R2-67327-01_SCXL-CS02_0..pdf,OTHER THAN SHOP MATERIALS,8,8,"NM Flat Gk, Barium Sulfate filled PTFE, 300 Lbs, RF as per ASME B16.5, Full Face, Thk=1/8in, -,",C7CX7CSU,2.0,6820-R2-67327-01,6820,
6820-R2-67327-01_SCXL-CS02_0..pdf,OTHER THAN SHOP MATERIALS,9,7/8,"SBlt 2 HHx N, A193 Gr.B7/A194 Gr.2H, -, Xylan PTFE Coated, - 5.75 in. Length",C6S4K8CX,24.0,6820-R2-67327-01,6820,
6820-R2-67327-01_SCXL-CS02_0..pdf,OTHER THAN SHOP MATERIALS,10,8,"Gat Flg, -, API 600, ASTM A216 Gr.WCB,300 Lbs, RF, Ends as per ASME B16.5, HO,-, Valve Tag: GA-1192",C99ZZ9EK,1.0,6820-R2-67327-01,6820,
6820-R2-67327-01_SCXL-CS02_0..pdf,OTHER THAN SHOP MATERIALS,11,2,"Gat Fem, API 602, ASTM A105N,800 Lbs, NPTF Ends, HO,-, Valve Tag: GA-0120",C8ADWXKM,1.0,6820-R2-67327-01,6820,
6820-R2-67327-01_SCXL-CS02_0..pdf,PIPE SUPPORTS,12,8,PS407-4-19.27-14-/,PS407,1.0,6820-R2-67327-01,6820,
6820-R2-67327-01_SCXL-CS02_0..pdf,PIPE SUPPORTS,13,8,PS204-8,PS204,1.0,6820-R2-67327-01,6820,
6820-R2-67327-01_SCXL-CS02_0..pdf,PIPE SUPPORTS,14,8,PS219-4-5-5,PS219,1.0,6820-R2-67327-01,6820,
6820-R2-67327-02_SCXL-CS02_1..pdf,OTHER THAN SHOP MATERIALS,7,4,"NM Flat Gk, Barium Sulfate filled PTFE, 300 Lbs, RF as per ASME B16.5, Full Face, Thk=1/8in, -,",C7CX7CSR,4.0,6820-R2-67327-02,6820,
6820-R2-67327-02_SCXL-CS02_1..pdf,OTHER THAN SHOP MATERIALS,8,3/4,"SBlt 2 HHx N, A193 Gr.B7/A194 Gr.2H, -, Xylan PTFE Coated, - 4.5 in. Length",C6S4K8BD,16.0,6820-R2-67327-02,6820,
6820-R2-67327-02_SCXL-CS02_1..pdf,OTHER THAN SHOP MATERIALS,9,3/4,"SBlt 2 HHx N, A193 Gr.B7/A194 Gr.2H, -, Xylan PTFE Coated, - 4.75 in. Length",C6S4K8BE,8.0,6820-R2-67327-02,6820,
6820-R2-67327-02_SCXL-CS02_1..pdf,PIPE SUPPORTS,10,4,PS218-B,PS218,1.0,6820-R2-67327-02,6820,
6820-R2-67327-02_SCXL-CS02_1..pdf,PIPE SUPPORTS,11,4,PS214-16,PS214,1.0,6820-R2-67327-02,6820,
6820-R2-67327-02_SCXL-CS02_1..pdf,PIPE SUPPORTS,12,4,PS209-D2,PS209,1.0,6820-R2-67327-02,6820,
6820-R2-67328-01_SCXL-CS02_0..pdf,OTHER THAN SHOP MATERIALS,7,2,"Plug, Solid Round Head Type, ASME B16.11, ASTM A105N, NPTM End, -,",C1JW6P1S,1.0,6820-R2-67328-01,6820,
6820-R2-67328-01_SCXL-CS02_0..pdf,OTHER THAN SHOP MATERIALS,8,8,"NM Flat Gk, Barium Sulfate filled PTFE, 300 Lbs, RF as per ASME B16.5, Full Face, Thk=1/8in, -,",C7CX7CSU,2.0,6820-R2-67328-01,6820,
6820-R2-67328-01_SCXL-CS02_0..pdf,OTHER THAN SHOP MATERIALS,9,7/8,"SBlt 2 HHx N, A193 Gr.B7/A194 Gr.2H, -, Xylan PTFE Coated, - 5.75 in. Length",C6S4K8CX,24.0,6820-R2-67328-01,6820,
6820-R2-67328-01_SCXL-CS02_0..pdf,OTHER THAN SHOP MATERIALS,10,8,"Gat Flg, -, API 600, ASTM A216 Gr.WCB,300 Lbs, RF, Ends as per ASME B16.5, HO,-, Valve Tag: GA-1192",C99ZZ9EK,1.0,6820-R2-67328-01,6820,
6820-R2-67328-01_SCXL-CS02_0..pdf,OTHER THAN SHOP MATERIALS,11,2,"Gat Fem, API 602, ASTM A105N,800 Lbs, NPTF Ends, HO,-, Valve Tag: GA-0120",C8ADWXKM,1.0,6820-R2-67328-01,6820,
6820-R2-67328-01_SCXL-CS02_0..pdf,PIPE SUPPORTS,12,8,PS219-4-5-5,PS219,1.0,6820-R2-67328-01,6820,
6820-R2-67328-01_SCXL-CS02_0..pdf,PIPE SUPPORTS,13,8,PS204-8,PS204,1.0,6820-R2-67328-01,6820,
6820-R2-67328-01_SCXL-CS02_0..pdf,PIPE SUPPORTS,14,8,PS407-4-19.27-14-/,PS407,1.0,6820-R2-67328-01,6820,
6820-R2-67328-02_SCXL-CS02_1..pdf,OTHER THAN SHOP MATERIALS,7,4,"NM Flat Gk, Barium Sulfate filled PTFE, 300 Lbs, RF as per ASME B16.5, Full Face, Thk=1/8in, -,",C7CX7CSR,4.0,6820-R2-67328-02,6820,
6820-R2-67328-02_SCXL-CS02_1..pdf,OTHER THAN SHOP MATERIALS,8,3/4,"SBlt 2 HHx N, A193 Gr.B7/A194 Gr.2H, -, Xylan PTFE Coated, - 4.5 in. Length",C6S4K8BD,16.0,6820-R2-67328-02,6820,
6820-R2-67328-02_SCXL-CS02_1..pdf,OTHER THAN SHOP MATERIALS,9,3/4,"SBlt 2 HHx N, A193 Gr.B7/A194 Gr.2H, -, Xylan PTFE Coated, - 4.75 in. Length",C6S4K8BE,8.0,6820-R2-67328-02,6820,
6820-R2-67328-02_SCXL-CS02_1..pdf,PIPE SUPPORTS,10,4,PS214-16,PS214,1.0,6820-R2-67328-02,6820,
6820-R2-67328-02_SCXL-CS02_1..pdf,PIPE SUPPORTS,11,4,PS209-D2,PS209,1.0,6820-R2-67328-02,6820,
6820-R2-67328-02_SCXL-CS02_1..pdf,PIPE SUPPORTS,12,4,PS218-B,PS218,1.0,6820-R2-67328-02,6820,
6820-R2-67329-01_NOHD-NI03_0..pdf,OTHER THAN SHOP MATERIALS,13,10,"NM Flat Gk, Barium Sulfate filled PTFE, 150 Lbs, RF as per ASME B16.5, -, Thk=1/8in, -,",C6SBWZET,2.0,6820-R2-67329-01,6820,
6820-R2-67329-01_NOHD-NI03_0..pdf,OTHER THAN SHOP MATERIALS,14,6,"NM Flat Gk, Barium Sulfate filled PTFE, 150 Lbs, RF as per ASME B16.5, -, Thk=1/8in, -,",C6S4K87R,1.0,6820-R2-67329-01,6820,
6820-R2-67329-01_NOHD-NI03_0..pdf,OTHER THAN SHOP MATERIALS,15,7/8,"SBlt 2 HHx N, A193 Gr.B7/A194 Gr.2H, -, Xylan PTFE Coated, - 5 in. Length",C6S4K8CU,24.0,6820-R2-67329-01,6820,
6820-R2-67329-01_NOHD-NI03_0..pdf,OTHER THAN SHOP MATERIALS,16,3/4,"SBlt 2 HHx N, A193 Gr.B7/A194 Gr.2H, -, Xylan PTFE Coated, - 4.5 in. Length",C6S4K8BD,8.0,6820-R2-67329-01,6820,
6820-R2-67329-01_NOHD-NI03_0..pdf,OTHER THAN SHOP MATERIALS,17,10,"Plug Flg,SP, Inverted Tapered Plug, Non Lubricated, API 599, ASTM A494 Gr.CZ100, 150 Lbs, RF, Ends as per ASME B16.5, -, GO,-, -, Valve Tag: PL-1194",C99ZZ9D7,1.0,6820-R2-67329-01,6820,
6820-R2-67329-01_NOHD-NI03_0..pdf,PIPE SUPPORTS,18,10,PS219-2-3.5-3.5,PS219,1.0,6820-R2-67329-01,6820,
6820-R2-67329-01_NOHD-NI03_0..pdf,PIPE SUPPORTS,19,10,PS214-22,PS214,1.0,6820-R2-67329-01,6820,
6820-R2-67329-02_NOHD-NI03_1..pdf,OTHER THAN SHOP MATERIALS,8,6,"NM Flat Gk, Barium Sulfate filled PTFE, 300 Lbs, RF as per ASME B16.5, -, Thk=1/8in, -,",C6S4K87E,1.0,6820-R2-67329-02,6820,
6820-R2-67329-02_NOHD-NI03_1..pdf,OTHER THAN SHOP MATERIALS,9,6,"NM Flat Gk, Barium Sulfate filled PTFE, 150 Lbs, RF as per ASME B16.5, -, Thk=1/8in, -,",C6S4K87R,2.0,6820-R2-67329-02,6820,
6820-R2-67329-02_NOHD-NI03_1..pdf,OTHER THAN SHOP MATERIALS,10,3/4,"SBlt 2 HHx N, A193 Gr.B7/A194 Gr.2H, -, Xylan PTFE Coated, - 4.5 in. Length",C6S4K8BD,12.0,6820-R2-67329-02,6820,
6820-R2-67329-02_NOHD-NI03_1..pdf,OTHER THAN SHOP MATERIALS,11,3/4,"SBlt 2 HHx N, A193 Gr.B7/A194 Gr.2H, -, Xylan PTFE Coated, - 4.75 in. Length",C6S4K8BE,8.0,6820-R2-67329-02,6820,
6820-R2-67329-02_NOHD-NI03_1..pdf,PIPE SUPPORTS,12,6,PS209-D1,PS209,1.0,6820-R2-67329-02,6820,
6820-R2-67329-02_NOHD-NI03_1..pdf,PIPE SUPPORTS,13,6,PS214-18,PS214,1.0,6820-R2-67329-02,6820,
6820-R2-67329-02_NOHD-NI03_1..pdf,PIPE SUPPORTS,14,6,PS218-B,PS218,1.0,6820-R2-67329-02,6820,
6820-R2-67329-03_NOHD-NI03_0..pdf,OTHER THAN SHOP MATERIALS,1,1,"NM Flat Gk, Barium Sulfate filled PTFE, 150 Lbs, RF as per ASME B16.5, -, Thk=1/8in, -,",C6S4K87F,2.0,6820-R2-67329-03,6820,
6820-R2-67329-03_NOHD-NI03_0..pdf,OTHER THAN SHOP MATERIALS,2,1/2,"SBlt 2 HHx N, A193 Gr.B7/A194 Gr.2H, -, Xylan PTFE Coated, - 2.75 in. Length",C6S4K87U,8.0,6820-R2-67329-03,6820,
6820-R2-67329-03_NOHD-NI03_0..pdf,OTHER THAN SHOP MATERIALS,3,1,"Plug Flg,SP, Inverted Tapered Plug, Non Lubricated, API 599, ASTM B564 UNS N02200, 150 Lbs, RF, Ends as per ASME B16.5, -, LO,-, -, Valve Tag: PL-1194",C99ZZ9D2,1.0,6820-R2-67329-03,6820,
6820-R2-67329-03_NOHD-NI03_0..pdf,OTHER THAN SHOP MATERIALS,4,1,"Bld Flg, ASME B16.5, ASTM B564 UNS N02200, 150 Lbs, RF, -, TYPE: INSUL THK: SHOP: FIELD: PAINT CODE: MODULE: L Per LDT Per LDT N Y Per LDT - P&ID: 202998C-001-PID-0021-0322 UNIT#: EWP AREA: SPEC: STRESS CALC #: 6800 6820 NOHD-NI03 CN-0387 LINE No. 1""-R2-67329-NOHD-NI03-H Battleground DRAWING NUMBER REV. 6820-R2-67329-03 *6820-R2-67329-03*",C7T63YAU,1.0,6820-R2-67329-03,6820,
6820-R2-67330-01_EPCW-CS01_0..pdf,OTHER THAN SHOP MATERIALS,4,10,"NM Flat Gk, Barium Sulfate filled PTFE, 150 Lbs, RF as per ASME B16.5, Full Face, Thk=1/8in, -,",C7CT1ZFL,1.0,6820-R2-67330-01,6820,
6820-R2-67330-01_EPCW-CS01_0..pdf,OTHER THAN SHOP MATERIALS,5,7/8,"SBlt 2 HHx N, A193 Gr.B7/A194 Gr.2H, -, Xylan PTFE Coated, - 4.75 in. Length",C6S4K8CT,12.0,6820-R2-67330-01,6820,
6820-R2-67330-01_EPCW-CS01_0..pdf,PIPE SUPPORTS,6,12,PS203-12,PS203,1.0,6820-R2-67330-01,6820,
6820-R2-67333-02_ARWW-CS01_0..pdf,OTHER THAN SHOP MATERIALS,10,1,"Plug, Solid Round Head Type, ASME B16.11, ASTM A105N, NPTM End, -,",CBBPLK4,1.0,6820-R2-67333-02,6820,
6820-R2-67333-02_ARWW-CS01_0..pdf,OTHER THAN SHOP MATERIALS,12,1,"Plug Fem,RgP, Tapered Plug, Non Lubricated, API 599, ASTM A395 Gr.60-40-18, 300 Lbs, NPTF Ends, Ends as per ASME B16.11,-, LO, -, Valve Tag: PL-0545",C76N9VBG,3.0,6820-R2-67333-02,6820,
6820-R2-67333-02_ARWW-CS01_0..pdf,PIPE SUPPORTS,13,1,PS210-1,PS210,1.0,6820-R2-67333-02,6820,
6820-R2-67334-03_ARWW-CS01_0..pdf,PIPE SUPPORTS,4,1,PS210-1,PS210,1.0,6820-R2-67334-03,6820,
6820-R2-67334-04-ARWW-CS01_..pdf,OTHER THAN SHOP MATERIALS,6,1,"Plug, Solid Round Head Type, ASME B16.11, ASTM A105N, NPTM End, -,",CBBPLK4,1.0,6820-R2-67334-04,6820,
6820-R2-67334-04-ARWW-CS01_..pdf,OTHER THAN SHOP MATERIALS,8,1,"Plug Fem,RgP, Tapered Plug, Non Lubricated, API 599, ASTM A395 Gr.60-40-18, 300 Lbs, NPTF Ends, Ends as per ASME B16.11,-, LO, -, Valve Tag: PL-0545",C76N9VBG,3.0,6820-R2-67334-04,6820,
6820-R2-67334-04-ARWW-CS01_..pdf,PIPE SUPPORTS,9,1,PS221-1,PS221,1.0,6820-R2-67334-04,6820,
6820-R2-67334-04-ARWW-CS01_..pdf,PIPE SUPPORTS,10,1,PS210-1,PS210,1.0,6820-R2-67334-04,6820,
6820-R2-67335-03_ARWW-CS01_0..pdf,OTHER THAN SHOP MATERIALS,9,1,"Plug, Solid Round Head Type, ASME B16.11, ASTM A105N, NPTM End, -,",CBBPLK4,1.0,6820-R2-67335-03,6820,
6820-R2-67335-03_ARWW-CS01_0..pdf,OTHER THAN SHOP MATERIALS,11,1,"Plug Fem,RgP, Tapered Plug, Non Lubricated, API 599, ASTM A395 Gr.60-40-18, 300 Lbs, NPTF Ends, Ends as per ASME B16.11,-, LO, -, Valve Tag: PL-0545",C76N9VBG,3.0,6820-R2-67335-03,6820,
6820-R2-67335-03_ARWW-CS01_0..pdf,PIPE SUPPORTS,12,1,PS720-E-14.84-21-4,PS720,1.0,6820-R2-67335-03,6820,
6820-R2-67335-03_ARWW-CS01_0..pdf,PIPE SUPPORTS,13,1,PS210-1,PS210,2.0,6820-R2-67335-03,6820,
6820-R2-67335-03_ARWW-CS01_0..pdf,PIPE SUPPORTS,14,1,PS221-1,PS221,2.0,6820-R2-67335-03,6820,
6820-R2-67337-01_ARWW-CS01_0..pdf,OTHER THAN SHOP MATERIALS,11,1,"Plug, Solid Round Head Type, ASME B16.11, ASTM A105N, NPTM End, -,",CBBPLK4,1.0,6820-R2-67337-01,6820,
6820-R2-67337-01_ARWW-CS01_0..pdf,OTHER THAN SHOP MATERIALS,13,1,"Plug Fem,RgP, Tapered Plug, Non Lubricated, API 599, ASTM A395 Gr.60-40-18, 300 Lbs, NPTF Ends, Ends as per ASME B16.11,-, LO, -, Valve Tag: PL-0545",C76N9VBG,3.0,6820-R2-67337-01,6820,
6820-R2-67337-01_ARWW-CS01_0..pdf,PIPE SUPPORTS,16,1,PS221-1,PS221,1.0,6820-R2-67337-01,6820,
6820-R2-67337-01_ARWW-CS01_0..pdf,PIPE SUPPORTS,17,1,PS210-1,PS210,1.0,6820-R2-67337-01,6820,
6820-R2-67338-01_SLPG-CS01_0..pdf,PIPE SUPPORTS,4,1,PS719-H-9.4-17.5-/,PS719,1.0,6820-R2-67338-01,6820,
6820-R2-67338-03_SLPG-CS01_0..pdf,OTHER THAN SHOP MATERIALS,6,1,"Nipple, ASTM A106 Gr.B, NPTM Ends, L = 3in, -, S-XS",C2KV11G,1.0,6820-R2-67338-03,6820,
6820-R2-67338-03_SLPG-CS01_0..pdf,OTHER THAN SHOP MATERIALS,8,1,"Plug, Solid Round Head Type, ASME B16.11, ASTM A105N, NPTM End, -,",CBBPLK4,1.0,6820-R2-67338-03,6820,
6820-R2-67338-03_SLPG-CS01_0..pdf,OTHER THAN SHOP MATERIALS,9,1,"Gat Fem, API 602, ASTM A105N,800 Lbs, NPTF Ends, HO,-, Valve Tag: GA-0120",C76SPABV,2.0,6820-R2-67338-03,6820,
6820-R2-67338-03_SLPG-CS01_0..pdf,PIPE SUPPORTS,10,1,PS210-1,PS210,1.0,6820-R2-67338-03,6820,
6820-R2-67339-02_SLPG-CS01_0..pdf,OTHER THAN SHOP MATERIALS,7,1,"Nipple, ASTM A106 Gr.B, NPTM Ends, L = 3in, -, S-XS",C2KV11G,1.0,6820-R2-67339-02,6820,
6820-R2-67339-02_SLPG-CS01_0..pdf,OTHER THAN SHOP MATERIALS,9,1,"Plug, Solid Round Head Type, ASME B16.11, ASTM A105N, NPTM End, -,",CBBPLK4,1.0,6820-R2-67339-02,6820,
6820-R2-67339-02_SLPG-CS01_0..pdf,OTHER THAN SHOP MATERIALS,10,1,"Gat Fem, API 602, ASTM A105N,800 Lbs, NPTF Ends, HO,-, Valve Tag: GA-0120",C76SPABV,2.0,6820-R2-67339-02,6820,
6820-R2-67339-02_SLPG-CS01_0..pdf,PIPE SUPPORTS,11,1,PS211-1,PS211,1.0,6820-R2-67339-02,6820,
6820-R2-67340-01_SLPG-CS01_1..pdf,PIPE SUPPORTS,5,1,PS205-A,PS205,3.0,6820-R2-67340-01,6820,
6820-R2-67340-01_SLPG-CS01_1..pdf,PIPE SUPPORTS,6,1,PS204-1,PS204,1.0,6820-R2-67340-01,6820,
6820-R2-67340-01_SLPG-CS01_1..pdf,PIPE SUPPORTS,7,1,PS717-E-26,PS717,1.0,6820-R2-67340-01,6820,
6820-R2-67340-02_SLPG-CS01_1..pdf,OTHER THAN SHOP MATERIALS,4,1,PS205-A,PS205,1.0,6820-R2-67340-02,6820,
6820-R2-67340-02_SLPG-CS01_1..pdf,OTHER THAN SHOP MATERIALS,5,1,PS721-H-15.97-20-4,PS721,1.0,6820-R2-67340-02,6820,
6820-R2-67340-02_SLPG-CS01_1..pdf,OTHER THAN SHOP MATERIALS,6,1,PS204-1,PS204,3.0,6820-R2-67340-02,6820,
6820-R2-67340-03_SLPG-CS01_0..pdf,OTHER THAN SHOP MATERIALS,9,1,"Plug, Solid Round Head Type, ASME B16.11, ASTM A105N, NPTM End, -,",CBBPLK4,1.0,6820-R2-67340-03,6820,
6820-R2-67340-03_SLPG-CS01_0..pdf,OTHER THAN SHOP MATERIALS,10,1,"Gat Fem, API 602, ASTM A105N,800 Lbs, NPTF Ends, HO,-, Valve Tag: GA-0120",C76SPABV,2.0,6820-R2-67340-03,6820,
6820-R2-67342-02_SLPG-CS01_0..pdf,OTHER THAN SHOP MATERIALS,7,1,"Nipple, ASTM A106 Gr.B, NPTM Ends, L = 3in, -, S-XS",C2KV11G,1.0,6820-R2-67342-02,6820,
6820-R2-67342-02_SLPG-CS01_0..pdf,OTHER THAN SHOP MATERIALS,9,1,"Plug, Solid Round Head Type, ASME B16.11, ASTM A105N, NPTM End, -,",CBBPLK4,1.0,6820-R2-67342-02,6820,
6820-R2-67342-02_SLPG-CS01_0..pdf,OTHER THAN SHOP MATERIALS,10,1,"Gat Fem, API 602, ASTM A105N,800 Lbs, NPTF Ends, HO,-, Valve Tag: GA-0120",C76SPABV,2.0,6820-R2-67342-02,6820,
6820-R2-67342-02_SLPG-CS01_0..pdf,PIPE SUPPORTS,11,1,PS210-1,PS210,1.0,6820-R2-67342-02,6820,
6820-R2-67343-01_EPCL-SS01_0..pdf,OTHER THAN SHOP MATERIALS,1,1,"Pipes, Seamless, ASME ' B36.19/B36.10, ASTM A312 Gr.TP304L, NPTM Ends, w/ coupling, -, S-80S",C76KFFTD,10.3,6820-R2-67343-01,6820,
6820-R2-67343-01_EPCL-SS01_0..pdf,OTHER THAN SHOP MATERIALS,2,1,"90° Elb, ASME B16.11, ASTM A182 Gr.F304L, 3000 Lbs, NPTF Ends, Annealed,",C7BP5GGW,2.0,6820-R2-67343-01,6820,
6820-R2-67343-01_EPCL-SS01_0..pdf,PIPE SUPPORTS,3,1,"PS212-1 TYPE: INSUL THK: SHOP: FIELD: PAINT CODE: MODULE: L Per LDT Per LDT N Y Per LDT - P&ID: 202998C-001-PID-0021-0331 UNIT#: EWP AREA: SPEC: STRESS CALC #: 6800 6820 EPCL-SS01 - LINE No. 1""-R2-67343-EPCL-SS01-N Battleground DRAWING NUMBER REV. 6820-R2-67343-01 *6820-R2-67343-01*",PS212,1.0,6820-R2-67343-01,6820,
6820-R2-67343-02_EPCL-SS01_0..pdf,OTHER THAN SHOP MATERIALS,1,1,"Pipes, Seamless, ASME ' B36.19/B36.10, ASTM A312 Gr.TP304L, NPTM Ends, w/ coupling, -, S-80S",C76KFFTD,16.5,6820-R2-67343-02,6820,
6820-R2-67343-02_EPCL-SS01_0..pdf,OTHER THAN SHOP MATERIALS,2,1,"90° Elb, ASME B16.11, ASTM A182 Gr.F304L, 3000 Lbs, NPTF Ends, Annealed,",C7BP5GGW,6.0,6820-R2-67343-02,6820,
6820-R2-67343-02_EPCL-SS01_0..pdf,PIPE SUPPORTS,3,1,"PS212-1 TYPE: INSUL THK: SHOP: FIELD: PAINT CODE: MODULE: L Per LDT Per LDT N Y Per LDT - P&ID: 202998C-001-PID-0021-0331 UNIT#: EWP AREA: SPEC: STRESS CALC #: 6800 6820 EPCL-SS01 - LINE No. 1""-R2-67343-EPCL-SS01-N Battleground DRAWING NUMBER REV. 6820-R2-67343-02 *6820-R2-67343-02*",PS212,1.0,6820-R2-67343-02,6820,
6820-R2-67343-03_EPCL-SS01_0..pdf,OTHER THAN SHOP MATERIALS,1,1,"Pipes, Seamless, ASME ' B36.19/B36.10, ASTM A312 Gr.TP304L, NPTM Ends, w/ coupling, -, S-80S",C76KFFTD,1.3,6820-R2-67343-03,6820,
6820-R2-67343-03_EPCL-SS01_0..pdf,OTHER THAN SHOP MATERIALS,4,1,"Nipple, ASTM A312 Gr.TP304L, NPTM Ends, L = 3in, -, S-80S",CEZMKL0,2.0,6820-R2-67343-03,6820,
6820-R2-67343-03_EPCL-SS01_0..pdf,OTHER THAN SHOP MATERIALS,5,1,"Plug, Solid Round Head Type, ASME B16.11, ASTM A182 Gr.F304L, NPTM End, Annealed,",C7BP51NZ,1.0,6820-R2-67343-03,6820,
6820-R2-67343-03_EPCL-SS01_0..pdf,OTHER THAN SHOP MATERIALS,7,1,"THD Flg, ASME B16.5, ASTM A182 Gr.F304L, 150 Lbs, RF/NPTF End, Annealed,",C7W2U48L,2.0,6820-R2-67343-03,6820,
6820-R2-67343-03_EPCL-SS01_0..pdf,OTHER THAN SHOP MATERIALS,8,1,"NM Flat Gk, Barium Sulfate filled PTFE, 150 Lbs, RF as per ASME B16.5, Full Face, Thk=1/8in, -,",C7CT1ZFH,2.0,6820-R2-67343-03,6820,
6820-R2-67343-03_EPCL-SS01_0..pdf,OTHER THAN SHOP MATERIALS,9,1/2,"SBlt 2 HHx N, A193 Gr.B7/A194 Gr.2H, -, Xylan PTFE Coated, - 2.75 in. Length",C6S4K87U,8.0,6820-R2-67343-03,6820,
6820-R2-67343-03_EPCL-SS01_0..pdf,OTHER THAN SHOP MATERIALS,10,1,"Plug Flg,SP, Tapered Plug, Non Lubricated, API 599, ASTM A351 Gr.CF8M, 150 Lbs, RF, Ends as per ASME B16.5, -, LO,-, -, Valve Tag: PL-0548",C76KHSRR,1.0,6820-R2-67343-03,6820,
6820-R2-67343-03_EPCL-SS01_0..pdf,OTHER THAN SHOP MATERIALS,11,1,"Plug Fem,RgP, Tapered Plug, Non Lubricated, API 599, ASTM A351 Gr.CF8M, 300 Lbs, NPTF Ends, Ends as per ASME B1.20.1,-, LO, -, Valve Tag: PL-0547",C76KHSRH,2.0,6820-R2-67343-03,6820,
6820-R2-67343-03_EPCL-SS01_0..pdf,PIPE SUPPORTS,12,1,PS221-1,PS221,1.0,6820-R2-67343-03,6820,
6820-R2-67343-03_EPCL-SS01_0..pdf,PIPE SUPPORTS,13,1,PS732-1-40.5-12,PS732,1.0,6820-R2-67343-03,6820,
6820-R2-67343-03_EPCL-SS01_0..pdf,PIPE SUPPORTS,14,1,"PS212-1 TYPE: INSUL THK: SHOP: FIELD: PAINT CODE: MODULE: L Per LDT Per LDT N Y Per LDT - P&ID: 202998C-001-PID-0021-0331 UNIT#: EWP AREA: SPEC: STRESS CALC #: 6800 6820 EPCL-SS01 - LINE No. 1""-R2-67343-EPCL-SS01-P Battleground DRAWING NUMBER REV. 6820-R2-67343-03 *6820-R2-67343-03*",PS212,1.0,6820-R2-67343-03,6820,
6820-R2-67344-02_EPCL-SS01_0..pdf,OTHER THAN SHOP MATERIALS,1,1,"Pipes, Seamless, ASME ' B36.19/B36.10, ASTM A312 Gr.TP304L, NPTM Ends, w/ coupling, -, S-80S",C76KFFTD,1.1,6820-R2-67344-02,6820,
6820-R2-67344-02_EPCL-SS01_0..pdf,OTHER THAN SHOP MATERIALS,4,1,"Nipple, ASTM A312 Gr.TP304L, NPTM Ends, L = 3in, -, S-80S",CEZMKL0,2.0,6820-R2-67344-02,6820,
6820-R2-67344-02_EPCL-SS01_0..pdf,OTHER THAN SHOP MATERIALS,5,1,"Plug, Solid Round Head Type, ASME B16.11, ASTM A182 Gr.F304L, NPTM End, Annealed,",C7BP51NZ,1.0,6820-R2-67344-02,6820,
6820-R2-67344-02_EPCL-SS01_0..pdf,OTHER THAN SHOP MATERIALS,7,1,"THD Flg, ASME B16.5, ASTM A182 Gr.F304L, 150 Lbs, RF/NPTF End, Annealed,",C7W2U48L,1.0,6820-R2-67344-02,6820,
6820-R2-67344-02_EPCL-SS01_0..pdf,OTHER THAN SHOP MATERIALS,8,1,"NM Flat Gk, Barium Sulfate filled PTFE, 150 Lbs, RF as per ASME B16.5, Full Face, Thk=1/8in, -,",C7CT1ZFH,2.0,6820-R2-67344-02,6820,
6820-R2-67344-02_EPCL-SS01_0..pdf,OTHER THAN SHOP MATERIALS,9,1/2,"SBlt 2 HHx N, A193 Gr.B7/A194 Gr.2H, -, Xylan PTFE Coated, - 2.75 in. Length",C6S4K87U,8.0,6820-R2-67344-02,6820,
6820-R2-67344-02_EPCL-SS01_0..pdf,OTHER THAN SHOP MATERIALS,10,1,"Plug Flg,SP, Tapered Plug, Non Lubricated, API 599, ASTM A351 Gr.CF8M, 150 Lbs, RF, Ends as per ASME B16.5, -, LO,-, -, Valve Tag: PL-0548",C76KHSRR,1.0,6820-R2-67344-02,6820,
6820-R2-67344-02_EPCL-SS01_0..pdf,OTHER THAN SHOP MATERIALS,11,1,"Plug Fem,RgP, Tapered Plug, Non Lubricated, API 599, ASTM A351 Gr.CF8M, 300 Lbs, NPTF Ends, Ends as per ASME B1.20.1,-, LO, -, Valve Tag: PL-0547",C76KHSRH,2.0,6820-R2-67344-02,6820,
6820-R2-67344-02_EPCL-SS01_0..pdf,PIPE SUPPORTS,12,1,PS221-1,PS221,1.0,6820-R2-67344-02,6820,
6820-R2-67344-02_EPCL-SS01_0..pdf,PIPE SUPPORTS,13,1,PS212-1,PS212,1.0,6820-R2-67344-02,6820,
6820-R2-67344-02_EPCL-SS01_0..pdf,PIPE SUPPORTS,14,1,"PS732-2-39.47-24 TYPE: INSUL THK: SHOP: FIELD: PAINT CODE: MODULE: L Per LDT Per LDT N Y Per LDT - P&ID: 202998C-001-PID-0021-0331 UNIT#: EWP AREA: SPEC: STRESS CALC #: 6800 6820 EPCL-SS01 LINE No. 1""-R2-67344-EPCL-SS01-P Battleground DRAWING NUMBER REV. 6820-R2-67344-02 *6820-R2-67344-02*",PS732,1.0,6820-R2-67344-02,6820,
6820-R2-67345-01_EPCL-SS01_0..pdf,OTHER THAN SHOP MATERIALS,1,1,"Pipes, Seamless, ASME ' B36.19/B36.10, ASTM A312 Gr.TP304L, NPTM Ends, w/ coupling, -, S-80S",C76KFFTD,19.9,6820-R2-67345-01,6820,
6820-R2-67345-01_EPCL-SS01_0..pdf,OTHER THAN SHOP MATERIALS,2,1,"90° Elb, ASME B16.11, ASTM A182 Gr.F304L, 3000 Lbs, NPTF Ends, Annealed,",C7BP5GGW,5.0,6820-R2-67345-01,6820,
6820-R2-67345-01_EPCL-SS01_0..pdf,PIPE SUPPORTS,3,1,PS433-1,PS433,2.0,6820-R2-67345-01,6820,
6820-R2-67345-01_EPCL-SS01_0..pdf,PIPE SUPPORTS,4,1,PS212-1,PS212,1.0,6820-R2-67345-01,6820,
6820-R2-67345-01_EPCL-SS01_0..pdf,PIPE SUPPORTS,5,1,PS201-1-S,PS201,1.0,6820-R2-67345-01,6820,
6820-R2-67345-01_EPCL-SS01_0..pdf,PIPE SUPPORTS,6,1,"PS410-3-31.39-1 TYPE: INSUL THK: SHOP: FIELD: PAINT CODE: MODULE: L Per LDT Per LDT N Y Per LDT - P&ID: 202998C-001-PID-0021-0331 UNIT#: EWP AREA: SPEC: STRESS CALC #: 6800 6820 EPCL-SS01 - LINE No. 1""-R2-67345-EPCL-SS01-P Battleground DRAWING NUMBER REV. 6820-R2-67345-01 *6820-R2-67345-01*",PS410,1.0,6820-R2-67345-01,6820,
6820-R2-67345-02_EPCL-SS01_0..pdf,OTHER THAN SHOP MATERIALS,1,1,"Pipes, Seamless, ASME ' B36.19/B36.10, ASTM A312 Gr.TP304L, NPTM Ends, w/ coupling, -, S-80S",C76KFFTD,40.7,6820-R2-67345-02,6820,
6820-R2-67345-02_EPCL-SS01_0..pdf,OTHER THAN SHOP MATERIALS,2,1,"90° Elb, ASME B16.11, ASTM A182 Gr.F304L, 3000 Lbs, NPTF Ends, Annealed,",C7BP5GGW,7.0,6820-R2-67345-02,6820,
6820-R2-67345-02_EPCL-SS01_0..pdf,OTHER THAN SHOP MATERIALS,3,1,"45° Elb, ASME B16.11, ASTM A182 Gr.F304L, 3000 Lbs, NPTF Ends, Annealed,",C7BP5GZC,1.0,6820-R2-67345-02,6820,
6820-R2-67345-02_EPCL-SS01_0..pdf,PIPE SUPPORTS,4,1,PS433-1,PS433,3.0,6820-R2-67345-02,6820,
6820-R2-67345-02_EPCL-SS01_0..pdf,PIPE SUPPORTS,5,1,PS201-1-S,PS201,3.0,6820-R2-67345-02,6820,
6820-R2-67345-02_EPCL-SS01_0..pdf,PIPE SUPPORTS,6,1,PS401-3-24-1,PS401,1.0,6820-R2-67345-02,6820,
6820-R2-67345-02_EPCL-SS01_0..pdf,PIPE SUPPORTS,7,1,PS413-2-10-15.2,PS413,1.0,6820-R2-67345-02,6820,
6820-R2-67345-02_EPCL-SS01_0..pdf,PIPE SUPPORTS,8,1,PS212-1,PS212,2.0,6820-R2-67345-02,6820,
6820-R2-67345-02_EPCL-SS01_0..pdf,PIPE SUPPORTS,9,1,PS731-1-40,PS731,1.0,6820-R2-67345-02,6820,
6820-R2-67345-02_EPCL-SS01_0..pdf,PIPE SUPPORTS,10,1,"PS715-E-12 TYPE: INSUL THK: SHOP: FIELD: PAINT CODE: MODULE: L Per LDT Per LDT N Y Per LDT - P&ID: 202998C-001-PID-0021-0331 UNIT#: EWP AREA: SPEC: STRESS CALC #: 6800 6820 EPCL-SS01 - LINE No. 1""-R2-67345-EPCL-SS01-P Battleground DRAWING NUMBER REV. 6820-R2-67345-02 *6820-R2-67345-02*",PS715,1.0,6820-R2-67345-02,6820,
6820-R2-67345-03_EPCL-SS01_0..pdf,OTHER THAN SHOP MATERIALS,1,1,"Pipes, Seamless, ASME ' B36.19/B36.10, ASTM A312 Gr.TP304L, NPTM Ends, w/ coupling, -, S-80S",C76KFFTD,8.6,6820-R2-67345-03,6820,
6820-R2-67345-03_EPCL-SS01_0..pdf,OTHER THAN SHOP MATERIALS,4,1,"90° Elb, ASME B16.11, ASTM A182 Gr.F304L, 3000 Lbs, NPTF Ends, Annealed,",C7BP5GGW,2.0,6820-R2-67345-03,6820,
6820-R2-67345-03_EPCL-SS01_0..pdf,OTHER THAN SHOP MATERIALS,5,1,"Nipple, ASTM A312 Gr.TP304L, NPTM Ends, L = 3in, -, S-80S",CEZMKL0,3.0,6820-R2-67345-03,6820,
6820-R2-67345-03_EPCL-SS01_0..pdf,OTHER THAN SHOP MATERIALS,6,1,"Plug, Solid Round Head Type, ASME B16.11, ASTM A182 Gr.F304L, NPTM End, Annealed,",C7BP51NZ,1.0,6820-R2-67345-03,6820,
6820-R2-67345-03_EPCL-SS01_0..pdf,OTHER THAN SHOP MATERIALS,8,1,"THD Flg, ASME B16.5, ASTM A182 Gr.F304L, 150 Lbs, RF/NPTF End, Annealed,",C7W2U48L,2.0,6820-R2-67345-03,6820,
6820-R2-67345-03_EPCL-SS01_0..pdf,OTHER THAN SHOP MATERIALS,9,1,"NM Flat Gk, Barium Sulfate filled PTFE, 150 Lbs, RF as per ASME B16.5, Full Face, Thk=1/8in, -,",C7CT1ZFH,2.0,6820-R2-67345-03,6820,
6820-R2-67345-03_EPCL-SS01_0..pdf,OTHER THAN SHOP MATERIALS,10,1/2,"SBlt 2 HHx N, A193 Gr.B7/A194 Gr.2H, -, Xylan PTFE Coated, - 2.75 in. Length",C6S4K87U,8.0,6820-R2-67345-03,6820,
6820-R2-67345-03_EPCL-SS01_0..pdf,OTHER THAN SHOP MATERIALS,11,1,"Plug Flg,SP, Tapered Plug, Non Lubricated, API 599, ASTM A351 Gr.CF8M, 150 Lbs, RF, Ends as per ASME B16.5, -, LO,-, -, Valve Tag: PL-0548",C76KHSRR,1.0,6820-R2-67345-03,6820,
6820-R2-67345-03_EPCL-SS01_0..pdf,OTHER THAN SHOP MATERIALS,12,1,"Plug Fem,RgP, Tapered Plug, Non Lubricated, API 599, ASTM A351 Gr.CF8M, 300 Lbs, NPTF Ends, Ends as per ASME B1.20.1,-, LO, -, Valve Tag: PL-0547",C76KHSRH,2.0,6820-R2-67345-03,6820,
6820-R2-67345-03_EPCL-SS01_0..pdf,PIPE SUPPORTS,13,1,PS221-1,PS221,2.0,6820-R2-67345-03,6820,
6820-R2-67345-03_EPCL-SS01_0..pdf,PIPE SUPPORTS,14,1,PS212-1,PS212,2.0,6820-R2-67345-03,6820,
6820-R2-67345-03_EPCL-SS01_0..pdf,PIPE SUPPORTS,15,1,"PS732-1-38.7-21.8 TYPE: INSUL THK: SHOP: FIELD: PAINT CODE: MODULE: L Per LDT Per LDT N Y Per LDT - P&ID: 202998C-001-PID-0021-0331 UNIT#: EWP AREA: SPEC: STRESS CALC #: 6800 6820 EPCL-SS01 - LINE No. 1""-R2-67345-EPCL-SS01-P Battleground DRAWING NUMBER REV. 6820-R2-67345-03 *6820-R2-67345-03*",PS732,1.0,6820-R2-67345-03,6820,
6820-R2-67347-01_EPCL-SS01_0..pdf,OTHER THAN SHOP MATERIALS,1,1,"Pipes, Seamless, ASME ' B36.19/B36.10, ASTM A312 Gr.TP304L, NPTM Ends, w/ coupling, -, S-80S",C76KFFTD,8.1,6820-R2-67347-01,6820,
6820-R2-67347-01_EPCL-SS01_0..pdf,OTHER THAN SHOP MATERIALS,2,1,"90° Elb, ASME B16.11, ASTM A182 Gr.F304L, 3000 Lbs, NPTF Ends, Annealed,",C7BP5GGW,2.0,6820-R2-67347-01,6820,
6820-R2-67347-01_EPCL-SS01_0..pdf,PIPE SUPPORTS,3,1,"PS212-1 TYPE: INSUL THK: SHOP: FIELD: PAINT CODE: MODULE: L Per LDT Per LDT N Y Per LDT - P&ID: 202998C-001-PID-0021-0331 UNIT#: EWP AREA: SPEC: STRESS CALC #: 6800 6820 EPCL-SS01 - LINE No. 1""-R2-67347-EPCL-SS01-N Battleground DRAWING NUMBER REV. 6820-R2-67347-01 *6820-R2-67347-01*",PS212,1.0,6820-R2-67347-01,6820,
6820-R2-67347-02_EPCL-SS01_0..pdf,OTHER THAN SHOP MATERIALS,1,1,"Pipes, Seamless, ASME ' B36.19/B36.10, ASTM A312 Gr.TP304L, NPTM Ends, w/ coupling, -, S-80S",C76KFFTD,12.2,6820-R2-67347-02,6820,
6820-R2-67347-02_EPCL-SS01_0..pdf,OTHER THAN SHOP MATERIALS,4,1,"Nipple, ASTM A312 Gr.TP304L, NPTM Ends, L = 3in, -, S-80S",CEZMKL0,2.0,6820-R2-67347-02,6820,
6820-R2-67347-02_EPCL-SS01_0..pdf,OTHER THAN SHOP MATERIALS,5,1,"Plug, Solid Round Head Type, ASME B16.11, ASTM A182 Gr.F304L, NPTM End, Annealed,",C7BP51NZ,1.0,6820-R2-67347-02,6820,
6820-R2-67347-02_EPCL-SS01_0..pdf,OTHER THAN SHOP MATERIALS,7,1,"THD Flg, ASME B16.5, ASTM A182 Gr.F304L, 150 Lbs, RF/NPTF End, Annealed,",C7W2U48L,2.0,6820-R2-67347-02,6820,
6820-R2-67347-02_EPCL-SS01_0..pdf,OTHER THAN SHOP MATERIALS,8,1,"NM Flat Gk, Barium Sulfate filled PTFE, 150 Lbs, RF as per ASME B16.5, Full Face, Thk=1/8in, -,",C7CT1ZFH,2.0,6820-R2-67347-02,6820,
6820-R2-67347-02_EPCL-SS01_0..pdf,OTHER THAN SHOP MATERIALS,9,1/2,"SBlt 2 HHx N, A193 Gr.B7/A194 Gr.2H, -, Xylan PTFE Coated, - 2.75 in. Length",C6S4K87U,8.0,6820-R2-67347-02,6820,
6820-R2-67347-02_EPCL-SS01_0..pdf,OTHER THAN SHOP MATERIALS,10,1,"Plug Flg,SP, Tapered Plug, Non Lubricated, API 599, ASTM A351 Gr.CF8M, 150 Lbs, RF, Ends as per ASME B16.5, -, LO,-, -, Valve Tag: PL-0548",C76KHSRR,1.0,6820-R2-67347-02,6820,
6820-R2-67347-02_EPCL-SS01_0..pdf,OTHER THAN SHOP MATERIALS,11,1,"Plug Fem,RgP, Tapered Plug, Non Lubricated, API 599, ASTM A351 Gr.CF8M, 300 Lbs, NPTF Ends, Ends as per ASME B1.20.1,-, LO, -, Valve Tag: PL-0547",C76KHSRH,2.0,6820-R2-67347-02,6820,
6820-R2-67347-02_EPCL-SS01_0..pdf,PIPE SUPPORTS,12,1,PS221,PS221,1.0,6820-R2-67347-02,6820,
6820-R2-67347-02_EPCL-SS01_0..pdf,PIPE SUPPORTS,13,1,PS732-1-32.2-22,PS732,1.0,6820-R2-67347-02,6820,
6820-R2-67347-02_EPCL-SS01_0..pdf,PIPE SUPPORTS,14,1,"PS212-1 TYPE: INSUL THK: SHOP: FIELD: PAINT CODE: MODULE: L Per LDT Per LDT N Y Per LDT - P&ID: 202998C-001-PID-0021-0331 UNIT#: EWP AREA: SPEC: STRESS CALC #: 6800 6820 EPCL-SS01 - LINE No. 1""-R2-67347-EPCL-SS01-P Battleground DRAWING NUMBER REV. 6820-R2-67347-02 *6820-R2-67347-02*",PS212,1.0,6820-R2-67347-02,6820,
6820-R2-67348-01_EPCW-CS01_1..pdf,OTHER THAN SHOP MATERIALS,9,1,"Pipes, Seamless, ASME B36.10, ASTM ' A106 Gr.B, NPTM Ends, w/ coupling, -, S-XS",CEZCLUC,0.5,6820-R2-67348-01,6820,
6820-R2-67348-01_EPCW-CS01_1..pdf,OTHER THAN SHOP MATERIALS,10,1,"THD Flg, ASME B16.5, ASTM A105N, 150 Lbs, RF/NPTF End, -,",CFG8U73Y,1.0,6820-R2-67348-01,6820,
6820-R2-67348-01_EPCW-CS01_1..pdf,OTHER THAN SHOP MATERIALS,11,1,"NM Flat Gk, Barium Sulfate filled PTFE, 150 Lbs, RF as per ASME B16.5, Full Face, Thk=1/8in, -,",C7CT1ZFH,1.0,6820-R2-67348-01,6820,
6820-R2-67348-01_EPCW-CS01_1..pdf,OTHER THAN SHOP MATERIALS,12,1/2,"SBlt 2 HHx N, A193 Gr.B7/A194 Gr.2H, -, Xylan PTFE Coated, - 2.75 in. Length",C6S4K87U,4.0,6820-R2-67348-01,6820,
6820-R2-67348-01_EPCW-CS01_1..pdf,PIPE SUPPORTS,13,16,PS205-B,PS205,3.0,6820-R2-67348-01,6820,
6820-R2-67348-01_EPCW-CS01_1..pdf,PIPE SUPPORTS,14,16,PS413-2-14-16,PS413,1.0,6820-R2-67348-01,6820,
6820-R2-67350-01_NOHD-CS01_0..pdf,OTHER THAN SHOP MATERIALS,6,20,"NM Flat Gk, Barium Sulfate filled PTFE, 150 Lbs, RF as per ASME B16.5, -, Thk=1/8in, -,",C6SBWZEZ,1.0,6820-R2-67350-01,6820,
6820-R2-67350-01_NOHD-CS01_0..pdf,PIPE SUPPORTS,8,20,PS204-20,PS204,1.0,6820-R2-67350-01,6820,
6820-R2-67350-01_NOHD-CS01_0..pdf,PIPE SUPPORTS,9,20,PS921-SH-6820-R2-67350-0001,PS921,1.0,6820-R2-67350-01,6820,
6820-R2-67350-03_NOHD-CS01_0..pdf,OTHER THAN SHOP MATERIALS,6,12,"NM Flat Gk, Barium Sulfate filled PTFE, 150 Lbs, RF as per ASME B16.5, -, Thk=1/8in, -,",C6SBWZEU,1.0,6820-R2-67350-03,6820,
6820-R2-67350-03_NOHD-CS01_0..pdf,OTHER THAN SHOP MATERIALS,7,7/8,"SBlt 2 HHx N, A193 Gr.B7/A194 Gr.2H, -, Xylan PTFE Coated, - 11.5 in. Length",C6S4K8C8,12.0,6820-R2-67350-03,6820,
6820-R2-67350-03_NOHD-CS01_0..pdf,PIPE SUPPORTS,8,20,PS203-20,PS203,1.0,6820-R2-67350-03,6820,
6820-R2-67350-03_NOHD-CS01_0..pdf,PIPE SUPPORTS,9,20,PS205-B,PS205,2.0,6820-R2-67350-03,6820,
6820-R2-67351-01_NOHD-CS01_0..pdf,OTHER THAN SHOP MATERIALS,6,12,"NM Flat Gk, Barium Sulfate filled PTFE, 150 Lbs, RF as per ASME B16.5, -, Thk=1/8in, -,",C6SBWZEU,1.0,6820-R2-67351-01,6820,
6820-R2-67351-01_NOHD-CS01_0..pdf,PIPE SUPPORTS,8,16,PS205-B,PS205,2.0,6820-R2-67351-01,6820,
6820-R2-67351-01_NOHD-CS01_0..pdf,PIPE SUPPORTS,9,16,PS413-2-16-22,PS413,2.0,6820-R2-67351-01,6820,
6820-R2-67356-01_ARDG-XX01_0..pdf,OTHER THAN SHOP MATERIALS,1,1,"Pipes, Seamless, ASME B36.10, ASTM ' A53 Gr.B Galv. as per ASTM A153, NPTM Ends, w/ coupling, -, S-XS",C6SBR43V,4.4,6820-R2-67356-01,6820,
6820-R2-67356-01_ARDG-XX01_0..pdf,OTHER THAN SHOP MATERIALS,3,1,"90° Elb, ASME B16.11, ASTM A105N Galv. as per ASTM A153, 3000 Lbs, NPTF Ends, -,",C1DMWEK,1.0,6820-R2-67356-01,6820,
6820-R2-67356-01_ARDG-XX01_0..pdf,OTHER THAN SHOP MATERIALS,4,1,"Full Coup, ASME B16.11, ASTM A105N Galv. as per ASTM A153, 3000 Lbs, NPTF Ends, -,",CZ2LEZE,1.0,6820-R2-67356-01,6820,
6820-R2-67356-01_ARDG-XX01_0..pdf,OTHER THAN SHOP MATERIALS,5,1/2,"Gat Fem, MSS SP-80, ASTM B62 UNS C83600,125 Lbs, NPTF Ends, HO,-, Valve Tag: GA-0110",C76KHVWS,1.0,6820-R2-67356-01,6820,
6820-R2-67356-01_ARDG-XX01_0..pdf,PIPE SUPPORTS,6,1,PS221-1,PS221,1.0,6820-R2-67356-01,6820,
6820-R2-67356-01_ARDG-XX01_0..pdf,PIPE SUPPORTS,7,1,PS210-1,PS210,1.0,6820-R2-67356-01,6820,
6820-R2-67356-01_ARDG-XX01_0..pdf,PIPE SUPPORTS,8,1,"PS713-C-16.19 TYPE: INSUL THK: SHOP: FIELD: PAINT CODE: MODULE: V Per LDT Per LDT N Y Per LDT - P&ID: 202998C-001-PID-0021-0336 UNIT#: EWP AREA: SPEC: STRESS CALC #: 6800 6820 ARDG-XX01 - LINE No. 1""-R2-67356-ARDG-XX01-N Battleground DRAWING NUMBER REV. 6820-R2-67356-01 *6820-R2-67356-01*",PS713,1.0,6820-R2-67356-01,6820,
6820-R2-67358-01_ARWW-CS01_0..pdf,OTHER THAN SHOP MATERIALS,7,2,"Nipple, ASTM A106 Gr.B, BE/NPTM End, L = 6in, -, S-XS",C58PVZ7V,1.0,6820-R2-67358-01,6820,
6820-R2-67358-01_ARWW-CS01_0..pdf,OTHER THAN SHOP MATERIALS,8,2,"SwgChk Y Fem,MSS SP-80,ASTM B61 UNS C92200,NPTF Ends,200 Lbs, Valve Tag: CH-0171",C766B01H,1.0,6820-R2-67358-01,6820,
6820-R2-67358-01_ARWW-CS01_0..pdf,OTHER THAN SHOP MATERIALS,9,2,"Plug Fem,RgP, Tapered Plug, Non Lubricated, API 599, ASTM A395 Gr.60-40-18, 300 Lbs, NPTF Ends, Ends as per ASME B16.11,-, LO, -, Valve Tag: PL-0545",C76S9AH4,1.0,6820-R2-67358-01,6820,
6820-R2-67358-01_ARWW-CS01_0..pdf,PIPE SUPPORTS,10,2,PS433-2,PS433,3.0,6820-R2-67358-01,6820,
6820-R2-67358-01_ARWW-CS01_0..pdf,PIPE SUPPORTS,11,2,PS221-2,PS221,1.0,6820-R2-67358-01,6820,
6820-R2-67358-01_ARWW-CS01_0..pdf,PIPE SUPPORTS,12,2,PS210-2,PS210,1.0,6820-R2-67358-01,6820,
6820-R2-67358-01_ARWW-CS01_0..pdf,PIPE SUPPORTS,13,2,PS201-2,PS201,2.0,6820-R2-67358-01,6820,
6820-R2-67359-01_SLPG-CS01_0..pdf,PIPE SUPPORTS,6,2,PS709-B-25.47-20,PS709,1.0,6820-R2-67359-01,6820,
6820-R2-67359-01_SLPG-CS01_0..pdf,PIPE SUPPORTS,7,2,PS204-2,PS204,1.0,6820-R2-67359-01,6820,
6820-R2-67359-01_SLPG-CS01_0..pdf,PIPE SUPPORTS,8,2,PS401-3-40-2,PS401,1.0,6820-R2-67359-01,6820,
6820-R2-67359-02_SLPG-CS01_0..pdf,PIPE SUPPORTS,5,2,PS204-2,PS204,4.0,6820-R2-67359-02,6820,
6820-R2-67359-02_SLPG-CS01_0..pdf,PIPE SUPPORTS,6,2,PS206-2-1,PS206,1.0,6820-R2-67359-02,6820,
6820-R2-67359-03_SLPG-CS01_0..pdf,PIPE SUPPORTS,6,2,PS201-1-S,PS201,1.0,6820-R2-67359-03,6820,
6820-R2-67359-03_SLPG-CS01_0..pdf,PIPE SUPPORTS,7,2,PS204-2,PS204,1.0,6820-R2-67359-03,6820,
6820-R2-67360-01_EPCL-SS01_0..pdf,OTHER THAN SHOP MATERIALS,1,2,"Pipes, Seamless, ASME ' B36.19/B36.10, ASTM A312 Gr.TP304L, NPTM Ends, w/ coupling, -, S-80S",C76KFFWK,7.1,6820-R2-67360-01,6820,
6820-R2-67360-01_EPCL-SS01_0..pdf,OTHER THAN SHOP MATERIALS,2,2,"90° Elb, ASME B16.11, ASTM A182 Gr.F304L, 3000 Lbs, NPTF Ends, Annealed,",C7BP5GGZ,2.0,6820-R2-67360-01,6820,
6820-R2-67360-01_EPCL-SS01_0..pdf,OTHER THAN SHOP MATERIALS,3,2,"THD Flg, ASME B16.5, ASTM A182 Gr.F304L, 150 Lbs, RF/NPTF End, Annealed,",C7W2U48P,4.0,6820-R2-67360-01,6820,
6820-R2-67360-01_EPCL-SS01_0..pdf,OTHER THAN SHOP MATERIALS,4,2,"NM Flat Gk, Barium Sulfate filled PTFE, 150 Lbs, RF as per ASME B16.5, Full Face, Thk=1/8in, -,",C7CT1ZFS,4.0,6820-R2-67360-01,6820,
6820-R2-67360-01_EPCL-SS01_0..pdf,OTHER THAN SHOP MATERIALS,5,5/8,"SBlt 2 HHx N, A193 Gr.B7/A194 Gr.2H, -, Xylan PTFE Coated, - 3.5 in. Length",C6S4K88R,16.0,6820-R2-67360-01,6820,
6820-R2-67360-01_EPCL-SS01_0..pdf,OTHER THAN SHOP MATERIALS,6,2,"Plug Flg,SP, Tapered Plug, Non Lubricated, API 599, ASTM A351 Gr.CF8M, 150 Lbs, RF, Ends as per ASME B16.5, -, LO,-, -, Valve Tag: PL-0548",C6SDVYKZ,1.0,6820-R2-67360-01,6820,
6820-R2-67360-01_EPCL-SS01_0..pdf,OTHER THAN SHOP MATERIALS,7,2,"SwgChk Flg, ASME B16.34, ASTM A351 Gr.CF8M,150 Lbs, RF, Ends as per ASME B16.5,-, Valve Tag: CH-0276",C7CTALFX,1.0,6820-R2-67360-01,6820,
6820-R2-67360-01_EPCL-SS01_0..pdf,PIPE SUPPORTS,8,2,PS433-2,PS433,1.0,6820-R2-67360-01,6820,
6820-R2-67360-01_EPCL-SS01_0..pdf,PIPE SUPPORTS,9,2,"PS712-D-15 TYPE: INSUL THK: SHOP: FIELD: PAINT CODE: MODULE: L Per LDT Per LDT N Y Per LDT - P&ID: 202998C-001-PID-0021-0331 UNIT#: EWP AREA: SPEC: STRESS CALC #: 6800 6820 EPCL-SS01 - LINE No. 2""-R2-67360-EPCL-SS01-N Battleground DRAWING NUMBER REV. 6820-R2-67360-01 *6820-R2-67360-01*",PS712,1.0,6820-R2-67360-01,6820,
6820-R2-67360-02_EPCL-SS01_0..pdf,OTHER THAN SHOP MATERIALS,1,2,"Pipes, Seamless, ASME ' B36.19/B36.10, ASTM A312 Gr.TP304L, NPTM Ends, w/ coupling, -, S-80S",C76KFFWK,24.5,6820-R2-67360-02,6820,
6820-R2-67360-02_EPCL-SS01_0..pdf,OTHER THAN SHOP MATERIALS,2,2,"90° Elb, ASME B16.11, ASTM A182 Gr.F304L, 3000 Lbs, NPTF Ends, Annealed,",C7BP5GGZ,2.0,6820-R2-67360-02,6820,
6820-R2-67360-02_EPCL-SS01_0..pdf,PIPE SUPPORTS,3,2,PS201-2-S,PS201,2.0,6820-R2-67360-02,6820,
6820-R2-67360-02_EPCL-SS01_0..pdf,PIPE SUPPORTS,4,2,PS433-2,PS433,2.0,6820-R2-67360-02,6820,
6820-R2-67360-02_EPCL-SS01_0..pdf,PIPE SUPPORTS,5,2,PS721-H-12.70-18.50-/,PS721,1.0,6820-R2-67360-02,6820,
6820-R2-67360-02_EPCL-SS01_0..pdf,PIPE SUPPORTS,6,2,"PS212-2 TYPE: INSUL THK: SHOP: FIELD: PAINT CODE: MODULE: L Per LDT Per LDT N Y Per LDT - P&ID: 202998C-001-PID-0021-0331 UNIT#: EWP AREA: SPEC: STRESS CALC #: 6800 6820 EPCL-SS01 - LINE No. 2""-R2-67360-EPCL-SS01-N Battleground DRAWING NUMBER REV. 6820-R2-67360-02 *6820-R2-67360-02*",PS212,1.0,6820-R2-67360-02,6820,
6820-R2-67360-03_EPCL-SS01_0..pdf,OTHER THAN SHOP MATERIALS,1,2,"Pipes, Seamless, ASME ' B36.19/B36.10, ASTM A312 Gr.TP304L, NPTM Ends, w/ coupling, -, S-80S",C76KFFWK,13.9,6820-R2-67360-03,6820,
6820-R2-67360-03_EPCL-SS01_0..pdf,OTHER THAN SHOP MATERIALS,2,2,"90° Elb, ASME B16.11, ASTM A182 Gr.F304L, 3000 Lbs, NPTF Ends, Annealed,",C7BP5GGZ,3.0,6820-R2-67360-03,6820,
6820-R2-67360-03_EPCL-SS01_0..pdf,PIPE SUPPORTS,3,2,PS709-B-24.62-18,PS709,1.0,6820-R2-67360-03,6820,
6820-R2-67360-03_EPCL-SS01_0..pdf,PIPE SUPPORTS,4,2,PS433-2,PS433,1.0,6820-R2-67360-03,6820,
6820-R2-67360-03_EPCL-SS01_0..pdf,PIPE SUPPORTS,5,2,"PS201-2-S TYPE: INSUL THK: SHOP: FIELD: PAINT CODE: MODULE: L Per LDT Per LDT N Y Per LDT - P&ID: 202998C-001-PID-0021-0331 UNIT#: EWP AREA: SPEC: STRESS CALC #: 6800 6820 EPCL-SS01 - LINE No. 2""-R2-67360-EPCL-SS01-N Battleground DRAWING NUMBER REV. 6820-R2-67360-03 *6820-R2-67360-03*",PS201,1.0,6820-R2-67360-03,6820,
6820-R2-67360-04_EPCL-SS01_0..pdf,OTHER THAN SHOP MATERIALS,1,2,"Pipes, Seamless, ASME ' B36.19/B36.10, ASTM A312 Gr.TP304L, NPTM Ends, w/ coupling, -, S-80S",C76KFFWK,38.0,6820-R2-67360-04,6820,
6820-R2-67360-04_EPCL-SS01_0..pdf,OTHER THAN SHOP MATERIALS,2,2,"Full Coup, ASME B16.11, ASTM A182 Gr.F304L, 3000 Lbs, NPTF Ends, Annealed,",C7BP51NY,1.0,6820-R2-67360-04,6820,
6820-R2-67360-04_EPCL-SS01_0..pdf,OTHER THAN SHOP MATERIALS,3,2,"90° Elb, ASME B16.11, ASTM A182 Gr.F304L, 3000 Lbs, NPTF Ends, Annealed,",C7BP5GGZ,1.0,6820-R2-67360-04,6820,
6820-R2-67360-04_EPCL-SS01_0..pdf,PIPE SUPPORTS,4,2,PS201-2-S,PS201,4.0,6820-R2-67360-04,6820,
6820-R2-67360-04_EPCL-SS01_0..pdf,PIPE SUPPORTS,5,2,"PS433-2 TYPE: INSUL THK: SHOP: FIELD: PAINT CODE: MODULE: L Per LDT Per LDT N Y Per LDT - P&ID: 202998C-001-PID-0021-0331 UNIT#: EWP AREA: SPEC: STRESS CALC #: 6800 6820 EPCL-SS01 - LINE No. 2""-R2-67360-EPCL-SS01-N Battleground DRAWING NUMBER REV. 6820-R2-67360-04 *6820-R2-67360-04*",PS433,4.0,6820-R2-67360-04,6820,
6820-R2-67360-05_EPCL-SS01_0..pdf,OTHER THAN SHOP MATERIALS,1,2,"Pipes, Seamless, ASME ' B36.19/B36.10, ASTM A312 Gr.TP304L, NPTM Ends, w/ coupling, -, S-80S",C76KFFWK,23.8,6820-R2-67360-05,6820,
6820-R2-67360-05_EPCL-SS01_0..pdf,OTHER THAN SHOP MATERIALS,2,2,"90° Elb, ASME B16.11, ASTM A182 Gr.F304L, 3000 Lbs, NPTF Ends, Annealed,",C7BP5GGZ,1.0,6820-R2-67360-05,6820,
6820-R2-67360-05_EPCL-SS01_0..pdf,OTHER THAN SHOP MATERIALS,3,2,"45° Elb, ASME B16.11, ASTM A182 Gr.F304L, 3000 Lbs, NPTF Ends, Annealed,",C7BP5GZF,1.0,6820-R2-67360-05,6820,
6820-R2-67360-05_EPCL-SS01_0..pdf,OTHER THAN SHOP MATERIALS,4,2,"Full Coup, ASME B16.11, ASTM A182 Gr.F304L, 3000 Lbs, NPTF Ends, Annealed,",C7BP51NY,1.0,6820-R2-67360-05,6820,
6820-R2-67360-05_EPCL-SS01_0..pdf,PIPE SUPPORTS,5,2,PS212-2,PS212,1.0,6820-R2-67360-05,6820,
6820-R2-67360-05_EPCL-SS01_0..pdf,PIPE SUPPORTS,6,2,PS713-B-11,PS713,1.0,6820-R2-67360-05,6820,
6820-R2-67360-05_EPCL-SS01_0..pdf,PIPE SUPPORTS,7,2,PS433-2,PS433,1.0,6820-R2-67360-05,6820,
6820-R2-67360-05_EPCL-SS01_0..pdf,PIPE SUPPORTS,8,2,"PS201-2-S TYPE: INSUL THK: SHOP: FIELD: PAINT CODE: MODULE: L Per LDT Per LDT N Y Per LDT - P&ID: 202998C-001-PID-0021-0331 UNIT#: EWP AREA: SPEC: STRESS CALC #: 6800 6820 EPCL-SS01 - LINE No. 2""-R2-67360-EPCL-SS01-N Battleground DRAWING NUMBER REV. 6820-R2-67360-05 *6820-R2-67360-05*",PS201,1.0,6820-R2-67360-05,6820,
6820-R2-67360-06_EPCL-SS01_0..pdf,OTHER THAN SHOP MATERIALS,1,2,"Pipes, Seamless, ASME ' B36.19/B36.10, ASTM A312 Gr.TP304L, NPTM Ends, w/ coupling, -, S-80S",C76KFFWK,5.1,6820-R2-67360-06,6820,
6820-R2-67360-06_EPCL-SS01_0..pdf,OTHER THAN SHOP MATERIALS,2,2,"90° Elb, ASME B16.11, ASTM A182 Gr.F304L, 3000 Lbs, NPTF Ends, Annealed,",C7BP5GGZ,3.0,6820-R2-67360-06,6820,
6820-R2-67360-06_EPCL-SS01_0..pdf,PIPE SUPPORTS,3,2,PS709-B-22.45-24,PS709,1.0,6820-R2-67360-06,6820,
6820-R2-67360-06_EPCL-SS01_0..pdf,PIPE SUPPORTS,4,2,PS433-2,PS433,1.0,6820-R2-67360-06,6820,
6820-R2-67360-06_EPCL-SS01_0..pdf,PIPE SUPPORTS,5,2,"PS201-2-S TYPE: INSUL THK: SHOP: FIELD: PAINT CODE: MODULE: L Per LDT Per LDT N Y Per LDT - P&ID: 202998C-001-PID-0021-0331 UNIT#: EWP AREA: SPEC: STRESS CALC #: 6800 6820 EPCL-SS01 - LINE No. 2""-R2-67360-EPCL-SS01-N Battleground DRAWING NUMBER REV. 6820-R2-67360-06 *6820-R2-67360-06*",PS201,1.0,6820-R2-67360-06,6820,
6820-R2-67361-01_SCXL-CS02_0..pdf,OTHER THAN SHOP MATERIALS,9,6,"NM Flat Gk, Barium Sulfate filled PTFE, 300 Lbs, RF as per ASME B16.5, Full Face, Thk=1/8in, -,",C7CX7CST,2.0,6820-R2-67361-01,6820,
6820-R2-67361-01_SCXL-CS02_0..pdf,OTHER THAN SHOP MATERIALS,10,1,"NM Flat Gk, Barium Sulfate filled PTFE, 300 Lbs, RF as per ASME B16.5, Full Face, Thk=1/8in, -,",C7W3AL3L,2.0,6820-R2-67361-01,6820,
6820-R2-67361-01_SCXL-CS02_0..pdf,OTHER THAN SHOP MATERIALS,11,3/4,"SBlt 2 HHx N, A193 Gr.B7/A194 Gr.2H, -, Xylan PTFE Coated, - 5 in. Length",C6S4K8BF,24.0,6820-R2-67361-01,6820,
6820-R2-67361-01_SCXL-CS02_0..pdf,OTHER THAN SHOP MATERIALS,13,1,"Gat Flg, -, API 602, ASTM A105N,300 Lbs, RF, Ends as per ASME B16.5, HO,-, Valve Tag: GA-1127",C99ZZ9DE,1.0,6820-R2-67361-01,6820,
6820-R2-67361-01_SCXL-CS02_0..pdf,OTHER THAN SHOP MATERIALS,14,1,"Bld Flg, ASME B16.5, ASTM A105N, 300 Lbs, RF, -, SUPPORTS",CFG6WM6Z,1.0,6820-R2-67361-01,6820,
6820-R2-67361-01_SCXL-CS02_0..pdf,OTHER THAN SHOP MATERIALS,15,6,PS214-16,PS214,1.0,6820-R2-67361-01,6820,
6820-R2-67361-02_SCXL-CS02_1..pdf,OTHER THAN SHOP MATERIALS,11,6,"NM Flat Gk, Barium Sulfate filled PTFE, 300 Lbs, RF as per ASME B16.5, Full Face, Thk=1/8in, -,",C7CX7CST,2.0,6820-R2-67361-02,6820,
6820-R2-67361-02_SCXL-CS02_1..pdf,OTHER THAN SHOP MATERIALS,12,2,"NM Flat Gk, Barium Sulfate filled PTFE, 300 Lbs, RF as per ASME B16.5, Full Face, Thk=1/8in, -,",C7CX7CSL,2.0,6820-R2-67361-02,6820,
6820-R2-67361-02_SCXL-CS02_1..pdf,OTHER THAN SHOP MATERIALS,13,3/4,"SBlt 2 HHx N, A193 Gr.B7/A194 Gr.2H, -, Xylan PTFE Coated, - 5 in. Length",C6S4K8BF,24.0,6820-R2-67361-02,6820,
6820-R2-67361-02_SCXL-CS02_1..pdf,OTHER THAN SHOP MATERIALS,14,5/8,"SBlt 2 HHx N, A193 Gr.B7/A194 Gr.2H, -, Xylan PTFE Coated, - 3.5 in. Length",C6S4K88R,16.0,6820-R2-67361-02,6820,
6820-R2-67361-02_SCXL-CS02_1..pdf,OTHER THAN SHOP MATERIALS,15,6,"Gat Flg, -, API 600, ASTM A216 Gr.WCB,300 Lbs, RF, Ends as per ASME B16.5, HO,-, Valve Tag: GA-1192",C99ZZ9EJ,1.0,6820-R2-67361-02,6820,
6820-R2-67361-02_SCXL-CS02_1..pdf,OTHER THAN SHOP MATERIALS,16,2,"Bal Flg,FB,SP, API 608, ASTM A216 Gr.WCB,300 Lbs, RF, Ends as per ASME B16.5,-, LO,-, Valve Tag: BA-1097",C9YR0U5Z,1.0,6820-R2-67361-02,6820,
6820-R2-67361-02_SCXL-CS02_1..pdf,PIPE SUPPORTS,18,6,PS214-16,PS214,1.0,6820-R2-67361-02,6820,
6820-R2-67361-02_SCXL-CS02_1..pdf,PIPE SUPPORTS,19,6,PS209-B2,PS209,1.0,6820-R2-67361-02,6820,
6820-R2-67361-02_SCXL-CS02_1..pdf,PIPE SUPPORTS,20,6,PS406-1-43.68-28-14,PS406,1.0,6820-R2-67361-02,6820,
6820-R2-67361-02_SCXL-CS02_1..pdf,PIPE SUPPORTS,21,6,PS204-6,PS204,2.0,6820-R2-67361-02,6820,
6820-R2-67361-02_SCXL-CS02_1..pdf,PIPE SUPPORTS,22,6,PS206-6-1,PS206,1.0,6820-R2-67361-02,6820,
6820-R2-67361-03_SCXL-CS02_0..pdf,OTHER THAN SHOP MATERIALS,7,4,"NM Flat Gk, Barium Sulfate filled PTFE, 300 Lbs, RF as per ASME B16.5, Full Face, Thk=1/8in, -,",C7CX7CSR,1.0,6820-R2-67361-03,6820,
6820-R2-67361-03_SCXL-CS02_0..pdf,OTHER THAN SHOP MATERIALS,8,1,"NM Flat Gk, Barium Sulfate filled PTFE, 300 Lbs, RF as per ASME B16.5, Full Face, Thk=1/8in, -,",C7W3AL3L,2.0,6820-R2-67361-03,6820,
6820-R2-67361-03_SCXL-CS02_0..pdf,OTHER THAN SHOP MATERIALS,9,3/4,"SBlt 2 HHx N, A193 Gr.B7/A194 Gr.2H, -, Xylan PTFE Coated, - 4.5 in. Length",C6S4K8BD,8.0,6820-R2-67361-03,6820,
6820-R2-67361-03_SCXL-CS02_0..pdf,OTHER THAN SHOP MATERIALS,10,5/8,"SBlt 2 HHx N, A193 Gr.B7/A194 Gr.2H, -, Xylan PTFE Coated, - 3 in. Length",C6S4K88N,8.0,6820-R2-67361-03,6820,
6820-R2-67361-03_SCXL-CS02_0..pdf,OTHER THAN SHOP MATERIALS,11,1,"Gat Flg, -, API 602, ASTM A105N,300 Lbs, RF, Ends as per ASME B16.5, HO,-, Valve Tag: GA-1127",C99ZZ9DE,1.0,6820-R2-67361-03,6820,
6820-R2-67361-03_SCXL-CS02_0..pdf,OTHER THAN SHOP MATERIALS,12,1,"Bld Flg, ASME B16.5, ASTM A105N, 300 Lbs, RF, -,",CFG6WM6Z,1.0,6820-R2-67361-03,6820,
6820-R2-67361-04_SCXL-CS02_0..pdf,OTHER THAN SHOP MATERIALS,10,4,"NM Flat Gk, Barium Sulfate filled PTFE, 300 Lbs, RF as per ASME B16.5, Full Face, Thk=1/8in, -,",C7CX7CSR,1.0,6820-R2-67361-04,6820,
6820-R2-67361-04_SCXL-CS02_0..pdf,OTHER THAN SHOP MATERIALS,11,1,"NM Flat Gk, Barium Sulfate filled PTFE, 300 Lbs, RF as per ASME B16.5, Full Face, Thk=1/8in, -,",C7W3AL3L,2.0,6820-R2-67361-04,6820,
6820-R2-67361-04_SCXL-CS02_0..pdf,OTHER THAN SHOP MATERIALS,12,3/4,"SBlt 2 HHx N, A193 Gr.B7/A194 Gr.2H, -, Xylan PTFE Coated, - 4.5 in. Length",C6S4K8BD,8.0,6820-R2-67361-04,6820,
6820-R2-67361-04_SCXL-CS02_0..pdf,OTHER THAN SHOP MATERIALS,13,5/8,"SBlt 2 HHx N, A193 Gr.B7/A194 Gr.2H, -, Xylan PTFE Coated, - 3 in. Length",C6S4K88N,8.0,6820-R2-67361-04,6820,
6820-R2-67361-04_SCXL-CS02_0..pdf,OTHER THAN SHOP MATERIALS,14,1,"Gat Flg, -, API 602, ASTM A105N,300 Lbs, RF, Ends as per ASME B16.5, HO,-, Valve Tag: GA-1127",C99ZZ9DE,1.0,6820-R2-67361-04,6820,
6820-R2-67361-04_SCXL-CS02_0..pdf,OTHER THAN SHOP MATERIALS,15,1,"Bld Flg, ASME B16.5, ASTM A105N, 300 Lbs, RF, -,",CFG6WM6Z,1.0,6820-R2-67361-04,6820,
6820-R2-67361-04_SCXL-CS02_0..pdf,PIPE SUPPORTS,17,6,PS214-16,PS214,1.0,6820-R2-67361-04,6820,
6820-R2-67361-04_SCXL-CS02_0..pdf,PIPE SUPPORTS,18,6,PS209-B1,PS209,1.0,6820-R2-67361-04,6820,
6820-R2-67361-05_SCXL-CS02_1..pdf,OTHER THAN SHOP MATERIALS,8,6,"NM Flat Gk, Barium Sulfate filled",C7CX7CST,6.0,6820-R2-67361-05,6820,
6820-R2-67361-05_SCXL-CS02_1..pdf,OTHER THAN SHOP MATERIALS,9,1,"NM Flat Gk, Barium Sulfate filled PTFE, 300 Lbs, RF as per ASME B16.5, Full Face, Thk=1/8in, -,",C7W3AL3L,2.0,6820-R2-67361-05,6820,
6820-R2-67361-05_SCXL-CS02_1..pdf,OTHER THAN SHOP MATERIALS,10,3/4,"SBlt 2 HHx N, A193 Gr.B7/A194 Gr.2H, -, Xylan PTFE Coated, - 5 in. Length",C6S4K8BF,72.0,6820-R2-67361-05,6820,
6820-R2-67361-05_SCXL-CS02_1..pdf,OTHER THAN SHOP MATERIALS,11,5/8,"SBlt 2 HHx N, A193 Gr.B7/A194 Gr.2H, -, Xylan PTFE Coated, - 3 in. Length",C6S4K88N,8.0,6820-R2-67361-05,6820,
6820-R2-67361-05_SCXL-CS02_1..pdf,OTHER THAN SHOP MATERIALS,12,6,"Gat Flg, -, API 600, ASTM A216 Gr.WCB,300 Lbs, RF, Ends as per ASME B16.5, HO,-, Valve Tag: GA-1192",C99ZZ9EJ,2.0,6820-R2-67361-05,6820,
6820-R2-67361-05_SCXL-CS02_1..pdf,OTHER THAN SHOP MATERIALS,13,1,"Gat Flg, -, API 602, ASTM A105N,300 Lbs, RF, Ends as per ASME B16.5, HO,-, Valve Tag: GA-1127",C99ZZ9DE,1.0,6820-R2-67361-05,6820,
6820-R2-67361-05_SCXL-CS02_1..pdf,OTHER THAN SHOP MATERIALS,14,1,"Bld Flg, ASME B16.5, ASTM A105N, 300 Lbs, RF, -,",CFG6WM6Z,1.0,6820-R2-67361-05,6820,
6820-R2-67361-05_SCXL-CS02_1..pdf,PIPE SUPPORTS,16,6,PS214-16,PS214,1.0,6820-R2-67361-05,6820,
6820-R2-67361-05_SCXL-CS02_1..pdf,PIPE SUPPORTS,17,6,PS209-B3,PS209,1.0,6820-R2-67361-05,6820,
6820-R2-67367-01_SLPG-CS01_2..pdf,OTHER THAN SHOP MATERIALS,5,12,"NM Flat Gk, Aramid Fiber Reinforced SBR, 150 Lbs, RF as per ASME B16.5, -, Thk=1/8in, -,",C7SMNYW5,1.0,6820-R2-67367-01,6820,
6820-R2-67367-01_SLPG-CS01_2..pdf,OTHER THAN SHOP MATERIALS,6,7/8,"SBlt 2 HHx N, A193 Gr.B7/A194 Gr.2H, -, Xylan PTFE Coated, - 5 in. Length SUPPORTS 2",C6S4K8CU,12.0,6820-R2-67367-01,6820,
6820-R2-67367-01_SLPG-CS01_2..pdf,OTHER THAN SHOP MATERIALS,7,12,PS431-A2-18,PS431,1.0,6820-R2-67367-01,6820,
6820-R2-67367-01_SLPG-CS01_2..pdf,OTHER THAN SHOP MATERIALS,8,12,PS902-SH-6820-R2-67367-0001,PS902,1.0,6820-R2-67367-01,6820,
6820-R2-67367-01_SLPG-CS01_2..pdf,OTHER THAN SHOP MATERIALS,9,12,PS413-3-25.13-12,PS413,1.0,6820-R2-67367-01,6820,
6820-R2-67367-02_SLPG-CS01_0..pdf,PIPE SUPPORTS,3,12,PS201-12,PS201,1.0,6820-R2-67367-02,6820,
6820-R2-67367-02_SLPG-CS01_0..pdf,PIPE SUPPORTS,4,12,PS433-12,PS433,1.0,6820-R2-67367-02,6820,
6820-R2-67367-03_SLPG-CS01_0..pdf,OTHER THAN SHOP MATERIALS,6,8,"NM Flat Gk, Aramid Fiber Reinforced SBR, 150 Lbs, RF as per ASME B16.5, -, Thk=1/8in, -,",C7SMNYWH,1.0,6820-R2-67367-03,6820,
6820-R2-67367-03_SLPG-CS01_0..pdf,OTHER THAN SHOP MATERIALS,7,3/4,"SBlt 2 HHx N, A193 Gr.B7/A194 Gr.2H, -, Xylan PTFE Coated, - 4.5 in. Length",C6S4K8BD,8.0,6820-R2-67367-03,6820,
6820-R2-67367-03_SLPG-CS01_0..pdf,PIPE SUPPORTS,9,12,PS205-B,PS205,1.0,6820-R2-67367-03,6820,
6820-R2-67369-01_SCXL-CS01_0..pdf,OTHER THAN SHOP MATERIALS,4,1,PS201-1,PS201,2.0,6820-R2-67369-01,6820,
6820-R2-67369-01_SCXL-CS01_0..pdf,OTHER THAN SHOP MATERIALS,5,1,PS434-C-2-57-15.5-6,PS434,1.0,6820-R2-67369-01,6820,
6820-R2-67369-01_SCXL-CS01_0..pdf,OTHER THAN SHOP MATERIALS,6,1,PS407-2-88.68-12-/,PS407,1.0,6820-R2-67369-01,6820,
6820-R2-67369-02_SCXL-CS01_1..pdf,OTHER THAN SHOP MATERIALS,7,1/2,"Plug, Solid Round Head Type, ASME B16.11, ASTM A105N, NPTM End, -,",CBBPLK2,1.0,6820-R2-67369-02,6820,
6820-R2-67369-02_SCXL-CS01_1..pdf,OTHER THAN SHOP MATERIALS,8,1,"NM Flat Gk, Barium Sulfate filled PTFE, 150 Lbs, RF as per ASME",C7CT1ZFH,3.0,6820-R2-67369-02,6820,
6820-R2-67369-02_SCXL-CS01_1..pdf,OTHER THAN SHOP MATERIALS,9,1/2,"SBlt 2 HHx N, A193 Gr.B7/A194 Gr.2H, -, Xylan PTFE Coated, - 2.75 in. Length",C6S4K87U,12.0,6820-R2-67369-02,6820,
6820-R2-67369-02_SCXL-CS01_1..pdf,OTHER THAN SHOP MATERIALS,11,1/2,"Gat Fem, API 602, ASTM A105N,800 Lbs, NPTF Ends, HO,-, Valve Tag: GA-0120",C76SPABT,1.0,6820-R2-67369-02,6820,
6820-R2-67369-02_SCXL-CS01_1..pdf,PIPE SUPPORTS,12,1,PS709-A-23.36-17,PS709,1.0,6820-R2-67369-02,6820,
6820-R2-67369-02_SCXL-CS01_1..pdf,PIPE SUPPORTS,13,1,PS433-1,PS433,1.0,6820-R2-67369-02,6820,
6820-R2-67369-02_SCXL-CS01_1..pdf,PIPE SUPPORTS,14,1,PS201-1,PS201,1.0,6820-R2-67369-02,6820,
6820-R2-67370-01_EPCL-SS01_0..pdf,OTHER THAN SHOP MATERIALS,1,3/4,"Pipes, Seamless, ASME ' B36.19/B36.10, ASTM A312 Gr.TP304L, NPTM Ends, w/ coupling, -, S-80S",C76KFFSD,9.1,6820-R2-67370-01,6820,
6820-R2-67370-01_EPCL-SS01_0..pdf,OTHER THAN SHOP MATERIALS,2,3/4,"90° Elb, ASME B16.11, ASTM A182 Gr.F304L, 3000 Lbs, NPTF Ends, Annealed,",C7BP5GGV,3.0,6820-R2-67370-01,6820,
6820-R2-67370-01_EPCL-SS01_0..pdf,OTHER THAN SHOP MATERIALS,3,3/4,"THD Flg, ASME B16.5, ASTM A182 Gr.F304L, 300 Lbs, RF/NPTF End, Annealed,",C7W2U48S,1.0,6820-R2-67370-01,6820,
6820-R2-67370-01_EPCL-SS01_0..pdf,OTHER THAN SHOP MATERIALS,4,3/4,"THD Flg, ASME B16.5, ASTM A182 Gr.F304L, 150 Lbs, RF/NPTF End, Annealed,",C7W2U48K,2.0,6820-R2-67370-01,6820,
6820-R2-67370-01_EPCL-SS01_0..pdf,OTHER THAN SHOP MATERIALS,5,3/4,"NM Flat Gk, Barium Sulfate filled PTFE, 300 Lbs, RF as per ASME B16.5, Full Face, Thk=1/8in, -,",C7W3AL3K,1.0,6820-R2-67370-01,6820,
6820-R2-67370-01_EPCL-SS01_0..pdf,OTHER THAN SHOP MATERIALS,6,3/4,"NM Flat Gk, Barium Sulfate filled PTFE, 150 Lbs, RF as per ASME B16.5, Full Face, Thk=1/8in, -,",C7CT1ZFG,1.0,6820-R2-67370-01,6820,
6820-R2-67370-01_EPCL-SS01_0..pdf,OTHER THAN SHOP MATERIALS,7,5/8,"SBlt 2 HHx N, A193 Gr.B7/A194 Gr.2H, -, Xylan PTFE Coated, - 3 in. Length",C6S4K88N,4.0,6820-R2-67370-01,6820,
6820-R2-67370-01_EPCL-SS01_0..pdf,OTHER THAN SHOP MATERIALS,8,1/2,"SBlt 2 HHx N, A193 Gr.B7/A194 Gr.2H, -, Xylan PTFE Coated, - 2.75 in. Length",C6S4K87U,4.0,6820-R2-67370-01,6820,
6820-R2-67370-01_EPCL-SS01_0..pdf,PIPE SUPPORTS,9,3/4,PS709-A-16.52-8,PS709,1.0,6820-R2-67370-01,6820,
6820-R2-67370-01_EPCL-SS01_0..pdf,PIPE SUPPORTS,10,3/4,PS201-0.75-S,PS201,1.0,6820-R2-67370-01,6820,
6820-R2-67370-01_EPCL-SS01_0..pdf,PIPE SUPPORTS,11,3/4,"PS433-0.75 TYPE: INSUL THK: SHOP: FIELD: PAINT CODE: MODULE: L Per LDT Per LDT N Y Per LDT - P&ID: 202998C-001-PID-0021-0332 UNIT#: EWP AREA: SPEC: STRESS CALC #: 6800 6820 EPCL-SS01 - LINE No. 0.75""-R2-67370-EPCL-SS01-N Battleground DRAWING NUMBER REV. 6820-R2-67370-01 *6820-R2-67370-01*",PS433,1.0,6820-R2-67370-01,6820,
6820-R2-67371-01_EPCL-SS01_0..pdf,OTHER THAN SHOP MATERIALS,1,3/4,"Pipes, Seamless, ASME ' B36.19/B36.10, ASTM A312 Gr.TP304L, NPTM Ends, w/ coupling, -, S-80S",C76KFFSD,9.1,6820-R2-67371-01,6820,
6820-R2-67371-01_EPCL-SS01_0..pdf,OTHER THAN SHOP MATERIALS,2,3/4,"90° Elb, ASME B16.11, ASTM A182 Gr.F304L, 3000 Lbs, NPTF Ends, Annealed,",C7BP5GGV,3.0,6820-R2-67371-01,6820,
6820-R2-67371-01_EPCL-SS01_0..pdf,OTHER THAN SHOP MATERIALS,3,3/4,"THD Flg, ASME B16.5, ASTM A182 Gr.F304L, 300 Lbs, RF/NPTF End, Annealed,",C7W2U48S,1.0,6820-R2-67371-01,6820,
6820-R2-67371-01_EPCL-SS01_0..pdf,OTHER THAN SHOP MATERIALS,4,3/4,"THD Flg, ASME B16.5, ASTM A182 Gr.F304L, 150 Lbs, RF/NPTF End, Annealed,",C7W2U48K,2.0,6820-R2-67371-01,6820,
6820-R2-67371-01_EPCL-SS01_0..pdf,OTHER THAN SHOP MATERIALS,5,3/4,"NM Flat Gk, Barium Sulfate filled PTFE, 300 Lbs, RF as per ASME B16.5, Full Face, Thk=1/8in, -,",C7W3AL3K,1.0,6820-R2-67371-01,6820,
6820-R2-67371-01_EPCL-SS01_0..pdf,OTHER THAN SHOP MATERIALS,6,3/4,"NM Flat Gk, Barium Sulfate filled PTFE, 150 Lbs, RF as per ASME B16.5, Full Face, Thk=1/8in, -,",C7CT1ZFG,1.0,6820-R2-67371-01,6820,
6820-R2-67371-01_EPCL-SS01_0..pdf,OTHER THAN SHOP MATERIALS,7,5/8,"SBlt 2 HHx N, A193 Gr.B7/A194 Gr.2H, -, Xylan PTFE Coated, - 3 in. Length",C6S4K88N,4.0,6820-R2-67371-01,6820,
6820-R2-67371-01_EPCL-SS01_0..pdf,OTHER THAN SHOP MATERIALS,8,1/2,"SBlt 2 HHx N, A193 Gr.B7/A194 Gr.2H, -, Xylan PTFE Coated, - 2.75 in. Length",C6S4K87U,4.0,6820-R2-67371-01,6820,
6820-R2-67371-01_EPCL-SS01_0..pdf,PIPE SUPPORTS,9,3/4,PS709-A-16.53-8,PS709,1.0,6820-R2-67371-01,6820,
6820-R2-67371-01_EPCL-SS01_0..pdf,PIPE SUPPORTS,10,3/4,PS433-0.75,PS433,1.0,6820-R2-67371-01,6820,
6820-R2-67371-01_EPCL-SS01_0..pdf,PIPE SUPPORTS,11,3/4,"PS201-0.75-S TYPE: INSUL THK: SHOP: FIELD: PAINT CODE: MODULE: L Per LDT Per LDT N Y Per LDT - P&ID: 202998C-001-PID-0021-0332 UNIT#: EWP AREA: SPEC: STRESS CALC #: 6800 6820 EPCL-SS01 - LINE No. 0.75""-R2-67371-EPCL-SS01-N Battleground DRAWING NUMBER REV. 6820-R2-67371-01 *6820-R2-67371-01*",PS201,1.0,6820-R2-67371-01,6820,
6820-R2-67372-01_EPCL-SS01_0..pdf,OTHER THAN SHOP MATERIALS,1,3/4,"Pipes, Seamless, ASME ' B36.19/B36.10, ASTM A312 Gr.TP304L, NPTM Ends, w/ coupling, -, S-80S",C76KFFSD,9.1,6820-R2-67372-01,6820,
6820-R2-67372-01_EPCL-SS01_0..pdf,OTHER THAN SHOP MATERIALS,2,3/4,"90° Elb, ASME B16.11, ASTM A182 Gr.F304L, 3000 Lbs, NPTF Ends, Annealed,",C7BP5GGV,3.0,6820-R2-67372-01,6820,
6820-R2-67372-01_EPCL-SS01_0..pdf,OTHER THAN SHOP MATERIALS,3,3/4,"THD Flg, ASME B16.5, ASTM A182 Gr.F304L, 300 Lbs, RF/NPTF End, Annealed,",C7W2U48S,1.0,6820-R2-67372-01,6820,
6820-R2-67372-01_EPCL-SS01_0..pdf,OTHER THAN SHOP MATERIALS,4,3/4,"THD Flg, ASME B16.5, ASTM A182 Gr.F304L, 150 Lbs, RF/NPTF End, Annealed,",C7W2U48K,2.0,6820-R2-67372-01,6820,
6820-R2-67372-01_EPCL-SS01_0..pdf,OTHER THAN SHOP MATERIALS,5,3/4,"NM Flat Gk, Barium Sulfate filled PTFE, 300 Lbs, RF as per ASME B16.5, Full Face, Thk=1/8in, -,",C7W3AL3K,1.0,6820-R2-67372-01,6820,
6820-R2-67372-01_EPCL-SS01_0..pdf,OTHER THAN SHOP MATERIALS,6,3/4,"NM Flat Gk, Barium Sulfate filled PTFE, 150 Lbs, RF as per ASME B16.5, Full Face, Thk=1/8in, -,",C7CT1ZFG,1.0,6820-R2-67372-01,6820,
6820-R2-67372-01_EPCL-SS01_0..pdf,OTHER THAN SHOP MATERIALS,7,5/8,"SBlt 2 HHx N, A193 Gr.B7/A194 Gr.2H, -, Xylan PTFE Coated, - 3 in. Length",C6S4K88N,4.0,6820-R2-67372-01,6820,
6820-R2-67372-01_EPCL-SS01_0..pdf,OTHER THAN SHOP MATERIALS,8,1/2,"SBlt 2 HHx N, A193 Gr.B7/A194 Gr.2H, -, Xylan PTFE Coated, - 2.75 in. Length",C6S4K87U,4.0,6820-R2-67372-01,6820,
6820-R2-67372-01_EPCL-SS01_0..pdf,PIPE SUPPORTS,9,3/4,PS433-0.75,PS433,1.0,6820-R2-67372-01,6820,
6820-R2-67372-01_EPCL-SS01_0..pdf,PIPE SUPPORTS,10,3/4,PS201-0.75-S,PS201,1.0,6820-R2-67372-01,6820,
6820-R2-67372-01_EPCL-SS01_0..pdf,PIPE SUPPORTS,11,3/4,"PS709-A-16.53-8 TYPE: INSUL THK: SHOP: FIELD: PAINT CODE: MODULE: L Per LDT Per LDT N Y Per LDT - P&ID: 202998C-001-PID-0021-0332 UNIT#: EWP AREA: SPEC: STRESS CALC #: 6800 6820 EPCL-SS01 - LINE No. 0.75""-R2-67372-EPCL-SS01-N Battleground DRAWING NUMBER REV. 6820-R2-67372-01 *6820-R2-67372-01*",PS709,1.0,6820-R2-67372-01,6820,
6820-R2-67373-01_EPCL-SS01_0..pdf,OTHER THAN SHOP MATERIALS,1,3/4,"Pipes, Seamless, ASME ' B36.19/B36.10, ASTM A312 Gr.TP304L, NPTM Ends, w/ coupling, -, S-80S",C76KFFSD,24.5,6820-R2-67373-01,6820,
6820-R2-67373-01_EPCL-SS01_0..pdf,OTHER THAN SHOP MATERIALS,2,3/4,"90° Elb, ASME B16.11, ASTM A182 Gr.F304L, 3000 Lbs, NPTF Ends, Annealed,",C7BP5GGV,5.0,6820-R2-67373-01,6820,
6820-R2-67373-01_EPCL-SS01_0..pdf,OTHER THAN SHOP MATERIALS,3,3/4,"THD Flg, ASME B16.5, ASTM A182 Gr.F304L, 150 Lbs, RF/NPTF End, Annealed,",C7W2U48K,5.0,6820-R2-67373-01,6820,
6820-R2-67373-01_EPCL-SS01_0..pdf,OTHER THAN SHOP MATERIALS,4,3/4,"NM Flat Gk, Barium Sulfate filled PTFE, 150 Lbs, RF as per ASME B16.5, Full Face, Thk=1/8in, -,",C7CT1ZFG,3.0,6820-R2-67373-01,6820,
6820-R2-67373-01_EPCL-SS01_0..pdf,OTHER THAN SHOP MATERIALS,5,1/2,"SBlt 2 HHx N, A193 Gr.B7/A194 Gr.2H, -, Xylan PTFE Coated, - 2.75 in. Length",C6S4K87U,12.0,6820-R2-67373-01,6820,
6820-R2-67373-01_EPCL-SS01_0..pdf,PIPE SUPPORTS,6,3/4,PS433-0.75,PS433,4.0,6820-R2-67373-01,6820,
6820-R2-67373-01_EPCL-SS01_0..pdf,PIPE SUPPORTS,7,3/4,PS201-0.75-S,PS201,4.0,6820-R2-67373-01,6820,
6820-R2-67373-01_EPCL-SS01_0..pdf,PIPE SUPPORTS,8,3/4,PS709-A-16.52-12,PS709,2.0,6820-R2-67373-01,6820,
6820-R2-67373-01_EPCL-SS01_0..pdf,PIPE SUPPORTS,9,3/4,"PS709-A-16.52-6 TYPE: INSUL THK: SHOP: FIELD: PAINT CODE: MODULE: L Per LDT Per LDT N Y Per LDT - P&ID: 202998C-001-PID-0021-0332 UNIT#: EWP AREA: SPEC: STRESS CALC #: 6800 6820 EPCL-SS01 - LINE No. 0.75""-R2-67373-EPCL-SS01-N Battleground DRAWING NUMBER REV. 6820-R2-67373-01 *6820-R2-67373-01*",PS709,2.0,6820-R2-67373-01,6820,
6820-R2-67374-01_EPCL-SS01_0..pdf,OTHER THAN SHOP MATERIALS,1,3/4,"Pipes, Seamless, ASME ' B36.19/B36.10, ASTM A312 Gr.TP304L, NPTM Ends, w/ coupling, -, S-80S",C76KFFSD,24.5,6820-R2-67374-01,6820,
6820-R2-67374-01_EPCL-SS01_0..pdf,OTHER THAN SHOP MATERIALS,2,3/4,"90° Elb, ASME B16.11, ASTM A182 Gr.F304L, 3000 Lbs, NPTF Ends, Annealed,",C7BP5GGV,5.0,6820-R2-67374-01,6820,
6820-R2-67374-01_EPCL-SS01_0..pdf,OTHER THAN SHOP MATERIALS,3,3/4,"THD Flg, ASME B16.5, ASTM A182 Gr.F304L, 300 Lbs, RF/NPTF End, Annealed,",C7W2U48S,1.0,6820-R2-67374-01,6820,
6820-R2-67374-01_EPCL-SS01_0..pdf,OTHER THAN SHOP MATERIALS,4,3/4,"THD Flg, ASME B16.5, ASTM A182 Gr.F304L, 150 Lbs, RF/NPTF End, Annealed,",C7W2U48K,4.0,6820-R2-67374-01,6820,
6820-R2-67374-01_EPCL-SS01_0..pdf,OTHER THAN SHOP MATERIALS,5,3/4,"NM Flat Gk, Barium Sulfate filled PTFE, 300 Lbs, RF as per ASME B16.5, Full Face, Thk=1/8in, -,",C7W3AL3K,1.0,6820-R2-67374-01,6820,
6820-R2-67374-01_EPCL-SS01_0..pdf,OTHER THAN SHOP MATERIALS,6,3/4,"NM Flat Gk, Barium Sulfate filled PTFE, 150 Lbs, RF as per ASME B16.5, Full Face, Thk=1/8in, -,",C7CT1ZFG,2.0,6820-R2-67374-01,6820,
6820-R2-67374-01_EPCL-SS01_0..pdf,OTHER THAN SHOP MATERIALS,7,5/8,"SBlt 2 HHx N, A193 Gr.B7/A194 Gr.2H, -, Xylan PTFE Coated, - 3 in. Length",C6S4K88N,4.0,6820-R2-67374-01,6820,
6820-R2-67374-01_EPCL-SS01_0..pdf,OTHER THAN SHOP MATERIALS,8,1/2,"SBlt 2 HHx N, A193 Gr.B7/A194 Gr.2H, -, Xylan PTFE Coated, - 2.75 in. Length",C6S4K87U,8.0,6820-R2-67374-01,6820,
6820-R2-67374-01_EPCL-SS01_0..pdf,PIPE SUPPORTS,9,3/4,PS201-0.75-S,PS201,4.0,6820-R2-67374-01,6820,
6820-R2-67374-01_EPCL-SS01_0..pdf,PIPE SUPPORTS,10,3/4,PS709-A-16.52-12,PS709,2.0,6820-R2-67374-01,6820,
6820-R2-67374-01_EPCL-SS01_0..pdf,PIPE SUPPORTS,11,3/4,PS433-0.75,PS433,4.0,6820-R2-67374-01,6820,
6820-R2-67374-01_EPCL-SS01_0..pdf,PIPE SUPPORTS,12,3/4,"PS709-A-16.52-6 TYPE: INSUL THK: SHOP: FIELD: PAINT CODE: MODULE: L Per LDT Per LDT N Y Per LDT - P&ID: 202998C-001-PID-0021-0332 UNIT#: EWP AREA: SPEC: STRESS CALC #: 6800 6820 EPCL-SS01 - LINE No. 0.75""-R2-67374-EPCL-SS01-N Battleground DRAWING NUMBER REV. 6820-R2-67374-01 *6820-R2-67374-01*",PS709,2.0,6820-R2-67374-01,6820,
6820-R2-67375-01_EPCW-CS01_0..pdf,OTHER THAN SHOP MATERIALS,2,1/2,"SBlt 2 HHx N, A193 Gr.B7/A194 Gr.2H, -, Xylan PTFE Coated, - 3 in. Length",C6S4K87V,4.0,6820-R2-67375-01,6820,
6820-R2-67376-01_EPCW-CS01_0..pdf,OTHER THAN SHOP MATERIALS,1,1,"Pipes, Seamless, ASME B36.10, ASTM ' A106 Gr.B, NPTM Ends, w/ coupling, -, S-XS",CEZCLUC,0.3,6820-R2-67376-01,6820,
6820-R2-67376-01_EPCW-CS01_0..pdf,OTHER THAN SHOP MATERIALS,2,1,"Plug, Solid Round Head Type, ASME B16.11, ASTM A105N, NPTM End, -,",CBBPLK4,1.0,6820-R2-67376-01,6820,
6820-R2-67376-01_EPCW-CS01_0..pdf,OTHER THAN SHOP MATERIALS,3,1,"THD Flg, ASME B16.5, ASTM A105N, 300 Lbs, RF/NPTF End, -,",CFG8U743,1.0,6820-R2-67376-01,6820,
6820-R2-67376-01_EPCW-CS01_0..pdf,OTHER THAN SHOP MATERIALS,4,1,"NM Flat Gk, Barium Sulfate filled PTFE, 300 Lbs, RF as per ASME B16.5, Full Face, Thk=1/8in, -,",C7W3AL3L,1.0,6820-R2-67376-01,6820,
6820-R2-67376-01_EPCW-CS01_0..pdf,OTHER THAN SHOP MATERIALS,5,5/8,"SBlt 2 HHx N, A193 Gr.B7/A194 Gr.2H, -, Xylan PTFE Coated, - 3 in. Length",C6S4K88N,4.0,6820-R2-67376-01,6820,
6820-R2-67376-01_EPCW-CS01_0..pdf,OTHER THAN SHOP MATERIALS,6,1,"Gat Fem, API 602, ASTM A105N,800 Lbs, NPTF Ends, HO,-, Valve Tag: GA-0120 TYPE: INSUL THK: SHOP: FIELD: PAINT CODE: MODULE: V Per LDT Per LDT N Y Per LDT - P&ID: 202998C-001-PID-0021-0327 UNIT#: EWP AREA: SPEC: STRESS CALC #: 6800 6820 EPCW-CS01 - LINE No. 1""-R2-67376-EPCW-CS01-N Battleground DRAWING NUMBER REV. 6820-R2-67376-01 *6820-R2-67376-01*",C76SPABV,1.0,6820-R2-67376-01,6820,
6820-R2-67377-01_SLPG-CS01_0..pdf,OTHER THAN SHOP MATERIALS,2,1/2,"SBlt 2 HHx N, A193 Gr.B7/A194 Gr.2H, -, Xylan PTFE Coated, - 3 in. Length",C6S4K87V,4.0,6820-R2-67377-01,6820,
6820-R2-67379-01_SCXL-CS01_0..pdf,OTHER THAN SHOP MATERIALS,5,1,"NM Flat Gk, Barium Sulfate filled PTFE, 150 Lbs, RF as per ASME B16.5, Full Face, Thk=1/8in, -,",C7CT1ZFH,1.0,6820-R2-67379-01,6820,
6820-R2-67379-01_SCXL-CS01_0..pdf,OTHER THAN SHOP MATERIALS,6,1/2,"SBlt 2 HHx N, A193 Gr.B7/A194 Gr.2H, -, Xylan PTFE Coated, - 2.75 in. Length",C6S4K87U,4.0,6820-R2-67379-01,6820,
6820-R2-67379-01_SCXL-CS01_0..pdf,PIPE SUPPORTS,7,1,PS709-A-23.36-17,PS709,1.0,6820-R2-67379-01,6820,
6820-R2-67379-01_SCXL-CS01_0..pdf,PIPE SUPPORTS,8,1,PS433-1,PS433,4.0,6820-R2-67379-01,6820,
6820-R2-67379-01_SCXL-CS01_0..pdf,PIPE SUPPORTS,9,1,PS201-1,PS201,2.0,6820-R2-67379-01,6820,
6820-R2-67379-01_SCXL-CS01_0..pdf,PIPE SUPPORTS,10,1,PS709-A-19.86-12,PS709,1.0,6820-R2-67379-01,6820,
6820-R2-67380-01_SIPG-CS01_0..pdf,OTHER THAN SHOP MATERIALS,5,3/4,"SBlt 2 HHx N, A193 Gr.B7/A194 Gr.2H, -, Xylan PTFE Coated, - 3.5 in. Length",C6S4K8B9,8.0,6820-R2-67380-01,6820,
6820-R2-67380-02_SIPG-CS01_0..pdf,OTHER THAN SHOP MATERIALS,5,3/4,"SBlt 2 HHx N, A193 Gr.B7/A194 Gr.2H, -, Xylan PTFE Coated, - 3.5 in. Length",C6S4K8B9,8.0,6820-R2-67380-02,6820,
6820-R2-67380-03_SIPG-CS01_0..pdf,OTHER THAN SHOP MATERIALS,1,3/4,"Nipple, ASTM A106 Gr.B, PE/NPTM End, L = 3in, -, S-XS",C12GGPSR,1.0,6820-R2-67380-03,6820,
6820-R2-67380-03_SIPG-CS01_0..pdf,OTHER THAN SHOP MATERIALS,2,3/4,"Plug, Solid Round Head Type, ASME B16.11, ASTM A105N, NPTM End, -,",CBBPLK3,1.0,6820-R2-67380-03,6820,
6820-R2-67380-03_SIPG-CS01_0..pdf,OTHER THAN SHOP MATERIALS,3,3/4,"SW Flg, ASME B16.5, ASTM A105N, 300 Lbs, RF/SW End, -, x S-XS",CFG70GLP,1.0,6820-R2-67380-03,6820,
6820-R2-67380-03_SIPG-CS01_0..pdf,OTHER THAN SHOP MATERIALS,4,3/4,"SW Gk, AISI 304/Graphite, 300 Lbs, RF as per ASME B16.5, Thk=1/8in, -, -,",CGKFEG5U,1.0,6820-R2-67380-03,6820,
6820-R2-67380-03_SIPG-CS01_0..pdf,OTHER THAN SHOP MATERIALS,5,5/8,"SBlt 2 HHx N, A193 Gr.B7/A194 Gr.2H, -, Xylan PTFE Coated, - 3 in. Length",C6S4K88N,4.0,6820-R2-67380-03,6820,
6820-R2-67380-03_SIPG-CS01_0..pdf,OTHER THAN SHOP MATERIALS,6,3/4,"Gat Fem, API 602, ASTM A105N,800 Lbs, NPTF Ends, HO,-, Valve Tag: VG-7 TYPE: INSUL THK: SHOP: FIELD: PAINT CODE: MODULE: L Per LDT Per LDT Y Y Per LDT - P&ID: 202998C-001-PID-0021-0320 UNIT#: EWP AREA: SPEC: STRESS CALC #: 6800 6820 SIPG-CS01 - LINE No. 0.75""-R2-67380-SIPG-CS01-P Battleground DRAWING NUMBER REV. 6820-R2-67380-03 *6820-R2-67380-03*",C80U8UAZ,1.0,6820-R2-67380-03,6820,
6820-R2-67380-04_SIPG-CS01_0..pdf,OTHER THAN SHOP MATERIALS,1,3/4,"Nipple, ASTM A106 Gr.B, PE/NPTM End, L = 3in, -, S-XS",C12GGPSR,1.0,6820-R2-67380-04,6820,
6820-R2-67380-04_SIPG-CS01_0..pdf,OTHER THAN SHOP MATERIALS,2,3/4,"Plug, Solid Round Head Type, ASME B16.11, ASTM A105N, NPTM End, -,",CBBPLK3,1.0,6820-R2-67380-04,6820,
6820-R2-67380-04_SIPG-CS01_0..pdf,OTHER THAN SHOP MATERIALS,3,3/4,"SW Flg, ASME B16.5, ASTM A105N, 300 Lbs, RF/SW End, -, x S-XS",CFG70GLP,1.0,6820-R2-67380-04,6820,
6820-R2-67380-04_SIPG-CS01_0..pdf,OTHER THAN SHOP MATERIALS,4,3/4,"SW Gk, AISI 304/Graphite, 300 Lbs, RF as per ASME B16.5, Thk=1/8in, -, -,",CGKFEG5U,1.0,6820-R2-67380-04,6820,
6820-R2-67380-04_SIPG-CS01_0..pdf,OTHER THAN SHOP MATERIALS,5,5/8,"SBlt 2 HHx N, A193 Gr.B7/A194 Gr.2H, -, Xylan PTFE Coated, - 3 in. Length",C6S4K88N,4.0,6820-R2-67380-04,6820,
6820-R2-67380-04_SIPG-CS01_0..pdf,OTHER THAN SHOP MATERIALS,6,3/4,"Gat Fem, API 602, ASTM A105N,800 Lbs, NPTF Ends, HO,-, Valve Tag: VG-7 TYPE: INSUL THK: SHOP: FIELD: PAINT CODE: MODULE: L Per LDT Per LDT Y Y Per LDT - P&ID: 202998C-001-PID-0021-0320 UNIT#: EWP AREA: SPEC: STRESS CALC #: 6800 6820 SIPG-CS01 - LINE No. 0.75""-R2-67380-SIPG-CS01-P Battleground DRAWING NUMBER REV. 6820-R2-67380-04 *6820-R2-67380-04*",C80U8UAZ,1.0,6820-R2-67380-04,6820,
6820-R2-67381-01_EPCW-CS01_0..pdf,OTHER THAN SHOP MATERIALS,5,1/2,"SBlt 2 HHx N, A193 Gr.B7/A194 Gr.2H, -, Xylan PTFE Coated, - 3 in. Length",C6S4K87V,16.0,6820-R2-67381-01,6820,
6820-R2-67381-02_EPCW-CS01_0..pdf,OTHER THAN SHOP MATERIALS,4,1/2,"SBlt 2 HHx N, A193 Gr.B7/A194 Gr.2H, -, Xylan PTFE Coated, - 3 in. Length",C6S4K87V,12.0,6820-R2-67381-02,6820,
6820-R2-67381-03_EPCW-CS01_0..pdf,OTHER THAN SHOP MATERIALS,1,3/4,"Nipple, ASTM A106 Gr.B, NPTM Ends, L = 3in, -, S-XS",C2KV10X,1.0,6820-R2-67381-03,6820,
6820-R2-67381-03_EPCW-CS01_0..pdf,OTHER THAN SHOP MATERIALS,2,3/4,"Plug, Solid Round Head Type, ASME B16.11, ASTM A105N, NPTM End, -,",CBBPLK3,1.0,6820-R2-67381-03,6820,
6820-R2-67381-03_EPCW-CS01_0..pdf,OTHER THAN SHOP MATERIALS,3,3/4,"THD Flg, ASME B16.5, ASTM A105N, 150 Lbs, RF/NPTF End, -,",CFG8U73X,1.0,6820-R2-67381-03,6820,
6820-R2-67381-03_EPCW-CS01_0..pdf,OTHER THAN SHOP MATERIALS,4,3/4,"NM Flat Gk, Barium Sulfate filled PTFE, 150 Lbs, RF as per ASME B16.5, Full Face, Thk=1/8in, -,",C7CT1ZFG,1.0,6820-R2-67381-03,6820,
6820-R2-67381-03_EPCW-CS01_0..pdf,OTHER THAN SHOP MATERIALS,5,1/2,"SBlt 2 HHx N, A193 Gr.B7/A194 Gr.2H, -, Xylan PTFE Coated, - 2.75 in. Length",C6S4K87U,4.0,6820-R2-67381-03,6820,
6820-R2-67381-03_EPCW-CS01_0..pdf,OTHER THAN SHOP MATERIALS,6,3/4,"Gat Fem, API 602, ASTM A105N,800 Lbs, NPTF Ends, HO,-, Valve Tag: GA-0120 TYPE: INSUL THK: SHOP: FIELD: PAINT CODE: MODULE: L Per LDT Per LDT N Y Per LDT - P&ID: 202998C-001-PID-0021-0326 UNIT#: EWP AREA: SPEC: STRESS CALC #: 6800 6820 EPCW-CS01 - LINE No. 0.75""-R2-67381-EPCW-CS01-P Battleground DRAWING NUMBER REV. 6820-R2-67381-03 *6820-R2-67381-03*",C76SPABU,1.0,6820-R2-67381-03,6820,
6820-R2-67381-04_EPCW-CS01_0..pdf,OTHER THAN SHOP MATERIALS,1,3/4,"Nipple, ASTM A106 Gr.B, NPTM Ends, L = 3in, -, S-XS",C2KV10X,1.0,6820-R2-67381-04,6820,
6820-R2-67381-04_EPCW-CS01_0..pdf,OTHER THAN SHOP MATERIALS,2,3/4,"Plug, Solid Round Head Type, ASME B16.11, ASTM A105N, NPTM End, -,",CBBPLK3,1.0,6820-R2-67381-04,6820,
6820-R2-67381-04_EPCW-CS01_0..pdf,OTHER THAN SHOP MATERIALS,3,3/4,"THD Flg, ASME B16.5, ASTM A105N, 150 Lbs, RF/NPTF End, -,",CFG8U73X,1.0,6820-R2-67381-04,6820,
6820-R2-67381-04_EPCW-CS01_0..pdf,OTHER THAN SHOP MATERIALS,4,3/4,"NM Flat Gk, Barium Sulfate filled PTFE, 150 Lbs, RF as per ASME B16.5, Full Face, Thk=1/8in, -,",C7CT1ZFG,1.0,6820-R2-67381-04,6820,
6820-R2-67381-04_EPCW-CS01_0..pdf,OTHER THAN SHOP MATERIALS,5,1/2,"SBlt 2 HHx N, A193 Gr.B7/A194 Gr.2H, -, Xylan PTFE Coated, - 2.75 in. Length",C6S4K87U,4.0,6820-R2-67381-04,6820,
6820-R2-67381-04_EPCW-CS01_0..pdf,OTHER THAN SHOP MATERIALS,6,3/4,"Gat Fem, API 602, ASTM A105N,800 Lbs, NPTF Ends, HO,-, Valve Tag: GA-0120 TYPE: INSUL THK: SHOP: FIELD: PAINT CODE: MODULE: L Per LDT Per LDT N Y Per LDT - P&ID: 202998C-001-PID-0021-0326 UNIT#: EWP AREA: SPEC: STRESS CALC #: 6800 6820 EPCW-CS01 - LINE No. 0.75""-R2-67381-EPCW-CS01-P Battleground DRAWING NUMBER REV. 6820-R2-67381-04 *6820-R2-67381-04*",C76SPABU,1.0,6820-R2-67381-04,6820,
6820-R2-67382-01_SIPG-CS01_0..pdf,OTHER THAN SHOP MATERIALS,7,3/4,"SBlt 2 HHx N, A193 Gr.B7/A194 Gr.2H, -, Xylan PTFE Coated, - 3.5 in. Length",C6S4K8B9,4.0,6820-R2-67382-01,6820,
6820-R2-67382-01_SIPG-CS01_0..pdf,OTHER THAN SHOP MATERIALS,8,3/4,"SBlt 2 HHx N, A193 Gr.B7/A194 Gr.2H, -, Xylan PTFE Coated, - 5.75 in. Length",C6S4K8BJ,4.0,6820-R2-67382-01,6820,
6820-U2-75003-01_EPCL-SS01_0..pdf,OTHER THAN SHOP MATERIALS,6,8,"NM Flat Gk, Barium Sulfate filled PTFE, 150 Lbs, RF as per ASME B16.5, Full Face, Thk=1/8in, -,",C7CT1ZG2,2.0,,,
6820-U2-75003-01_EPCL-SS01_0..pdf,OTHER THAN SHOP MATERIALS,7,3/4,"SBlt 2 HHx N, A193 Gr.B7/A194 Gr.2H, -, Xylan PTFE Coated, - 4.5 in. Length",C6S4K8BD,16.0,,,
6820-U2-75003-01_EPCL-SS01_0..pdf,OTHER THAN SHOP MATERIALS,8,8,"Plug Flg,SP, Tapered Plug, Non Lubricated, API 599, ASTM A351 Gr.CF8M, 150 Lbs, RF, Ends as per ASME B16.5, -, GO,-, -, Valve Tag: PL-0548",C6SDVYKY,1.0,,,
6820-U2-75003-01_EPCL-SS01_0..pdf,PIPE SUPPORTS,9,8,PS405-2A-32-31.11-8.12,PS405,1.0,,,
6820-U2-75003-01_EPCL-SS01_0..pdf,PIPE SUPPORTS,10,8,PS401-3-20.35-2,PS401,1.0,,,
6820-U2-75003-01_EPCL-SS01_0..pdf,PIPE SUPPORTS,11,8,PS204-8,PS204,1.0,,,
6820-U2-75003-02_EPCL-SS01_0..pdf,OTHER THAN SHOP MATERIALS,8,1,"Nipple, ASTM A312 Gr.TP304L, NPTM Ends, L = 3in, -, S-80S",CEZMKL0,1.0,,,
6820-U2-75003-02_EPCL-SS01_0..pdf,OTHER THAN SHOP MATERIALS,9,1,"THD Flg, ASME B16.5, ASTM A182 Gr.F304L, 150 Lbs, RF/NPTF End, Annealed,",C7W2U48L,1.0,,,
6820-U2-75003-02_EPCL-SS01_0..pdf,OTHER THAN SHOP MATERIALS,10,8,"NM Flat Gk, Barium Sulfate filled PTFE, 150 Lbs, RF as per ASME B16.5, Full Face, Thk=1/8in, -,",C7CT1ZG2,1.0,,,
6820-U2-75003-02_EPCL-SS01_0..pdf,OTHER THAN SHOP MATERIALS,11,1,"NM Flat Gk, Barium Sulfate filled PTFE, 150 Lbs, RF as per ASME B16.5, Full Face, Thk=1/8in, -,",C7CT1ZFH,2.0,,,
6820-U2-75003-02_EPCL-SS01_0..pdf,OTHER THAN SHOP MATERIALS,12,3/4,"SBlt 2 HHx N, A193 Gr.B7/A194 Gr.2H, -, Xylan PTFE Coated, - 4.5 in. Length",C6S4K8BD,8.0,,,
6820-U2-75003-02_EPCL-SS01_0..pdf,OTHER THAN SHOP MATERIALS,13,1/2,"SBlt 2 HHx N, A193 Gr.B7/A194 Gr.2H, -, Xylan PTFE Coated, - 2.75 in. Length",C6S4K87U,8.0,,,
6820-U2-75003-02_EPCL-SS01_0..pdf,OTHER THAN SHOP MATERIALS,14,1,"Plug Flg,SP, Tapered Plug, Non Lubricated, API 599, ASTM A351 Gr.CF8M, 150 Lbs, RF, Ends as per ASME B16.5, -, LO,-, -, Valve Tag: PL-0548",C76KHSRR,1.0,,,
6820-U2-75003-02_EPCL-SS01_0..pdf,OTHER THAN SHOP MATERIALS,15,1,"Bld Flg, ASME B16.5, ASTM A182 Gr.F304L, 150 Lbs, RF, Annealed,",C7W2U478,1.0,,,
