iso,ident,npd,total_qty
6820-R2-61007-01,PS204,10,1.0
6820-R2-61007-01,PS401,10,1.0
6820-R2-61019-01,PS206,8,1.0
6820-R2-61019-02,PS204,8,1.0
6820-R2-61019-02,PS219,8,1.0
6820-R2-61021-01,C6S4K8BR,3/4,8.0
6820-R2-61021-01,PS406,8,1.0
6820-R2-61021-01,PS433,8,1.0
6820-R2-61029-01,C7V61SDZ,10,1.0
6820-R2-61029-01,C9PNU7FL,7/8,12.0
6820-R2-61029-01,PS-NM122,10,1.0
6820-R2-61029-01,PS-NM130,10,1.0
6820-R2-61029-01,PS406,10,1.0
6820-R2-61029-01,PS435,10,1.0
6820-R2-61029-02,C6SWL10L,8,1.0
6820-R2-61029-02,C6SWL10P,2,1.0
6820-R2-61029-02,C7CT0CGV,5/8,8.0
6820-R2-61029-02,C7CT0CKJ,3/4,8.0
6820-R2-61029-02,C7V61SE4,2,2.0
6820-R2-61029-02,C7V61SEE,8,3.0
6820-R2-61029-02,C9PNU7C2,3/4,8.0
6820-R2-61029-02,C9PNU7E1,3/4,8.0
6820-R2-61029-02,PS-NM102,8,1.0
6820-R2-61029-02,PS-NM104,8,1.0
6820-R2-61029-02,PS-NM110,10,1.0
6820-R2-61029-02,PS407,10,1.0
6820-R2-61029-02,PS412,8,1.0
6820-R2-61029-03,C6SWL10L,8,1.0
6820-R2-61029-03,C6SWL10P,2,1.0
6820-R2-61029-03,C7CT0CGV,5/8,8.0
6820-R2-61029-03,C7CT0CKJ,3/4,8.0
6820-R2-61029-03,C7V61SE4,2,2.0
6820-R2-61029-03,C7V61SEE,8,3.0
6820-R2-61029-03,C9PNU7C2,3/4,8.0
6820-R2-61029-03,C9PNU7E1,3/4,8.0
6820-R2-61029-03,PS-NM104,8,1.0
6820-R2-61029-03,PS412,8,1.0
6820-R2-61060-01,C6SWL10L,8,1.0
6820-R2-61060-01,C6SWL10P,2,1.0
6820-R2-61060-01,C7CT0CGV,5/8,8.0
6820-R2-61060-01,C7CT0CKJ,3/4,8.0
6820-R2-61060-01,C7V61SE4,2,2.0
6820-R2-61060-01,C7V61SEE,8,3.0
6820-R2-61060-01,C9PNU7E1,3/4,16.0
6820-R2-61060-01,PS-NM104,8,1.0
6820-R2-61060-01,PS-NM107,8,1.0
6820-R2-61060-01,PS407,8,2.0
6820-R2-67001-01,C6S4K8BD,3/4,8.0
6820-R2-67001-01,C6S4K8BE,3/4,8.0
6820-R2-67001-01,C6SBWZF4,8,2.0
6820-R2-67001-01,C8P7NJK0,8,1.0
6820-R2-67001-01,PS406,8,1.0
6820-R2-67001-01,PS413,8,1.0
6820-R2-67001-01,PS430,8,2.0
6820-R2-67001-01,PS902,8,1.0
6820-R2-67001-02,C6S4K87F,1,2.0
6820-R2-67001-02,C6S4K87U,1/2,8.0
6820-R2-67001-02,C7T63YAU,1,1.0
6820-R2-67001-02,C8RR9V37,1,1.0
6820-R2-67001-02,PS206,8,1.0
6820-R2-67001-02,PS406,8,1.0
6820-R2-67001-03,C6S4K8BD,3/4,16.0
6820-R2-67001-03,C6SBWZF4,8,2.0
6820-R2-67001-03,PS412,8,1.0
6820-R2-67001-04,C6S4K87F,1,2.0
6820-R2-67001-04,C6S4K87U,1/2,8.0
6820-R2-67001-04,C7T63YAU,1,1.0
6820-R2-67001-04,C8RR9V37,1,1.0
6820-R2-67001-04,PS204,8,1.0
6820-R2-67001-04,PS206,8,1.0
6820-R2-67001-04,PS406,8,1.0
6820-R2-67001-05,C6S4K8BE,3/4,16.0
6820-R2-67001-05,C6SBWZF4,8,2.0
6820-R2-67001-05,C8P7NJK0,8,1.0
6820-R2-67001-06,C6S4K8BG,3/4,8.0
6820-R2-67001-06,C6SBWZF4,8,2.0
6820-R2-67006-01,PS209,4,1.0
6820-R2-67006-01,PS214,4,1.0
6820-R2-67006-02,PS214,4,2.0
6820-R2-67007-01,C6S4K8CX,7/8,12.0
6820-R2-67007-01,C7CX7CSU,8,1.0
6820-R2-67007-01,PS206,8,1.0
6820-R2-67007-01,PS406,8,1.0
6820-R2-67007-01,PS413,8,2.0
6820-R2-67007-03,C6S4K8BD,3/4,8.0
6820-R2-67007-03,C7CT1ZG2,8,1.0
6820-R2-67007-03,PS206,8,1.0
6820-R2-67007-03,PS406,8,1.0
6820-R2-67008-01,C6S4K88S,5/8,16.0
6820-R2-67008-01,C6S4K8BD,3/4,8.0
6820-R2-67008-01,C7CT1ZFZ,4,2.0
6820-R2-67008-01,C7CX7CSR,4,1.0
6820-R2-67008-01,C84KV7D0,4,1.0
6820-R2-67008-01,PS404,4,1.0
6820-R2-67008-02,PS204,4,2.0
6820-R2-67008-02,PS434,4,1.0
6820-R2-67008-03,C6S4K87V,1/2,4.0
6820-R2-67008-03,C6S4K88S,5/8,24.0
6820-R2-67008-03,C7CT1ZFZ,4,3.0
6820-R2-67008-03,C84KV7D0,4,1.0
6820-R2-67008-03,PS406,4,1.0
6820-R2-67008-03,PS431,4,1.0
6820-R2-67008-03,PS902,4,1.0
6820-R2-67008-04,C5PKSACZ,2,1.0
6820-R2-67008-04,C5PKSAD1,2,2.0
6820-R2-67008-04,CEZCLWH,2,20.7
6820-R2-67008-04,PS204,2,3.0
6820-R2-67008-04,PS719,2,3.0
6820-R2-67008-05,C56FCLX2,2,2.0
6820-R2-67008-05,C5PKSAD1,2,4.0
6820-R2-67008-05,C6S4K88R,5/8,8.0
6820-R2-67008-05,C7CT1ZFS,2,2.0
6820-R2-67008-05,C84KV7CX,2,1.0
6820-R2-67008-05,CEZCLWH,2,11.3
6820-R2-67008-05,PS205,2,1.0
6820-R2-67008-05,PS413,2,1.0
6820-R2-67008-05,PS434,2,1.0
6820-R2-67011-01,C56FCLX2,2,2.0
6820-R2-67011-01,C5PKSAD1,2,5.0
6820-R2-67011-01,C66PJZHA,2,1.0
6820-R2-67011-01,C6S4K88R,5/8,16.0
6820-R2-67011-01,C7CT1ZFS,2,2.0
6820-R2-67011-01,C7CX7CSL,2,1.0
6820-R2-67011-01,C84KV7CX,2,1.0
6820-R2-67011-01,CEZCLWH,2,23.8
6820-R2-67011-01,PS204,2,3.0
6820-R2-67011-01,PS206,2,1.0
6820-R2-67011-01,PS434,2,4.0
6820-R2-67011-01,PS902,2,1.0
6820-R2-67012-01,C6S4K87F,1,3.0
6820-R2-67012-01,C6S4K87U,1/2,12.0
6820-R2-67012-01,C76KHSRR,1,2.0
6820-R2-67012-01,PS201,1,1.0
6820-R2-67012-01,PS433,1,2.0
6820-R2-67012-01,PS709,1,1.0
6820-R2-67012-01,PS719,1,1.0
6820-R2-67012-02,PS201,1,2.0
6820-R2-67012-02,PS212,1,1.0
6820-R2-67012-02,PS433,1,1.0
6820-R2-67012-02,PS709,1,1.0
6820-R2-67013-01,C7SMNYW4,10,1.0
6820-R2-67013-01,PS203,12,1.0
6820-R2-67013-01,PS433,12,1.0
6820-R2-67014-01,PS212,1,1.0
6820-R2-67014-01,PS213,1,1.0
6820-R2-67014-02,PS433,1,2.0
6820-R2-67014-02,PS709,1,1.0
6820-R2-67014-02,PS719,1,1.0
6820-R2-67014-03,PS201,1,1.0
6820-R2-67014-03,PS212,1,1.0
6820-R2-67014-03,PS213,1,1.0
6820-R2-67014-03,PS433,1,3.0
6820-R2-67014-03,PS709,1,5.0
6820-R2-67017-01,C56FCLX2,2,1.0
6820-R2-67017-01,C5PKSAD1,2,5.0
6820-R2-67017-01,C6S4K88R,5/8,4.0
6820-R2-67017-01,C7CT1ZFS,2,1.0
6820-R2-67017-01,CEZCLWH,2,32.0
6820-R2-67017-01,PS101,2,3.0
6820-R2-67017-01,PS205,2,1.0
6820-R2-67017-01,PS709,2,1.0
6820-R2-67017-01,PS719,2,1.0
6820-R2-67017-02,C5PKSAD1,2,3.0
6820-R2-67017-02,C66PJZHA,2,1.0
6820-R2-67017-02,C6S4K88R,5/8,8.0
6820-R2-67017-02,C7CX7CSL,2,1.0
6820-R2-67017-02,CEZCLWH,2,24.1
6820-R2-67017-02,PS101,2,3.0
6820-R2-67017-02,PS204,2,1.0
6820-R2-67017-02,PS719,2,3.0
6820-R2-67018-01,C6S4K8BC,3/4,8.0
6820-R2-67018-01,C6S4K8BF,3/4,12.0
6820-R2-67018-01,C76SPABV,1,1.0
6820-R2-67018-01,C7CX7CSN,3,1.0
6820-R2-67018-01,C7CX7CST,6,1.0
6820-R2-67018-01,CBBPLK4,1,1.0
6820-R2-67018-01,PS209,6,1.0
6820-R2-67018-01,PS219,6,1.0
6820-R2-67018-01,PS407,6,1.0
6820-R2-67018-01,PS413,6,1.0
6820-R2-67018-02,C6S4K8B9,3/4,4.0
6820-R2-67018-02,C6S4K8BC,3/4,4.0
6820-R2-67018-02,C76SPABV,1,1.0
6820-R2-67018-02,CBBPLK4,1,1.0
6820-R2-67018-03,C6S4K8BF,3/4,24.0
6820-R2-67018-03,C76SPABV,1,1.0
6820-R2-67018-03,C7CX7CST,6,2.0
6820-R2-67018-03,C99ZZ9E8,6,1.0
6820-R2-67018-03,CBBPLK4,1,1.0
6820-R2-67018-03,PS209,6,1.0
6820-R2-67018-03,PS214,6,1.0
6820-R2-67018-03,PS219,6,1.0
6820-R2-67018-04,C6S4K8BF,3/4,24.0
6820-R2-67018-04,C7CX7CST,6,2.0
6820-R2-67018-04,C99ZZ9EJ,6,1.0
6820-R2-67018-04,PS204,6,1.0
6820-R2-67018-05,PS204,6,3.0
6820-R2-67018-05,PS206,6,1.0
6820-R2-67018-05,PS406,6,2.0
6820-R2-67018-06,C6S4K8BF,3/4,24.0
6820-R2-67018-06,C76SPABV,1,1.0
6820-R2-67018-06,C7CX7CST,6,2.0
6820-R2-67018-06,C99ZZ9EJ,6,1.0
6820-R2-67018-06,CBBPLK4,1,1.0
6820-R2-67018-06,PS209,6,1.0
6820-R2-67018-06,PS214,6,1.0
6820-R2-67018-07,C6S4K8BF,3/4,12.0
6820-R2-67018-07,C76SPABV,1,1.0
6820-R2-67018-07,C7CX7CST,6,1.0
6820-R2-67018-07,CBBPLK4,1,1.0
6820-R2-67018-07,PS204,6,1.0
6820-R2-67018-07,PS206,6,1.0
6820-R2-67018-07,PS407,6,1.0
6820-R2-67019-01,C6S4K87U,1/2,4.0
6820-R2-67019-01,C76KFFTD,1,6.6
6820-R2-67019-01,C7BP51NV,1,1.0
6820-R2-67019-01,C7BP5GGW,1,3.0
6820-R2-67019-01,C7CT1ZFH,1,1.0
6820-R2-67019-01,C7W2U48L,1,1.0
6820-R2-67019-01,PS206,1,1.0
6820-R2-67019-01,PS406,1,1.0
6820-R2-67019-01,PS430,1,1.0
6820-R2-67020-01,C6S4K87R,6,1.0
6820-R2-67020-01,C6S4K8BD,3/4,8.0
6820-R2-67020-01,C6S4K8CU,7/8,24.0
6820-R2-67020-01,C6SBWZET,10,2.0
6820-R2-67020-01,C99ZZ9D7,10,1.0
6820-R2-67020-01,PS214,10,1.0
6820-R2-67020-01,PS219,10,1.0
6820-R2-67020-02,C6S4K87E,6,1.0
6820-R2-67020-02,C6S4K87R,6,2.0
6820-R2-67020-02,C6S4K8BD,3/4,12.0
6820-R2-67020-02,C6S4K8BE,3/4,8.0
6820-R2-67020-02,PS209,6,1.0
6820-R2-67020-02,PS214,6,1.0
6820-R2-67020-02,PS218,6,1.0
6820-R2-67020-03,C6S4K87F,1,2.0
6820-R2-67020-03,C6S4K87U,1/2,8.0
6820-R2-67020-03,C7T63YAU,1,1.0
6820-R2-67020-03,C99ZZ9D2,1,1.0
6820-R2-67021-01,C6S4K87C,4,2.0
6820-R2-67021-01,C6S4K87F,1,4.0
6820-R2-67021-01,C6S4K87U,1/2,16.0
6820-R2-67021-01,C6S4K8BB,3/4,16.0
6820-R2-67021-01,C6S4K8BF,3/4,16.0
6820-R2-67021-01,C6SBWZF4,8,2.0
6820-R2-67021-01,C7T63YAU,1,2.0
6820-R2-67021-01,C99ZZ9D2,1,2.0
6820-R2-67021-02,C6S4K87F,1,2.0
6820-R2-67021-02,C6S4K87U,1/2,8.0
6820-R2-67021-02,C6S4K8BE,3/4,16.0
6820-R2-67021-02,C6SBWZF4,8,2.0
6820-R2-67021-02,C7T63YAU,1,1.0
6820-R2-67021-02,C8YJYLYU,8,1.0
6820-R2-67021-02,C99ZZ9D2,1,1.0
6820-R2-67021-02,PS209,8,1.0
6820-R2-67021-02,PS218,8,1.0
6820-R2-67021-02,PS407,8,1.0
6820-R2-67021-02,PS413,8,1.0
6820-R2-67021-03,C6S4K87F,1,2.0
6820-R2-67021-03,C6S4K87U,1/2,8.0
6820-R2-67021-03,C6S4K8BE,3/4,16.0
6820-R2-67021-03,C6SBWZF4,8,2.0
6820-R2-67021-03,C7T63YAU,1,1.0
6820-R2-67021-03,C99ZZ9D2,1,1.0
6820-R2-67021-03,C99ZZ9DB,8,1.0
6820-R2-67021-04,C6S4K87F,1,2.0
6820-R2-67021-04,C6S4K87U,1/2,8.0
6820-R2-67021-04,C7T63YAU,1,1.0
6820-R2-67021-04,C99ZZ9D2,1,1.0
6820-R2-67021-04,PS204,8,1.0
6820-R2-67021-04,PS407,8,1.0
6820-R2-67021-05,C6S4K87J,2,3.0
6820-R2-67021-05,C6S4K88P,5/8,4.0
6820-R2-67021-05,C6S4K894,5/8,4.0
6820-R2-67021-05,C99ZZ9D4,2,1.0
6820-R2-67022-01,C6S4K87C,4,1.0
6820-R2-67022-01,C6S4K87F,1,2.0
6820-R2-67022-01,C6S4K87U,1/2,8.0
6820-R2-67022-01,C6S4K8BB,3/4,8.0
6820-R2-67022-01,C7T63YAU,1,1.0
6820-R2-67022-01,C99ZZ9D2,1,1.0
6820-R2-67022-03,C6S4K87F,1,2.0
6820-R2-67022-03,C6S4K87U,1/2,8.0
6820-R2-67022-03,C6S4K8BE,3/4,8.0
6820-R2-67022-03,C6S4K8BF,3/4,8.0
6820-R2-67022-03,C6SBWZF4,8,2.0
6820-R2-67022-03,C7T63YAU,1,1.0
6820-R2-67022-03,C99ZZ9D2,1,1.0
6820-R2-67022-03,PS209,8,1.0
6820-R2-67022-03,PS218,8,1.0
6820-R2-67022-03,PS407,8,1.0
6820-R2-67022-03,PS413,8,1.0
6820-R2-67022-04,C6S4K87F,1,2.0
6820-R2-67022-04,C6S4K87U,1/2,8.0
6820-R2-67022-04,C6S4K8BE,3/4,16.0
6820-R2-67022-04,C6SBWZF4,8,2.0
6820-R2-67022-04,C7T63YAU,1,1.0
6820-R2-67022-04,C8YJYLYU,8,1.0
6820-R2-67022-04,C99ZZ9D2,1,1.0
6820-R2-67022-05,C15RCMLV,1,1.0
6820-R2-67022-05,C6S4K87F,1,2.0
6820-R2-67022-05,C6S4K87U,1/2,8.0
6820-R2-67022-05,C6S4K8BE,3/4,8.0
6820-R2-67022-05,C6SBWZF4,8,1.0
6820-R2-67022-05,C7T63YAU,1,1.0
6820-R2-67022-05,C99ZZ9D2,1,1.0
6820-R2-67022-05,C99ZZ9DB,8,1.0
6820-R2-67022-05,PS204,8,1.0
6820-R2-67022-05,PS407,8,1.0
6820-R2-67022-06,C6S4K87N,4,2.0
6820-R2-67022-06,C6S4K88T,5/8,16.0
6820-R2-67022-06,C99ZZ9D9,4,1.0
6820-R2-67022-06,PS204,4,1.0
6820-R2-67022-06,PS434,4,2.0
6820-R2-67022-07,PS204,8,1.0
6820-R2-67022-07,PS206,8,1.0
6820-R2-67022-07,PS406,8,1.0
6820-R2-67022-07,PS902,8,1.0
6820-R2-67022-08,PS204,8,4.0
6820-R2-67022-08,PS206,8,1.0
6820-R2-67022-09,C6S4K87F,1,2.0
6820-R2-67022-09,C6S4K87U,1/2,8.0
6820-R2-67022-09,C7T63YAU,1,1.0
6820-R2-67022-09,C99ZZ9D2,1,1.0
6820-R2-67022-09,PS209,8,1.0
6820-R2-67022-09,PS214,8,1.0
6820-R2-67022-10,C6S4K87F,1,2.0
6820-R2-67022-10,C6S4K87U,1/2,8.0
6820-R2-67022-10,C6S4K8BE,3/4,16.0
6820-R2-67022-10,C6SBWZF4,8,2.0
6820-R2-67022-10,C7T63YAU,1,1.0
6820-R2-67022-10,C99ZZ9D2,1,1.0
6820-R2-67022-10,C99ZZ9DB,8,1.0
6820-R2-67022-10,PS209,8,1.0
6820-R2-67022-10,PS214,8,1.0
6820-R2-67022-11,C6S4K87F,1,2.0
6820-R2-67022-11,C6S4K87R,6,1.0
6820-R2-67022-11,C6S4K87U,1/2,8.0
6820-R2-67022-11,C6S4K8BC,3/4,8.0
6820-R2-67022-11,C6S4K8BF,3/4,8.0
6820-R2-67022-11,C6SBWZF4,8,1.0
6820-R2-67022-11,C7T63YAU,1,1.0
6820-R2-67022-11,C99ZZ9D2,1,1.0
6820-R2-67022-12,C6S4K87J,2,3.0
6820-R2-67022-12,C6S4K88P,5/8,4.0
6820-R2-67022-12,C6S4K894,5/8,4.0
6820-R2-67022-12,C99ZZ9D4,2,1.0
6820-R2-67023-01,C6S4K87F,1,2.0
6820-R2-67023-01,C6S4K87U,1/2,8.0
6820-R2-67023-01,C7T63YAU,1,1.0
6820-R2-67023-01,C8RR9V37,1,1.0
6820-R2-67023-01,PS204,4,1.0
6820-R2-67023-01,PS206,4,1.0
6820-R2-67023-01,PS406,4,1.0
6820-R2-67023-02,C6S4K87N,4,1.0
6820-R2-67023-02,C6S4K88T,5/8,8.0
6820-R2-67024-01,C6S4K87F,1,1.0
6820-R2-67024-01,C6S4K87R,6,1.0
6820-R2-67024-01,C6S4K87U,1/2,4.0
6820-R2-67024-01,C6S4K8BC,3/4,8.0
6820-R2-67024-01,C6SBWZF1,24,1.0
6820-R2-67024-02,PS203,24,1.0
6820-R2-67024-02,PS432,24,2.0
6820-R2-67024-02,PS907,24,1.0
6820-R2-67025-01,C6S4K8CU,7/8,12.0
6820-R2-67025-01,C6S4K8CV,7/8,12.0
6820-R2-67025-01,C6SBWZET,10,2.0
6820-R2-67025-01,PS204,10,1.0
6820-R2-67025-01,PS206,10,1.0
6820-R2-67025-02,C6S4K87F,1,2.0
6820-R2-67025-02,C6S4K87U,1/2,8.0
6820-R2-67025-02,C6S4K8CU,7/8,24.0
6820-R2-67025-02,C6SBWZET,10,2.0
6820-R2-67025-02,C8P7NJJW,10,1.0
6820-R2-67025-02,C8RR9V37,1,1.0
6820-R2-67025-02,PS219,10,1.0
6820-R2-67025-02,PS401,10,1.0
6820-R2-67025-03,C6S4K8BE,3/4,16.0
6820-R2-67025-03,C6SBWZF4,8,2.0
6820-R2-67025-03,C8P7NJK0,8,1.0
6820-R2-67025-03,PS219,10,1.0
6820-R2-67025-04,PS206,10,1.0
6820-R2-67025-04,PS219,10,1.0
6820-R2-67025-04,PS407,10,1.0
6820-R2-67040-01,C6S4K87F,1,2.0
6820-R2-67040-01,C6S4K87U,1/2,8.0
6820-R2-67040-01,C6S4K8BE,3/4,8.0
6820-R2-67040-01,C6SBWZF4,8,1.0
6820-R2-67040-01,C7T63YAU,1,1.0
6820-R2-67040-01,C8RR9V37,1,1.0
6820-R2-67040-01,PS214,8,1.0
6820-R2-67040-02,C6S4K8BE,3/4,16.0
6820-R2-67040-02,C6SBWZF4,8,2.0
6820-R2-67040-02,C8P7NJK0,8,1.0
6820-R2-67040-03,C6S4K87U,1/2,4.0
6820-R2-67040-03,PS204,8,1.0
6820-R2-67040-03,PS206,8,1.0
6820-R2-67040-03,PS407,8,1.0
6820-R2-67040-04,C6S4K8BE,3/4,8.0
6820-R2-67040-04,C6SBWZF4,8,1.0
6820-R2-67040-04,C8P7NJK0,8,1.0
6820-R2-67040-04,PS204,8,2.0
6820-R2-67040-04,PS401,8,1.0
6820-R2-67040-04,PS406,8,2.0
6820-R2-67040-05,C6S4K87F,1,2.0
6820-R2-67040-05,C6S4K87U,1/2,8.0
6820-R2-67040-05,C6S4K8BE,3/4,8.0
6820-R2-67040-05,C6SBWZF4,8,1.0
6820-R2-67040-05,C7T63YAU,1,1.0
6820-R2-67040-05,C8RR9V37,1,1.0
6820-R2-67040-05,PS204,8,1.0
6820-R2-67040-05,PS206,8,1.0
6820-R2-67040-05,PS406,8,1.0
6820-R2-67040-05,PS430,8,1.0
6820-R2-67040-06,C6S4K87F,1,2.0
6820-R2-67040-06,C6S4K87U,1/2,8.0
6820-R2-67040-06,C6S4K8BD,3/4,16.0
6820-R2-67040-06,C6SBWZF4,8,2.0
6820-R2-67040-06,C7T63YAU,1,1.0
6820-R2-67040-06,C8RR9V37,1,1.0
6820-R2-67040-07,PS204,8,3.0
6820-R2-67040-07,PS401,8,2.0
6820-R2-67040-07,PS434,8,1.0
6820-R2-67040-08,PS203,8,1.0
6820-R2-67040-08,PS406,8,1.0
6820-R2-67040-08,PS430,8,1.0
6820-R2-67040-08,PS610,8,1.0
6820-R2-67040-08,PS915,8,1.0
6820-R2-67040-09,C6S4K87F,1,2.0
6820-R2-67040-09,C6S4K87U,1/2,8.0
6820-R2-67040-09,C7T63YAU,1,1.0
6820-R2-67040-09,C8RR9V37,1,1.0
6820-R2-67040-10,C6S4K87U,1/2,4.0
6820-R2-67040-11,C6S4K87F,1,2.0
6820-R2-67040-11,C6S4K87U,1/2,8.0
6820-R2-67040-11,C6S4K8BD,3/4,8.0
6820-R2-67040-11,C6S4K8BE,3/4,8.0
6820-R2-67040-11,C6SBWZF4,8,2.0
6820-R2-67040-11,C7T63YAU,1,1.0
6820-R2-67040-11,C8P7NJK0,8,1.0
6820-R2-67040-11,C8RR9V37,1,1.0
6820-R2-67041-01,C6S4K87R,6,2.0
6820-R2-67041-01,C6S4K8BC,3/4,16.0
6820-R2-67041-01,C8P7NJJZ,6,1.0
6820-R2-67041-01,PS407,6,1.0
6820-R2-67043-01,C6S4K8BD,3/4,16.0
6820-R2-67043-01,C7CX7CSR,4,2.0
6820-R2-67043-01,C99ZZ9EG,4,1.0
6820-R2-67043-01,PS407,4,1.0
6820-R2-67044-01,C6S4K8B9,3/4,4.0
6820-R2-67044-01,C6S4K8BF,3/4,12.0
6820-R2-67044-01,C76SPABV,1,1.0
6820-R2-67044-01,C7CX7CST,6,1.0
6820-R2-67044-01,CBBPLK4,1,1.0
6820-R2-67044-01,PS209,6,1.0
6820-R2-67044-01,PS214,6,1.0
6820-R2-67044-02,C6S4K8BF,3/4,24.0
6820-R2-67044-02,C76SPABV,1,1.0
6820-R2-67044-02,C7CX7CST,6,2.0
6820-R2-67044-02,C99ZZ9EJ,6,1.0
6820-R2-67044-02,CBBPLK4,1,1.0
6820-R2-67044-02,PS209,6,1.0
6820-R2-67044-02,PS214,6,1.0
6820-R2-67044-02,PS219,6,1.0
6820-R2-67044-03,PS204,6,2.0
6820-R2-67044-03,PS206,6,1.0
6820-R2-67044-04,C6S4K8BF,3/4,12.0
6820-R2-67044-04,C7CX7CST,6,1.0
6820-R2-67044-04,PS209,6,1.0
6820-R2-67044-04,PS214,6,1.0
6820-R2-67044-05,C6S4K8B9,3/4,4.0
6820-R2-67044-05,C6S4K8BF,3/4,24.0
6820-R2-67044-05,C76SPABV,1,1.0
6820-R2-67044-05,C7CX7CST,6,2.0
6820-R2-67044-05,C99ZZ9EJ,6,1.0
6820-R2-67044-05,CBBPLK4,1,1.0
6820-R2-67044-05,PS209,6,1.0
6820-R2-67044-05,PS214,6,1.0
6820-R2-67044-06,C6S4K8BF,3/4,12.0
6820-R2-67044-06,C76SPABV,1,1.0
6820-R2-67044-06,C7CX7CST,6,1.0
6820-R2-67044-06,CBBPLK4,1,1.0
6820-R2-67045-01,C6S4K87F,1,1.0
6820-R2-67045-01,C6S4K87U,1/2,4.0
6820-R2-67045-01,PS201,1,3.0
6820-R2-67045-01,PS212,1,1.0
6820-R2-67045-01,PS433,1,3.0
6820-R2-67045-01,PS709,1,2.0
6820-R2-67045-01,PS718,1,1.0
6820-R2-67047-01,C6S4K8BD,3/4,8.0
6820-R2-67047-01,C6S4K8BE,3/4,8.0
6820-R2-67047-01,C6SBWZF4,8,2.0
6820-R2-67047-01,C8P7NJK0,8,1.0
6820-R2-67047-01,PS204,8,3.0
6820-R2-67047-01,PS206,8,1.0
6820-R2-67047-01,PS401,8,1.0
6820-R2-67047-01,PS406,8,4.0
6820-R2-67047-01,PS430,8,1.0
6820-R2-67047-01,PS434,8,1.0
6820-R2-67047-01,PS902,8,1.0
6820-R2-67047-02,C6S4K87F,1,2.0
6820-R2-67047-02,C6S4K87U,1/2,8.0
6820-R2-67047-02,C7T63YAU,1,1.0
6820-R2-67047-02,C8RR9V37,1,1.0
6820-R2-67047-02,PS204,8,2.0
6820-R2-67047-02,PS206,8,1.0
6820-R2-67047-02,PS407,8,2.0
6820-R2-67047-02,PS412,8,1.0
6820-R2-67047-03,C6S4K87F,1,2.0
6820-R2-67047-03,C6S4K87U,1/2,8.0
6820-R2-67047-03,C6S4K8BE,3/4,24.0
6820-R2-67047-03,C6SBWZF4,8,3.0
6820-R2-67047-03,C7T63YAU,1,1.0
6820-R2-67047-03,C8P7NJK0,8,1.0
6820-R2-67047-03,C8RR9V37,1,1.0
6820-R2-67047-03,PS407,8,1.0
6820-R2-67047-03,PS432,8,1.0
6820-R2-67054-01,PS209,4,1.0
6820-R2-67054-01,PS214,4,1.0
6820-R2-67054-02,PS214,4,2.0
6820-R2-67055-02,C6S4K8BC,3/4,8.0
6820-R2-67055-02,C6S4K8BD,3/4,8.0
6820-R2-67055-02,C7CT1ZG1,6,3.0
6820-R2-67055-02,PS204,6,3.0
6820-R2-67055-02,PS401,6,1.0
6820-R2-67055-02,PS412,6,1.0
6820-R2-67055-02,PS413,6,1.0
6820-R2-67055-02,PS434,6,1.0
6820-R2-67055-03,C6S4K87U,1/2,32.0
6820-R2-67055-03,C76KFFTD,1,5.0
6820-R2-67055-03,C76KHSRR,1,4.0
6820-R2-67055-03,C7CT1ZFH,1,8.0
6820-R2-67055-03,C7W2U478,1,2.0
6820-R2-67055-03,C7W2U48L,1,6.0
6820-R2-67056-02,PS206,4,1.0
6820-R2-67056-02,PS406,4,1.0
6820-R2-67056-02,PS430,4,1.0
6820-R2-67056-02,PS903,4,1.0
6820-R2-67056-03,PS205,4,1.0
6820-R2-67056-03,PS413,4,1.0
6820-R2-67056-04,C6S4K88S,5/8,24.0
6820-R2-67056-04,C7CT1ZFZ,4,3.0
6820-R2-67056-04,C84KV7D0,4,1.0
6820-R2-67056-04,PS204,4,1.0
6820-R2-67056-04,PS209,4,1.0
6820-R2-67056-04,PS412,4,1.0
6820-R2-67056-04,PS434,4,1.0
6820-R2-67056-05,C56FCLX2,2,2.0
6820-R2-67056-05,C5PKSACZ,2,1.0
6820-R2-67056-05,C5PKSAD1,2,4.0
6820-R2-67056-05,C6S4K88R,5/8,8.0
6820-R2-67056-05,C7CT1ZFS,2,2.0
6820-R2-67056-05,C84KV7CX,2,1.0
6820-R2-67056-05,CEZCLWH,2,22.9
6820-R2-67056-05,PS108,2,2.0
6820-R2-67056-05,PS204,2,1.0
6820-R2-67056-05,PS205,2,1.0
6820-R2-67056-05,PS413,2,1.0
6820-R2-67056-05,PS434,2,2.0
6820-R2-67056-05,PS608,2,1.0
6820-R2-67060-01,PS201,1,2.0
6820-R2-67060-01,PS433,1,4.0
6820-R2-67060-01,PS719,1,4.0
6820-R2-67060-02,PS201,1,2.0
6820-R2-67060-02,PS212,1,2.0
6820-R2-67060-02,PS213,1,1.0
6820-R2-67060-02,PS433,1,3.0
6820-R2-67060-02,PS709,1,3.0
6820-R2-67060-02,PS719,1,3.0
6820-R2-67060-03,PS212,1,1.0
6820-R2-67060-03,PS709,1,1.0
6820-R2-67061-01,C6S4K87F,1,2.0
6820-R2-67061-01,C6S4K87U,1/2,8.0
6820-R2-67061-01,C76KHSRR,1,1.0
6820-R2-67061-01,PS213,1,1.0
6820-R2-67061-01,PS709,1,1.0
6820-R2-67061-02,C6S4K87F,1,1.0
6820-R2-67061-02,C6S4K87U,1/2,8.0
6820-R2-67061-02,C76KHSRR,1,1.0
6820-R2-67061-02,PS430,1,1.0
6820-R2-67061-02,PS433,1,1.0
6820-R2-67061-02,PS709,1,1.0
6820-R2-67062-01,C76KFFTD,1,9.1
6820-R2-67062-01,C7BP5GGW,1,3.0
6820-R2-67062-01,C7CT1ZFH,1,1.0
6820-R2-67062-01,C7W2U48L,1,1.0
6820-R2-67065-01,C6S4K87F,1,4.0
6820-R2-67065-01,C6S4K87R,6,2.0
6820-R2-67065-01,C6S4K87U,1/2,16.0
6820-R2-67065-01,C6S4K8BC,3/4,16.0
6820-R2-67065-01,C7T63YAU,1,2.0
6820-R2-67065-01,C8RR9V37,1,2.0
6820-R2-67065-02,C6S4K8BF,3/4,16.0
6820-R2-67065-02,C6SBWZF4,8,2.0
6820-R2-67065-03,C6S4K87F,1,4.0
6820-R2-67065-03,C6S4K87U,1/2,16.0
6820-R2-67065-03,C7T63YAU,1,2.0
6820-R2-67065-03,C8RR9V37,1,2.0
6820-R2-67065-03,PS107,8,2.0
6820-R2-67065-03,PS206,8,2.0
6820-R2-67065-03,PS407,8,2.0
6820-R2-67065-04,C6S4K87R,6,2.0
6820-R2-67065-04,C6S4K8BC,3/4,16.0
6820-R2-67065-04,C6S4K8BE,3/4,16.0
6820-R2-67065-04,C6SBWZF4,8,2.0
6820-R2-67065-04,C8P7NJJZ,6,1.0
6820-R2-67065-04,C8P7NJK0,8,1.0
6820-R2-67065-04,PS204,8,1.0
6820-R2-67065-04,PS407,8,1.0
6820-R2-67065-05,C6S4K87U,1/2,4.0
6820-R2-67065-05,PS204,8,1.0
6820-R2-67065-05,PS206,8,1.0
6820-R2-67065-06,PS107,8,2.0
6820-R2-67065-06,PS204,8,2.0
6820-R2-67065-06,PS206,8,1.0
6820-R2-67065-06,PS406,8,2.0
6820-R2-67065-06,PS413,8,4.0
6820-R2-67065-07,C6S4K87U,1/2,8.0
6820-R2-67065-07,C6S4K8BE,3/4,32.0
6820-R2-67065-07,C6SBWZF4,8,4.0
6820-R2-67065-07,C8P7NJK0,8,2.0
6820-R2-67065-08,C6S4K87F,1,4.0
6820-R2-67065-08,C6S4K87U,1/2,16.0
6820-R2-67065-08,C7T63YAU,1,2.0
6820-R2-67065-08,C8RR9V37,1,2.0
6820-R2-67065-08,PS204,8,2.0
6820-R2-67065-08,PS206,8,2.0
6820-R2-67065-08,PS407,8,2.0
6820-R2-67065-09,C6S4K87F,1,4.0
6820-R2-67065-09,C6S4K87U,1/2,16.0
6820-R2-67065-09,C6S4K8BE,3/4,32.0
6820-R2-67065-09,C6SBWZF4,8,4.0
6820-R2-67065-09,C7T63YAU,1,2.0
6820-R2-67065-09,C8RR9V37,1,2.0
6820-R2-67065-09,PS204,8,2.0
6820-R2-67065-09,PS407,8,2.0
6820-R2-67065-10,PS204,8,2.0
6820-R2-67065-10,PS434,8,3.0
6820-R2-67065-11,C6S4K8BD,3/4,16.0
6820-R2-67065-11,C6S4K8BE,3/4,16.0
6820-R2-67065-11,C6SBWZF4,8,4.0
6820-R2-67065-11,C8P7NJK0,8,2.0
6820-R2-67065-11,PS410,8,4.0
6820-R2-67065-11,PS412,8,2.0
6820-R2-67065-11,PS902,8,2.0
6820-R2-67069-01,C6S4K87E,6,1.0
6820-R2-67069-01,C6S4K87F,1,2.0
6820-R2-67069-01,C6S4K87U,1/2,8.0
6820-R2-67069-01,C6S4K8BD,3/4,12.0
6820-R2-67069-01,C7T63YAU,1,1.0
6820-R2-67069-01,C8RR9V37,1,1.0
6820-R2-67069-02,C6S4K87N,4,3.0
6820-R2-67069-02,C6S4K88T,5/8,24.0
6820-R2-67069-02,C8P7NJJY,4,1.0
6820-R2-67069-02,PS204,4,1.0
6820-R2-67069-02,PS206,4,1.0
6820-R2-67069-02,PS407,4,1.0
6820-R2-67069-03,C6S4K87F,1,2.0
6820-R2-67069-03,C6S4K87U,1/2,8.0
6820-R2-67069-03,C7T63YAU,1,1.0
6820-R2-67069-03,C8RR9V37,1,1.0
6820-R2-67069-04,C6S4K87L,3,2.0
6820-R2-67069-04,C6S4K88S,5/8,8.0
6820-R2-67069-04,C8RR9V3B,3,1.0
6820-R2-67069-04,PS204,4,1.0
6820-R2-67069-04,PS407,4,1.0
6820-R2-67069-05,C6S4K87U,1/2,4.0
6820-R2-67069-05,PS204,4,1.0
6820-R2-67069-05,PS434,4,1.0
6820-R2-67069-06,PS204,4,2.0
6820-R2-67069-06,PS206,4,1.0
6820-R2-67070-01,C6S4K87R,6,2.0
6820-R2-67070-01,C6S4K8BC,3/4,16.0
6820-R2-67070-01,C99ZZ9DA,6,1.0
6820-R2-67070-01,PS204,6,1.0
6820-R2-67070-01,PS401,6,1.0
6820-R2-67072-01,C6S4K87R,6,1.0
6820-R2-67072-01,C6S4K8BC,3/4,8.0
6820-R2-67072-01,C6S4K8BF,3/4,8.0
6820-R2-67072-01,C6SBWZF4,8,1.0
6820-R2-67072-01,PS204,8,1.0
6820-R2-67072-01,PS219,8,1.0
6820-R2-67072-01,PS407,8,1.0
6820-R2-67072-02,C6S4K87F,1,2.0
6820-R2-67072-02,C6S4K87U,1/2,8.0
6820-R2-67072-02,C6S4K8BE,3/4,16.0
6820-R2-67072-02,C6SBWZF4,8,2.0
6820-R2-67072-02,C7T63YAU,1,1.0
6820-R2-67072-02,C99ZZ9D2,1,1.0
6820-R2-67072-02,C99ZZ9DB,8,1.0
6820-R2-67072-02,PS204,8,1.0
6820-R2-67072-02,PS219,8,1.0
6820-R2-67072-02,PS407,8,1.0
6820-R2-67072-03,C6S4K87U,1/2,4.0
6820-R2-67072-03,C6S4K8BC,3/4,8.0
6820-R2-67072-03,PS204,8,2.0
6820-R2-67072-03,PS206,8,1.0
6820-R2-67072-03,PS407,6,1.0
6820-R2-67072-04,C6S4K8BE,3/4,16.0
6820-R2-67072-04,C6S4K8BF,3/4,8.0
6820-R2-67072-04,C6SBWZF4,8,3.0
6820-R2-67072-04,C99ZZ9DB,8,1.0
6820-R2-67072-04,PS204,8,1.0
6820-R2-67072-04,PS209,8,1.0
6820-R2-67072-04,PS214,8,1.0
6820-R2-67072-04,PS407,8,1.0
6820-R2-67072-05,C6S4K87F,1,2.0
6820-R2-67072-05,C6S4K87U,1/2,8.0
6820-R2-67072-05,C6S4K8CU,7/8,12.0
6820-R2-67072-05,C6SDEV3P,8,1.0
6820-R2-67072-05,C7T63YAU,1,1.0
6820-R2-67072-05,C99ZZ9D2,1,1.0
6820-R2-67072-06,C6S4K87F,1,2.0
6820-R2-67072-06,C6S4K87U,1/2,8.0
6820-R2-67072-06,C7T63YAU,1,1.0
6820-R2-67072-06,C99ZZ9D2,1,1.0
6820-R2-67072-07,C6S4K87F,1,2.0
6820-R2-67072-07,C6S4K87U,1/2,8.0
6820-R2-67072-07,C7T63YAU,1,1.0
6820-R2-67072-07,C99ZZ9D2,1,1.0
6820-R2-67073-01,C6S4K87F,1,2.0
6820-R2-67073-01,C6S4K87U,1/2,8.0
6820-R2-67073-01,C76KHSRR,1,1.0
6820-R2-67073-01,C80R6Y1H,1,1.0
6820-R2-67073-01,PS204,4,1.0
6820-R2-67073-01,PS209,4,1.0
6820-R2-67073-01,PS214,4,1.0
6820-R2-67073-01,PS406,4,1.0
6820-R2-67073-02,C6S4K87N,4,2.0
6820-R2-67073-02,C6S4K88S,5/8,16.0
6820-R2-67073-03,C6S4K87F,1,2.0
6820-R2-67073-03,C6S4K87U,1/2,8.0
6820-R2-67073-03,C76KHSRR,1,1.0
6820-R2-67073-03,C80R6Y1H,1,1.0
6820-R2-67073-03,PS204,4,1.0
6820-R2-67073-03,PS209,4,1.0
6820-R2-67073-03,PS214,4,1.0
6820-R2-67073-04,PS204,4,2.0
6820-R2-67073-04,PS206,4,1.0
6820-R2-67073-05,C6S4K87N,4,1.0
6820-R2-67073-05,C6S4K88T,5/8,8.0
6820-R2-67073-05,PS209,4,1.0
6820-R2-67073-05,PS214,4,1.0
6820-R2-67073-06,C6S4K87F,1,2.0
6820-R2-67073-06,C6S4K87N,4,2.0
6820-R2-67073-06,C6S4K87U,1/2,8.0
6820-R2-67073-06,C6S4K88T,5/8,16.0
6820-R2-67073-06,C6SDVYKW,4,1.0
6820-R2-67073-06,C76KHSRR,1,1.0
6820-R2-67073-06,C80R6Y1H,1,1.0
6820-R2-67073-06,PS209,4,1.0
6820-R2-67073-06,PS214,4,1.0
6820-R2-67073-07,C6S4K87E,6,1.0
6820-R2-67073-07,C6S4K8BD,3/4,12.0
6820-R2-67075-01,C6S4K8BD,3/4,16.0
6820-R2-67075-01,C7CX7CSR,4,2.0
6820-R2-67075-01,C99ZZ9EG,4,1.0
6820-R2-67076-01,C76SPABV,1,1.0
6820-R2-67076-01,CBBPLK4,1,1.0
6820-R2-67076-01,PS214,6,1.0
6820-R2-67076-01,PS407,6,1.0
6820-R2-67076-02,C6S4K8BC,3/4,16.0
6820-R2-67076-02,C76SPABB,6,1.0
6820-R2-67076-02,C7CT1ZG1,6,2.0
6820-R2-67076-02,PS204,6,4.0
6820-R2-67076-02,PS206,6,1.0
6820-R2-67076-02,PS401,6,1.0
6820-R2-67076-04,C6S4K88N,5/8,8.0
6820-R2-67076-04,C6S4K8BD,3/4,8.0
6820-R2-67076-04,C6S4K8BF,3/4,12.0
6820-R2-67076-04,C7CX7CSR,4,1.0
6820-R2-67076-04,C7CX7CST,6,1.0
6820-R2-67076-04,C7W3AL3L,1,2.0
6820-R2-67076-04,C99ZZ9DE,1,1.0
6820-R2-67076-04,CFG6WM6Z,1,1.0
6820-R2-67076-04,PS209,6,2.0
6820-R2-67076-04,PS214,6,2.0
6820-R2-67076-05,C6S4K8BF,3/4,36.0
6820-R2-67076-05,C76SPABV,1,1.0
6820-R2-67076-05,C7CX7CST,6,3.0
6820-R2-67076-05,C99ZZ9EJ,6,1.0
6820-R2-67076-05,CBBPLK4,1,1.0
6820-R2-67076-05,PS214,6,1.0
6820-R2-67076-07,C6S4K8BF,3/4,24.0
6820-R2-67076-07,C7CX7CST,6,2.0
6820-R2-67076-07,C99ZZ9EJ,6,1.0
6820-R2-67076-07,PS204,6,4.0
6820-R2-67076-07,PS206,6,1.0
6820-R2-67076-07,PS401,6,1.0
6820-R2-67078-01,PS201,2,2.0
6820-R2-67078-01,PS212,2,1.0
6820-R2-67078-01,PS433,2,2.0
6820-R2-67078-01,PS709,2,2.0
6820-R2-67079-01,C6S4K87F,1,1.0
6820-R2-67079-01,C6S4K87U,1/2,4.0
6820-R2-67079-01,PS201,1,3.0
6820-R2-67079-01,PS212,1,1.0
6820-R2-67079-01,PS433,1,3.0
6820-R2-67079-01,PS709,1,3.0
6820-R2-67080-01,C6S4K8BF,3/4,48.0
6820-R2-67080-01,C7CX7CST,6,4.0
6820-R2-67080-01,C99ZZ9EJ,6,1.0
6820-R2-67080-01,PS214,6,1.0
6820-R2-67080-02,PS209,6,1.0
6820-R2-67080-02,PS214,6,1.0
6820-R2-67081-01,C6S4K8BD,3/4,8.0
6820-R2-67081-01,C6S4K8BE,3/4,8.0
6820-R2-67081-01,C6SBWZF4,8,2.0
6820-R2-67081-01,C6SDVYKY,8,1.0
6820-R2-67081-01,PS902,8,1.0
6820-R2-67081-02,PS204,8,1.0
6820-R2-67081-02,PS206,8,1.0
6820-R2-67081-02,PS406,8,2.0
6820-R2-67081-02,PS434,8,1.0
6820-R2-67081-03,PS204,8,2.0
6820-R2-67081-03,PS206,8,1.0
6820-R2-67081-04,PS204,8,1.0
6820-R2-67081-05,C6S4K87F,1,2.0
6820-R2-67081-05,C6S4K87U,1/2,8.0
6820-R2-67081-05,C6S4K8BE,3/4,16.0
6820-R2-67081-05,C6SBWZF4,8,2.0
6820-R2-67081-05,C6SDVYKY,8,1.0
6820-R2-67081-05,C76KHSRR,1,1.0
6820-R2-67081-05,C80R6Y1H,1,1.0
6820-R2-67081-05,PS209,8,2.0
6820-R2-67081-05,PS214,8,2.0
6820-R2-67081-06,C6S4K87R,6,1.0
6820-R2-67081-06,C6S4K8BC,3/4,8.0
6820-R2-67081-06,C6S4K8BF,3/4,8.0
6820-R2-67081-06,C6SBWZF4,8,1.0
6820-R2-67086-01,PS209,4,1.0
6820-R2-67086-01,PS214,4,1.0
6820-R2-67086-02,PS214,4,2.0
6820-R2-67087-01,C6S4K8BC,3/4,8.0
6820-R2-67087-01,C7CT1ZG1,6,1.0
6820-R2-67087-01,PS204,6,2.0
6820-R2-67087-01,PS206,6,1.0
6820-R2-67087-01,PS406,6,1.0
6820-R2-67087-01,PS434,6,1.0
6820-R2-67087-02,C6S4K8BC,3/4,8.0
6820-R2-67087-02,C7CT1ZG1,6,1.0
6820-R2-67087-02,PS434,6,1.0
6820-R2-67088-01,C6S4K8BC,3/4,24.0
6820-R2-67088-01,C7CT1ZG1,6,3.0
6820-R2-67088-01,C84KV7D1,6,1.0
6820-R2-67088-01,PS204,6,1.0
6820-R2-67088-01,PS205,6,1.0
6820-R2-67088-01,PS413,6,1.0
6820-R2-67088-01,PS434,6,2.0
6820-R2-67088-02,C6S4K87V,1/2,4.0
6820-R2-67088-02,C6S4K8BC,3/4,32.0
6820-R2-67088-02,C7CT1ZG1,6,4.0
6820-R2-67088-02,C84MWBH0,6,1.0
6820-R2-67088-02,PS206,6,1.0
6820-R2-67088-03,C56FCLX2,2,2.0
6820-R2-67088-03,C5PKSAD1,2,2.0
6820-R2-67088-03,C6S4K88R,5/8,8.0
6820-R2-67088-03,C7CT1ZFS,2,2.0
6820-R2-67088-03,C84KV7CX,2,1.0
6820-R2-67088-03,CEZCLWH,2,13.2
6820-R2-67088-03,PS205,2,2.0
6820-R2-67088-03,PS413,2,1.0
6820-R2-67091-01,C6S4K88S,5/8,24.0
6820-R2-67091-01,C7CT1ZFZ,4,3.0
6820-R2-67091-01,C84KV7D0,4,1.0
6820-R2-67091-01,PS205,4,1.0
6820-R2-67091-01,PS406,4,1.0
6820-R2-67091-01,PS413,4,1.0
6820-R2-67091-01,PS902,4,1.0
6820-R2-67091-02,PS204,4,1.0
6820-R2-67091-02,PS434,4,2.0
6820-R2-67092-01,C6S4K87F,1,3.0
6820-R2-67092-01,C6S4K87U,1/2,16.0
6820-R2-67092-01,C76KHSRR,1,2.0
6820-R2-67092-02,PS201,1,1.0
6820-R2-67092-02,PS212,1,1.0
6820-R2-67092-02,PS213,1,1.0
6820-R2-67092-02,PS433,1,1.0
6820-R2-67092-02,PS719,1,1.0
6820-R2-67092-02,PS732,1,1.0
6820-R2-67093-01,C6S4K8CU,7/8,24.0
6820-R2-67093-01,C6S4K8CV,7/8,12.0
6820-R2-67093-01,C6SBWZET,10,3.0
6820-R2-67093-01,C6SDVYKS,10,1.0
6820-R2-67093-02,C6S4K87U,1/2,4.0
6820-R2-67093-02,C6S4K8CU,7/8,12.0
6820-R2-67093-02,C6SBWZET,10,1.0
6820-R2-67093-02,PS204,10,1.0
6820-R2-67093-02,PS412,10,1.0
6820-R2-67093-03,C6S4K87F,1,2.0
6820-R2-67093-03,C6S4K87U,1/2,8.0
6820-R2-67093-03,C6S4K8CU,7/8,12.0
6820-R2-67093-03,C6SBWZET,10,1.0
6820-R2-67093-03,C76KHSRR,1,1.0
6820-R2-67093-03,C80R6Y1H,1,1.0
6820-R2-67093-03,PS209,10,1.0
6820-R2-67093-03,PS413,10,1.0
6820-R2-67093-04,C6S4K8BD,3/4,16.0
6820-R2-67093-04,C6SBWZF4,8,2.0
6820-R2-67093-05,C6S4K87F,1,2.0
6820-R2-67093-05,C6S4K87U,1/2,8.0
6820-R2-67093-05,C6S4K8D6,7/8,12.0
6820-R2-67093-05,C76KHSRR,1,1.0
6820-R2-67093-05,C80R6Y1H,1,1.0
6820-R2-67093-05,PS209,10,1.0
6820-R2-67093-05,PS413,10,1.0
6820-R2-67093-05,PS430,10,1.0
6820-R2-67094-01,PS201,1,3.0
6820-R2-67094-01,PS433,1,4.0
6820-R2-67094-01,PS719,1,4.0
6820-R2-67095-01,C6S4K87U,1/2,4.0
6820-R2-67095-01,C7CT1ZFH,1,1.0
6820-R2-67095-01,CEZCLUC,1,0.4
6820-R2-67095-01,CFG8U73Y,1,1.0
6820-R2-67095-01,PS204,24,2.0
6820-R2-67095-01,PS205,24,2.0
6820-R2-67095-01,PS413,24,2.0
6820-R2-67096-01,C6S4K87U,1/2,8.0
6820-R2-67096-01,C76KHSRR,1,1.0
6820-R2-67096-01,C7CT1ZFH,1,2.0
6820-R2-67096-01,C7W2U478,1,1.0
6820-R2-67096-01,C7W2U48L,1,1.0
6820-R2-67096-01,CEZMKL0,1,1.0
6820-R2-67096-01,PS204,3,1.0
6820-R2-67096-01,PS406,3,2.0
6820-R2-67096-01,PS434,3,1.0
6820-R2-67096-02,PS434,3,1.0
6820-R2-67096-03,C6S4K88S,5/8,8.0
6820-R2-67096-03,C6SDVYL1,3,1.0
6820-R2-67096-03,C7CT1ZFX,3,2.0
6820-R2-67097-01,C76KFFTD,1,7.1
6820-R2-67097-01,C7BP51NV,1,1.0
6820-R2-67097-01,C7BP5GGW,1,2.0
6820-R2-67097-01,C7CT1ZFH,1,1.0
6820-R2-67097-01,C7W2U48L,1,1.0
6820-R2-67097-01,PS719,1,1.0
6820-R2-67098-01,PS203,12,1.0
6820-R2-67099-01,C6S4K8EA,1,16.0
6820-R2-67099-01,C6SBWZEW,16,1.0
6820-R2-67099-01,PS432,16,1.0
6820-R2-67099-01,PS902,16,1.0
6820-R2-67099-02,PS412,16,1.0
6820-R2-67099-03,C6S4K8BD,3/4,8.0
6820-R2-67099-03,C6S4K8CS,7/8,12.0
6820-R2-67099-03,C6SBWZET,10,1.0
6820-R2-67099-03,C6SBWZF4,8,1.0
6820-R2-67099-03,PS205,16,2.0
6820-R2-67107-01,C6S4K88N,5/8,8.0
6820-R2-67107-01,C76SPABV,1,1.0
6820-R2-67107-01,C7W3AL3L,1,2.0
6820-R2-67107-01,C99ZZ9DE,1,1.0
6820-R2-67107-01,CBBPLK4,1,1.0
6820-R2-67107-01,PS719,1,1.0
6820-R2-67107-02,PS205,1,2.0
6820-R2-67107-02,PS210,1,1.0
6820-R2-67107-02,PS604,1,1.0
6820-R2-67107-02,PS709,1,2.0
6820-R2-67107-03,PS719,1,2.0
6820-R2-67107-04,C6S4K88N,5/8,16.0
6820-R2-67107-04,C76SPABT,1/2,1.0
6820-R2-67107-04,C7W3AL3L,1,4.0
6820-R2-67107-04,C99ZZ9DE,1,1.0
6820-R2-67107-04,C99ZZ9EE,1,1.0
6820-R2-67107-04,CBBPLK2,1/2,1.0
6820-R2-67107-04,PS204,1,1.0
6820-R2-67107-04,PS709,1,2.0
6820-R2-67107-04,PS718,1,1.0
6820-R2-67107-05,C6S4K88N,5/8,8.0
6820-R2-67107-05,C7W3AL3L,1,2.0
6820-R2-67107-05,PS719,1,3.0
6820-R2-67107-06,C6S4K88N,5/8,12.0
6820-R2-67107-06,C6S4K88S,5/8,4.0
6820-R2-67107-06,C76SPABT,1/2,2.0
6820-R2-67107-06,C7W3AL3L,1,4.0
6820-R2-67107-06,C99ZZ9DE,1,1.0
6820-R2-67107-06,CBBPLK2,1/2,2.0
6820-R2-67107-06,PS206,1,1.0
6820-R2-67107-06,PS709,1,2.0
6820-R2-67107-07,C6S4K88N,5/8,12.0
6820-R2-67107-07,C7W3AL3L,1,3.0
6820-R2-67107-07,C99ZZ9DE,1,1.0
6820-R2-67107-07,PS719,1,2.0
6820-R2-67109-01,C56FCLX2,2,2.0
6820-R2-67109-01,C5PKSAD1,2,3.0
6820-R2-67109-01,C6S4K88R,5/8,8.0
6820-R2-67109-01,C7CT1ZFS,2,2.0
6820-R2-67109-01,C7SNM2BD,2,1.0
6820-R2-67109-01,CEZCLWH,2,9.4
6820-R2-67109-01,PS604,2,1.0
6820-R2-67110-01,C6S4K88R,5/8,16.0
6820-R2-67110-01,C7J7XW2J,2,1.0
6820-R2-67110-01,C80U8UAY,1/2,1.0
6820-R2-67110-01,CBBPLK2,1/2,1.0
6820-R2-67110-01,CGKFEG63,2,2.0
6820-R2-67110-01,PS204,2,1.0
6820-R2-67110-01,PS709,2,2.0
6820-R2-67110-02,C6S4K88N,5/8,4.0
6820-R2-67110-02,CGKFEG5U,3/4,1.0
6820-R2-67111-01,CEZCLWH,2,0.5
6820-R2-67111-02,C5PKSAD1,2,4.0
6820-R2-67111-02,CEZCLWH,2,10.5
6820-R2-67111-02,PS201,2,1.0
6820-R2-67111-02,PS210,2,1.0
6820-R2-67111-02,PS433,2,1.0
6820-R2-67111-02,PS712,2,2.0
6820-R2-67111-03,C2KV11G,1,2.0
6820-R2-67111-03,C56BEZYW,2,2.0
6820-R2-67111-03,C6S4K87U,1/2,24.0
6820-R2-67111-03,C7CT1ZFH,1,6.0
6820-R2-67111-03,C80T8DJ0,1,2.0
6820-R2-67111-03,CEZCLWH,2,1.7
6820-R2-67111-03,CFG6WM5U,1,2.0
6820-R2-67111-03,CFG8U73Y,1,4.0
6820-R2-67111-03,PS201,2,1.0
6820-R2-67111-03,PS433,2,1.0
6820-R2-67111-03,PS709,2,1.0
6820-R2-67111-04,C56FCLX2,2,2.0
6820-R2-67111-04,C5PKSAD1,2,2.0
6820-R2-67111-04,C6S4K88R,5/8,8.0
6820-R2-67111-04,C7CT1ZFS,2,2.0
6820-R2-67111-04,C7SNM2BD,2,1.0
6820-R2-67111-04,CEZCLWH,2,2.9
6820-R2-67111-04,PS201,2,1.0
6820-R2-67111-04,PS202,2,1.0
6820-R2-67111-04,PS412,2,1.0
6820-R2-67111-04,PS433,2,1.0
6820-R2-67112-01,C56FCLX2,2,1.0
6820-R2-67112-01,C5PKSACZ,2,1.0
6820-R2-67112-01,C5PKSAD1,2,3.0
6820-R2-67112-01,C6S4K88R,5/8,4.0
6820-R2-67112-01,C7CT1ZFS,2,1.0
6820-R2-67112-01,CEZCLWH,2,15.1
6820-R2-67112-01,PS201,2,1.0
6820-R2-67112-01,PS433,2,1.0
6820-R2-67113-01,C6S4K88S,5/8,12.0
6820-R2-67113-01,C76KHSS5,3,3.0
6820-R2-67113-01,C76RJXHR,3,1.0
6820-R2-67114-01,C6S4K88S,5/8,4.0
6820-R2-67114-01,C76KHSS5,3,1.0
6820-R2-67114-02,C6S4K87V,1/2,4.0
6820-R2-67114-02,C6S4K88S,5/8,4.0
6820-R2-67114-02,C76KHSS5,3,1.0
6820-R2-67114-02,PS210,3,1.0
6820-R2-67115-01,C6S4K88S,5/8,8.0
6820-R2-67115-01,C76KHSS7,4,1.0
6820-R2-67115-02,C6S4K87V,1/2,4.0
6820-R2-67115-02,C6S4K88S,5/8,8.0
6820-R2-67115-02,C76KHSS7,4,1.0
6820-R2-67115-02,PS210,4,1.0
6820-R2-67115-02,PS418,4,1.0
6820-R2-67116-01,C6S4K8BC,3/4,16.0
6820-R2-67116-01,C7CT1ZG1,6,2.0
6820-R2-67116-01,PS204,6,2.0
6820-R2-67116-01,PS206,6,1.0
6820-R2-67118-01,C145308,2,12.1
6820-R2-67118-01,C1DMWEN,2,2.0
6820-R2-67118-01,C1DR2JR,2,3.0
6820-R2-67118-01,C6S4K88R,5/8,8.0
6820-R2-67118-01,C76KHSS3,2,2.0
6820-R2-67118-02,C145308,2,21.3
6820-R2-67118-02,C1DMWEN,2,1.0
6820-R2-67118-02,C1DR2JR,2,3.0
6820-R2-67118-02,C6S4K88R,5/8,8.0
6820-R2-67118-02,C76KHSS3,2,2.0
6820-R2-67118-02,C76RJXHX,2,1.0
6820-R2-67118-02,PS210,2,1.0
6820-R2-67118-02,PS221,2,1.0
6820-R2-67118-02,PS608,2,1.0
6820-R2-67118-02,PS713,2,1.0
6820-R2-67118-02,PS720,2,1.0
6820-R2-67118-03,C145308,2,42.2
6820-R2-67118-03,C1DMWEN,2,5.0
6820-R2-67118-03,PS201,2,2.0
6820-R2-67118-03,PS210,2,1.0
6820-R2-67118-03,PS433,2,3.0
6820-R2-67118-03,PS712,2,1.0
6820-R2-67118-03,PS713,2,1.0
6820-R2-67118-03,PS719,2,1.0
6820-R2-67118-04,C145308,2,21.9
6820-R2-67118-04,C1DMWEN,2,7.0
6820-R2-67118-04,PS201,2,2.0
6820-R2-67118-04,PS433,2,2.0
6820-R2-67119-01,C6S4K87V,1/2,12.0
6820-R2-67120-01,C6S4K8BC,3/4,16.0
6820-R2-67120-01,C7CT1ZG1,6,2.0
6820-R2-67120-01,C84MWBH0,6,1.0
6820-R2-67120-01,PS401,6,1.0
6820-R2-67120-01,PS433,6,1.0
6820-R2-67120-02,C6S4K8BC,3/4,16.0
6820-R2-67120-02,C76SPABB,6,1.0
6820-R2-67120-02,C7CT1ZG1,6,2.0
6820-R2-67120-02,PS209,6,1.0
6820-R2-67120-03,C56FCLX2,2,1.0
6820-R2-67120-03,C6S4K894,5/8,4.0
6820-R2-67120-03,C7CT1ZFS,2,2.0
6820-R2-67120-03,C8ADWXKM,2,1.0
6820-R2-67120-03,CEZCLWH,2,0.7
6820-R2-67120-04,PS201,6,1.0
6820-R2-67120-04,PS203,6,1.0
6820-R2-67120-04,PS204,6,1.0
6820-R2-67120-04,PS401,6,1.0
6820-R2-67120-04,PS433,6,2.0
6820-R2-67120-05,C6S4K88S,5/8,8.0
6820-R2-67120-05,C7CT1ZFZ,4,1.0
6820-R2-67120-05,PS433,6,1.0
6820-R2-67121-01,C1DR2JM,1,1.0
6820-R2-67121-01,C1DR2JV,1,1.0
6820-R2-67121-01,C41B2D94,1,1.0
6820-R2-67121-01,C6S4K87U,1/2,8.0
6820-R2-67121-01,C6S4K8CX,7/8,12.0
6820-R2-67121-01,C6S4K8EA,1,12.0
6820-R2-67121-01,C76KHSRZ,1,2.0
6820-R2-67121-01,C76KJLFJ,14,1.0
6820-R2-67121-01,C76RJXHV,1,1.0
6820-R2-67121-01,C7BP7ZE8,8,1.0
6820-R2-67121-01,PS902,14,1.0
6820-R2-67121-02,C1DR2JM,1,1.0
6820-R2-67121-02,C1DR2JV,1,1.0
6820-R2-67121-02,C41B2D94,1,1.0
6820-R2-67121-02,C6S4K87U,1/2,8.0
6820-R2-67121-02,C6S4K87V,1/2,4.0
6820-R2-67121-02,C76KHSRZ,1,2.0
6820-R2-67121-02,C76RJXHV,1,1.0
6820-R2-67121-04,C6S4K87Y,1/2,4.0
6820-R2-67122-01,C6S4K87F,1,2.0
6820-R2-67122-01,C6S4K87R,6,2.0
6820-R2-67122-01,C6S4K87U,1/2,8.0
6820-R2-67122-01,C6S4K8BC,3/4,8.0
6820-R2-67122-01,C7T63YAU,1,1.0
6820-R2-67122-01,C99ZZ9D2,1,1.0
6820-R2-67122-01,C99ZZ9DA,6,1.0
6820-R2-67122-01,PS209,6,1.0
6820-R2-67122-01,PS214,6,1.0
6820-R2-67122-02,C6S4K87F,1,2.0
6820-R2-67122-02,C6S4K87R,6,2.0
6820-R2-67122-02,C6S4K87U,1/2,8.0
6820-R2-67122-02,C6S4K8BC,3/4,16.0
6820-R2-67122-02,C7T63YAU,1,1.0
6820-R2-67122-02,C99ZZ9D2,1,1.0
6820-R2-67122-02,PS206,6,1.0
6820-R2-67122-02,PS407,6,1.0
6820-R2-67122-03,C6S4K87R,6,2.0
6820-R2-67122-03,C6S4K8BC,3/4,16.0
6820-R2-67122-03,C99ZZ9DA,6,1.0
6820-R2-67122-04,C6S4K87F,1,2.0
6820-R2-67122-04,C6S4K87J,2,2.0
6820-R2-67122-04,C6S4K87U,1/2,8.0
6820-R2-67122-04,C6S4K88P,5/8,4.0
6820-R2-67122-04,C6S4K88R,5/8,4.0
6820-R2-67122-04,C7T63YAX,2,1.0
6820-R2-67122-04,C99ZZ9D2,1,1.0
6820-R2-67122-04,C99ZZ9D4,2,1.0
6820-R2-67122-04,PS211,1,1.0
6820-R2-67122-04,PS706,1,1.0
6820-R2-67125-01,C6S4K87F,1,2.0
6820-R2-67125-01,C6S4K87U,1/2,8.0
6820-R2-67125-01,C6S4K8BF,3/4,8.0
6820-R2-67125-01,C6S4K8CU,7/8,12.0
6820-R2-67125-01,C6SBWZF4,8,1.0
6820-R2-67125-01,C6SDEV3P,8,1.0
6820-R2-67125-01,C76KHSRR,1,1.0
6820-R2-67125-01,C80R6Y1H,1,1.0
6820-R2-67125-02,C6S4K87J,2,2.0
6820-R2-67125-02,C6S4K88P,5/8,4.0
6820-R2-67125-02,C6S4K88R,5/8,4.0
6820-R2-67125-02,C6SDVYKZ,2,1.0
6820-R2-67125-02,C80R6Y1R,2,1.0
6820-R2-67125-03,C6S4K87U,1/2,4.0
6820-R2-67125-03,C6S4K8BR,3/4,8.0
6820-R2-67125-03,C6SBWZF4,8,2.0
6820-R2-67125-03,C7CT0BXY,8,1.0
6820-R2-67125-03,PS209,8,1.0
6820-R2-67125-03,PS214,8,2.0
6820-R2-67125-04,C6S4K87F,1,2.0
6820-R2-67125-04,C6S4K87N,4,2.0
6820-R2-67125-04,C6S4K87U,1/2,8.0
6820-R2-67125-04,C6S4K88S,5/8,16.0
6820-R2-67125-04,C76KHSRR,1,1.0
6820-R2-67125-04,C80R6Y1H,1,1.0
6820-R2-67125-04,PS214,8,1.0
6820-R2-67125-05,C6S4K87R,6,2.0
6820-R2-67125-05,C6S4K8BB,3/4,16.0
6820-R2-67125-05,PS209,8,1.0
6820-R2-67125-06,C6S4K87F,1,2.0
6820-R2-67125-06,C6S4K87U,1/2,8.0
6820-R2-67125-06,C6S4K8BE,3/4,16.0
6820-R2-67125-06,C6S4K8BR,3/4,8.0
6820-R2-67125-06,C6SBWZF4,8,4.0
6820-R2-67125-06,C6SDVYKY,8,1.0
6820-R2-67125-06,C76KHSRR,1,1.0
6820-R2-67125-06,C7CT0BXY,8,1.0
6820-R2-67125-06,C80R6Y1H,1,1.0
6820-R2-67125-07,C6S4K87F,1,2.0
6820-R2-67125-07,C6S4K87U,1/2,8.0
6820-R2-67125-07,C76KHSRR,1,1.0
6820-R2-67125-07,PS204,1,1.0
6820-R2-67125-07,PS401,1,1.0
6820-R2-67125-08,C6S4K87F,1,6.0
6820-R2-67125-08,C6S4K87T,1/2,8.0
6820-R2-67125-08,C6S4K87U,1/2,16.0
6820-R2-67125-08,C76KHSRR,1,2.0
6820-R2-67125-08,C80R6Y1H,1,1.0
6820-R2-67126-01,C6S4K8EA,1,12.0
6820-R2-67126-01,C7CT1ZFN,14,1.0
6820-R2-67126-01,PS204,14,3.0
6820-R2-67126-01,PS402,14,1.0
6820-R2-67126-02,C6S4K8EA,1,12.0
6820-R2-67126-02,C7CT1ZFN,14,1.0
6820-R2-67126-02,PS204,14,1.0
6820-R2-67126-02,PS406,14,1.0
6820-R2-67126-02,PS413,14,1.0
6820-R2-67126-02,PS430,14,1.0
6820-R2-67126-02,PS904,14,2.0
6820-R2-67127-02,C6S4K87U,1/2,8.0
6820-R2-67127-02,C76KHSRR,1,1.0
6820-R2-67127-02,C7CT1ZFH,1,2.0
6820-R2-67127-02,C7W2U478,1,1.0
6820-R2-67127-02,C7W2U48L,1,1.0
6820-R2-67127-02,CEZMKL0,1,1.0
6820-R2-67127-03,C6S4K8BC,3/4,16.0
6820-R2-67127-03,C6S4K8BD,3/4,8.0
6820-R2-67127-03,C7CT1ZG1,6,4.0
6820-R2-67127-03,PS214,6,1.0
6820-R2-67128-01,C6S4K8CT,7/8,24.0
6820-R2-67128-01,C7CT1ZFL,10,2.0
6820-R2-67128-01,PS204,10,3.0
6820-R2-67128-01,PS406,10,2.0
6820-R2-67128-01,PS413,10,2.0
6820-R2-67128-03,C6S4K87U,1/2,8.0
6820-R2-67128-03,C6S4K8BC,3/4,8.0
6820-R2-67128-03,C76KHSRR,1,1.0
6820-R2-67128-03,C7CT1ZFH,1,2.0
6820-R2-67128-03,C7CT1ZG1,6,1.0
6820-R2-67128-03,C7W2U478,1,1.0
6820-R2-67128-03,C7W2U48L,1,1.0
6820-R2-67128-03,CEZMKL0,1,1.0
6820-R2-67128-04,C6S4K8BC,3/4,8.0
6820-R2-67128-04,C6S4K8BD,3/4,8.0
6820-R2-67128-04,C7CT1ZG1,6,3.0
6820-R2-67128-04,PS214,6,1.0
6820-R2-67129-01,C6S4K87U,1/2,8.0
6820-R2-67129-01,C6S4K88S,5/8,8.0
6820-R2-67129-01,C76KHSRR,1,1.0
6820-R2-67129-01,C7CT1ZFH,1,2.0
6820-R2-67129-01,C7CT1ZFZ,4,1.0
6820-R2-67129-01,C7W2U478,1,1.0
6820-R2-67129-01,C7W2U48L,1,1.0
6820-R2-67129-01,CEZMKL0,1,1.0
6820-R2-67129-02,C6S4K8BD,3/4,8.0
6820-R2-67129-02,C7CT1ZG2,8,1.0
6820-R2-67129-03,C6S4K87U,1/2,8.0
6820-R2-67129-03,C6S4K8BD,3/4,16.0
6820-R2-67129-03,C76KHSRG,8,1.0
6820-R2-67129-03,C76KHSRR,1,1.0
6820-R2-67129-03,C7CT1ZFH,1,2.0
6820-R2-67129-03,C7CT1ZG2,8,2.0
6820-R2-67129-03,C7W2U478,1,1.0
6820-R2-67129-03,C7W2U48L,1,1.0
6820-R2-67129-03,CEZMKL0,1,1.0
6820-R2-67129-03,PS204,8,1.0
6820-R2-67129-03,PS206,8,1.0
6820-R2-67129-03,PS407,8,1.0
6820-R2-67129-04,C6S4K87U,1/2,8.0
6820-R2-67129-04,C76KHSRR,1,1.0
6820-R2-67129-04,C7CT1ZFH,1,2.0
6820-R2-67129-04,C7W2U478,1,1.0
6820-R2-67129-04,C7W2U48L,1,1.0
6820-R2-67129-04,CEZMKL0,1,1.0
6820-R2-67129-04,PS204,8,1.0
6820-R2-67129-04,PS407,8,1.0
6820-R2-67129-05,C6S4K8BR,3/4,8.0
6820-R2-67129-05,C7CT1ZG2,8,2.0
6820-R2-67129-05,C8PLE444,8,1.0
6820-R2-67129-06,C6S4K88R,5/8,4.0
6820-R2-67129-06,C6S4K894,5/8,4.0
6820-R2-67129-06,C6SDVYKZ,2,1.0
6820-R2-67129-06,C7CT1ZFS,2,3.0
6820-R2-67129-06,C7W2U48P,2,1.0
6820-R2-67129-06,CF5AB9Z,2,1.0
6820-R2-67130-01,C6S4K87U,1/2,8.0
6820-R2-67130-01,C6S4K88S,5/8,8.0
6820-R2-67130-01,C76KHSRR,1,1.0
6820-R2-67130-01,C7CT1ZFH,1,2.0
6820-R2-67130-01,C7CT1ZFZ,4,1.0
6820-R2-67130-01,C7W2U478,1,1.0
6820-R2-67130-01,C7W2U48L,1,1.0
6820-R2-67130-01,CEZMKL0,1,1.0
6820-R2-67130-02,C6S4K8BD,3/4,8.0
6820-R2-67130-02,C7CT1ZG2,8,1.0
6820-R2-67130-02,PS204,8,1.0
6820-R2-67130-02,PS206,8,1.0
6820-R2-67130-02,PS407,8,1.0
6820-R2-67130-03,C6S4K8BD,3/4,16.0
6820-R2-67130-03,C6S4K8BR,3/4,8.0
6820-R2-67130-03,C76KHSRG,8,1.0
6820-R2-67130-03,C7CT1ZG2,8,4.0
6820-R2-67130-03,C8PLE444,8,1.0
6820-R2-67130-03,PS204,8,1.0
6820-R2-67130-03,PS407,8,1.0
6820-R2-67130-04,C6S4K8BD,3/4,16.0
6820-R2-67130-04,C76KHSRG,8,1.0
6820-R2-67130-04,C7CT1ZG2,8,2.0
6820-R2-67130-04,PS204,8,1.0
6820-R2-67130-04,PS406,8,1.0
6820-R2-67130-05,C6S4K87U,1/2,8.0
6820-R2-67130-05,C76KHSRR,1,1.0
6820-R2-67130-05,C7CT1ZFH,1,2.0
6820-R2-67130-05,C7W2U478,1,1.0
6820-R2-67130-05,C7W2U48L,1,1.0
6820-R2-67130-05,CEZMKL0,1,1.0
6820-R2-67130-05,PS204,8,1.0
6820-R2-67130-05,PS206,8,1.0
6820-R2-67130-06,C6S4K87U,1/2,8.0
6820-R2-67130-06,C6S4K8BD,3/4,16.0
6820-R2-67130-06,C76KHSRR,1,1.0
6820-R2-67130-06,C7CT1ZFH,1,2.0
6820-R2-67130-06,C7CT1ZG2,8,2.0
6820-R2-67130-06,C7W2U478,1,1.0
6820-R2-67130-07,C7CT1ZG2,8,2.0
6820-R2-67130-07,C8PLE444,8,1.0
6820-R2-67130-08,C6S4K8BR,3/4,8.0
6820-R2-67130-08,C7CT1ZG2,8,2.0
6820-R2-67130-08,C8PLE444,8,1.0
6820-R2-67130-08,PS204,8,1.0
6820-R2-67130-08,PS206,8,1.0
6820-R2-67130-08,PS212,8,1.0
6820-R2-67130-08,PS406,8,1.0
6820-R2-67130-08,PS429,8,1.0
6820-R2-67130-09,C6S4K88R,5/8,4.0
6820-R2-67130-09,C6S4K894,5/8,4.0
6820-R2-67130-09,C6SDVYKZ,2,1.0
6820-R2-67130-09,C7CT1ZFS,2,3.0
6820-R2-67130-09,C7W2U48P,2,1.0
6820-R2-67130-09,CF5AB9Z,2,1.0
6820-R2-67130-10,C6S4K87U,1/2,8.0
6820-R2-67130-10,C76KHSRR,1,1.0
6820-R2-67130-10,C7CT1ZFH,1,2.0
6820-R2-67130-10,C7W2U478,1,1.0
6820-R2-67130-10,CEZMKL0,1,1.0
6820-R2-67130-11,C6S4K87U,1/2,8.0
6820-R2-67130-11,C76KHSRR,1,1.0
6820-R2-67130-11,C7CT1ZFH,1,2.0
6820-R2-67130-11,C7W2U478,1,1.0
6820-R2-67130-11,CEZMKL0,1,1.0
6820-R2-67130-12,C6S4K87U,1/2,8.0
6820-R2-67130-12,C76KHSRR,1,1.0
6820-R2-67130-12,C7CT1ZFH,1,2.0
6820-R2-67130-12,C7W2U478,1,1.0
6820-R2-67130-12,C7W2U48L,1,1.0
6820-R2-67130-12,CEZMKL0,1,1.0
6820-R2-67131-01,C76KFFTD,1,39.3
6820-R2-67131-01,C7BP5GGW,1,6.0
6820-R2-67131-01,C7W2U48L,1,1.0
6820-R2-67131-01,PS105,1,4.0
6820-R2-67131-01,PS204,1,1.0
6820-R2-67131-01,PS205,1,1.0
6820-R2-67131-01,PS719,1,3.0
6820-R2-67131-02,C6S4K87U,1/2,16.0
6820-R2-67131-02,C6SEUHBR,1/2,1.0
6820-R2-67131-02,C6TYYMRF,1/2,1.0
6820-R2-67131-02,C76KFFTD,1,2.1
6820-R2-67131-02,C76KHSRR,1,1.0
6820-R2-67131-02,C7BP5GGW,1,1.0
6820-R2-67131-02,C7CT1ZFH,1,4.0
6820-R2-67131-02,C7CXA8BE,1,1.0
6820-R2-67131-02,C7W2U48L,1,2.0
6820-R2-67131-04,C6S4K87T,1/2,4.0
6820-R2-67131-04,C6S4K87U,1/2,12.0
6820-R2-67131-04,C6S4K8BB,3/4,8.0
6820-R2-67131-04,C76KFFTD,1,9.7
6820-R2-67131-04,C76KHSRR,1,1.0
6820-R2-67131-04,C7BP5GGW,1,3.0
6820-R2-67131-04,C7CT1ZFH,1,4.0
6820-R2-67131-04,C7CT1ZG1,6,1.0
6820-R2-67131-04,C7W2U48L,1,5.0
6820-R2-67131-04,PS105,1,1.0
6820-R2-67131-04,PS204,1,1.0
6820-R2-67131-04,PS719,1,1.0
6820-R2-67132-01,C76KFFTD,1,33.3
6820-R2-67132-01,C7BP5GGW,1,5.0
6820-R2-67132-01,C7BP5GZC,1,1.0
6820-R2-67132-01,C7W2U48L,1,1.0
6820-R2-67132-01,PS105,1,3.0
6820-R2-67132-01,PS204,1,1.0
6820-R2-67132-01,PS205,1,1.0
6820-R2-67132-01,PS709,1,1.0
6820-R2-67132-02,C6S4K87U,1/2,16.0
6820-R2-67132-02,C6SEUHBR,1/2,1.0
6820-R2-67132-02,C6TYYMRF,1/2,1.0
6820-R2-67132-02,C76KFFTD,1,4.3
6820-R2-67132-02,C76KHSRR,1,1.0
6820-R2-67132-02,C7BP5GGW,1,1.0
6820-R2-67132-02,C7CT1ZFH,1,4.0
6820-R2-67132-02,C7CXA8BE,1,1.0
6820-R2-67132-02,C7W2U48L,1,2.0
6820-R2-67132-02,PS105,1,1.0
6820-R2-67132-02,PS204,1,1.0
6820-R2-67132-02,PS709,1,1.0
6820-R2-67132-04,C6S4K87U,1/2,16.0
6820-R2-67132-04,C6S4K8BC,3/4,8.0
6820-R2-67132-04,C76KFFTD,1,10.9
6820-R2-67132-04,C76KHSRR,1,1.0
6820-R2-67132-04,C7BP5GGW,1,5.0
6820-R2-67132-04,C7CT1ZFH,1,4.0
6820-R2-67132-04,C7CT1ZG1,6,1.0
6820-R2-67132-04,C7W2U48L,1,5.0
6820-R2-67132-04,PS105,1,1.0
6820-R2-67132-04,PS204,1,1.0
6820-R2-67132-04,PS719,1,1.0
6820-R2-67133-01,C6S4K87U,1/2,16.0
6820-R2-67133-01,C76KFFTD,1,20.8
6820-R2-67133-01,C76KHSRR,1,2.0
6820-R2-67133-01,C7BP5GGW,1,3.0
6820-R2-67133-01,C7CT1ZFH,1,4.0
6820-R2-67133-01,C7W2U48L,1,4.0
6820-R2-67133-01,PS204,1,1.0
6820-R2-67133-01,PS407,1,1.0
6820-R2-67133-01,PS413,1,1.0
6820-R2-67133-01,PS434,1,2.0
6820-R2-67133-02,C6S4K87U,1/2,24.0
6820-R2-67133-02,C76KFFTD,1,13.6
6820-R2-67133-02,C76KHSRR,1,3.0
6820-R2-67133-02,C7BP5GGW,1,1.0
6820-R2-67133-02,C7CT1ZFH,1,6.0
6820-R2-67133-02,C7W2U478,1,1.0
6820-R2-67133-02,C7W2U48L,1,5.0
6820-R2-67133-02,CEZMKL0,1,1.0
6820-R2-67133-02,PS204,1,1.0
6820-R2-67133-02,PS407,1,1.0
6820-R2-67134-01,C6S4K87U,1/2,8.0
6820-R2-67134-01,C76KFFTD,1,6.8
6820-R2-67134-01,C76KHSRR,1,1.0
6820-R2-67134-01,C7BP5GGW,1,2.0
6820-R2-67134-01,C7CT1ZFH,1,2.0
6820-R2-67134-01,C7W2U48L,1,2.0
6820-R2-67134-01,PS105,1,1.0
6820-R2-67134-02,C6S4K87U,1/2,8.0
6820-R2-67134-02,C6SEUHBR,1/2,1.0
6820-R2-67134-02,C6TYYMRF,1/2,1.0
6820-R2-67134-02,C76KFFTD,1,1.3
6820-R2-67134-02,C7CT1ZFH,1,2.0
6820-R2-67134-02,C7CXA8BE,1,1.0
6820-R2-67134-02,C7W2U48L,1,1.0
6820-R2-67134-03,C6S4K87U,1/2,8.0
6820-R2-67134-03,C76KFFTD,1,26.4
6820-R2-67134-03,C7BP5GGW,1,5.0
6820-R2-67134-03,C7CT1ZFH,1,2.0
6820-R2-67134-03,C7W2U48L,1,3.0
6820-R2-67134-03,PS105,1,2.0
6820-R2-67134-04,C76KFFTD,1,62.6
6820-R2-67134-04,C7BP51NV,1,2.0
6820-R2-67134-04,C7BP5GGW,1,4.0
6820-R2-67134-04,C7BP5GZC,1,1.0
6820-R2-67134-04,PS105,1,7.0
6820-R2-67134-04,PS204,1,4.0
6820-R2-67134-04,PS709,1,2.0
6820-R2-67134-04,PS712,1,5.0
6820-R2-67134-05,C76KFFTD,1,41.3
6820-R2-67134-05,C7BP51NV,1,1.0
6820-R2-67134-05,C7BP5GGW,1,3.0
6820-R2-67134-05,PS105,1,5.0
6820-R2-67134-05,PS204,1,3.0
6820-R2-67134-05,PS712,1,5.0
6820-R2-67134-07,C6S4K87U,1/2,8.0
6820-R2-67134-07,C76KFFTD,1,7.1
6820-R2-67134-07,C76KHSRR,1,1.0
6820-R2-67134-07,C7BP5GGW,1,2.0
6820-R2-67134-07,C7CT1ZFH,1,2.0
6820-R2-67134-07,C7W2U48L,1,3.0
6820-R2-67134-07,PS105,1,1.0
6820-R2-67134-07,PS709,1,1.0
6820-R2-67135-01,C6S4K8BC,3/4,8.0
6820-R2-67135-01,C76KHSS9,6,1.0
6820-R2-67135-01,PS201,6,1.0
6820-R2-67135-01,PS203,6,1.0
6820-R2-67135-01,PS209,6,1.0
6820-R2-67135-01,PS214,6,1.0
6820-R2-67135-01,PS407,6,1.0
6820-R2-67135-01,PS433,6,1.0
6820-R2-67137-01,C6S4K8BC,3/4,8.0
6820-R2-67137-01,C6S4K8BM,3/4,8.0
6820-R2-67137-01,C76KHSS9,6,3.0
6820-R2-67137-01,C76KJLEL,6,1.0
6820-R2-67137-01,PS209,6,1.0
6820-R2-67137-01,PS214,6,2.0
6820-R2-67137-02,C1DR2JM,1,1.0
6820-R2-67137-02,C1DR2JV,1,1.0
6820-R2-67137-02,C41B2D94,1,1.0
6820-R2-67137-02,C6S4K87U,1/2,8.0
6820-R2-67137-02,C6S4K88S,5/8,8.0
6820-R2-67137-02,C6S4K88T,5/8,4.0
6820-R2-67137-02,C76KHSRZ,1,2.0
6820-R2-67137-02,C76KHSS5,3,4.0
6820-R2-67137-02,C76RJXHV,1,1.0
6820-R2-67138-01,C6S4K8BC,3/4,8.0
6820-R2-67138-01,C6S4K8BM,3/4,8.0
6820-R2-67138-01,C76KHSS9,6,3.0
6820-R2-67138-01,C76KJLEL,6,1.0
6820-R2-67138-01,PS209,6,1.0
6820-R2-67138-01,PS214,6,2.0
6820-R2-67138-02,C1DR2JM,1,1.0
6820-R2-67138-02,C1DR2JV,1,1.0
6820-R2-67138-02,C41B2D94,1,1.0
6820-R2-67138-02,C6S4K87U,1/2,8.0
6820-R2-67138-02,C6S4K88S,5/8,8.0
6820-R2-67138-02,C6S4K88T,5/8,4.0
6820-R2-67138-02,C76KHSRZ,1,2.0
6820-R2-67138-02,C76KHSS5,3,4.0
6820-R2-67138-02,C76RJXHV,1,1.0
6820-R2-67139-01,C145308,2,0.4
6820-R2-67139-01,C1DR2JM,1,1.0
6820-R2-67139-01,C1DR2JR,2,1.0
6820-R2-67139-01,C1DR2JV,1,1.0
6820-R2-67139-01,C41B2D94,1,1.0
6820-R2-67139-01,C6S4K87U,1/2,8.0
6820-R2-67139-01,C6S4K88R,5/8,4.0
6820-R2-67139-01,C76KHSRZ,1,2.0
6820-R2-67139-01,C76KHSS3,2,1.0
6820-R2-67139-01,C76RJXHV,1,1.0
6820-R2-67139-01,CZ2LEZH,2,1.0
6820-R2-67139-02,C1DR2JM,1,1.0
6820-R2-67139-02,C1DR2JV,1,1.0
6820-R2-67139-02,C41B2D94,1,1.0
6820-R2-67139-02,C6S4K87U,1/2,8.0
6820-R2-67139-02,C6S4K88S,5/8,8.0
6820-R2-67139-02,C76KHSRZ,1,2.0
6820-R2-67139-02,C76KHSS7,4,1.0
6820-R2-67139-02,C76RJXHV,1,1.0
6820-R2-67139-02,PS209,4,1.0
6820-R2-67139-03,C1DR2JM,1,1.0
6820-R2-67139-03,C1DR2JV,1,1.0
6820-R2-67139-03,C41B2D94,1,1.0
6820-R2-67139-03,C6S4K87U,1/2,8.0
6820-R2-67139-03,C6S4K88S,5/8,16.0
6820-R2-67139-03,C76KHSRZ,1,2.0
6820-R2-67139-03,C76KHSS7,4,2.0
6820-R2-67139-03,C76KJLFC,4,1.0
6820-R2-67139-03,C76RJXHV,1,1.0
6820-R2-67139-03,PS209,4,1.0
6820-R2-67139-03,PS214,4,1.0
6820-R2-67139-04,C1DR2JM,1,1.0
6820-R2-67139-04,C1DR2JV,1,1.0
6820-R2-67139-04,C41B2D94,1,1.0
6820-R2-67139-04,C6S4K87U,1/2,8.0
6820-R2-67139-04,C6S4K88S,5/8,16.0
6820-R2-67139-04,C76KHSRZ,1,2.0
6820-R2-67139-04,C76KHSS7,4,2.0
6820-R2-67139-04,C76RJXHV,1,1.0
6820-R2-67139-04,C76RJXJ1,4,1.0
6820-R2-67139-05,C6S4K87V,1/2,4.0
6820-R2-67139-05,C6S4K87Y,1/2,4.0
6820-R2-67140-01,C145308,2,0.4
6820-R2-67140-01,C1DR2JM,1,1.0
6820-R2-67140-01,C1DR2JR,2,1.0
6820-R2-67140-01,C1DR2JV,1,1.0
6820-R2-67140-01,C41B2D94,1,1.0
6820-R2-67140-01,C6S4K87U,1/2,8.0
6820-R2-67140-01,C6S4K88R,5/8,4.0
6820-R2-67140-01,C76KHSRZ,1,2.0
6820-R2-67140-01,C76KHSS3,2,1.0
6820-R2-67140-01,C76RJXHV,1,1.0
6820-R2-67140-01,CZ2LEZH,2,1.0
6820-R2-67140-02,C1DR2JM,1,1.0
6820-R2-67140-02,C1DR2JV,1,1.0
6820-R2-67140-02,C41B2D94,1,1.0
6820-R2-67140-02,C6S4K87U,1/2,8.0
6820-R2-67140-02,C6S4K88S,5/8,8.0
6820-R2-67140-02,C76KHSRZ,1,2.0
6820-R2-67140-02,C76KHSS7,4,1.0
6820-R2-67140-02,C76RJXHV,1,1.0
6820-R2-67140-02,PS209,4,1.0
6820-R2-67140-03,C1DR2JM,1,1.0
6820-R2-67140-03,C1DR2JV,1,1.0
6820-R2-67140-03,C41B2D94,1,1.0
6820-R2-67140-03,C6S4K87U,1/2,8.0
6820-R2-67140-03,C6S4K88S,5/8,16.0
6820-R2-67140-03,C76KHSRZ,1,2.0
6820-R2-67140-03,C76KHSS7,4,2.0
6820-R2-67140-03,C76KJLFC,4,1.0
6820-R2-67140-03,C76RJXHV,1,1.0
6820-R2-67140-03,PS209,4,1.0
6820-R2-67140-03,PS214,4,1.0
6820-R2-67140-04,C1DR2JM,1,1.0
6820-R2-67140-04,C1DR2JV,1,1.0
6820-R2-67140-04,C41B2D94,1,1.0
6820-R2-67140-04,C6S4K87U,1/2,8.0
6820-R2-67140-04,C6S4K88S,5/8,16.0
6820-R2-67140-04,C76KHSRZ,1,2.0
6820-R2-67140-04,C76KHSS7,4,2.0
6820-R2-67140-04,C76RJXHV,1,1.0
6820-R2-67140-04,C76RJXJ1,4,1.0
6820-R2-67140-05,PS201,4,1.0
6820-R2-67140-05,PS433,4,1.0
6820-R2-67140-05,PS434,4,1.0
6820-R2-67140-06,C1DR2JM,1,1.0
6820-R2-67140-06,C1DR2JV,1,1.0
6820-R2-67140-06,C41B2D94,1,1.0
6820-R2-67140-06,C6S4K87U,1/2,8.0
6820-R2-67140-06,C6S4K88S,5/8,8.0
6820-R2-67140-06,C76KHSRZ,1,2.0
6820-R2-67140-06,C76KHSS5,3,2.0
6820-R2-67140-06,C76RJXHV,1,1.0
6820-R2-67140-06,PS201,4,2.0
6820-R2-67140-06,PS203,4,1.0
6820-R2-67140-06,PS412,4,2.0
6820-R2-67140-06,PS430,4,1.0
6820-R2-67140-06,PS433,4,2.0
6820-R2-67140-07,C6S4K88S,5/8,16.0
6820-R2-67140-07,C76KHSS7,4,2.0
6820-R2-67140-07,C76RJXJ1,4,1.0
6820-R2-67140-07,PS201,4,1.0
6820-R2-67140-07,PS203,4,1.0
6820-R2-67140-07,PS401,4,1.0
6820-R2-67140-07,PS433,4,2.0
6820-R2-67140-07,PS434,4,1.0
6820-R2-67140-08,C145308,2,4.5
6820-R2-67140-08,C1DMWEN,2,1.0
6820-R2-67140-08,C1DR2JR,2,1.0
6820-R2-67140-08,C1DR2JY,2,1.0
6820-R2-67140-08,C6S4K88R,5/8,8.0
6820-R2-67140-08,C76KHSS3,2,2.0
6820-R2-67140-08,C76RJXHX,2,1.0
6820-R2-67140-08,PS201,2,1.0
6820-R2-67140-08,PS433,2,1.0
6820-R2-67140-08,PS434,2,1.0
6820-R2-67140-09,C6S4K87V,1/2,4.0
6820-R2-67140-09,C6S4K87Y,1/2,4.0
6820-R2-67141-01,C76KFFWK,2,45.9
6820-R2-67141-01,C7BP5GGZ,2,6.0
6820-R2-67141-01,C7BP5GZF,2,1.0
6820-R2-67141-01,PS105,2,5.0
6820-R2-67141-01,PS204,2,2.0
6820-R2-67141-01,PS434,2,5.0
6820-R2-67141-03,C76KFFWK,2,40.7
6820-R2-67141-03,C7BP51NV,1,1.0
6820-R2-67141-03,C7BP51NY,2,1.0
6820-R2-67141-03,C7BP5GGZ,2,1.0
6820-R2-67141-03,PS105,2,5.0
6820-R2-67141-03,PS204,2,3.0
6820-R2-67141-03,PS434,2,3.0
6820-R2-67141-03,PS712,2,2.0
6820-R2-67142-01,C6S4K87T,1/2,12.0
6820-R2-67142-01,C76SNTEV,1/2,3.0
6820-R2-67142-01,C8RR9V35,1/2,1.0
6820-R2-67143-01,C6S4K87J,2,5.0
6820-R2-67143-01,C6S4K88P,5/8,8.0
6820-R2-67143-01,C6S4K88R,5/8,4.0
6820-R2-67143-01,C6S4K890,5/8,4.0
6820-R2-67143-01,C6SDVYKZ,2,2.0
6820-R2-67143-02,C6S4K87V,1/2,8.0
6820-R2-67146-02,C6S4K88R,5/8,8.0
6820-R2-67146-02,C6S4K890,5/8,8.0
6820-R2-67146-02,C6SDVYKZ,2,2.0
6820-R2-67146-02,C76KFFWK,2,0.7
6820-R2-67146-02,C7CT1ZFS,2,6.0
6820-R2-67146-02,C7W2U48P,2,2.0
6820-R2-67146-02,PS209,8,1.0
6820-R2-67146-02,PS430,8,1.0
6820-R2-67146-03,PS204,8,1.0
6820-R2-67146-03,PS434,8,1.0
6820-R2-67146-04,PS204,8,1.0
6820-R2-67146-05,PS204,8,1.0
6820-R2-67146-05,PS401,8,1.0
6820-R2-67146-05,PS434,8,1.0
6820-R2-67146-06,C6S4K8BD,3/4,8.0
6820-R2-67146-06,C7CT1ZG2,8,1.0
6820-R2-67146-06,C7W2U47N,8,1.0
6820-R2-67146-06,PS204,8,2.0
6820-R2-67147-01,C6S4K87U,1/2,24.0
6820-R2-67147-01,C6S4K88N,5/8,4.0
6820-R2-67147-01,C76KFFTD,1,28.7
6820-R2-67147-01,C76KHSRR,1,2.0
6820-R2-67147-01,C7BP51NV,1,1.0
6820-R2-67147-01,C7BP5GGW,1,6.0
6820-R2-67147-01,C7CT1ZFH,1,6.0
6820-R2-67147-01,C7W2U478,1,1.0
6820-R2-67147-01,C7W2U48L,1,7.0
6820-R2-67147-01,C7W2U48S,3/4,1.0
6820-R2-67147-01,C7W3AL3K,3/4,1.0
6820-R2-67147-01,CEZMKL0,1,1.0
6820-R2-67147-01,PS201,1,4.0
6820-R2-67147-01,PS212,1,1.0
6820-R2-67147-01,PS433,1,4.0
6820-R2-67147-01,PS709,1,3.0
6820-R2-67147-01,PS719,1,1.0
6820-R2-67147-01,PS732,1,1.0
6820-R2-67148-01,C76KFFTD,1,42.3
6820-R2-67148-01,C7BP51NV,1,1.0
6820-R2-67148-01,C7BP5GGW,1,8.0
6820-R2-67148-01,C7BP5GZC,1,1.0
6820-R2-67148-01,PS201,1,5.0
6820-R2-67148-01,PS433,1,5.0
6820-R2-67148-01,PS719,1,1.0
6820-R2-67148-02,C6S4K87U,1/2,8.0
6820-R2-67148-02,C76KFFTD,1,19.2
6820-R2-67148-02,C76KHSRR,1,1.0
6820-R2-67148-02,C7BP5GGW,1,4.0
6820-R2-67148-02,C7BP5GZC,1,4.0
6820-R2-67148-02,C7CT1ZFH,1,2.0
6820-R2-67148-02,C7W2U48L,1,2.0
6820-R2-67148-02,PS201,1,2.0
6820-R2-67148-02,PS433,1,4.0
6820-R2-67148-02,PS709,1,2.0
6820-R2-67148-02,PS711,1,2.0
6820-R2-67148-02,PS718,1,2.0
6820-R2-67148-03,C6S4K87U,1/2,16.0
6820-R2-67148-03,C6S4K88N,5/8,4.0
6820-R2-67148-03,C76KFFSD,3/4,0.8
6820-R2-67148-03,C76KFFTD,1,11.6
6820-R2-67148-03,C76KHSRR,1,1.0
6820-R2-67148-03,C7BP51NV,1,1.0
6820-R2-67148-03,C7BP5GGV,3/4,2.0
6820-R2-67148-03,C7BP5GGW,1,3.0
6820-R2-67148-03,C7CT1ZFH,1,4.0
6820-R2-67148-03,C7W2U478,1,1.0
6820-R2-67148-03,C7W2U48L,1,5.0
6820-R2-67148-03,C7W2U48S,3/4,1.0
6820-R2-67148-03,C7W3AL3K,3/4,1.0
6820-R2-67148-03,CEZMKL0,1,1.0
6820-R2-67148-03,PS201,1,2.0
6820-R2-67148-03,PS433,1,2.0
6820-R2-67149-01,C76KFFTD,1,50.8
6820-R2-67149-01,C7BP51NV,1,2.0
6820-R2-67149-01,C7BP5GGW,1,8.0
6820-R2-67149-01,C7BP5GZC,1,1.0
6820-R2-67149-01,PS201,1,7.0
6820-R2-67149-01,PS210,1,1.0
6820-R2-67149-01,PS433,1,7.0
6820-R2-67149-01,PS434,1,3.0
6820-R2-67149-01,PS713,1,1.0
6820-R2-67149-01,PS718,1,1.0
6820-R2-67149-01,PS719,1,1.0
6820-R2-67149-02,C6S4K87U,1/2,8.0
6820-R2-67149-02,C76KFFTD,1,22.6
6820-R2-67149-02,C76KHSRR,1,1.0
6820-R2-67149-02,C7BP5GGW,1,1.0
6820-R2-67149-02,C7BP5GZC,1,4.0
6820-R2-67149-02,C7CT1ZFH,1,2.0
6820-R2-67149-02,C7W2U48L,1,2.0
6820-R2-67149-02,PS433,1,3.0
6820-R2-67149-02,PS709,1,2.0
6820-R2-67149-02,PS711,1,1.0
6820-R2-67149-02,PS718,1,1.0
6820-R2-67149-03,C6S4K87U,1/2,16.0
6820-R2-67149-03,C6S4K88N,5/8,4.0
6820-R2-67149-03,C76KFFSD,3/4,0.8
6820-R2-67149-03,C76KFFTD,1,11.6
6820-R2-67149-03,C76KHSRR,1,1.0
6820-R2-67149-03,C7BP51NV,1,1.0
6820-R2-67149-03,C7BP5GGV,3/4,2.0
6820-R2-67149-03,C7BP5GGW,1,3.0
6820-R2-67149-03,C7CT1ZFH,1,4.0
6820-R2-67149-03,C7W2U478,1,1.0
6820-R2-67149-03,C7W2U48L,1,5.0
6820-R2-67149-03,C7W2U48S,3/4,1.0
6820-R2-67149-03,C7W3AL3K,3/4,1.0
6820-R2-67149-03,CEZMKL0,1,1.0
6820-R2-67149-03,PS201,1,2.0
6820-R2-67149-03,PS433,1,2.0
6820-R2-67150-01,C6S4K87U,1/2,12.0
6820-R2-67150-01,C76KFFTD,1,19.3
6820-R2-67150-01,C76KHSRR,1,1.0
6820-R2-67150-01,C7BP5GGW,1,7.0
6820-R2-67150-01,C7CT1ZFH,1,3.0
6820-R2-67150-01,C7W2U48L,1,4.0
6820-R2-67150-01,PS201,1,2.0
6820-R2-67150-01,PS212,1,1.0
6820-R2-67150-01,PS433,1,2.0
6820-R2-67150-01,PS709,1,2.0
6820-R2-67150-01,PS732,1,1.0
6820-R2-67150-02,C6S4K87U,1/2,12.0
6820-R2-67150-02,C6S4K88N,5/8,4.0
6820-R2-67150-02,C76KFFTD,1,9.8
6820-R2-67150-02,C76KHSRR,1,1.0
6820-R2-67150-02,C7BP51NV,1,1.0
6820-R2-67150-02,C7BP5GGW,1,1.0
6820-R2-67150-02,C7CT1ZFH,1,3.0
6820-R2-67150-02,C7W2U478,1,1.0
6820-R2-67150-02,C7W2U48L,1,3.0
6820-R2-67150-02,C7W2U48S,3/4,1.0
6820-R2-67150-02,C7W3AL3K,3/4,1.0
6820-R2-67150-02,CEZMKL0,1,1.0
6820-R2-67150-02,PS201,1,2.0
6820-R2-67150-02,PS433,1,2.0
6820-R2-67150-02,PS709,1,2.0
6820-R2-67151-01,C6S4K87U,1/2,12.0
6820-R2-67151-01,C76KFFTD,1,24.1
6820-R2-67151-01,C76KHSRR,1,1.0
6820-R2-67151-01,C7BP5GGW,1,6.0
6820-R2-67151-01,C7CT1ZFH,1,3.0
6820-R2-67151-01,C7W2U48L,1,4.0
6820-R2-67151-01,PS201,1,2.0
6820-R2-67151-01,PS212,1,1.0
6820-R2-67151-01,PS213,1,1.0
6820-R2-67151-01,PS221,1,1.0
6820-R2-67151-01,PS433,1,2.0
6820-R2-67151-01,PS709,1,1.0
6820-R2-67151-01,PS713,1,1.0
6820-R2-67151-01,PS719,1,1.0
6820-R2-67151-01,PS732,1,1.0
6820-R2-67151-02,C6S4K87U,1/2,12.0
6820-R2-67151-02,C6S4K88N,5/8,4.0
6820-R2-67151-02,C76KFFTD,1,9.8
6820-R2-67151-02,C76KHSRR,1,1.0
6820-R2-67151-02,C7BP51NV,1,1.0
6820-R2-67151-02,C7BP5GGW,1,1.0
6820-R2-67151-02,C7CT1ZFH,1,3.0
6820-R2-67151-02,C7W2U478,1,1.0
6820-R2-67151-02,C7W2U48L,1,3.0
6820-R2-67151-02,C7W2U48S,3/4,1.0
6820-R2-67151-02,C7W3AL3K,3/4,1.0
6820-R2-67151-02,CEZMKL0,1,1.0
6820-R2-67151-02,PS201,1,2.0
6820-R2-67151-02,PS433,1,2.0
6820-R2-67151-02,PS709,1,2.0
6820-R2-67154-01,C6S4K87U,1/2,8.0
6820-R2-67154-01,C76KFFTD,1,26.4
6820-R2-67154-01,C76KHSRR,1,1.0
6820-R2-67154-01,C7BP5GGW,1,3.0
6820-R2-67154-01,C7CT1ZFH,1,2.0
6820-R2-67154-01,C7W2U48L,1,2.0
6820-R2-67154-01,PS201,1,2.0
6820-R2-67154-01,PS212,1,1.0
6820-R2-67154-01,PS213,1,1.0
6820-R2-67154-01,PS221,1,1.0
6820-R2-67154-01,PS433,1,2.0
6820-R2-67154-01,PS709,1,1.0
6820-R2-67154-01,PS712,1,1.0
6820-R2-67154-01,PS713,1,1.0
6820-R2-67154-01,PS732,1,1.0
6820-R2-67154-02,C6S4K87U,1/2,16.0
6820-R2-67154-02,C6S4K88N,5/8,4.0
6820-R2-67154-02,C76KFFTD,1,13.1
6820-R2-67154-02,C76KHSRR,1,1.0
6820-R2-67154-02,C7BP51NV,1,1.0
6820-R2-67154-02,C7BP5GGW,1,5.0
6820-R2-67154-02,C7CT1ZFH,1,4.0
6820-R2-67154-02,C7W2U478,1,1.0
6820-R2-67154-02,C7W2U48L,1,5.0
6820-R2-67154-02,C7W2U48S,3/4,1.0
6820-R2-67154-02,C7W3AL3K,3/4,1.0
6820-R2-67154-02,CEZMKL0,1,1.0
6820-R2-67154-02,PS201,1,2.0
6820-R2-67154-02,PS433,1,2.0
6820-R2-67154-02,PS709,1,2.0
6820-R2-67155-01,C6S4K87U,1/2,8.0
6820-R2-67155-01,C76KFFTD,1,26.6
6820-R2-67155-01,C76KHSRR,1,1.0
6820-R2-67155-01,C7BP5GGW,1,3.0
6820-R2-67155-01,C7CT1ZFH,1,2.0
6820-R2-67155-01,C7W2U48L,1,2.0
6820-R2-67155-01,PS201,1,1.0
6820-R2-67155-01,PS212,1,1.0
6820-R2-67155-01,PS213,1,1.0
6820-R2-67155-01,PS221,1,1.0
6820-R2-67155-01,PS433,1,2.0
6820-R2-67155-01,PS709,1,1.0
6820-R2-67155-01,PS712,1,1.0
6820-R2-67155-01,PS717,1,1.0
6820-R2-67155-01,PS732,1,1.0
6820-R2-67155-02,C6S4K87U,1/2,16.0
6820-R2-67155-02,C6S4K88N,5/8,4.0
6820-R2-67155-02,C76KFFTD,1,12.4
6820-R2-67155-02,C76KHSRR,1,1.0
6820-R2-67155-02,C7BP51NV,1,1.0
6820-R2-67155-02,C7BP5GGW,1,5.0
6820-R2-67155-02,C7CT1ZFH,1,4.0
6820-R2-67155-02,C7W2U478,1,1.0
6820-R2-67155-02,C7W2U48L,1,5.0
6820-R2-67155-02,C7W2U48S,3/4,1.0
6820-R2-67155-02,C7W3AL3K,3/4,1.0
6820-R2-67155-02,CEZMKL0,1,1.0
6820-R2-67155-02,PS201,1,2.0
6820-R2-67155-02,PS433,1,2.0
6820-R2-67155-02,PS709,1,2.0
6820-R2-67160-02,C1DR2JR,2,1.0
6820-R2-67160-02,C1DR2JY,2,1.0
6820-R2-67160-02,C6S4K88R,5/8,8.0
6820-R2-67160-02,C76KHSS3,2,2.0
6820-R2-67160-02,C76KHZKZ,2,1.0
6820-R2-67160-02,C76RJXHX,2,1.0
6820-R2-67160-02,PS204,36,2.0
6820-R2-67160-02,PS207,36,1.0
6820-R2-67160-03,C7SN7J06,36,2.0
6820-R2-67160-03,PS204,36,1.0
6820-R2-67161-01,C6S4K88S,5/8,16.0
6820-R2-67161-01,C76KHSS7,4,2.0
6820-R2-67161-01,C76RJXJ1,4,1.0
6820-R2-67161-01,PS201,4,1.0
6820-R2-67161-01,PS433,4,3.0
6820-R2-67161-01,PS434,4,3.0
6820-R2-67161-02,C1DR2JM,1,1.0
6820-R2-67161-02,C1DR2JV,1,1.0
6820-R2-67161-02,C41B2D94,1,1.0
6820-R2-67161-02,C6S4K87U,1/2,8.0
6820-R2-67161-02,C76KHSRZ,1,2.0
6820-R2-67161-02,C76RJXHV,1,1.0
6820-R2-67161-02,PS210,4,1.0
6820-R2-67161-02,PS404,4,1.0
6820-R2-67161-02,PS433,4,1.0
6820-R2-67161-03,C6S4K88S,5/8,8.0
6820-R2-67161-03,C76KHSS5,3,2.0
6820-R2-67161-03,C76RJXHR,3,1.0
6820-R2-67161-04,C6S4K87V,1/2,4.0
6820-R2-67162-01,C6S4K8EN,1,12.0
6820-R2-67162-01,PS206,14,1.0
6820-R2-67162-01,PS209,14,1.0
6820-R2-67162-01,PS214,14,1.0
6820-R2-67162-01,PS406,14,1.0
6820-R2-67162-04,C145308,2,0.5
6820-R2-67162-04,C1DR2JR,2,1.0
6820-R2-67162-04,C1DR2JY,2,1.0
6820-R2-67162-04,C6S4K88R,5/8,8.0
6820-R2-67162-04,C76KHSS3,2,2.0
6820-R2-67162-04,C76RJXHX,2,1.0
6820-R2-67164-01,C7WHDV5R,36,1.0
6820-R2-67164-01,C9CT3XUN,36,2.0
6820-R2-67164-02,C1DR2JR,2,1.0
6820-R2-67164-02,C1DR2JY,2,1.0
6820-R2-67164-02,C6S4K88R,5/8,8.0
6820-R2-67164-02,C6SDEV8M,2,32.0
6820-R2-67164-02,C76KHSS3,2,2.0
6820-R2-67164-02,C76KHZKZ,2,1.0
6820-R2-67164-02,C76RJXHX,2,1.0
6820-R2-67164-02,C9YZMJSH,36,2.0
6820-R2-67164-02,PS204,36,3.0
6820-R2-67164-02,PS207,36,1.0
6820-R2-67164-03,C6S4K87V,1/2,4.0
6820-R2-67164-03,C9CT3XUN,36,1.0
6820-R2-67164-03,PS204,36,1.0
6820-R2-67164-04,C7SN7J06,36,1.0
6820-R2-67164-04,C7WHDV5R,36,1.0
6820-R2-67164-04,C9CT3XUN,36,1.0
6820-R2-67165-02,C76SD26N,2,59.6
6820-R2-67165-02,C76SDEMB,2,2.0
6820-R2-67165-02,C76SDEP8,2,5.0
6820-R2-67165-02,PS201,2,7.0
6820-R2-67165-02,PS433,2,7.0
6820-R2-67165-02,PS434,2,1.0
6820-R2-67165-03,C76SD23G,1,0.7
6820-R2-67165-03,C76SD26N,2,2.1
6820-R2-67165-03,C76SDEMT,1,1.0
6820-R2-67165-03,C76SDEP8,2,2.0
6820-R2-67165-03,C9P77RM8,1,1.0
6820-R2-67165-03,PS201,2,1.0
6820-R2-67165-03,PS433,2,1.0
6820-R2-67165-03,PS709,2,1.0
6820-R2-67165-04,C76SD26N,2,29.5
6820-R2-67165-04,C76SDEP8,2,5.0
6820-R2-67165-04,PS201,2,1.0
6820-R2-67165-04,PS210,2,2.0
6820-R2-67165-04,PS221,2,1.0
6820-R2-67165-04,PS433,2,2.0
6820-R2-67165-04,PS712,2,1.0
6820-R2-67165-04,PS713,2,1.0
6820-R2-67165-04,PS719,2,2.0
6820-R2-67165-05,C76SD26N,2,18.7
6820-R2-67165-05,C76SDEP8,2,3.0
6820-R2-67165-05,PS201,2,2.0
6820-R2-67165-05,PS433,2,3.0
6820-R2-67165-05,PS719,2,3.0
6820-R2-67165-06,C76SD26N,2,67.9
6820-R2-67165-06,C76SDEMB,2,2.0
6820-R2-67165-06,C76SDEMW,2,1.0
6820-R2-67165-06,C76SDEP8,2,1.0
6820-R2-67165-06,PS201,2,9.0
6820-R2-67165-06,PS433,2,10.0
6820-R2-67165-06,PS719,2,5.0
6820-R2-67178-01,C6S4K87U,1/2,16.0
6820-R2-67178-01,C76KFFTD,1,6.5
6820-R2-67178-01,C76KHSRR,1,1.0
6820-R2-67178-01,C7BP5GGW,1,1.0
6820-R2-67178-01,C7CT1ZFH,1,4.0
6820-R2-67178-01,C7CXA8BE,1,1.0
6820-R2-67178-01,C7W2U48L,1,4.0
6820-R2-67178-01,PS433,1,1.0
6820-R2-67178-01,PS718,1,1.0
6820-R2-67178-02,C76KFFTD,1,15.2
6820-R2-67178-02,C7BP5GGW,1,3.0
6820-R2-67178-02,PS213,1,1.0
6820-R2-67178-02,PS718,1,1.0
6820-R2-67178-03,C6S4K87U,1/2,8.0
6820-R2-67178-03,C76KFFTD,1,11.5
6820-R2-67178-03,C76KHSRH,1,2.0
6820-R2-67178-03,C76KHSRR,1,1.0
6820-R2-67178-03,C7BP51NZ,1,1.0
6820-R2-67178-03,C7CT1ZFH,1,2.0
6820-R2-67178-03,C7W2U48L,1,2.0
6820-R2-67178-03,CEZMKL0,1,2.0
6820-R2-67178-03,PS212,1,1.0
6820-R2-67178-03,PS213,1,1.0
6820-R2-67178-03,PS221,1,1.0
6820-R2-67178-03,PS718,1,1.0
6820-R2-67178-03,PS731,1,1.0
6820-R2-67179-01,C76KFFTD,1,28.0
6820-R2-67179-01,C7BP5GGW,1,6.0
6820-R2-67179-01,PS201,1,3.0
6820-R2-67179-01,PS433,1,3.0
6820-R2-67179-02,C6S4K87U,1/2,8.0
6820-R2-67179-02,C76KFFTD,1,11.1
6820-R2-67179-02,C76KHSRH,1,2.0
6820-R2-67179-02,C76KHSRR,1,1.0
6820-R2-67179-02,C7BP51NZ,1,1.0
6820-R2-67179-02,C7CT1ZFH,1,2.0
6820-R2-67179-02,C7W2U48L,1,2.0
6820-R2-67179-02,CEZMKL0,1,2.0
6820-R2-67179-02,PS212,1,2.0
6820-R2-67179-02,PS221,1,1.0
6820-R2-67179-02,PS731,1,2.0
6820-R2-67180-01,C76KFFTD,1,1.3
6820-R2-67180-01,C7BP5GGW,1,2.0
6820-R2-67180-02,C6S4K87U,1/2,16.0
6820-R2-67180-02,C76KFFTD,1,11.0
6820-R2-67180-02,C76KHSRR,1,1.0
6820-R2-67180-02,C7BP5GGW,1,3.0
6820-R2-67180-02,C7CT1ZFH,1,4.0
6820-R2-67180-02,C7CXA8BE,1,1.0
6820-R2-67180-02,C7W2U48L,1,4.0
6820-R2-67180-02,PS433,1,2.0
6820-R2-67180-05,C76KFFTD,1,8.5
6820-R2-67180-05,C7BP5GGW,1,2.0
6820-R2-67180-05,C7W2U48L,1,1.0
6820-R2-67180-05,CEZMKL0,1,1.0
6820-R2-67180-06,C6S4K87U,1/2,8.0
6820-R2-67180-06,C76KFFTD,1,1.1
6820-R2-67180-06,C76KHSRH,1,2.0
6820-R2-67180-06,C76KHSRR,1,1.0
6820-R2-67180-06,C7BP51NZ,1,1.0
6820-R2-67180-06,C7CT1ZFH,1,2.0
6820-R2-67180-06,C7W2U48L,1,1.0
6820-R2-67180-06,CEZMKL0,1,2.0
6820-R2-67180-06,PS210,1,1.0
6820-R2-67180-06,PS221,1,1.0
6820-R2-67180-06,PS732,1,1.0
6820-R2-67181-01,PS204,3,1.0
6820-R2-67181-01,PS412,3,1.0
6820-R2-67181-01,PS430,3,1.0
6820-R2-67181-01,PS434,3,1.0
6820-R2-67181-02,C6S4K87V,1/2,4.0
6820-R2-67181-02,C6S4K88S,5/8,8.0
6820-R2-67181-02,C76SPAB8,3,1.0
6820-R2-67181-02,C7SM1YGT,3,2.0
6820-R2-67181-02,PS204,3,1.0
6820-R2-67181-02,PS206,3,1.0
6820-R2-67181-02,PS412,3,1.0
6820-R2-67181-03,C6S4K87V,1/2,4.0
6820-R2-67181-03,C76SPABV,1,1.0
6820-R2-67181-03,CBBPLK4,1,1.0
6820-R2-67181-04,C6S4K87V,1/2,8.0
6820-R2-67181-04,C6S4K88S,5/8,8.0
6820-R2-67181-04,C76SPAB8,3,1.0
6820-R2-67181-04,C7SM1YGT,3,2.0
6820-R2-67181-05,C6S4K890,5/8,4.0
6820-R2-67181-05,C76SPABV,1,1.0
6820-R2-67181-05,C7SM1YGR,2,2.0
6820-R2-67181-05,C8ADWXKM,2,1.0
6820-R2-67181-05,CBBPLK4,1,1.0
6820-R2-67181-05,PS204,3,1.0
6820-R2-67181-05,PS412,3,1.0
6820-R2-67181-05,PS430,3,1.0
6820-R2-67181-06,C6S4K87V,1/2,4.0
6820-R2-67181-07,C6S4K88S,5/8,4.0
6820-R2-67181-07,C7SM1YGT,3,1.0
6820-R2-67181-07,CFG6WM66,3,1.0
6820-R2-67181-07,PS204,3,2.0
6820-R2-67181-08,PS204,3,3.0
6820-R2-67181-08,PS206,3,1.0
6820-R2-67181-09,C6S4K88S,5/8,4.0
6820-R2-67181-09,C7SM1YGT,3,1.0
6820-R2-67181-09,CFG6WM66,3,1.0
6820-R2-67181-09,PS204,3,5.0
6820-R2-67181-10,PS204,2,3.0
6820-R2-67181-10,PS206,2,1.0
6820-R2-67181-10,PS406,2,5.0
6820-R2-67181-10,PS430,2,4.0
6820-R2-67181-11,C6S4K88R,5/8,4.0
6820-R2-67181-11,C7SM1YGR,2,1.0
6820-R2-67181-11,CFG6WM62,2,1.0
6820-R2-67181-11,PS204,2,2.0
6820-R2-67181-11,PS402,2,1.0
6820-R2-67181-11,PS434,2,1.0
6820-R2-67181-12,PS204,2,4.0
6820-R2-67181-12,PS206,2,1.0
6820-R2-67181-12,PS402,2,2.0
6820-R2-67181-12,PS406,2,1.0
6820-R2-67181-12,PS413,2,1.0
6820-R2-67181-12,PS434,2,1.0
6820-R2-67181-13,C6S4K88R,5/8,4.0
6820-R2-67181-13,C7SM1YGR,2,1.0
6820-R2-67181-13,CFG6WM62,2,1.0
6820-R2-67181-13,PS204,2,5.0
6820-R2-67181-13,PS406,2,4.0
6820-R2-67181-13,PS430,2,2.0
6820-R2-67182-01,PS204,1,1.0
6820-R2-67182-01,PS719,1,1.0
6820-R2-67182-02,C6S4K87U,1/2,8.0
6820-R2-67182-02,C76SPABT,1/2,1.0
6820-R2-67182-02,C7CT1ZFH,1,2.0
6820-R2-67182-02,CBBPLK2,1/2,1.0
6820-R2-67182-02,PS201,1,2.0
6820-R2-67182-02,PS205,1,1.0
6820-R2-67182-02,PS433,1,2.0
6820-R2-67182-02,PS709,1,1.0
6820-R2-67182-02,PS712,1,1.0
6820-R2-67182-02,PS719,1,1.0
6820-R2-67182-03,C6S4K87U,1/2,8.0
6820-R2-67182-03,C7CT1ZFH,1,2.0
6820-R2-67182-03,PS201,1,3.0
6820-R2-67182-03,PS433,1,3.0
6820-R2-67182-03,PS709,1,1.0
6820-R2-67182-03,PS712,1,1.0
6820-R2-67183-01,PS201,1,3.0
6820-R2-67183-01,PS433,1,3.0
6820-R2-67183-01,PS719,1,3.0
6820-R2-67183-02,PS201,1,4.0
6820-R2-67183-02,PS210,1,2.0
6820-R2-67183-02,PS221,1,1.0
6820-R2-67183-02,PS433,1,4.0
6820-R2-67183-02,PS713,1,2.0
6820-R2-67183-02,PS719,1,3.0
6820-R2-67183-03,C6S4K87U,1/2,8.0
6820-R2-67183-03,C76SPABT,1/2,1.0
6820-R2-67183-03,C7CT1ZFH,1,2.0
6820-R2-67183-03,CBBPLK2,1/2,1.0
6820-R2-67183-03,PS201,1,1.0
6820-R2-67183-03,PS433,1,1.0
6820-R2-67183-03,PS712,1,1.0
6820-R2-67183-04,PS201,1,2.0
6820-R2-67183-04,PS433,1,2.0
6820-R2-67183-04,PS709,1,1.0
6820-R2-67183-04,PS712,1,1.0
6820-R2-67183-05,PS201,1,2.0
6820-R2-67183-05,PS433,1,2.0
6820-R2-67183-05,PS712,1,2.0
6820-R2-67183-06,PS201,1,4.0
6820-R2-67183-06,PS210,1,2.0
6820-R2-67183-06,PS221,1,1.0
6820-R2-67183-06,PS433,1,4.0
6820-R2-67183-07,PS201,1,3.0
6820-R2-67183-07,PS433,1,3.0
6820-R2-67184-01,C6S4K88R,5/8,8.0
6820-R2-67184-01,C7J7XW33,24,1.0
6820-R2-67184-01,CGKFEG63,2,1.0
6820-R2-67184-01,CGKFEG67,24,2.0
6820-R2-67184-02,C6S4K87U,1/2,4.0
6820-R2-67184-02,C6S4K88R,5/8,8.0
6820-R2-67184-02,C6S4K890,5/8,8.0
6820-R2-67184-02,C7J7XW2J,2,1.0
6820-R2-67184-02,C80U8UAY,1/2,1.0
6820-R2-67184-02,CGKFEG5T,1/2,1.0
6820-R2-67184-02,CGKFEG63,2,3.0
6820-R2-67184-02,PS204,24,1.0
6820-R2-67184-03,C6S4K87U,1/2,4.0
6820-R2-67184-03,C6S4K88R,5/8,16.0
6820-R2-67184-03,C7J7XW2J,2,1.0
6820-R2-67184-03,C80U8UAY,1/2,1.0
6820-R2-67184-03,CFG6WM77,2,1.0
6820-R2-67184-03,CGKFEG5T,1/2,1.0
6820-R2-67184-03,CGKFEG63,2,2.0
6820-R2-67184-03,CGKFEG67,24,2.0
6820-R2-67184-03,PS206,24,1.0
6820-R2-67184-04,CGKFEG62,18,1.0
6820-R2-67184-05,CGKFEG62,18,1.0
6820-R2-67184-06,C6S4K88R,5/8,16.0
6820-R2-67184-06,C7J7XW2J,2,1.0
6820-R2-67184-06,CFG6WM77,2,1.0
6820-R2-67184-06,CGKFEG63,2,2.0
6820-R2-67184-06,PS206,24,1.0
6820-R2-67184-07,C6S4K88N,5/8,4.0
6820-R2-67184-07,C6S4K8BF,3/4,12.0
6820-R2-67184-07,C7J7XW33,24,1.0
6820-R2-67184-07,CGKFEG5V,1,1.0
6820-R2-67184-07,CGKFEG67,24,3.0
6820-R2-67184-07,CGKFEG6E,6,1.0
6820-R2-67184-07,PS209,24,1.0
6820-R2-67184-08,C6S4K88R,5/8,8.0
6820-R2-67184-08,CGKFEG63,2,1.0
6820-R2-67184-08,CGKFEG67,24,2.0
6820-R2-67184-08,PS921,24,1.0
6820-R2-67184-09,C6S4K88R,5/8,16.0
6820-R2-67184-09,C7J7XW2J,2,1.0
6820-R2-67184-09,CGKFEG63,2,2.0
6820-R2-67184-09,PS434,2,2.0
6820-R2-67184-12,C6S4K88N,5/8,8.0
6820-R2-67184-12,C80U8UAY,1/2,1.0
6820-R2-67184-12,CBBPLK2,1/2,1.0
6820-R2-67184-12,CGKFEG5V,1,2.0
6820-R2-67184-12,PS712,1,1.0
6820-R2-67186-02,PS205,1,2.0
6820-R2-67186-03,C2KV11G,1,1.0
6820-R2-67186-03,C76SPABV,1,2.0
6820-R2-67186-03,CBBPLK4,1,1.0
6820-R2-67186-03,PS210,1,1.0
6820-R2-67187-01,PS204,1,2.0
6820-R2-67188-02,C2KV11G,1,1.0
6820-R2-67188-02,C76SPABV,1,2.0
6820-R2-67188-02,C8ELT53D,1,1.0
6820-R2-67188-02,CBBPLK4,1,1.0
6820-R2-67188-02,PS210,1,1.0
6820-R2-67189-01,C6S4K88R,5/8,16.0
6820-R2-67189-01,C7J7XW2J,2,1.0
6820-R2-67189-01,CGKFEG63,2,2.0
6820-R2-67189-01,PS204,2,2.0
6820-R2-67189-01,PS719,2,4.0
6820-R2-67189-02,C2KV10B,1/2,1.0
6820-R2-67189-02,C6S4K87U,1/2,4.0
6820-R2-67189-02,C6S4K88R,5/8,16.0
6820-R2-67189-02,C80U8UAY,1/2,1.0
6820-R2-67189-02,CBBPLK2,1/2,1.0
6820-R2-67189-02,CFG6WM6X,1/2,1.0
6820-R2-67189-02,CGKFEG5T,1/2,1.0
6820-R2-67189-02,CGKFEG63,2,2.0
6820-R2-67189-02,PS204,2,1.0
6820-R2-67189-02,PS206,2,1.0
6820-R2-67189-02,PS719,2,1.0
6820-R2-67189-03,C6S4K8BB,3/4,4.0
6820-R2-67189-04,C6S4K88R,5/8,16.0
6820-R2-67189-04,C7J7XW2J,2,1.0
6820-R2-67189-04,CGKFEG63,2,2.0
6820-R2-67189-04,PS709,2,1.0
6820-R2-67191-01,C1DMWEN,2,2.0
6820-R2-67191-01,C76KHVWW,2,1.0
6820-R2-67191-01,C8GWJY7T,2,40.0
6820-R2-67191-01,CZ2LEZH,2,1.0
6820-R2-67191-01,PS210,2,1.0
6820-R2-67191-01,PS433,2,1.0
6820-R2-67191-02,C1DMWEF,2,1.0
6820-R2-67191-02,C1DMWEN,2,1.0
6820-R2-67191-02,C8GWJY7T,2,64.7
6820-R2-67191-02,CZ2LEZH,2,2.0
6820-R2-67191-02,PS201,2,3.0
6820-R2-67191-02,PS433,2,7.0
6820-R2-67191-03,C1DR2JR,2,1.0
6820-R2-67191-03,C1DR2JY,2,1.0
6820-R2-67191-03,C1NJUHLY,1,1.0
6820-R2-67191-03,C6S4K88R,5/8,4.0
6820-R2-67191-03,C76KHVWU,1,1.0
6820-R2-67191-03,C7SM1YGR,2,1.0
6820-R2-67191-03,C8GWJY7T,2,41.2
6820-R2-67191-03,C926162,1,1.0
6820-R2-67191-03,CZ2LEZH,2,1.0
6820-R2-67191-03,PS201,2,3.0
6820-R2-67191-03,PS433,2,5.0
6820-R2-67192-01,C1DMWEN,2,1.0
6820-R2-67192-01,C76KHVWW,2,1.0
6820-R2-67192-01,C8GWJY7T,2,27.3
6820-R2-67192-01,PS201,2,1.0
6820-R2-67192-01,PS433,2,2.0
6820-R2-67192-01,PS719,2,2.0
6820-R2-67192-02,C1DMWEN,2,1.0
6820-R2-67192-02,C8GWJY7T,2,30.1
6820-R2-67192-02,CZ2LEZH,2,1.0
6820-R2-67192-02,PS201,2,3.0
6820-R2-67192-02,PS433,2,3.0
6820-R2-67192-02,PS719,2,3.0
6820-R2-67192-03,C1DR2JR,2,2.0
6820-R2-67192-03,C1DR2JY,2,2.0
6820-R2-67192-03,C1NJUHLY,1,2.0
6820-R2-67192-03,C6S4K88R,5/8,8.0
6820-R2-67192-03,C76KHVWU,1,2.0
6820-R2-67192-03,C7SM1YGR,2,2.0
6820-R2-67192-03,C8GWJY7T,2,41.8
6820-R2-67192-03,C926162,1,2.0
6820-R2-67192-03,CZ2LEZH,2,1.0
6820-R2-67192-03,PS201,2,6.0
6820-R2-67192-03,PS433,2,8.0
6820-R2-67192-03,PS719,2,8.0
6820-R2-67193-01,C1DMWEK,1,2.0
6820-R2-67193-01,C6SBR43V,1,7.0
6820-R2-67193-01,C76KHVWS,1/2,1.0
6820-R2-67193-01,CZ2LEZE,1,1.0
6820-R2-67193-01,PS211,1,1.0
6820-R2-67193-01,PS221,1,1.0
6820-R2-67193-01,PS433,1,1.0
6820-R2-67193-01,PS709,1,2.0
6820-R2-67194-01,C1DMWEF,2,1.0
6820-R2-67194-01,C1DMWEN,2,3.0
6820-R2-67194-01,C76KHVWW,2,1.0
6820-R2-67194-01,C8GWJY7T,2,20.5
6820-R2-67194-01,PS210,2,2.0
6820-R2-67194-01,PS221,2,1.0
6820-R2-67194-01,PS433,2,1.0
6820-R2-67194-01,PS712,2,1.0
6820-R2-67194-01,PS713,2,1.0
6820-R2-67194-02,C1DMWEN,2,4.0
6820-R2-67194-02,C8GWJY7T,2,12.6
6820-R2-67194-02,PS201,2,2.0
6820-R2-67194-02,PS433,2,2.0
6820-R2-67194-02,PS719,2,1.0
6820-R2-67194-03,C1DMWEK,1,1.0
6820-R2-67194-03,C6SBR43V,1,16.4
6820-R2-67194-03,C76KHVWS,1/2,1.0
6820-R2-67194-03,CZ2LEZE,1,2.0
6820-R2-67194-03,PS201,1,2.0
6820-R2-67194-03,PS210,1,1.0
6820-R2-67194-03,PS221,1,1.0
6820-R2-67194-03,PS433,1,2.0
6820-R2-67194-03,PS709,1,1.0
6820-R2-67194-03,PS719,1,2.0
6820-R2-67195-01,C1DMWEK,1,4.0
6820-R2-67195-01,C6SBR43V,1,35.3
6820-R2-67195-01,C76KHVWS,1/2,1.0
6820-R2-67195-01,CZ2LEZE,1,2.0
6820-R2-67195-01,PS201,1,4.0
6820-R2-67195-01,PS210,1,1.0
6820-R2-67195-01,PS221,1,1.0
6820-R2-67195-01,PS433,1,5.0
6820-R2-67195-01,PS712,1,1.0
6820-R2-67195-01,PS713,1,1.0
6820-R2-67195-01,PS718,1,1.0
6820-R2-67195-01,PS719,1,3.0
6820-R2-67196-01,C1DMWEK,1,3.0
6820-R2-67196-01,C6SBR43V,1,6.5
6820-R2-67196-02,C1DMWEK,1,1.0
6820-R2-67196-02,C6SBR43V,1,27.9
6820-R2-67196-02,PS201,1,5.0
6820-R2-67196-02,PS433,1,5.0
6820-R2-67196-02,PS712,1,5.0
6820-R2-67196-03,C1DMWEK,1,3.0
6820-R2-67196-03,C6SBR43V,1,5.0
6820-R2-67196-03,C76KHVWS,1/2,1.0
6820-R2-67196-03,CZ2LEZE,1,1.0
6820-R2-67196-03,PS201,1,1.0
6820-R2-67196-03,PS433,1,1.0
6820-R2-67196-03,PS718,1,1.0
6820-R2-67197-01,C1DMWEK,1,3.0
6820-R2-67197-01,C6SBR43V,1,13.2
6820-R2-67197-01,PS210,1,2.0
6820-R2-67197-01,PS221,1,1.0
6820-R2-67197-01,PS401,1,2.0
6820-R2-67197-01,PS713,1,2.0
6820-R2-67197-02,C1DMWEK,1,1.0
6820-R2-67197-02,C1NJUHLW,1/2,1.0
6820-R2-67197-02,C6SBR422,1/2,0.6
6820-R2-67197-02,C6SBR43V,1,2.5
6820-R2-67197-02,C76KHVWS,1/2,2.0
6820-R2-67197-02,CZ2LEZE,1,1.0
6820-R2-67197-02,PS201,1,1.0
6820-R2-67197-02,PS433,1,1.0
6820-R2-67197-02,PS712,1,1.0
6820-R2-67199-01,C1DMWEK,1,2.0
6820-R2-67199-01,C6SBR43V,1,5.4
6820-R2-67199-01,C76KHVWS,1/2,1.0
6820-R2-67199-01,CZ2LEZE,1,1.0
6820-R2-67199-01,PS210,1,1.0
6820-R2-67199-01,PS221,1,1.0
6820-R2-67199-01,PS713,1,1.0
6820-R2-67200-01,C6SBR43V,1,0.7
6820-R2-67200-01,C76KHVWS,1/2,1.0
6820-R2-67200-01,CZ2LEZE,1,1.0
6820-R2-67201-01,C6SBR43V,1,0.3
6820-R2-67201-01,C76KHVWS,1/2,1.0
6820-R2-67201-01,CZ2LEZE,1,1.0
6820-R2-67202-01,C1NJUHLW,1/2,1.0
6820-R2-67202-01,C6SBR422,1/2,0.5
6820-R2-67202-01,C6SBR43V,1,1.1
6820-R2-67202-01,C76KHVWS,1/2,2.0
6820-R2-67202-01,CZ2LEZE,1,2.0
6820-R2-67202-01,PS201,1,1.0
6820-R2-67202-01,PS433,1,1.0
6820-R2-67202-01,PS709,1,1.0
6820-R2-67203-01,C1DMWEN,2,5.0
6820-R2-67203-01,C76KHVWW,2,1.0
6820-R2-67203-01,C8GWJY7T,2,41.4
6820-R2-67203-01,CZ2LEZH,2,1.0
6820-R2-67203-01,PS201,2,4.0
6820-R2-67203-01,PS433,2,4.0
6820-R2-67203-01,PS712,2,1.0
6820-R2-67203-01,PS719,2,2.0
6820-R2-67203-02,C1DR2JR,2,1.0
6820-R2-67203-02,C1DR2JY,2,1.0
6820-R2-67203-02,C1NJUHLY,1,1.0
6820-R2-67203-02,C6S4K88R,5/8,4.0
6820-R2-67203-02,C6SBR43V,1,0.3
6820-R2-67203-02,C76KHVWU,1,1.0
6820-R2-67203-02,C7SM1YGR,2,1.0
6820-R2-67203-02,C8GWJY7T,2,32.6
6820-R2-67203-02,CZ2LEZH,2,1.0
6820-R2-67203-02,PS201,2,3.0
6820-R2-67203-02,PS433,2,4.0
6820-R2-67203-02,PS719,2,4.0
6820-R2-67204-01,C1DMWEN,2,3.0
6820-R2-67204-01,C76KHVWW,2,1.0
6820-R2-67204-01,C8GWJY7T,2,17.1
6820-R2-67204-01,PS210,2,1.0
6820-R2-67204-01,PS221,2,1.0
6820-R2-67204-01,PS713,2,1.0
6820-R2-67204-02,C1DMWEK,1,2.0
6820-R2-67204-02,C6SBR43V,1,18.8
6820-R2-67204-02,PS201,1,1.0
6820-R2-67204-02,PS210,1,1.0
6820-R2-67204-02,PS221,1,1.0
6820-R2-67204-02,PS433,1,2.0
6820-R2-67204-02,PS713,1,1.0
6820-R2-67204-02,PS719,1,2.0
6820-R2-67204-03,C1DMWEK,1,1.0
6820-R2-67204-03,C1NJUHLW,1/2,1.0
6820-R2-67204-03,C6SBR422,1/2,0.5
6820-R2-67204-03,C6SBR43V,1,4.5
6820-R2-67204-03,C76KHVWS,1/2,2.0
6820-R2-67204-03,CZ2LEZE,1,1.0
6820-R2-67204-03,PS201,1,1.0
6820-R2-67204-03,PS433,1,1.0
6820-R2-67204-03,PS709,1,1.0
6820-R2-67205-01,C1DMWEK,1,2.0
6820-R2-67205-01,C6SBR43V,1,22.3
6820-R2-67205-01,CZ2LEZE,1,1.0
6820-R2-67205-01,PS210,1,3.0
6820-R2-67205-01,PS401,1,1.0
6820-R2-67205-01,PS713,1,3.0
6820-R2-67205-02,C1DMWEK,1,1.0
6820-R2-67205-02,C6SBR43V,1,20.9
6820-R2-67205-02,CZ2LEZE,1,1.0
6820-R2-67205-02,PS210,1,1.0
6820-R2-67205-02,PS713,1,1.0
6820-R2-67205-03,C1DMWEK,1,3.0
6820-R2-67205-03,C6SBR43V,1,11.7
6820-R2-67205-03,PS201,1,3.0
6820-R2-67205-03,PS433,1,3.0
6820-R2-67205-03,PS712,1,3.0
6820-R2-67205-04,C1DMWEK,1,1.0
6820-R2-67205-04,C6SBR43V,1,4.8
6820-R2-67205-04,C76KHVWS,1/2,1.0
6820-R2-67205-04,CZ2LEZE,1,1.0
6820-R2-67205-04,PS201,1,1.0
6820-R2-67205-04,PS433,1,1.0
6820-R2-67205-04,PS718,1,1.0
6820-R2-67207-01,C1DMWEK,1,2.0
6820-R2-67207-01,C1NJUHLW,1/2,1.0
6820-R2-67207-01,C6SBR422,1/2,0.7
6820-R2-67207-01,C6SBR43V,1,10.1
6820-R2-67207-01,C76KHVWS,1/2,2.0
6820-R2-67207-01,CZ2LEZE,1,1.0
6820-R2-67207-01,PS201,1,1.0
6820-R2-67207-01,PS210,1,1.0
6820-R2-67207-01,PS221,1,1.0
6820-R2-67207-01,PS433,1,1.0
6820-R2-67207-01,PS709,1,1.0
6820-R2-67207-01,PS712,1,1.0
6820-R2-67208-01,C1DMWEN,2,3.0
6820-R2-67208-01,C76KHVWW,2,1.0
6820-R2-67208-01,C8GWJY7T,2,13.5
6820-R2-67208-01,PS201,2,1.0
6820-R2-67208-01,PS433,2,1.0
6820-R2-67208-01,PS712,2,1.0
6820-R2-67208-02,C1DMWEK,1,2.0
6820-R2-67208-02,C1NJUHLW,1/2,1.0
6820-R2-67208-02,C6SBR422,1/2,0.7
6820-R2-67208-02,C6SBR43V,1,5.5
6820-R2-67208-02,C76KHVWS,1/2,2.0
6820-R2-67208-02,CZ2LEZE,1,2.0
6820-R2-67208-02,PS210,1,1.0
6820-R2-67208-02,PS221,1,1.0
6820-R2-67208-02,PS713,1,1.0
6820-R2-67208-03,C1DMWEN,2,1.0
6820-R2-67208-03,C8GWJY7T,2,18.6
6820-R2-67208-03,PS201,2,2.0
6820-R2-67208-03,PS433,2,2.0
6820-R2-67208-03,PS712,2,1.0
6820-R2-67208-03,PS719,2,1.0
6820-R2-67209-01,C1DMWEK,1,5.0
6820-R2-67209-01,C6SBR43V,1,34.1
6820-R2-67209-01,C76KHVWS,1/2,1.0
6820-R2-67209-01,CZ2LEZE,1,2.0
6820-R2-67209-01,PS201,1,6.0
6820-R2-67209-01,PS210,1,1.0
6820-R2-67209-01,PS221,1,1.0
6820-R2-67209-01,PS433,1,6.0
6820-R2-67209-01,PS715,1,1.0
6820-R2-67209-01,PS719,1,6.0
6820-R2-67210-01,C1DMWEK,1,1.0
6820-R2-67210-01,C6SBR43V,1,4.8
6820-R2-67210-01,C76KHVWS,1/2,1.0
6820-R2-67210-01,CZ2LEZE,1,1.0
6820-R2-67210-01,PS201,1,1.0
6820-R2-67210-01,PS433,1,1.0
6820-R2-67210-01,PS718,1,1.0
6820-R2-67211-01,C1DMWEJ,3/4,1.0
6820-R2-67211-01,C1DMWEK,1,2.0
6820-R2-67211-01,C1DR2JM,1,2.0
6820-R2-67211-01,C6S4K87U,1/2,8.0
6820-R2-67211-01,C76KHSRZ,1,2.0
6820-R2-67211-01,C76RJXHV,1,1.0
6820-R2-67211-01,CPPD3S1M,3/4,1.3
6820-R2-67211-01,CPPD3S28,1,10.8
6820-R2-67211-01,CZ2LEZD,3/4,1.0
6820-R2-67211-01,PS201,1,1.0
6820-R2-67211-01,PS210,1,1.0
6820-R2-67211-01,PS433,1,1.0
6820-R2-67211-01,PS709,1,1.0
6820-R2-67211-01,PS713,1,1.0
6820-R2-67211-02,C1DMWEK,1,4.0
6820-R2-67211-02,CPPD3S28,1,24.7
6820-R2-67211-02,PS201,1,4.0
6820-R2-67211-02,PS210,1,1.0
6820-R2-67211-02,PS433,1,5.0
6820-R2-67211-02,PS712,1,1.0
6820-R2-67211-02,PS719,1,1.0
6820-R2-67211-03,C1DMWEC,1,2.0
6820-R2-67211-03,C1DMWEK,1,1.0
6820-R2-67211-03,CPPD3S28,1,24.3
6820-R2-67211-03,CZ2LEZE,1,2.0
6820-R2-67211-03,PS201,1,2.0
6820-R2-67211-03,PS210,1,1.0
6820-R2-67211-03,PS433,1,2.0
6820-R2-67211-03,PS723,1,1.0
6820-R2-67211-04,C1DMWEC,1,1.0
6820-R2-67211-04,C1DMWEK,1,2.0
6820-R2-67211-04,C1DR2JM,1,2.0
6820-R2-67211-04,C6S4K87U,1/2,8.0
6820-R2-67211-04,C76KHSRZ,1,2.0
6820-R2-67211-04,C76RJXHV,1,1.0
6820-R2-67211-04,CPPD3S28,1,18.1
6820-R2-67211-04,PS210,1,1.0
6820-R2-67211-04,PS433,1,1.0
6820-R2-67211-04,PS712,1,1.0
6820-R2-67211-04,PS713,1,1.0
6820-R2-67212-01,C1DMWEJ,3/4,1.0
6820-R2-67212-01,C1DMWEK,1,2.0
6820-R2-67212-01,C1DR2JM,1,1.0
6820-R2-67212-01,C6S4K87U,1/2,8.0
6820-R2-67212-01,C76KHSRZ,1,2.0
6820-R2-67212-01,C76RJXHV,1,1.0
6820-R2-67212-01,CPPD3S1M,3/4,2.1
6820-R2-67212-01,CPPD3S28,1,3.5
6820-R2-67212-01,CZ2LEZD,3/4,1.0
6820-R2-67212-01,PS201,1,1.0
6820-R2-67212-01,PS433,1,1.0
6820-R2-67212-01,PS712,1,1.0
6820-R2-67212-02,C1DMWEK,1,3.0
6820-R2-67212-02,C1DR2JM,1,1.0
6820-R2-67212-02,CPPD3S28,1,17.8
6820-R2-67212-02,PS201,1,1.0
6820-R2-67212-02,PS210,1,1.0
6820-R2-67212-02,PS221,1,1.0
6820-R2-67212-02,PS433,1,1.0
6820-R2-67212-02,PS713,1,1.0
6820-R2-67212-02,PS719,1,1.0
6820-R2-67212-03,C1DMWEK,1,2.0
6820-R2-67212-03,CPPD3S28,1,20.5
6820-R2-67212-03,PS201,1,2.0
6820-R2-67212-03,PS210,1,1.0
6820-R2-67212-03,PS433,1,2.0
6820-R2-67212-03,PS723,1,1.0
6820-R2-67212-04,C1DMWEK,1,3.0
6820-R2-67212-04,CPPD3S28,1,23.4
6820-R2-67212-04,CZ2LEZE,1,1.0
6820-R2-67212-04,PS201,1,3.0
6820-R2-67212-04,PS210,1,1.0
6820-R2-67212-04,PS433,1,3.0
6820-R2-67212-04,PS719,1,1.0
6820-R2-67212-04,PS723,1,1.0
6820-R2-67212-05,C1DMWEK,1,3.0
6820-R2-67212-05,C1DR2JM,1,2.0
6820-R2-67212-05,C6S4K87U,1/2,8.0
6820-R2-67212-05,C76KHSRZ,1,2.0
6820-R2-67212-05,C76RJXHV,1,1.0
6820-R2-67212-05,CPPD3S28,1,19.2
6820-R2-67212-05,PS210,1,2.0
6820-R2-67212-05,PS433,1,1.0
6820-R2-67212-05,PS709,1,2.0
6820-R2-67212-05,PS712,1,1.0
6820-R2-67213-01,C6S4K87F,1,2.0
6820-R2-67213-01,C6S4K87S,1/2,4.0
6820-R2-67213-01,C6S4K87U,1/2,8.0
6820-R2-67213-01,C76KHSRR,1,1.0
6820-R2-67213-01,C76SNTEV,1/2,1.0
6820-R2-67213-01,C7W2U478,1,1.0
6820-R2-67213-01,PS201,1,1.0
6820-R2-67213-01,PS433,1,1.0
6820-R2-67213-02,C6S4K87F,1,4.0
6820-R2-67213-02,C6S4K87T,1/2,8.0
6820-R2-67213-02,C6S4K87U,1/2,8.0
6820-R2-67213-02,C76KHSRR,1,1.0
6820-R2-67213-02,PS433,1,1.0
6820-R2-67213-02,PS709,1,1.0
6820-R2-67213-03,C6S4K87F,1,2.0
6820-R2-67213-03,C6S4K87U,1/2,8.0
6820-R2-67213-03,C7CXA8BE,1,1.0
6820-R2-67214-01,C6S4K88S,5/8,4.0
6820-R2-67214-01,C6S4K891,5/8,4.0
6820-R2-67214-01,C76KHSS5,3,3.0
6820-R2-67214-01,C76RJXHR,3,1.0
6820-R2-67216-01,C1DMWEF,2,1.0
6820-R2-67216-01,C1DMWEN,2,4.0
6820-R2-67216-01,C1DR2JR,2,3.0
6820-R2-67216-01,C6S4K87V,1/2,4.0
6820-R2-67216-01,C6S4K88R,5/8,12.0
6820-R2-67216-01,C7J6DK24,2,1.0
6820-R2-67216-01,C7SM1YGR,2,3.0
6820-R2-67216-01,C8GWJY7T,2,75.7
6820-R2-67216-01,CZ2LEZH,2,1.0
6820-R2-67216-01,PS201,2,7.0
6820-R2-67216-01,PS210,2,1.0
6820-R2-67216-01,PS418,2,1.0
6820-R2-67216-01,PS433,2,7.0
6820-R2-67216-01,PS719,2,1.0
6820-R2-67216-02,C1DR2JM,1,1.0
6820-R2-67216-02,C1DR2JR,2,1.0
6820-R2-67216-02,C1DR2JV,1,1.0
6820-R2-67216-02,C1DR2JY,2,1.0
6820-R2-67216-02,C6S4K87U,1/2,8.0
6820-R2-67216-02,C6S4K87V,1/2,4.0
6820-R2-67216-02,C6S4K88R,5/8,4.0
6820-R2-67216-02,C6SBR43V,1,0.3
6820-R2-67216-02,C7J6DK21,1,1.0
6820-R2-67216-02,C7SM1YGM,1,2.0
6820-R2-67216-02,C7SM1YGR,2,1.0
6820-R2-67216-02,C8GWJY7T,2,52.4
6820-R2-67216-02,CZ2LEZH,2,2.0
6820-R2-67216-02,PS201,2,6.0
6820-R2-67216-02,PS433,2,6.0
6820-R2-67216-03,C1DMWEN,2,4.0
6820-R2-67216-03,C766B01H,2,1.0
6820-R2-67216-03,C76S9AH4,2,1.0
6820-R2-67216-03,C8GWJY7T,2,51.7
6820-R2-67216-03,CZ2LEZH,2,2.0
6820-R2-67216-03,PS201,2,6.0
6820-R2-67216-03,PS433,2,6.0
6820-R2-67216-03,PS712,2,1.0
6820-R2-67216-04,C1DR2JM,1,1.0
6820-R2-67216-04,C1DR2JR,2,1.0
6820-R2-67216-04,C1DR2JV,1,1.0
6820-R2-67216-04,C1DR2JY,2,1.0
6820-R2-67216-04,C6S4K87U,1/2,8.0
6820-R2-67216-04,C6S4K87V,1/2,12.0
6820-R2-67216-04,C6S4K88R,5/8,4.0
6820-R2-67216-04,C6SBR43V,1,0.4
6820-R2-67216-04,C7J6DK21,1,1.0
6820-R2-67216-04,C7SM1YGM,1,2.0
6820-R2-67216-04,C7SM1YGR,2,1.0
6820-R2-67216-04,C8GWJY7T,2,52.0
6820-R2-67216-04,PS201,2,6.0
6820-R2-67216-04,PS433,2,6.0
6820-R2-67216-05,C1DMWEF,2,2.0
6820-R2-67216-05,C1DMWEN,2,2.0
6820-R2-67216-05,C8GWJY7T,2,26.9
6820-R2-67216-05,CZ2LEZH,2,1.0
6820-R2-67216-05,PS201,2,3.0
6820-R2-67216-05,PS433,2,3.0
6820-R2-67216-06,C1DR2JR,2,2.0
6820-R2-67216-06,C1DR2JY,2,2.0
6820-R2-67216-06,C6S4K87V,1/2,16.0
6820-R2-67216-06,C6S4K88R,5/8,8.0
6820-R2-67216-06,C7SM1YGR,2,2.0
6820-R2-67216-06,C8GWJY7T,2,23.6
6820-R2-67216-06,PS201,2,4.0
6820-R2-67216-06,PS433,2,4.0
6820-R2-67218-02,C76N9VBG,1,3.0
6820-R2-67218-02,CBBPLK4,1,1.0
6820-R2-67218-02,PS210,1,1.0
6820-R2-67218-02,PS221,1,1.0
6820-R2-67219-02,C76N9VBG,1,3.0
6820-R2-67219-02,CBBPLK4,1,1.0
6820-R2-67219-02,PS210,1,1.0
6820-R2-67220-01,PS201,1,1.0
6820-R2-67220-01,PS433,1,1.0
6820-R2-67220-01,PS721,1,1.0
6820-R2-67220-02,C76N9VBG,1,3.0
6820-R2-67220-02,CBBPLK4,1,1.0
6820-R2-67220-02,PS210,1,2.0
6820-R2-67220-02,PS221,1,2.0
6820-R2-67220-02,PS731,1,1.0
6820-R2-67221-02,CGKFEG67,24,1.0
6820-R2-67221-03,C6S4K8BB,3/4,4.0
6820-R2-67221-03,C7J7XW33,24,1.0
6820-R2-67221-03,CGKFEG67,24,3.0
6820-R2-67221-03,PS204,24,1.0
6820-R2-67222-01,C6S4K8BR,3/4,8.0
6820-R2-67222-01,C7CT1ZG2,8,2.0
6820-R2-67222-01,C8PLE444,8,1.0
6820-R2-67222-01,PS430,8,1.0
6820-R2-67222-02,C6S4K8BD,3/4,16.0
6820-R2-67222-02,C7CT1ZG2,8,2.0
6820-R2-67222-02,PS209,8,1.0
6820-R2-67222-02,PS413,8,1.0
6820-R2-67222-02,PS430,8,1.0
6820-R2-67222-03,C6S4K8BC,3/4,16.0
6820-R2-67222-03,C7CT1ZG1,6,2.0
6820-R2-67222-03,PS209,8,2.0
6820-R2-67222-05,PS433,8,1.0
6820-R2-67222-05,PS434,8,1.0
6820-R2-67222-06,C6S4K87U,1/2,8.0
6820-R2-67222-06,C6S4K8BD,3/4,8.0
6820-R2-67222-06,C76KHSRR,1,1.0
6820-R2-67222-06,C7CT1ZFH,1,2.0
6820-R2-67222-06,C7CT1ZG2,8,1.0
6820-R2-67222-06,C7W2U478,1,1.0
6820-R2-67222-06,C7W2U47N,8,1.0
6820-R2-67222-06,CEZMKL0,1,1.0
6820-R2-67222-06,PS201,8,3.0
6820-R2-67222-06,PS433,8,3.0
6820-R2-67222-07,C6S4K88R,5/8,16.0
6820-R2-67222-07,C6SDVYKZ,2,1.0
6820-R2-67222-07,C76KFFWK,2,19.6
6820-R2-67222-07,C7BP5GGZ,2,3.0
6820-R2-67222-07,C7CT1ZFS,2,4.0
6820-R2-67222-07,C7CTALFX,2,1.0
6820-R2-67222-07,C7W2U48P,2,4.0
6820-R2-67222-07,PS201,2,1.0
6820-R2-67222-07,PS433,2,1.0
6820-R2-67222-07,PS709,2,1.0
6820-R2-67222-07,PS713,2,1.0
6820-R2-67222-08,C76KFFWK,2,42.2
6820-R2-67222-08,C7BP51NY,2,1.0
6820-R2-67222-08,C7BP5GGZ,2,1.0
6820-R2-67222-08,PS201,2,3.0
6820-R2-67222-08,PS433,2,5.0
6820-R2-67222-10,C76KFFWK,2,43.9
6820-R2-67222-10,C7BP51NY,2,1.0
6820-R2-67222-10,C7BP5GGZ,2,2.0
6820-R2-67222-10,PS201,2,2.0
6820-R2-67222-10,PS433,2,5.0
6820-R2-67222-11,C6S4K88R,5/8,4.0
6820-R2-67222-11,C76KFFWK,2,12.8
6820-R2-67222-11,C7BP5GZF,2,2.0
6820-R2-67222-11,C7CT1ZFS,2,1.0
6820-R2-67222-11,C7W2U47F,2,1.0
6820-R2-67222-11,C7W2U48P,2,1.0
6820-R2-67222-11,PS201,2,1.0
6820-R2-67222-11,PS433,2,2.0
6820-R2-67222-12,C6S4K88R,5/8,8.0
6820-R2-67222-12,C6SDVYKZ,2,1.0
6820-R2-67222-12,C76KFFWK,2,4.2
6820-R2-67222-12,C7BP5GGZ,2,3.0
6820-R2-67222-12,C7CT1ZFS,2,2.0
6820-R2-67222-12,C7W2U48P,2,2.0
6820-R2-67222-13,C76KFFWK,2,19.8
6820-R2-67222-13,C7BP5GGZ,2,3.0
6820-R2-67222-13,PS201,2,1.0
6820-R2-67222-13,PS433,2,3.0
6820-R2-67222-13,PS719,2,3.0
6820-R2-67222-14,C76KFFWK,2,22.5
6820-R2-67222-14,C7BP5GGZ,2,5.0
6820-R2-67222-14,PS433,2,2.0
6820-R2-67222-14,PS709,2,1.0
6820-R2-67222-14,PS712,2,1.0
6820-R2-67223-01,C6S4K88S,5/8,8.0
6820-R2-67223-01,C6SDVYL1,3,1.0
6820-R2-67223-01,C7CT1ZFX,3,2.0
6820-R2-67223-01,PS204,3,5.0
6820-R2-67223-01,PS205,3,1.0
6820-R2-67223-01,PS206,3,1.0
6820-R2-67223-01,PS401,3,1.0
6820-R2-67223-01,PS413,3,1.0
6820-R2-67224-01,C6S4K88S,5/8,8.0
6820-R2-67224-01,C6SDVYL1,3,1.0
6820-R2-67224-01,C7CT1ZFX,3,2.0
6820-R2-67224-01,PS434,3,1.0
6820-R2-67224-02,C6S4K87U,1/2,8.0
6820-R2-67224-02,C76KFFTD,1,0.4
6820-R2-67224-02,C76KHSRR,1,1.0
6820-R2-67224-02,C7BP51NV,1,1.0
6820-R2-67224-02,C7CT1ZFH,1,2.0
6820-R2-67224-02,C7W2U478,1,1.0
6820-R2-67224-02,C7W2U48L,1,1.0
6820-R2-67224-02,PS204,3,2.0
6820-R2-67224-02,PS434,3,4.0
6820-R2-67225-01,C6S4K8CU,7/8,12.0
6820-R2-67225-01,C7SMNYW5,12,1.0
6820-R2-67225-01,PS426,12,1.0
6820-R2-67225-01,PS902,12,1.0
6820-R2-67225-02,PS201,12,1.0
6820-R2-67225-02,PS433,12,1.0
6820-R2-67225-03,C6S4K8BD,3/4,8.0
6820-R2-67225-03,C7SMNYWH,8,1.0
6820-R2-67225-03,PS205,12,1.0
6820-R2-67226-01,PS201,8,3.0
6820-R2-67226-02,C6S4K87F,1,2.0
6820-R2-67226-02,C6S4K87U,1/2,8.0
6820-R2-67226-02,C76KHSRR,1,1.0
6820-R2-67226-02,C7W2U478,1,1.0
6820-R2-67226-02,PS201,8,1.0
6820-R2-67226-02,PS433,8,4.0
6820-R2-67226-03,C6S4K87N,4,2.0
6820-R2-67226-03,C6S4K88T,5/8,16.0
6820-R2-67226-03,C6SDVYKW,4,1.0
6820-R2-67226-04,C6S4K8BE,3/4,16.0
6820-R2-67226-04,C6SBWZF4,8,2.0
6820-R2-67226-04,C6SDVYKY,8,1.0
6820-R2-67226-05,C6S4K87F,1,2.0
6820-R2-67226-05,C6S4K87U,1/2,8.0
6820-R2-67226-05,C76KHSRR,1,1.0
6820-R2-67226-05,C7W2U478,1,1.0
6820-R2-67226-05,PS433,8,1.0
6820-R2-67226-05,PS623,8,1.0
6820-R2-67226-06,C6S4K87F,1,2.0
6820-R2-67226-06,C6S4K87U,1/2,8.0
6820-R2-67226-06,C6S4K8BE,3/4,16.0
6820-R2-67226-06,C6SBWZF4,8,2.0
6820-R2-67226-06,C76KHSRG,8,1.0
6820-R2-67226-06,C76KHSRR,1,1.0
6820-R2-67226-06,C7W2U478,1,1.0
6820-R2-67226-06,PS433,8,1.0
6820-R2-67226-06,PS623,8,1.0
6820-R2-67226-07,C6S4K8BE,3/4,8.0
6820-R2-67226-07,C6SBWZF4,8,1.0
6820-R2-67226-07,C6SDVYKY,8,1.0
6820-R2-67226-07,PS201,8,1.0
6820-R2-67226-07,PS203,8,1.0
6820-R2-67226-07,PS204,8,1.0
6820-R2-67226-07,PS206,8,1.0
6820-R2-67226-07,PS407,8,2.0
6820-R2-67226-07,PS433,8,2.0
6820-R2-67226-07,PS623,8,1.0
6820-R2-67226-08,C6S4K8BF,3/4,8.0
6820-R2-67226-08,C6SBWZF4,8,1.0
6820-R2-67226-08,PS433,8,1.0
6820-R2-67227-01,C6S4K8BD,3/4,16.0
6820-R2-67227-01,C7CT1ZG2,8,2.0
6820-R2-67227-01,PS206,8,2.0
6820-R2-67227-01,PS406,8,2.0
6820-R2-67229-01,C6S4K8BC,3/4,8.0
6820-R2-67229-01,C6S4K8BF,3/4,12.0
6820-R2-67229-01,C76SPABV,1,1.0
6820-R2-67229-01,C7CX7CSN,3,1.0
6820-R2-67229-01,C7CX7CST,6,1.0
6820-R2-67229-01,CBBPLK4,1,1.0
6820-R2-67229-01,PS209,6,1.0
6820-R2-67229-01,PS219,6,1.0
6820-R2-67229-01,PS407,6,1.0
6820-R2-67229-01,PS413,6,1.0
6820-R2-67229-02,C6S4K8B9,3/4,4.0
6820-R2-67229-02,C6S4K8BC,3/4,4.0
6820-R2-67229-02,C76SPABV,1,1.0
6820-R2-67229-02,CBBPLK4,1,1.0
6820-R2-67229-03,C6S4K8BF,3/4,24.0
6820-R2-67229-03,C76SPABV,1,1.0
6820-R2-67229-03,C7CX7CST,6,2.0
6820-R2-67229-03,C99ZZ9E8,6,1.0
6820-R2-67229-03,CBBPLK4,1,1.0
6820-R2-67229-03,PS209,6,1.0
6820-R2-67229-03,PS214,6,1.0
6820-R2-67229-03,PS219,6,1.0
6820-R2-67229-04,C6S4K8BF,3/4,24.0
6820-R2-67229-04,C7CX7CST,6,2.0
6820-R2-67229-04,C99ZZ9EJ,6,1.0
6820-R2-67232-01,C6S4K87U,1/2,8.0
6820-R2-67232-01,C6S4K8BR,3/4,8.0
6820-R2-67232-01,C76KHSRR,1,1.0
6820-R2-67232-01,C7CT1ZFH,1,2.0
6820-R2-67232-01,C7CT1ZG2,8,2.0
6820-R2-67232-01,C7W2U478,1,1.0
6820-R2-67232-01,C7W2U48L,1,1.0
6820-R2-67232-01,C8PLE444,8,1.0
6820-R2-67232-01,CEZMKL0,1,1.0
6820-R2-67232-01,PS204,8,1.0
6820-R2-67232-01,PS206,8,1.0
6820-R2-67232-01,PS401,8,1.0
6820-R2-67232-01,PS434,8,1.0
6820-R2-67232-02,C6S4K87U,1/2,8.0
6820-R2-67232-02,C6S4K8BD,3/4,16.0
6820-R2-67232-02,C76KHSRG,8,1.0
6820-R2-67232-02,C76KHSRR,1,1.0
6820-R2-67232-02,C7CT1ZFH,1,2.0
6820-R2-67232-02,C7CT1ZG2,8,2.0
6820-R2-67232-02,C7W2U478,1,1.0
6820-R2-67232-02,C7W2U48L,1,1.0
6820-R2-67232-02,CEZMKL0,1,1.0
6820-R2-67232-02,PS204,8,1.0
6820-R2-67232-02,PS206,8,1.0
6820-R2-67232-02,PS434,8,2.0
6820-R2-67233-01,C6S4K87F,1,2.0
6820-R2-67233-01,C6S4K87U,1/2,8.0
6820-R2-67233-01,C6S4K8BR,3/4,8.0
6820-R2-67233-01,C6SBWZF4,8,2.0
6820-R2-67233-01,C76KHSRR,1,1.0
6820-R2-67233-01,C7CT0BXY,8,1.0
6820-R2-67233-01,C80R6Y1H,1,1.0
6820-R2-67233-01,PS209,8,1.0
6820-R2-67233-01,PS214,8,1.0
6820-R2-67233-02,PS204,8,2.0
6820-R2-67233-02,PS206,8,1.0
6820-R2-67233-03,C6S4K8BD,3/4,8.0
6820-R2-67233-03,C6S4K8BE,3/4,8.0
6820-R2-67233-03,C6S4K8BF,3/4,8.0
6820-R2-67233-03,C6SBWZF4,8,3.0
6820-R2-67233-03,C6SDVYKY,8,1.0
6820-R2-67233-03,PS204,8,2.0
6820-R2-67233-03,PS406,8,2.0
6820-R2-67233-03,PS413,8,2.0
6820-R2-67233-03,PS430,8,3.0
6820-R2-67234-02,C6S4K87V,1/2,12.0
6820-R2-67234-03,C6S4K87V,1/2,12.0
6820-R2-67234-04,C6S4K87U,1/2,8.0
6820-R2-67234-04,C7CT1ZFG,3/4,2.0
6820-R2-67234-04,C9T8B34P,3/4,1.0
6820-R2-67234-04,CFG6WM5T,3/4,1.0
6820-R2-67234-05,C6S4K87U,1/2,8.0
6820-R2-67234-05,C7CT1ZFG,3/4,2.0
6820-R2-67234-05,C9T8B34P,3/4,1.0
6820-R2-67234-05,CFG6WM5T,3/4,1.0
6820-R2-67235-01,C6S4K87U,1/2,8.0
6820-R2-67235-01,C76KFFTD,1,20.2
6820-R2-67235-01,C76KHSRR,1,1.0
6820-R2-67235-01,C7BP5GGW,1,3.0
6820-R2-67235-01,C7CT1ZFH,1,2.0
6820-R2-67235-01,C7W2U48L,1,2.0
6820-R2-67235-01,PS105,1,1.0
6820-R2-67235-01,PS709,1,2.0
6820-R2-67235-02,C76KFFTD,1,20.2
6820-R2-67235-02,C7BP5GGW,1,3.0
6820-R2-67235-02,PS105,1,2.0
6820-R2-67235-02,PS204,1,1.0
6820-R2-67235-02,PS712,1,1.0
6820-R2-67235-02,PS719,1,1.0
6820-R2-67235-03,C76KFFTD,1,20.6
6820-R2-67235-03,C7BP5GGW,1,3.0
6820-R2-67235-03,C7W2U48L,1,1.0
6820-R2-67235-03,PS105,1,3.0
6820-R2-67235-03,PS204,1,2.0
6820-R2-67235-03,PS205,1,1.0
6820-R2-67235-03,PS717,1,1.0
6820-R2-67235-03,PS719,1,2.0
6820-R2-67241-01,PS212,1/2,3.0
6820-R2-67242-01,PS212,1/2,3.0
6820-R2-67243-01,C6S4K8BF,3/4,8.0
6820-R2-67243-01,C6SBWZF4,8,1.0
6820-R2-67243-01,PS201,8,1.0
6820-R2-67243-01,PS433,8,3.0
6820-R2-67243-02,PS201,8,3.0
6820-R2-67243-02,PS433,8,6.0
6820-R2-67247-01,PS201,1,1.0
6820-R2-67247-01,PS212,1,1.0
6820-R2-67247-01,PS433,1,1.0
6820-R2-67247-01,PS712,1,1.0
6820-R2-67247-01,PS713,1,1.0
6820-R2-67247-02,C6S4K87F,1,5.0
6820-R2-67247-02,C6S4K87U,1/2,24.0
6820-R2-67247-02,C76KHSRR,1,3.0
6820-R2-67247-02,C7CT1ZFH,1,1.0
6820-R2-67247-02,C7W2U478,1,1.0
6820-R2-67247-02,PS211,1,1.0
6820-R2-67247-02,PS732,1,1.0
6820-R2-67248-01,C6S4K87U,1/2,8.0
6820-R2-67248-01,C76KFFTD,1,59.3
6820-R2-67248-01,C76KHSRR,1,1.0
6820-R2-67248-01,C7BP51NV,1,1.0
6820-R2-67248-01,C7BP5GGW,1,4.0
6820-R2-67248-01,C7CT1ZFH,1,2.0
6820-R2-67248-01,C7W2U48L,1,2.0
6820-R2-67248-01,PS201,1,5.0
6820-R2-67248-01,PS430,1,2.0
6820-R2-67248-01,PS433,1,6.0
6820-R2-67248-01,PS604,1,1.0
6820-R2-67248-01,PS709,1,1.0
6820-R2-67248-01,PS719,1,2.0
6820-R2-67248-02,C76KFFTD,1,18.6
6820-R2-67248-02,C7BP5GGW,1,3.0
6820-R2-67248-02,C7W2U48L,1,1.0
6820-R2-67248-02,PS201,1,1.0
6820-R2-67248-02,PS211,1,1.0
6820-R2-67248-02,PS433,1,1.0
6820-R2-67249-01,PS201,1,2.0
6820-R2-67249-01,PS433,1,2.0
6820-R2-67249-01,PS712,1,1.0
6820-R2-67249-01,PS719,1,1.0
6820-R2-67249-02,C6S4K87F,1,2.0
6820-R2-67249-02,C6S4K87U,1/2,8.0
6820-R2-67249-02,C76KHSRR,1,1.0
6820-R2-67249-02,PS211,1,1.0
6820-R2-67250-01,PS201,1,3.0
6820-R2-67250-01,PS213,1,1.0
6820-R2-67250-01,PS433,1,3.0
6820-R2-67250-01,PS713,1,1.0
6820-R2-67250-01,PS719,1,1.0
6820-R2-67250-01,PS726,1,2.0
6820-R2-67250-02,PS201,1,2.0
6820-R2-67250-02,PS433,1,3.0
6820-R2-67250-02,PS712,1,1.0
6820-R2-67250-02,PS718,1,2.0
6820-R2-67250-03,C6S4K87F,1,2.0
6820-R2-67250-03,C6S4K87U,1/2,8.0
6820-R2-67250-03,C76KHSRR,1,1.0
6820-R2-67250-03,PS201,1,1.0
6820-R2-67250-03,PS211,1,1.0
6820-R2-67250-03,PS433,1,1.0
6820-R2-67253-01,C6S4K88R,5/8,8.0
6820-R2-67253-01,C6SDVYKZ,2,1.0
6820-R2-67253-01,C7CT1ZFS,2,2.0
6820-R2-67253-01,C7W2U47F,2,1.0
6820-R2-67254-01,C6S4K87J,2,2.0
6820-R2-67254-01,C6S4K88R,5/8,8.0
6820-R2-67254-01,C7T63YAX,2,1.0
6820-R2-67254-01,C8RR9V39,2,1.0
6820-R2-67257-01,C6S4K88R,5/8,8.0
6820-R2-67257-01,C6SDVYKZ,2,1.0
6820-R2-67257-01,C7CT1ZFS,2,2.0
6820-R2-67257-01,C7W2U47F,2,1.0
6820-R2-67262-01,C6S4K87U,1/2,8.0
6820-R2-67262-01,C76KFFTD,1,31.9
6820-R2-67262-01,C76KHSRR,1,1.0
6820-R2-67262-01,C7BP5GGW,1,2.0
6820-R2-67262-01,C7BP5GZC,1,2.0
6820-R2-67262-01,C7CT1ZFH,1,2.0
6820-R2-67262-01,C7W2U48L,1,2.0
6820-R2-67262-01,PS201,1,2.0
6820-R2-67262-01,PS212,1,1.0
6820-R2-67262-01,PS213,1,1.0
6820-R2-67262-01,PS221,1,1.0
6820-R2-67262-01,PS433,1,2.0
6820-R2-67262-01,PS719,1,3.0
6820-R2-67262-01,PS732,1,1.0
6820-R2-67262-02,C6S4K87U,1/2,16.0
6820-R2-67262-02,C6S4K88N,5/8,4.0
6820-R2-67262-02,C76KFFSD,3/4,0.6
6820-R2-67262-02,C76KFFTD,1,13.7
6820-R2-67262-02,C76KHSRR,1,1.0
6820-R2-67262-02,C7BP51NV,1,1.0
6820-R2-67262-02,C7BP5GGV,3/4,1.0
6820-R2-67262-02,C7BP5GGW,1,3.0
6820-R2-67262-02,C7CT1ZFH,1,4.0
6820-R2-67262-02,C7W2U478,1,1.0
6820-R2-67262-02,C7W2U48L,1,5.0
6820-R2-67262-02,C7W2U48S,3/4,1.0
6820-R2-67262-02,C7W3AL3K,3/4,1.0
6820-R2-67262-02,CEZMKL0,1,1.0
6820-R2-67262-02,PS201,1,3.0
6820-R2-67262-02,PS433,1,3.0
6820-R2-67262-02,PS711,1,3.0
6820-R2-67262-02,PS718,1,3.0
6820-R2-67263-01,C6S4K87U,1/2,24.0
6820-R2-67263-01,C6S4K88N,5/8,4.0
6820-R2-67263-01,C76KFFTD,1,40.9
6820-R2-67263-01,C76KHSRR,1,2.0
6820-R2-67263-01,C7BP51NV,1,1.0
6820-R2-67263-01,C7BP5GGW,1,6.0
6820-R2-67263-01,C7CT1ZFH,1,6.0
6820-R2-67263-01,C7W2U478,1,1.0
6820-R2-67263-01,C7W2U48L,1,7.0
6820-R2-67263-01,C7W2U48S,3/4,1.0
6820-R2-67263-01,C7W3AL3K,3/4,1.0
6820-R2-67263-01,CEZMKL0,1,1.0
6820-R2-67263-01,PS201,1,6.0
6820-R2-67263-01,PS212,1,1.0
6820-R2-67263-01,PS433,1,6.0
6820-R2-67263-01,PS709,1,1.0
6820-R2-67263-01,PS711,1,3.0
6820-R2-67263-01,PS718,1,3.0
6820-R2-67263-01,PS719,1,2.0
6820-R2-67263-01,PS732,1,1.0
6820-R2-67264-01,C6S4K87U,1/2,4.0
6820-R2-67264-01,C7CT1ZFH,1,1.0
6820-R2-67264-01,CEZCLUC,1,0.5
6820-R2-67264-01,CFG8U73Y,1,1.0
6820-R2-67264-01,PS205,16,3.0
6820-R2-67264-01,PS413,16,1.0
6820-R2-67265-01,C6S4K8CT,7/8,12.0
6820-R2-67265-01,C7CT1ZFL,10,1.0
6820-R2-67265-01,PS203,12,1.0
6820-R2-67266-01,C6S4K88S,5/8,8.0
6820-R2-67266-01,C6SDVYL1,3,1.0
6820-R2-67266-01,C7CT1ZFX,3,2.0
6820-R2-67266-01,C7W2U47H,3,1.0
6820-R2-67267-01,C6S4K87F,1,2.0
6820-R2-67267-01,C6S4K87T,1/2,4.0
6820-R2-67267-01,C6S4K87U,1/2,8.0
6820-R2-67267-01,C76KHSRR,1,1.0
6820-R2-67267-01,C76SNTEV,1/2,1.0
6820-R2-67267-01,PS211,1,1.0
6820-R2-67267-01,PS433,1,1.0
6820-R2-67267-01,PS712,1,1.0
6820-R2-67270-01,C6S4K87V,1/2,8.0
6820-R2-67271-01,C6S4K87V,1/2,8.0
6820-R2-67271-02,C6S4K87L,3,3.0
6820-R2-67271-02,C6S4K88S,5/8,4.0
6820-R2-67271-02,C6S4K891,5/8,4.0
6820-R2-67271-02,C8RR9V3B,3,1.0
6820-R2-67271-03,C6S4K87L,3,4.0
6820-R2-67271-03,C6S4K88S,5/8,8.0
6820-R2-67271-03,C6S4K891,5/8,4.0
6820-R2-67271-03,C8RR9V3B,3,1.0
6820-R2-67271-04,C6S4K87L,3,3.0
6820-R2-67271-04,C6S4K88S,5/8,4.0
6820-R2-67271-04,C6S4K891,5/8,4.0
6820-R2-67271-04,C8RR9V3B,3,1.0
6820-R2-67271-05,C6S4K87L,3,4.0
6820-R2-67271-05,C6S4K88S,5/8,8.0
6820-R2-67271-05,C6S4K891,5/8,4.0
6820-R2-67271-05,C8RR9V3B,3,1.0
6820-R2-67272-01,C6S4K87J,2,5.0
6820-R2-67272-01,C6S4K88P,5/8,8.0
6820-R2-67272-01,C6S4K88R,5/8,4.0
6820-R2-67272-01,C6S4K88Z,5/8,4.0
6820-R2-67272-01,C8RR9V39,2,2.0
6820-R2-67272-01,PS213,2,1.0
6820-R2-67272-01,PS715,2,1.0
6820-R2-67272-02,C6S4K87V,1/2,8.0
6820-R2-67273-01,C6S4K87T,1/2,12.0
6820-R2-67273-01,C76SNTEV,1/2,3.0
6820-R2-67273-01,C8RR9V35,1/2,1.0
6820-R2-67274-01,C6S4K87V,1/2,4.0
6820-R2-67274-02,C6S4K87V,1/2,8.0
6820-R2-67274-03,C6S4K87J,2,5.0
6820-R2-67274-03,C6S4K88P,5/8,16.0
6820-R2-67274-03,C6S4K88R,5/8,4.0
6820-R2-67274-03,C7T63YAX,2,1.0
6820-R2-67274-03,C8RR9V39,2,2.0
6820-R2-67275-01,C6S4K87V,1/2,8.0
6820-R2-67275-02,C6S4K87V,1/2,8.0
6820-R2-67275-03,C12GGPSR,3/4,1.0
6820-R2-67275-03,C6S4K87U,1/2,4.0
6820-R2-67275-03,C76SPABU,3/4,1.0
6820-R2-67275-03,C7CT1ZFG,3/4,1.0
6820-R2-67275-03,CBBPLK3,3/4,1.0
6820-R2-67275-03,CFG70G7Y,3/4,1.0
6820-R2-67275-04,C12GGPSR,3/4,1.0
6820-R2-67275-04,C6S4K87U,1/2,4.0
6820-R2-67275-04,C76SPABU,3/4,1.0
6820-R2-67275-04,C7CT1ZFG,3/4,1.0
6820-R2-67275-04,CBBPLK3,3/4,1.0
6820-R2-67275-04,CFG70G7Y,3/4,1.0
6820-R2-67275-05,C6S4K87V,1/2,8.0
6820-R2-67275-06,C6S4K87V,1/2,8.0
6820-R2-67278-02,C6S4K87L,3,3.0
6820-R2-67278-02,C6S4K88S,5/8,4.0
6820-R2-67278-02,C6S4K891,5/8,4.0
6820-R2-67278-03,C6S4K87L,3,3.0
6820-R2-67278-03,C6S4K88S,5/8,4.0
6820-R2-67278-03,C6S4K891,5/8,4.0
6820-R2-67278-03,C8RR9V3B,3,1.0
6820-R2-67278-04,C6S4K87L,3,3.0
6820-R2-67278-04,C6S4K88S,5/8,4.0
6820-R2-67278-04,C6S4K891,5/8,4.0
6820-R2-67278-04,C8RR9V3B,3,1.0
6820-R2-67278-05,C6S4K87J,2,2.0
6820-R2-67278-05,C6S4K88R,5/8,8.0
6820-R2-67278-05,C7T63YAX,2,1.0
6820-R2-67278-05,C8RR9V39,2,1.0
6820-R2-67279-01,C6S4K87T,1/2,8.0
6820-R2-67279-01,C6S4K87U,1/2,4.0
6820-R2-67279-01,C76SNTEV,1/2,2.0
6820-R2-67279-01,C76SNTF1,1/2,1.0
6820-R2-67279-01,C99ZZ9D0,1/2,1.0
6820-R2-67280-01,C6S4K87T,1/2,8.0
6820-R2-67280-01,C6S4K87U,1/2,4.0
6820-R2-67280-01,C76SNTEV,1/2,2.0
6820-R2-67280-01,C76SNTF1,1/2,1.0
6820-R2-67280-01,C99ZZ9D0,1/2,1.0
6820-R2-67281-01,C6S4K87V,1/2,8.0
6820-R2-67281-02,C6S4K87J,2,2.0
6820-R2-67281-02,C6S4K88R,5/8,8.0
6820-R2-67281-02,C7T63YAX,2,1.0
6820-R2-67281-02,C8RR9V39,2,1.0
6820-R2-67281-03,C6S4K87J,2,2.0
6820-R2-67281-03,C6S4K88R,5/8,8.0
6820-R2-67281-03,C7T63YAX,2,1.0
6820-R2-67281-03,C8RR9V39,2,1.0
6820-R2-67281-04,C6S4K87J,2,2.0
6820-R2-67281-04,C6S4K88R,5/8,8.0
6820-R2-67281-04,C7T63YAX,2,1.0
6820-R2-67281-04,C8RR9V39,2,1.0
6820-R2-67282-01,C6S4K8B9,3/4,8.0
6820-R2-67282-02,C6S4K8B9,3/4,8.0
6820-R2-67282-03,C6S4K8B9,3/4,8.0
6820-R2-67282-04,C6S4K88R,5/8,16.0
6820-R2-67282-04,C7CX7CSL,2,2.0
6820-R2-67282-04,C99ZZ9DH,2,1.0
6820-R2-67282-04,CFG6WM77,2,1.0
6820-R2-67283-01,C6S4K87V,1/2,8.0
6820-R2-67284-01,C6S4K87V,1/2,12.0
6820-R2-67284-01,C6S4K884,1/2,4.0
6820-R2-67284-02,C6S4K87V,1/2,12.0
6820-R2-67284-03,C6S4K87V,1/2,12.0
6820-R2-67284-04,C2KV10X,3/4,1.0
6820-R2-67284-04,C6S4K87U,1/2,4.0
6820-R2-67284-04,C76SPABU,3/4,1.0
6820-R2-67284-04,C7CT1ZFG,3/4,1.0
6820-R2-67284-04,CBBPLK3,3/4,1.0
6820-R2-67284-04,CFG8U73X,3/4,1.0
6820-R2-67284-05,C2KV10X,3/4,1.0
6820-R2-67284-05,C6S4K87U,1/2,4.0
6820-R2-67284-05,C76SPABU,3/4,1.0
6820-R2-67284-05,C7CT1ZFG,3/4,1.0
6820-R2-67284-05,CBBPLK3,3/4,1.0
6820-R2-67284-05,CFG8U73X,3/4,1.0
6820-R2-67285-01,C6S4K87V,1/2,8.0
6820-R2-67285-02,C6S4K87L,3,3.0
6820-R2-67285-02,C6S4K88S,5/8,4.0
6820-R2-67285-02,C6S4K891,5/8,4.0
6820-R2-67285-02,C8RR9V3B,3,1.0
6820-R2-67285-03,C6S4K87L,3,4.0
6820-R2-67285-03,C6S4K88S,5/8,8.0
6820-R2-67285-03,C6S4K891,5/8,4.0
6820-R2-67285-03,C8RR9V3B,3,1.0
6820-R2-67285-04,C6S4K87L,3,3.0
6820-R2-67285-04,C6S4K88S,5/8,4.0
6820-R2-67285-04,C6S4K891,5/8,4.0
6820-R2-67285-04,C8RR9V3B,3,1.0
6820-R2-67285-05,C6S4K87L,3,4.0
6820-R2-67285-05,C6S4K88S,5/8,8.0
6820-R2-67285-05,C6S4K891,5/8,4.0
6820-R2-67285-05,C8RR9V3B,3,1.0
6820-R2-67286-01,C6S4K87J,2,5.0
6820-R2-67286-01,C6S4K88P,5/8,8.0
6820-R2-67286-01,C6S4K88R,5/8,4.0
6820-R2-67286-01,C6S4K88Z,5/8,4.0
6820-R2-67286-01,C8RR9V39,2,2.0
6820-R2-67286-01,PS213,2,1.0
6820-R2-67286-01,PS715,2,1.0
6820-R2-67286-02,C6S4K87V,1/2,8.0
6820-R2-67287-01,C6S4K87J,2,5.0
6820-R2-67287-01,C6S4K88P,5/8,16.0
6820-R2-67287-01,C6S4K88R,5/8,4.0
6820-R2-67287-01,C7T63YAX,2,1.0
6820-R2-67287-01,C8RR9V39,2,2.0
6820-R2-67287-02,C6S4K87V,1/2,8.0
6820-R2-67287-03,C6S4K87V,1/2,4.0
6820-R2-67287-04,C6S4K87V,1/2,8.0
6820-R2-67288-01,C6S4K87T,1/2,12.0
6820-R2-67288-01,C76SNTEV,1/2,3.0
6820-R2-67288-01,C7S24AAU,1/2,1.0
6820-R2-67291-01,C6S4K87V,1/2,8.0
6820-R2-67292-01,C6S4K87V,1/2,8.0
6820-R2-67292-01,C6S4K884,1/2,4.0
6820-R2-67293-01,C6S4K87V,1/2,8.0
6820-R2-67293-02,C6S4K87L,3,3.0
6820-R2-67293-02,C6S4K88S,5/8,4.0
6820-R2-67293-02,C6S4K891,5/8,4.0
6820-R2-67293-02,C6SDVYL1,3,1.0
6820-R2-67293-03,C6S4K87L,3,4.0
6820-R2-67293-03,C6S4K88S,5/8,8.0
6820-R2-67293-03,C6S4K891,5/8,4.0
6820-R2-67293-03,C6SDVYL1,3,1.0
6820-R2-67293-04,C6S4K87L,3,4.0
6820-R2-67293-04,C6S4K88S,5/8,8.0
6820-R2-67293-04,C6S4K891,5/8,4.0
6820-R2-67293-04,C6SDVYL1,3,1.0
6820-R2-67293-05,C6S4K87L,3,3.0
6820-R2-67293-05,C6S4K88S,5/8,4.0
6820-R2-67293-05,C6S4K891,5/8,4.0
6820-R2-67293-05,C6SDVYL1,3,1.0
6820-R2-67294-01,C6S4K87J,2,5.0
6820-R2-67294-01,C6S4K88P,5/8,16.0
6820-R2-67294-01,C6S4K88R,5/8,4.0
6820-R2-67294-01,C6SDVYKZ,2,2.0
6820-R2-67294-01,C80R6Y1R,2,1.0
6820-R2-67294-02,C6S4K87V,1/2,8.0
6820-R2-67294-03,C6S4K87V,1/2,4.0
6820-R2-67294-04,C6S4K87V,1/2,8.0
6820-R2-67296-01,C6S4K87V,1/2,8.0
6820-R2-67296-02,C6S4K87V,1/2,8.0
6820-R2-67296-03,C6S4K87U,1/2,8.0
6820-R2-67296-03,C76KHSRP,3/4,1.0
6820-R2-67296-03,C7CT1ZFG,3/4,2.0
6820-R2-67296-03,C7W2U477,3/4,1.0
6820-R2-67296-04,C6S4K87U,1/2,8.0
6820-R2-67296-04,C76KHSRP,3/4,1.0
6820-R2-67296-04,C7CT1ZFG,3/4,2.0
6820-R2-67296-04,C7W2U477,3/4,1.0
6820-R2-67296-05,C6S4K87V,1/2,8.0
6820-R2-67296-06,C6S4K87V,1/2,8.0
6820-R2-67299-01,C7CT1ZFW,24,3.0
6820-R2-67299-01,C84MWBGZ,24,1.0
6820-R2-67299-01,PS902,24,1.0
6820-R2-67299-02,C7CT1ZFW,24,1.0
6820-R2-67300-01,C6S4K87L,3,2.0
6820-R2-67300-01,C6S4K88S,5/8,8.0
6820-R2-67300-01,C8RR9V3B,3,1.0
6820-R2-67301-01,C6S4K87V,1/2,8.0
6820-R2-67302-01,C6S4K87L,3,2.0
6820-R2-67302-01,C6S4K88S,5/8,8.0
6820-R2-67302-01,C8RR9V3B,3,1.0
6820-R2-67303-01,C6S4K87V,1/2,8.0
6820-R2-67305-01,C6S4K87V,1/2,8.0
6820-R2-67308-01,C6S4K87V,1/2,8.0
6820-R2-67309-01,C6S4K87V,1/2,8.0
6820-R2-67310-01,C6S4K87V,1/2,8.0
6820-R2-67312-01,C1DMWEC,1,1.0
6820-R2-67312-01,C1DMWEK,1,5.0
6820-R2-67312-01,C1DR2JM,1,3.0
6820-R2-67312-01,C1DR2JV,1,1.0
6820-R2-67312-01,C5FX5BU,1/2,2.0
6820-R2-67312-01,C6S4K87U,1/2,12.0
6820-R2-67312-01,C76KHSRZ,1,3.0
6820-R2-67312-01,C76RJXHV,1,1.0
6820-R2-67312-01,CPPD3S11,1/2,1.7
6820-R2-67312-01,CPPD3S28,1,33.7
6820-R2-67312-01,CZ2LEZE,1,1.0
6820-R2-67312-01,PS201,1,4.0
6820-R2-67312-01,PS210,1,1.0
6820-R2-67312-01,PS433,1,5.0
6820-R2-67313-01,C1DMWEK,1,5.0
6820-R2-67313-01,C1DR2JM,1,2.0
6820-R2-67313-01,C6S4K87U,1/2,8.0
6820-R2-67313-01,C76KHSRZ,1,2.0
6820-R2-67313-01,C76RJXHV,1,1.0
6820-R2-67313-01,CPPD3S28,1,34.8
6820-R2-67313-01,PS201,1,4.0
6820-R2-67313-01,PS210,1,1.0
6820-R2-67313-01,PS433,1,4.0
6820-R2-67313-01,PS712,1,4.0
6820-R2-67313-01,PS713,1,1.0
6820-R2-67313-02,C1DMWEK,1,4.0
6820-R2-67313-02,CPPD3S28,1,43.3
6820-R2-67313-02,CZ2LEZE,1,1.0
6820-R2-67313-02,PS201,1,4.0
6820-R2-67313-02,PS210,1,2.0
6820-R2-67313-02,PS221,1,1.0
6820-R2-67313-02,PS433,1,5.0
6820-R2-67313-02,PS709,1,1.0
6820-R2-67313-02,PS712,1,5.0
6820-R2-67313-02,PS713,1,1.0
6820-R2-67313-03,C1DMWEK,1,3.0
6820-R2-67313-03,C1DR2JM,1,3.0
6820-R2-67313-03,C1DR2JV,1,1.0
6820-R2-67313-03,C5FX5BU,1/2,2.0
6820-R2-67313-03,C6S4K87U,1/2,12.0
6820-R2-67313-03,C76KHSRZ,1,3.0
6820-R2-67313-03,C76RJXHV,1,1.0
6820-R2-67313-03,CPPD3S11,1/2,1.2
6820-R2-67313-03,CPPD3S28,1,17.4
6820-R2-67313-03,CZ2LEZE,1,1.0
6820-R2-67313-03,PS201,1,1.0
6820-R2-67313-03,PS433,1,3.0
6820-R2-67313-03,PS712,1,1.0
6820-R2-67314-01,C1DMWEK,1,5.0
6820-R2-67314-01,C1DR2JM,1,3.0
6820-R2-67314-01,C1DR2JV,1,1.0
6820-R2-67314-01,C5FX5BU,1/2,2.0
6820-R2-67314-01,C6S4K87U,1/2,12.0
6820-R2-67314-01,C76KHSRZ,1,3.0
6820-R2-67314-01,C76RJXHV,1,1.0
6820-R2-67314-01,CPPD3S11,1/2,1.8
6820-R2-67314-01,CPPD3S28,1,33.8
6820-R2-67314-01,CZ2LEZE,1,1.0
6820-R2-67314-01,PS201,1,5.0
6820-R2-67314-01,PS210,1,1.0
6820-R2-67314-01,PS221,1,1.0
6820-R2-67314-01,PS433,1,5.0
6820-R2-67314-01,PS709,1,1.0
6820-R2-67314-01,PS711,1,2.0
6820-R2-67314-01,PS717,1,1.0
6820-R2-67314-01,PS718,1,2.0
6820-R2-67314-01,PS719,1,2.0
6820-R2-67315-01,C1DMWEK,1,7.0
6820-R2-67315-01,C1DR2JM,1,2.0
6820-R2-67315-01,C6S4K87U,1/2,8.0
6820-R2-67315-01,C76KHSRZ,1,2.0
6820-R2-67315-01,C76RJXHV,1,1.0
6820-R2-67315-01,CPPD3S28,1,52.4
6820-R2-67315-01,PS201,1,4.0
6820-R2-67315-01,PS210,1,2.0
6820-R2-67315-01,PS221,1,1.0
6820-R2-67315-01,PS433,1,5.0
6820-R2-67315-01,PS712,1,1.0
6820-R2-67315-02,C1DMWEK,1,7.0
6820-R2-67315-02,CPPD3S28,1,63.7
6820-R2-67315-02,CZ2LEZE,1,2.0
6820-R2-67315-02,PS201,1,8.0
6820-R2-67315-02,PS210,1,2.0
6820-R2-67315-02,PS221,1,2.0
6820-R2-67315-02,PS433,1,9.0
6820-R2-67315-02,PS712,1,1.0
6820-R2-67315-02,PS719,1,1.0
6820-R2-67315-03,C1DMWEK,1,2.0
6820-R2-67315-03,C1DR2JM,1,3.0
6820-R2-67315-03,C1DR2JV,1,1.0
6820-R2-67315-03,C5FX5BU,1/2,2.0
6820-R2-67315-03,C6S4K87U,1/2,12.0
6820-R2-67315-03,C76KHSRZ,1,3.0
6820-R2-67315-03,C76RJXHV,1,1.0
6820-R2-67315-03,CPPD3S11,1/2,1.5
6820-R2-67315-03,CPPD3S28,1,17.5
6820-R2-67315-03,CZ2LEZE,1,1.0
6820-R2-67315-03,PS201,1,2.0
6820-R2-67315-03,PS433,1,3.0
6820-R2-67315-03,PS709,1,2.0
6820-R2-67317-01,C6S4K8EA,1,16.0
6820-R2-67317-01,C76KJLFK,16,1.0
6820-R2-67317-01,CFG6WM60,16,1.0
6820-R2-67317-01,PS433,16,1.0
6820-R2-67317-02,PS433,16,3.0
6820-R2-67318-02,C6S4K8BF,3/4,12.0
6820-R2-67318-02,C6S4K8CT,7/8,12.0
6820-R2-67318-02,CGKFEG6E,6,1.0
6820-R2-67318-02,PS205,10,2.0
6820-R2-67319-01,C7SMNYW4,10,1.0
6820-R2-67319-01,PS203,12,1.0
6820-R2-67319-01,PS433,12,1.0
6820-R2-67320-02,C6S4K8BF,3/4,12.0
6820-R2-67320-02,C6S4K8CS,7/8,12.0
6820-R2-67320-02,CGKFEG6E,6,1.0
6820-R2-67320-02,PS205,10,2.0
6820-R2-67321-01,C6S4K87T,1/2,16.0
6820-R2-67321-01,C6S4K87U,1/2,4.0
6820-R2-67321-01,C76SNTEW,3/4,5.0
6820-R2-67321-01,C7TCS1ZV,3/4,1.0
6820-R2-67321-01,C8RR9V36,3/4,2.0
6820-R2-67321-01,C9ZLHEWH,3/4,1.0
6820-R2-67322-01,C6S4K87F,1,3.0
6820-R2-67322-01,C6S4K87J,2,1.0
6820-R2-67322-01,C6S4K87T,1/2,4.0
6820-R2-67322-01,C6S4K87U,1/2,16.0
6820-R2-67322-01,C6S4K88P,5/8,4.0
6820-R2-67322-01,C76SNTEW,3/4,2.0
6820-R2-67322-01,C7TCS1ZV,3/4,1.0
6820-R2-67322-01,C8RR9V36,3/4,1.0
6820-R2-67322-01,C8RR9V37,1,1.0
6820-R2-67322-01,PS703,1,1.0
6820-R2-67323-01,C6S4K87T,1/2,16.0
6820-R2-67323-01,C6S4K87U,1/2,4.0
6820-R2-67323-01,C76SNTEW,3/4,5.0
6820-R2-67323-01,C7TCS1ZV,3/4,1.0
6820-R2-67323-01,C8RR9V36,3/4,2.0
6820-R2-67323-01,C9ZLHEWH,3/4,1.0
6820-R2-67327-01,C1JW6P1S,2,1.0
6820-R2-67327-01,C6S4K8CX,7/8,24.0
6820-R2-67327-01,C7CX7CSU,8,2.0
6820-R2-67327-01,C8ADWXKM,2,1.0
6820-R2-67327-01,C99ZZ9EK,8,1.0
6820-R2-67327-01,PS204,8,1.0
6820-R2-67327-01,PS219,8,1.0
6820-R2-67327-01,PS407,8,1.0
6820-R2-67327-02,C6S4K8BD,3/4,16.0
6820-R2-67327-02,C6S4K8BE,3/4,8.0
6820-R2-67327-02,C7CX7CSR,4,4.0
6820-R2-67327-02,PS209,4,1.0
6820-R2-67327-02,PS214,4,1.0
6820-R2-67327-02,PS218,4,1.0
6820-R2-67328-01,C1JW6P1S,2,1.0
6820-R2-67328-01,C6S4K8CX,7/8,24.0
6820-R2-67328-01,C7CX7CSU,8,2.0
6820-R2-67328-01,C8ADWXKM,2,1.0
6820-R2-67328-01,C99ZZ9EK,8,1.0
6820-R2-67328-01,PS204,8,1.0
6820-R2-67328-01,PS219,8,1.0
6820-R2-67328-01,PS407,8,1.0
6820-R2-67328-02,C6S4K8BD,3/4,16.0
6820-R2-67328-02,C6S4K8BE,3/4,8.0
6820-R2-67328-02,C7CX7CSR,4,4.0
6820-R2-67328-02,PS209,4,1.0
6820-R2-67328-02,PS214,4,1.0
6820-R2-67328-02,PS218,4,1.0
6820-R2-67329-01,C6S4K87R,6,1.0
6820-R2-67329-01,C6S4K8BD,3/4,8.0
6820-R2-67329-01,C6S4K8CU,7/8,24.0
6820-R2-67329-01,C6SBWZET,10,2.0
6820-R2-67329-01,C99ZZ9D7,10,1.0
6820-R2-67329-01,PS214,10,1.0
6820-R2-67329-01,PS219,10,1.0
6820-R2-67329-02,C6S4K87E,6,1.0
6820-R2-67329-02,C6S4K87R,6,2.0
6820-R2-67329-02,C6S4K8BD,3/4,12.0
6820-R2-67329-02,C6S4K8BE,3/4,8.0
6820-R2-67329-02,PS209,6,1.0
6820-R2-67329-02,PS214,6,1.0
6820-R2-67329-02,PS218,6,1.0
6820-R2-67329-03,C6S4K87F,1,2.0
6820-R2-67329-03,C6S4K87U,1/2,8.0
6820-R2-67329-03,C7T63YAU,1,1.0
6820-R2-67329-03,C99ZZ9D2,1,1.0
6820-R2-67330-01,C6S4K8CT,7/8,12.0
6820-R2-67330-01,C7CT1ZFL,10,1.0
6820-R2-67330-01,PS203,12,1.0
6820-R2-67333-02,C76N9VBG,1,3.0
6820-R2-67333-02,CBBPLK4,1,1.0
6820-R2-67333-02,PS210,1,1.0
6820-R2-67334-03,PS210,1,1.0
6820-R2-67334-04,C76N9VBG,1,3.0
6820-R2-67334-04,CBBPLK4,1,1.0
6820-R2-67334-04,PS210,1,1.0
6820-R2-67334-04,PS221,1,1.0
6820-R2-67335-03,C76N9VBG,1,3.0
6820-R2-67335-03,CBBPLK4,1,1.0
6820-R2-67335-03,PS210,1,2.0
6820-R2-67335-03,PS221,1,2.0
6820-R2-67335-03,PS720,1,1.0
6820-R2-67337-01,C76N9VBG,1,3.0
6820-R2-67337-01,CBBPLK4,1,1.0
6820-R2-67337-01,PS210,1,1.0
6820-R2-67337-01,PS221,1,1.0
6820-R2-67338-01,PS719,1,1.0
6820-R2-67338-03,C2KV11G,1,1.0
6820-R2-67338-03,C76SPABV,1,2.0
6820-R2-67338-03,CBBPLK4,1,1.0
6820-R2-67338-03,PS210,1,1.0
6820-R2-67339-02,C2KV11G,1,1.0
6820-R2-67339-02,C76SPABV,1,2.0
6820-R2-67339-02,CBBPLK4,1,1.0
6820-R2-67339-02,PS211,1,1.0
6820-R2-67340-01,PS204,1,1.0
6820-R2-67340-01,PS205,1,3.0
6820-R2-67340-01,PS717,1,1.0
6820-R2-67340-02,PS204,1,3.0
6820-R2-67340-02,PS205,1,1.0
6820-R2-67340-02,PS721,1,1.0
6820-R2-67340-03,C76SPABV,1,2.0
6820-R2-67340-03,CBBPLK4,1,1.0
6820-R2-67342-02,C2KV11G,1,1.0
6820-R2-67342-02,C76SPABV,1,2.0
6820-R2-67342-02,CBBPLK4,1,1.0
6820-R2-67342-02,PS210,1,1.0
6820-R2-67343-01,C76KFFTD,1,10.3
6820-R2-67343-01,C7BP5GGW,1,2.0
6820-R2-67343-01,PS212,1,1.0
6820-R2-67343-02,C76KFFTD,1,16.5
6820-R2-67343-02,C7BP5GGW,1,6.0
6820-R2-67343-02,PS212,1,1.0
6820-R2-67343-03,C6S4K87U,1/2,8.0
6820-R2-67343-03,C76KFFTD,1,1.3
6820-R2-67343-03,C76KHSRH,1,2.0
6820-R2-67343-03,C76KHSRR,1,1.0
6820-R2-67343-03,C7BP51NZ,1,1.0
6820-R2-67343-03,C7CT1ZFH,1,2.0
6820-R2-67343-03,C7W2U48L,1,2.0
6820-R2-67343-03,CEZMKL0,1,2.0
6820-R2-67343-03,PS212,1,1.0
6820-R2-67343-03,PS221,1,1.0
6820-R2-67343-03,PS732,1,1.0
6820-R2-67344-02,C6S4K87U,1/2,8.0
6820-R2-67344-02,C76KFFTD,1,1.1
6820-R2-67344-02,C76KHSRH,1,2.0
6820-R2-67344-02,C76KHSRR,1,1.0
6820-R2-67344-02,C7BP51NZ,1,1.0
6820-R2-67344-02,C7CT1ZFH,1,2.0
6820-R2-67344-02,C7W2U48L,1,1.0
6820-R2-67344-02,CEZMKL0,1,2.0
6820-R2-67344-02,PS212,1,1.0
6820-R2-67344-02,PS221,1,1.0
6820-R2-67344-02,PS732,1,1.0
6820-R2-67345-01,C76KFFTD,1,19.9
6820-R2-67345-01,C7BP5GGW,1,5.0
6820-R2-67345-01,PS201,1,1.0
6820-R2-67345-01,PS212,1,1.0
6820-R2-67345-01,PS410,1,1.0
6820-R2-67345-01,PS433,1,2.0
6820-R2-67345-02,C76KFFTD,1,40.7
6820-R2-67345-02,C7BP5GGW,1,7.0
6820-R2-67345-02,C7BP5GZC,1,1.0
6820-R2-67345-02,PS201,1,3.0
6820-R2-67345-02,PS212,1,2.0
6820-R2-67345-02,PS401,1,1.0
6820-R2-67345-02,PS413,1,1.0
6820-R2-67345-02,PS433,1,3.0
6820-R2-67345-02,PS715,1,1.0
6820-R2-67345-02,PS731,1,1.0
6820-R2-67345-03,C6S4K87U,1/2,8.0
6820-R2-67345-03,C76KFFTD,1,8.6
6820-R2-67345-03,C76KHSRH,1,2.0
6820-R2-67345-03,C76KHSRR,1,1.0
6820-R2-67345-03,C7BP51NZ,1,1.0
6820-R2-67345-03,C7BP5GGW,1,2.0
6820-R2-67345-03,C7CT1ZFH,1,2.0
6820-R2-67345-03,C7W2U48L,1,2.0
6820-R2-67345-03,CEZMKL0,1,3.0
6820-R2-67345-03,PS212,1,2.0
6820-R2-67345-03,PS221,1,2.0
6820-R2-67345-03,PS732,1,1.0
6820-R2-67347-01,C76KFFTD,1,8.1
6820-R2-67347-01,C7BP5GGW,1,2.0
6820-R2-67347-01,PS212,1,1.0
6820-R2-67347-02,C6S4K87U,1/2,8.0
6820-R2-67347-02,C76KFFTD,1,12.2
6820-R2-67347-02,C76KHSRH,1,2.0
6820-R2-67347-02,C76KHSRR,1,1.0
6820-R2-67347-02,C7BP51NZ,1,1.0
6820-R2-67347-02,C7CT1ZFH,1,2.0
6820-R2-67347-02,C7W2U48L,1,2.0
6820-R2-67347-02,CEZMKL0,1,2.0
6820-R2-67347-02,PS212,1,1.0
6820-R2-67347-02,PS221,1,1.0
6820-R2-67347-02,PS732,1,1.0
6820-R2-67348-01,C6S4K87U,1/2,4.0
6820-R2-67348-01,C7CT1ZFH,1,1.0
6820-R2-67348-01,CEZCLUC,1,0.5
6820-R2-67348-01,CFG8U73Y,1,1.0
6820-R2-67348-01,PS205,16,3.0
6820-R2-67348-01,PS413,16,1.0
6820-R2-67350-01,C6SBWZEZ,20,1.0
6820-R2-67350-01,PS204,20,1.0
6820-R2-67350-01,PS921,20,1.0
6820-R2-67350-03,C6S4K8C8,7/8,12.0
6820-R2-67350-03,C6SBWZEU,12,1.0
6820-R2-67350-03,PS203,20,1.0
6820-R2-67350-03,PS205,20,2.0
6820-R2-67351-01,C6SBWZEU,12,1.0
6820-R2-67351-01,PS205,16,2.0
6820-R2-67351-01,PS413,16,2.0
6820-R2-67356-01,C1DMWEK,1,1.0
6820-R2-67356-01,C6SBR43V,1,4.4
6820-R2-67356-01,C76KHVWS,1/2,1.0
6820-R2-67356-01,CZ2LEZE,1,1.0
6820-R2-67356-01,PS210,1,1.0
6820-R2-67356-01,PS221,1,1.0
6820-R2-67356-01,PS713,1,1.0
6820-R2-67358-01,C58PVZ7V,2,1.0
6820-R2-67358-01,C766B01H,2,1.0
6820-R2-67358-01,C76S9AH4,2,1.0
6820-R2-67358-01,PS201,2,2.0
6820-R2-67358-01,PS210,2,1.0
6820-R2-67358-01,PS221,2,1.0
6820-R2-67358-01,PS433,2,3.0
6820-R2-67359-01,PS204,2,1.0
6820-R2-67359-01,PS401,2,1.0
6820-R2-67359-01,PS709,2,1.0
6820-R2-67359-02,PS204,2,4.0
6820-R2-67359-02,PS206,2,1.0
6820-R2-67359-03,PS201,2,1.0
6820-R2-67359-03,PS204,2,1.0
6820-R2-67360-01,C6S4K88R,5/8,16.0
6820-R2-67360-01,C6SDVYKZ,2,1.0
6820-R2-67360-01,C76KFFWK,2,7.1
6820-R2-67360-01,C7BP5GGZ,2,2.0
6820-R2-67360-01,C7CT1ZFS,2,4.0
6820-R2-67360-01,C7CTALFX,2,1.0
6820-R2-67360-01,C7W2U48P,2,4.0
6820-R2-67360-01,PS433,2,1.0
6820-R2-67360-01,PS712,2,1.0
6820-R2-67360-02,C76KFFWK,2,24.5
6820-R2-67360-02,C7BP5GGZ,2,2.0
6820-R2-67360-02,PS201,2,2.0
6820-R2-67360-02,PS212,2,1.0
6820-R2-67360-02,PS433,2,2.0
6820-R2-67360-02,PS721,2,1.0
6820-R2-67360-03,C76KFFWK,2,13.9
6820-R2-67360-03,C7BP5GGZ,2,3.0
6820-R2-67360-03,PS201,2,1.0
6820-R2-67360-03,PS433,2,1.0
6820-R2-67360-03,PS709,2,1.0
6820-R2-67360-04,C76KFFWK,2,38.0
6820-R2-67360-04,C7BP51NY,2,1.0
6820-R2-67360-04,C7BP5GGZ,2,1.0
6820-R2-67360-04,PS201,2,4.0
6820-R2-67360-04,PS433,2,4.0
6820-R2-67360-05,C76KFFWK,2,23.8
6820-R2-67360-05,C7BP51NY,2,1.0
6820-R2-67360-05,C7BP5GGZ,2,1.0
6820-R2-67360-05,C7BP5GZF,2,1.0
6820-R2-67360-05,PS201,2,1.0
6820-R2-67360-05,PS212,2,1.0
6820-R2-67360-05,PS433,2,1.0
6820-R2-67360-05,PS713,2,1.0
6820-R2-67360-06,C76KFFWK,2,5.1
6820-R2-67360-06,C7BP5GGZ,2,3.0
6820-R2-67360-06,PS201,2,1.0
6820-R2-67360-06,PS433,2,1.0
6820-R2-67360-06,PS709,2,1.0
6820-R2-67361-01,C6S4K8BF,3/4,24.0
6820-R2-67361-01,C7CX7CST,6,2.0
6820-R2-67361-01,C7W3AL3L,1,2.0
6820-R2-67361-01,C99ZZ9DE,1,1.0
6820-R2-67361-01,CFG6WM6Z,1,1.0
6820-R2-67361-01,PS214,6,1.0
6820-R2-67361-02,C6S4K88R,5/8,16.0
6820-R2-67361-02,C6S4K8BF,3/4,24.0
6820-R2-67361-02,C7CX7CSL,2,2.0
6820-R2-67361-02,C7CX7CST,6,2.0
6820-R2-67361-02,C99ZZ9EJ,6,1.0
6820-R2-67361-02,C9YR0U5Z,2,1.0
6820-R2-67361-02,PS204,6,2.0
6820-R2-67361-02,PS206,6,1.0
6820-R2-67361-02,PS209,6,1.0
6820-R2-67361-02,PS214,6,1.0
6820-R2-67361-02,PS406,6,1.0
6820-R2-67361-03,C6S4K88N,5/8,8.0
6820-R2-67361-03,C6S4K8BD,3/4,8.0
6820-R2-67361-03,C7CX7CSR,4,1.0
6820-R2-67361-03,C7W3AL3L,1,2.0
6820-R2-67361-03,C99ZZ9DE,1,1.0
6820-R2-67361-03,CFG6WM6Z,1,1.0
6820-R2-67361-04,C6S4K88N,5/8,8.0
6820-R2-67361-04,C6S4K8BD,3/4,8.0
6820-R2-67361-04,C7CX7CSR,4,1.0
6820-R2-67361-04,C7W3AL3L,1,2.0
6820-R2-67361-04,C99ZZ9DE,1,1.0
6820-R2-67361-04,CFG6WM6Z,1,1.0
6820-R2-67361-04,PS209,6,1.0
6820-R2-67361-04,PS214,6,1.0
6820-R2-67361-05,C6S4K88N,5/8,8.0
6820-R2-67361-05,C6S4K8BF,3/4,72.0
6820-R2-67361-05,C7CX7CST,6,6.0
6820-R2-67361-05,C7W3AL3L,1,2.0
6820-R2-67361-05,C99ZZ9DE,1,1.0
6820-R2-67361-05,C99ZZ9EJ,6,2.0
6820-R2-67361-05,CFG6WM6Z,1,1.0
6820-R2-67361-05,PS209,6,1.0
6820-R2-67361-05,PS214,6,1.0
6820-R2-67367-01,C6S4K8CU,7/8,12.0
6820-R2-67367-01,C7SMNYW5,12,1.0
6820-R2-67367-01,PS413,12,1.0
6820-R2-67367-01,PS431,12,1.0
6820-R2-67367-01,PS902,12,1.0
6820-R2-67367-02,PS201,12,1.0
6820-R2-67367-02,PS433,12,1.0
6820-R2-67367-03,C6S4K8BD,3/4,8.0
6820-R2-67367-03,C7SMNYWH,8,1.0
6820-R2-67367-03,PS205,12,1.0
6820-R2-67369-01,PS201,1,2.0
6820-R2-67369-01,PS407,1,1.0
6820-R2-67369-01,PS434,1,1.0
6820-R2-67369-02,C6S4K87U,1/2,12.0
6820-R2-67369-02,C76SPABT,1/2,1.0
6820-R2-67369-02,C7CT1ZFH,1,3.0
6820-R2-67369-02,CBBPLK2,1/2,1.0
6820-R2-67369-02,PS201,1,1.0
6820-R2-67369-02,PS433,1,1.0
6820-R2-67369-02,PS709,1,1.0
6820-R2-67370-01,C6S4K87U,1/2,4.0
6820-R2-67370-01,C6S4K88N,5/8,4.0
6820-R2-67370-01,C76KFFSD,3/4,9.1
6820-R2-67370-01,C7BP5GGV,3/4,3.0
6820-R2-67370-01,C7CT1ZFG,3/4,1.0
6820-R2-67370-01,C7W2U48K,3/4,2.0
6820-R2-67370-01,C7W2U48S,3/4,1.0
6820-R2-67370-01,C7W3AL3K,3/4,1.0
6820-R2-67370-01,PS201,3/4,1.0
6820-R2-67370-01,PS433,3/4,1.0
6820-R2-67370-01,PS709,3/4,1.0
6820-R2-67371-01,C6S4K87U,1/2,4.0
6820-R2-67371-01,C6S4K88N,5/8,4.0
6820-R2-67371-01,C76KFFSD,3/4,9.1
6820-R2-67371-01,C7BP5GGV,3/4,3.0
6820-R2-67371-01,C7CT1ZFG,3/4,1.0
6820-R2-67371-01,C7W2U48K,3/4,2.0
6820-R2-67371-01,C7W2U48S,3/4,1.0
6820-R2-67371-01,C7W3AL3K,3/4,1.0
6820-R2-67371-01,PS201,3/4,1.0
6820-R2-67371-01,PS433,3/4,1.0
6820-R2-67371-01,PS709,3/4,1.0
6820-R2-67372-01,C6S4K87U,1/2,4.0
6820-R2-67372-01,C6S4K88N,5/8,4.0
6820-R2-67372-01,C76KFFSD,3/4,9.1
6820-R2-67372-01,C7BP5GGV,3/4,3.0
6820-R2-67372-01,C7CT1ZFG,3/4,1.0
6820-R2-67372-01,C7W2U48K,3/4,2.0
6820-R2-67372-01,C7W2U48S,3/4,1.0
6820-R2-67372-01,C7W3AL3K,3/4,1.0
6820-R2-67372-01,PS201,3/4,1.0
6820-R2-67372-01,PS433,3/4,1.0
6820-R2-67372-01,PS709,3/4,1.0
6820-R2-67373-01,C6S4K87U,1/2,12.0
6820-R2-67373-01,C76KFFSD,3/4,24.5
6820-R2-67373-01,C7BP5GGV,3/4,5.0
6820-R2-67373-01,C7CT1ZFG,3/4,3.0
6820-R2-67373-01,C7W2U48K,3/4,5.0
6820-R2-67373-01,PS201,3/4,4.0
6820-R2-67373-01,PS433,3/4,4.0
6820-R2-67373-01,PS709,3/4,4.0
6820-R2-67374-01,C6S4K87U,1/2,8.0
6820-R2-67374-01,C6S4K88N,5/8,4.0
6820-R2-67374-01,C76KFFSD,3/4,24.5
6820-R2-67374-01,C7BP5GGV,3/4,5.0
6820-R2-67374-01,C7CT1ZFG,3/4,2.0
6820-R2-67374-01,C7W2U48K,3/4,4.0
6820-R2-67374-01,C7W2U48S,3/4,1.0
6820-R2-67374-01,C7W3AL3K,3/4,1.0
6820-R2-67374-01,PS201,3/4,4.0
6820-R2-67374-01,PS433,3/4,4.0
6820-R2-67374-01,PS709,3/4,4.0
6820-R2-67375-01,C6S4K87V,1/2,4.0
6820-R2-67376-01,C6S4K88N,5/8,4.0
6820-R2-67376-01,C76SPABV,1,1.0
6820-R2-67376-01,C7W3AL3L,1,1.0
6820-R2-67376-01,CBBPLK4,1,1.0
6820-R2-67376-01,CEZCLUC,1,0.3
6820-R2-67376-01,CFG8U743,1,1.0
6820-R2-67377-01,C6S4K87V,1/2,4.0
6820-R2-67379-01,C6S4K87U,1/2,4.0
6820-R2-67379-01,C7CT1ZFH,1,1.0
6820-R2-67379-01,PS201,1,2.0
6820-R2-67379-01,PS433,1,4.0
6820-R2-67379-01,PS709,1,2.0
6820-R2-67380-01,C6S4K8B9,3/4,8.0
6820-R2-67380-02,C6S4K8B9,3/4,8.0
6820-R2-67380-03,C12GGPSR,3/4,1.0
6820-R2-67380-03,C6S4K88N,5/8,4.0
6820-R2-67380-03,C80U8UAZ,3/4,1.0
6820-R2-67380-03,CBBPLK3,3/4,1.0
6820-R2-67380-03,CFG70GLP,3/4,1.0
6820-R2-67380-03,CGKFEG5U,3/4,1.0
6820-R2-67380-04,C12GGPSR,3/4,1.0
6820-R2-67380-04,C6S4K88N,5/8,4.0
6820-R2-67380-04,C80U8UAZ,3/4,1.0
6820-R2-67380-04,CBBPLK3,3/4,1.0
6820-R2-67380-04,CFG70GLP,3/4,1.0
6820-R2-67380-04,CGKFEG5U,3/4,1.0
6820-R2-67381-01,C6S4K87V,1/2,16.0
6820-R2-67381-02,C6S4K87V,1/2,12.0
6820-R2-67381-03,C2KV10X,3/4,1.0
6820-R2-67381-03,C6S4K87U,1/2,4.0
6820-R2-67381-03,C76SPABU,3/4,1.0
6820-R2-67381-03,C7CT1ZFG,3/4,1.0
6820-R2-67381-03,CBBPLK3,3/4,1.0
6820-R2-67381-03,CFG8U73X,3/4,1.0
6820-R2-67381-04,C2KV10X,3/4,1.0
6820-R2-67381-04,C6S4K87U,1/2,4.0
6820-R2-67381-04,C76SPABU,3/4,1.0
6820-R2-67381-04,C7CT1ZFG,3/4,1.0
6820-R2-67381-04,CBBPLK3,3/4,1.0
6820-R2-67381-04,CFG8U73X,3/4,1.0
6820-R2-67382-01,C6S4K8B9,3/4,4.0
6820-R2-67382-01,C6S4K8BJ,3/4,4.0
