source_file,section,no,npd,description,ident,qty,iso,area,flag
6820-R2-61029-01_WWXL-FP01_1..pdf,OTHER THAN SHOP MATERIALS,1,,"Gr.2H, -, Extra 1 Hex nut & 2 Lock Wsh, - 9.25 in. Length",,0.0,6820-R2-61029-01,6820,bad_qty
6820-R2-61029-01_WWXL-FP01_1..pdf,OTHER THAN SHOP MATERIALS,7,10,14-FO-68989 14-FO-68989,,1.0,6820-R2-61029-01,6820,bad_ident
6820-R2-61029-02_WWXL-FP01_1..pdf,OTHER THAN SHOP MATERIALS,648,10,"NM Flat Gk, EPDM, 150 Lbs, FF as per ASME B16.5, Full Face, Thk=1/8in, -,",C7V61SDZ,1.0,6820-R2-61029-02,6820,bad_no
6820-R2-61029-02_WWXL-FP01_1..pdf,OTHER THAN SHOP MATERIALS,1,,"Lock Wsh, - 7.5 in. Length",,0.0,6820-R2-61029-02,6820,bad_qty
6820-R2-61029-03_WWXL-FP01_1..pdf,OTHER THAN SHOP MATERIALS,1,,"Lock Wsh, - 7.5 in. Length",,0.0,6820-R2-61029-03,6820,bad_qty
6820-R2-61060-01_WWXL-FP01_1..pdf,PIPE SUPPORTS,1,,,,0.0,6820-R2-61060-01,6820,bad_qty
6820-R2-67001-03_NOHD-NI01_1..pdf,OTHER THAN SHOP MATERIALS,9,8,14-LV-68250 14-LV-68250,,1.0,6820-R2-67001-03,6820,bad_ident
6820-R2-67001-03_NOHD-NI01_1..pdf,PIPE SUPPORTS,1,,,,0.0,6820-R2-67001-03,6820,bad_qty
6820-R2-67001-06_NOHD-NI01_0..pdf,OTHER THAN SHOP MATERIALS,6,8,14-FO-68109 14-FO-68109,,1.0,6820-R2-67001-06,6820,bad_ident
6820-R2-67006-01_NOHD-SS03_1..pdf,OTHER THAN SHOP MATERIALS,1,PIPE,SUPPORTS,,0.0,6820-R2-67006-01,6820,bad_qty
6820-R2-67006-02_NOHD-SS03_1..pdf,PIPE SUPPORTS,1,,,,0.0,6820-R2-67006-02,6820,bad_qty
6820-R2-67006-02_NOHD-SS03_1..pdf,PIPE SUPPORTS,666,444,PPPSSS222000111---444 PPPSSS222000111,,111.0,6820-R2-67006-02,6820,bad_no
6820-R2-67008-03_EPCW-CS01_1..pdf,OTHER THAN SHOP MATERIALS,7,1.1/2,"Pipes, Seamless, ASME B36.10, ASTM ' A106 Gr.B, NPTM Ends, w/ coupling, -, S-XS",CEZCLVN,0.4,6820-R2-67008-03,6820,npd_suspicious
6820-R2-67008-03_EPCW-CS01_1..pdf,OTHER THAN SHOP MATERIALS,8,1.1/2,"THD Flg, ASME B16.5, ASTM A105N, 150 Lbs, RF/NPTF End, -,",CFG8U740,1.0,6820-R2-67008-03,6820,npd_suspicious
6820-R2-67008-03_EPCW-CS01_1..pdf,OTHER THAN SHOP MATERIALS,10,1.1/2,"NM Flat Gk, Barium Sulfate filled PTFE, 150 Lbs, RF as per ASME B16.5, Full Face, Thk=1/8in, -,",C7CT1ZFK,1.0,6820-R2-67008-03,6820,npd_suspicious
6820-R2-67008-03_EPCW-CS01_1..pdf,OTHER THAN SHOP MATERIALS,14,1.1/2,14-TI-68419 14-TI-68419,,1.0,6820-R2-67008-03,6820,bad_ident
6820-R2-67018-02_SCXL-CS02_0..pdf,OTHER THAN SHOP MATERIALS,9,1.1/2,"NM Flat Gk, Barium Sulfate filled PTFE, 300 Lbs, RF as per ASME B16.5, Full Face, Thk=1/8in, -,",C7W3AL3N,2.0,6820-R2-67018-02,6820,npd_suspicious
6820-R2-67018-02_SCXL-CS02_0..pdf,OTHER THAN SHOP MATERIALS,12,1.1/2,"Gat Flg, -, API 602, ASTM A105N,300 Lbs, RF, Ends as per ASME B16.5, HO,-, Valve Tag: GA-1127",C99ZZ9DG,1.0,6820-R2-67018-02,6820,npd_suspicious
6820-R2-67018-02_SCXL-CS02_0..pdf,OTHER THAN SHOP MATERIALS,14,1.1/2,14-PI-68759 14-PI-68759,,1.0,6820-R2-67018-02,6820,bad_ident
6820-R2-67018-03_SCXL-CS02_0..pdf,PIPE SUPPORTS,3304,,,,0.0,6820-R2-67018-03,6820,bad_no
6820-R2-67020-02_NOHD-NI03_1..pdf,OTHER THAN SHOP MATERIALS,7,6,SP-6809 SP-6809,,1.0,6820-R2-67020-02,6820,bad_ident
6820-R2-67020-02_NOHD-NI03_1..pdf,PIPE SUPPORTS,1,,,,0.0,6820-R2-67020-02,6820,bad_qty
6820-R2-67021-05_NOHD-NI03_1..pdf,OTHER THAN SHOP MATERIALS,8,2,14-PI-68789 14-PI-68789,,1.0,6820-R2-67021-05,6820,bad_ident
6820-R2-67022-12_NOHD-NI03_1..pdf,OTHER THAN SHOP MATERIALS,8,2,14-PI-68779 14-PI-68779,,1.0,6820-R2-67022-12,6820,bad_ident
6820-R2-67024-01_NOHD-NI01_0..pdf,OTHER THAN SHOP MATERIALS,7,6X1,SP-6876 SP-6876,,1.0,6820-R2-67024-01,6820,bad_ident
6820-R2-67024-01_NOHD-NI01_0..pdf,OTHER THAN SHOP MATERIALS,11,1.1/4,"SBlt 2 HHx N, A193 Gr.B7/A194 Gr.2H, -, Xylan PTFE Coated, - 7.25 in. Length",C6S4K8J2,20.0,6820-R2-67024-01,6820,npd_suspicious
6820-R2-67040-03_NOHD-NI01_1..pdf,OTHER THAN SHOP MATERIALS,11,1.1/2,"NM Flat Gk, Barium Sulfate filled PTFE, 150 Lbs, RF as per ASME B16.5, -, Thk=1/8in, -,",C6S4K87H,1.0,6820-R2-67040-03,6820,npd_suspicious
6820-R2-67040-03_NOHD-NI01_1..pdf,OTHER THAN SHOP MATERIALS,13,1.1/2,14-TI-68429 14-TI-68429,,1.0,6820-R2-67040-03,6820,bad_ident
6820-R2-67040-06_NOHD-NI01_0..pdf,OTHER THAN SHOP MATERIALS,14,8,14-LV-68240 14-LV-68240,,1.0,6820-R2-67040-06,6820,bad_ident
6820-R2-67040-10_NOHD-NI01_0..pdf,OTHER THAN SHOP MATERIALS,4,1.1/2,"NM Flat Gk, Barium Sulfate filled PTFE, 150 Lbs, RF as per ASME B16.5, -, Thk=1/8in, -,",C6S4K87H,1.0,6820-R2-67040-10,6820,npd_suspicious
6820-R2-67040-10_NOHD-NI01_0..pdf,OTHER THAN SHOP MATERIALS,6,1.1/2,14-TE-68431 14-TE-68431,,1.0,6820-R2-67040-10,6820,bad_ident
6820-R2-67044-01_SCXL-CS02_1..pdf,OTHER THAN SHOP MATERIALS,13,1.1/2,"NM Flat Gk, Barium Sulfate filled PTFE, 300 Lbs, RF as per ASME B16.5, Full Face, Thk=1/8in, -,",C7W3AL3N,1.0,6820-R2-67044-01,6820,npd_suspicious
6820-R2-67044-01_SCXL-CS02_1..pdf,OTHER THAN SHOP MATERIALS,17,1.1/2,14-TI-68439 14-TI-68439,,1.0,6820-R2-67044-01,6820,bad_ident
6820-R2-67044-02_SCXL-CS02_1..pdf,PIPE SUPPORTS,1,,,,0.0,6820-R2-67044-02,6820,bad_qty
6820-R2-67044-05_SCXL-CS02_1..pdf,OTHER THAN SHOP MATERIALS,12,1.1/2,"NM Flat Gk, Barium Sulfate filled PTFE, 300 Lbs, RF as per ASME B16.5, Full Face, Thk=1/8in, -,",C7W3AL3N,1.0,6820-R2-67044-05,6820,npd_suspicious
6820-R2-67044-05_SCXL-CS02_1..pdf,OTHER THAN SHOP MATERIALS,17,1.1/2,14-TE-68480 14-TE-68480,,1.0,6820-R2-67044-05,6820,bad_ident
6820-R2-67047-01_NOHD-NI01_2.pdf,OTHER THAN SHOP MATERIALS,150,,,,0.0,6820-R2-67047-01,6820,bad_qty
6820-R2-67047-02_NOHD-NI01_1.pdf,PIPE SUPPORTS,1,,,,0.0,6820-R2-67047-02,6820,bad_qty
6820-R2-67054-01_NOHD-SS03_1.pdf,OTHER THAN SHOP MATERIALS,1,,,,0.0,6820-R2-67054-01,6820,bad_qty
6820-R2-67054-02_NOHD-SS03_1.pdf,PIPE SUPPORTS,1,,,,0.0,6820-R2-67054-02,6820,bad_qty
6820-R2-67054-02_NOHD-SS03_1.pdf,PIPE SUPPORTS,666,444,PPPSSS222000111---444 PPPSSS222000111,,111.0,6820-R2-67054-02,6820,bad_no
6820-R2-67055-02_EPCL-SS01_1..pdf,OTHER THAN SHOP MATERIALS,13,6,14-FO-68149 14-FO-68149,,1.0,6820-R2-67055-02,6820,bad_ident
6820-R2-67056-04_EPCW-CS01_0..pdf,OTHER THAN SHOP MATERIALS,16,,GL-0627 SUPPORTS,,0.0,6820-R2-67056-04,6820,bad_qty
6820-R2-67065-05_NOHD-NI01_1..pdf,OTHER THAN SHOP MATERIALS,11,1.1/2,"NM Flat Gk, Barium Sulfate filled PTFE, 150 Lbs, RF as per ASME B16.5, -, Thk=1/8in, -,",C6S4K87H,1.0,6820-R2-67065-05,6820,npd_suspicious
6820-R2-67065-05_NOHD-NI01_1..pdf,OTHER THAN SHOP MATERIALS,13,1.1/2,14-TE-68459 14-TE-68459,,1.0,6820-R2-67065-05,6820,bad_ident
6820-R2-67065-07_NOHD-NI01_2..pdf,OTHER THAN SHOP MATERIALS,10,1.1/2,"NM Flat Gk, Barium Sulfate filled PTFE, 150 Lbs, RF as per ASME B16.5, -, Thk=1/8in, -,",C6S4K87H,1.0,6820-R2-67065-07,6820,npd_suspicious
6820-R2-67065-07_NOHD-NI01_2..pdf,OTHER THAN SHOP MATERIALS,14,1.1/2,14-TE-68432 14-TE-68432,,1.0,6820-R2-67065-07,6820,bad_ident
6820-R2-67065-07_NOHD-NI01_2.pdf,OTHER THAN SHOP MATERIALS,10,1.1/2,"NM Flat Gk, Barium Sulfate filled PTFE, 150 Lbs, RF as per ASME B16.5, -, Thk=1/8in, -,",C6S4K87H,1.0,6820-R2-67065-07,6820,npd_suspicious
6820-R2-67065-07_NOHD-NI01_2.pdf,OTHER THAN SHOP MATERIALS,14,1.1/2,14-TE-68432 14-TE-68432,,1.0,6820-R2-67065-07,6820,bad_ident
6820-R2-67065-09-NOHD-NI01_1..pdf,OTHER THAN SHOP MATERIALS,1,INSTRUMENTS,,,0.0,6820-R2-67065-09,6820,bad_qty
6820-R2-67065-09-NOHD-NI01_1..pdf,OTHER THAN SHOP MATERIALS,17,8,14-LV-68260 14-LV-68260,,1.0,6820-R2-67065-09,6820,bad_ident
6820-R2-67065-09-NOHD-NI01_1.pdf,OTHER THAN SHOP MATERIALS,1,INSTRUMENTS,,,0.0,6820-R2-67065-09,6820,bad_qty
6820-R2-67065-09-NOHD-NI01_1.pdf,OTHER THAN SHOP MATERIALS,17,8,14-LV-68260 14-LV-68260,,1.0,6820-R2-67065-09,6820,bad_ident
6820-R2-67069-05_NOHD-NI01_0.pdf,OTHER THAN SHOP MATERIALS,9,1.1/2,"NM Flat Gk, Barium Sulfate filled PTFE, 150 Lbs, RF as per ASME B16.5, -, Thk=1/8in, -,",C6S4K87H,1.0,6820-R2-67069-05,6820,npd_suspicious
6820-R2-67069-05_NOHD-NI01_0.pdf,OTHER THAN SHOP MATERIALS,11,1.1/2,14-TE-68469 14-TE-68469,,1.0,6820-R2-67069-05,6820,bad_ident
6820-R2-67072-03_NOHD-NI03_1.pdf,OTHER THAN SHOP MATERIALS,18,1.1/2,"NM Flat Gk, Barium Sulfate filled PTFE, 150 Lbs, RF as per ASME B16.5, -, Thk=1/8in, -,",C6S4K87H,1.0,6820-R2-67072-03,6820,npd_suspicious
6820-R2-67072-03_NOHD-NI03_1.pdf,OTHER THAN SHOP MATERIALS,21,1.1/2,14-TI-68629 14-TI-68629,,1.0,6820-R2-67072-03,6820,bad_ident
6820-R2-67073-01_NOHD-SS01_2.pdf,OTHER THAN SHOP MATERIALS,730,,,,0.0,6820-R2-67073-01,6820,bad_no
6820-R2-67073-02_NOHD-SS01_0.pdf,OTHER THAN SHOP MATERIALS,6,4,14-HV-68460 14-HV-68460,,1.0,6820-R2-67073-02,6820,bad_ident
6820-R2-67080-01_SCXL-CS02_1..pdf,OTHER THAN SHOP MATERIALS,9,6,14-HV-68520 14-HV-68520,,1.0,6820-R2-67080-01,6820,bad_ident
6820-R2-67081-01_NOHD-SS01_1.pdf,PIPE SUPPORTS,1,,,,0.0,6820-R2-67081-01,6820,bad_qty
6820-R2-67086-01_NOHD-SS03_1.pdf,PIPE SUPPORTS,1,,,,0.0,6820-R2-67086-01,6820,bad_qty
6820-R2-67086-02_NOHD-SS03_1.pdf,PIPE SUPPORTS,1,,,,0.0,6820-R2-67086-02,6820,bad_qty
6820-R2-67086-02_NOHD-SS03_1.pdf,PIPE SUPPORTS,666,444,PPPSSS222000111---444 PPPSSS222000111,,111.0,6820-R2-67086-02,6820,bad_no
6820-R2-67088-02_EPCW-CS01_1.pdf,OTHER THAN SHOP MATERIALS,7,1.1/2,"Pipes, Seamless, ASME B36.10, ASTM ' A106 Gr.B, NPTM Ends, w/ coupling, -, S-XS",CEZCLVN,0.5,6820-R2-67088-02,6820,npd_suspicious
6820-R2-67088-02_EPCW-CS01_1.pdf,OTHER THAN SHOP MATERIALS,8,1.1/2,"THD Flg, ASME B16.5, ASTM A105N, 150 Lbs, RF/NPTF End, -,",CFG8U740,1.0,6820-R2-67088-02,6820,npd_suspicious
6820-R2-67088-02_EPCW-CS01_1.pdf,OTHER THAN SHOP MATERIALS,10,1.1/2,"NM Flat Gk, Barium Sulfate filled PTFE, 150 Lbs, RF as per ASME B16.5, Full Face, Thk=1/8in, -,",C7CT1ZFK,1.0,6820-R2-67088-02,6820,npd_suspicious
6820-R2-67088-02_EPCW-CS01_1.pdf,OTHER THAN SHOP MATERIALS,14,1.1/2,14-TI-68479 14-TI-68479,,1.0,6820-R2-67088-02,6820,bad_ident
6820-R2-67093-02_NOHD-SS01_1.pdf,OTHER THAN SHOP MATERIALS,12,1.1/2,"NM Flat Gk, Barium Sulfate filled PTFE, 150 Lbs, RF as per ASME B16.5, -, Thk=1/8in, -,",C6S4K87H,1.0,6820-R2-67093-02,6820,npd_suspicious
6820-R2-67093-02_NOHD-SS01_1.pdf,OTHER THAN SHOP MATERIALS,15,10,14-FIT-68160 14-FIT-68160,,1.0,6820-R2-67093-02,6820,bad_ident
6820-R2-67093-02_NOHD-SS01_1.pdf,OTHER THAN SHOP MATERIALS,16,1.1/2,14-TE-68433 14-TE-68433 SUPPORTS 1,,1.0,6820-R2-67093-02,6820,bad_ident
6820-R2-67093-04_NOHD-SS01_0.pdf,OTHER THAN SHOP MATERIALS,6,8,14-LV-68270 14-LV-68270,,1.0,6820-R2-67093-04,6820,bad_ident
6820-R2-67095-01_EPCW-CS01_1..pdf,OTHER THAN SHOP MATERIALS,1,,"150 Lbs, RF/NPTF End, -,",,0.0,6820-R2-67095-01,6820,bad_qty
6820-R2-67099-03_NOHD-CS01_0..pdf,OTHER THAN SHOP MATERIALS,9,10X8,14-PSV-68399 14-PSV-68399,,1.0,6820-R2-67099-03,6820,bad_ident
6820-R2-67107-05_SCXL-CS02_0..pdf,OTHER THAN SHOP MATERIALS,7,1,14-FI-68159 14-FI-68159,,1.0,6820-R2-67107-05,6820,bad_ident
6820-R2-67107-06_SCXL-CS02_0..pdf,OTHER THAN SHOP MATERIALS,15,1,14-TDV-68420 14-TDV-68420,,1.0,6820-R2-67107-06,6820,bad_ident
6820-R2-67107-06_SCXL-CS02_0..pdf,OTHER THAN SHOP MATERIALS,16,1,14-PI-68639 14-PI-68639,,1.0,6820-R2-67107-06,6820,bad_ident
6820-R2-67111-01_EPCW-CS01_0.pdf,OTHER THAN SHOP MATERIALS,2,2X2,"Eq Te, ASME B16.11, ASTM A105N, 3000 Lbs, NPTF Ends, -, TYPE: INSUL THK: SHOP: FIELD: PAINT CODE: MODULE: V Per LDT Per LDT N Y Per LDT - P&ID: 202998C-001-PID-0021-0327 UNIT#: EWP AREA: SPEC: STRESS CALC #: 6800 6820 EPCW-CS01 - LINE No. 2""-R2-67111-EPCW-CS01-N Battleground DRAWING NUMBER REV. 6820-R2-67111-01 *6820-R2-67111-01*",C5PKSAD3,1.0,6820-R2-67111-01,6820,npd_suspicious
6820-R2-67111-03_EPCW-CS01_0..pdf,OTHER THAN SHOP MATERIALS,2,2X1,"Red Te, ASME B16.11, ASTM A105N, 3000 Lbs, NPTF Ends, -,",C5PKSAD8,2.0,6820-R2-67111-03,6820,npd_suspicious
6820-R2-67111-03_EPCW-CS01_0..pdf,OTHER THAN SHOP MATERIALS,3,2X1,"Eccentric swage, MSS SP-95, ASTM A234 Gr.WPB,NPTM Ends,-, -, S-XS",CJ1AY8D,2.0,6820-R2-67111-03,6820,npd_suspicious
6820-R2-67111-03_EPCW-CS01_0..pdf,OTHER THAN SHOP MATERIALS,11,1,14-PV-68353 14-PV-68353,,1.0,6820-R2-67111-03,6820,bad_ident
6820-R2-67114-02_CTWL-CS01_1.pdf,OTHER THAN SHOP MATERIALS,7,1.1/2,"Pipes, Seamless, ASME B36.10, ASTM ' A106 Gr.B Galv. as per ASTM A153, NPTM Ends, w/ coupling, -, S-XS",CPPD3S3F,0.5,6820-R2-67114-02,6820,npd_suspicious
6820-R2-67114-02_CTWL-CS01_1.pdf,OTHER THAN SHOP MATERIALS,8,1.1/2,"THD Flg, ASME B16.5, ASTM A105N Galv. as per ASTM A153, 150 Lbs, RF/NPTF End, -,",C1DR2JP,1.0,6820-R2-67114-02,6820,npd_suspicious
6820-R2-67114-02_CTWL-CS01_1.pdf,OTHER THAN SHOP MATERIALS,10,1.1/2,"NM Flat Gk, Aramid Fiber Reinforced SBR, 150 Lbs, RF as per ASME B16.5, Full Face, Thk=1/8in, -,",C76KHSS1,1.0,6820-R2-67114-02,6820,npd_suspicious
6820-R2-67114-02_CTWL-CS01_1.pdf,OTHER THAN SHOP MATERIALS,13,1.1/2,14-TI-68499 14-TI-68499,,1.0,6820-R2-67114-02,6820,bad_ident
6820-R2-67115-02_CTWL-CS01_1.pdf,OTHER THAN SHOP MATERIALS,5,1.1/2,"Pipes, Seamless, ASME B36.10, ASTM ' A106 Gr.B Galv. as per ASTM A153, NPTM Ends, w/ coupling, -, S-XS",CPPD3S3F,0.5,6820-R2-67115-02,6820,npd_suspicious
6820-R2-67115-02_CTWL-CS01_1.pdf,OTHER THAN SHOP MATERIALS,6,1.1/2,"THD Flg, ASME B16.5, ASTM A105N Galv. as per ASTM A153, 150 Lbs, RF/NPTF End, -,",C1DR2JP,1.0,6820-R2-67115-02,6820,npd_suspicious
6820-R2-67115-02_CTWL-CS01_1.pdf,OTHER THAN SHOP MATERIALS,8,1.1/2,"NM Flat Gk, Aramid Fiber Reinforced SBR, 150 Lbs, RF as per ASME B16.5, Full Face, Thk=1/8in, -,",C76KHSS1,1.0,6820-R2-67115-02,6820,npd_suspicious
6820-R2-67115-02_CTWL-CS01_1.pdf,OTHER THAN SHOP MATERIALS,11,1.1/2,14-TI-68489 14-TI-68489,,1.0,6820-R2-67115-02,6820,bad_ident
6820-R2-67119-01_SCXL-CS01_0..pdf,OTHER THAN SHOP MATERIALS,5,1.1/2,"NM Flat Gk, Barium Sulfate filled PTFE, 150 Lbs, RF as per ASME B16.5, Full Face, Thk=1/8in, -,",C7CT1ZFK,3.0,6820-R2-67119-01,6820,npd_suspicious
6820-R2-67119-01_SCXL-CS01_0..pdf,OTHER THAN SHOP MATERIALS,7,1.1/2,"Gat Flg, -, API 600, ASTM A216 Gr.WCB,150 Lbs, RF, Ends as per ASME B16.5, HO,-, Valve Tag: GA-0215",C7SNM2BC,1.0,6820-R2-67119-01,6820,npd_suspicious
6820-R2-67119-01_SCXL-CS01_0..pdf,PIPE SUPPORTS,8,1.1/2,PS433-1.5,PS433,3.0,6820-R2-67119-01,6820,npd_suspicious
6820-R2-67119-01_SCXL-CS01_0..pdf,PIPE SUPPORTS,9,1.1/2,PS709-B-9.5-15-0-10.3,PS709,1.0,6820-R2-67119-01,6820,npd_suspicious
6820-R2-67119-01_SCXL-CS01_0..pdf,PIPE SUPPORTS,10,1.1/2,PS719-B-6.4-10-4,PS719,1.0,6820-R2-67119-01,6820,npd_suspicious
6820-R2-67119-01_SCXL-CS01_0..pdf,PIPE SUPPORTS,11,1.1/2,PS201-1.5,PS201,1.0,6820-R2-67119-01,6820,npd_suspicious
6820-R2-67119-01_SCXL-CS01_0..pdf,PIPE SUPPORTS,12,1.1/2,PS719-A-18-24-12,PS719,1.0,6820-R2-67119-01,6820,npd_suspicious
6820-R2-67119-01_SCXL-CS01_0..pdf,PIPE SUPPORTS,13,1.1/2,PS221-1.5,PS221,1.0,6820-R2-67119-01,6820,npd_suspicious
6820-R2-67119-01_SCXL-CS01_0..pdf,PIPE SUPPORTS,14,1.1/2,PS713-24,PS713,1.0,6820-R2-67119-01,6820,npd_suspicious
6820-R2-67119-01_SCXL-CS01_0..pdf,PIPE SUPPORTS,15,1.1/2,PS211-1.5,PS211,1.0,6820-R2-67119-01,6820,npd_suspicious
6820-R2-67119-02_SCXL-CS01_0.pdf,PIPE SUPPORTS,4,1.1/2,PS713-21.5,PS713,1.0,6820-R2-67119-02,6820,npd_suspicious
6820-R2-67119-02_SCXL-CS01_0.pdf,PIPE SUPPORTS,5,1.1/2,PS210-1.5,PS210,1.0,6820-R2-67119-02,6820,npd_suspicious
6820-R2-67119-02_SCXL-CS01_0.pdf,PIPE SUPPORTS,6,1.1/2,PS433-1.5,PS433,1.0,6820-R2-67119-02,6820,npd_suspicious
6820-R2-67119-02_SCXL-CS01_0.pdf,PIPE SUPPORTS,7,1.1/2,PS712-1-24,PS712,1.0,6820-R2-67119-02,6820,npd_suspicious
6820-R2-67119-02_SCXL-CS01_0.pdf,PIPE SUPPORTS,8,1.1/2,PS713-24,PS713,1.0,6820-R2-67119-02,6820,npd_suspicious
6820-R2-67120-03_EPCW-CS01_1.pdf,OTHER THAN SHOP MATERIALS,6,2,"14-PI-68679 14-PI-68679 TYPE: INSUL THK: SHOP: FIELD: PAINT CODE: MODULE: V Per LDT Per LDT N Y Per LDT - P&ID: 202998C-001-PID-0021-0327 UNIT#: EWP AREA: SPEC: STRESS CALC #: 6800 6820 EPCW-CS01 - LINE No. 2""-R2-67120-EPCW-CS01-N Battleground DRAWING NUMBER REV. 6820-R2-67120-03 *6820-R2-67120-03*",,1.0,6820-R2-67120-03,6820,bad_ident
6820-R2-67121-02_CTWL-CS01_0.pdf,OTHER THAN SHOP MATERIALS,5,1.1/2,"Pipes, Seamless, ASME B36.10, ASTM ' A106 Gr.B Galv. as per ASTM A153, NPTM Ends, w/ coupling, -, S-XS",CPPD3S3F,0.5,6820-R2-67121-02,6820,npd_suspicious
6820-R2-67121-02_CTWL-CS01_0.pdf,OTHER THAN SHOP MATERIALS,7,1.1/2,"THD Flg, ASME B16.5, ASTM A105N Galv. as per ASTM A153, 150 Lbs, RF/NPTF End, -,",C1DR2JP,1.0,6820-R2-67121-02,6820,npd_suspicious
6820-R2-67121-02_CTWL-CS01_0.pdf,OTHER THAN SHOP MATERIALS,9,1.1/2,"NM Flat Gk, Aramid Fiber Reinforced SBR, 150 Lbs, RF as per ASME B16.5, Full Face, Thk=1/8in, -,",C76KHSS1,1.0,6820-R2-67121-02,6820,npd_suspicious
6820-R2-67121-02_CTWL-CS01_0.pdf,OTHER THAN SHOP MATERIALS,15,1.1/2,14-TI-68929 14-TI-68929,,1.0,6820-R2-67121-02,6820,bad_ident
6820-R2-67121-04_CTWL-CS01_0.pdf,OTHER THAN SHOP MATERIALS,1,1.1/2,"Nipple, ASTM A106 Gr.B Galv. as per ASTM A153, NPTM Ends, L = 3in, -, S-XS",C41B2D95,2.0,6820-R2-67121-04,6820,npd_suspicious
6820-R2-67121-04_CTWL-CS01_0.pdf,OTHER THAN SHOP MATERIALS,2,1.1/2,"THD Flg, ASME B16.5, ASTM A105N Galv. as per ASTM A153, 150 Lbs, RF/NPTF End, -,",C1DR2JP,1.0,6820-R2-67121-04,6820,npd_suspicious
6820-R2-67121-04_CTWL-CS01_0.pdf,OTHER THAN SHOP MATERIALS,3,1.1/2,"NM Flat Gk, Aramid Fiber Reinforced SBR, 150 Lbs, RF as per ASME B16.5, Full Face, Thk=1/8in, -,",C76KHSS1,1.0,6820-R2-67121-04,6820,npd_suspicious
6820-R2-67121-04_CTWL-CS01_0.pdf,OTHER THAN SHOP MATERIALS,5,1.1/2,"Plug Fem,RgP, Tapered Plug, Non Lubricated, API 599, ASTM A395 Gr.60-40-18, 300 Lbs, NPTF Ends, Ends as per ASME B16.11,-, LO, -, Valve Tag: PL-0545",C76N9VBH,1.0,6820-R2-67121-04,6820,npd_suspicious
6820-R2-67121-04_CTWL-CS01_0.pdf,OTHER THAN SHOP MATERIALS,6,1.1/2,"14-PI-68699 14-PI-68699 TYPE: INSUL THK: SHOP: FIELD: PAINT CODE: MODULE: L Per LDT Per LDT N Y Per LDT - P&ID: 202998C-001-PID-0021-0328 UNIT#: EWP AREA: SPEC: STRESS CALC #: 6800 6820 CTWL-CS01 CN-0402 LINE No. 1.5""-R2-67121-CTWL-CS01-N Battleground DRAWING NUMBER REV. 6820-R2-67121-04 *6820-R2-67121-04*",,1.0,6820-R2-67121-04,6820,bad_ident
6820-R2-67122-02_NOHD-NI03_0.pdf,OTHER THAN SHOP MATERIALS,16,6,14-TV-68450 14-TV-68450,,1.0,6820-R2-67122-02,6820,bad_ident
6820-R2-67125-03_NOHD-SS01_1.pdf,OTHER THAN SHOP MATERIALS,12,1.1/2,"NM Flat Gk, Barium Sulfate filled PTFE, 150 Lbs, RF as per ASME B16.5, -, Thk=1/8in, -,",C6S4K87H,1.0,6820-R2-67125-03,6820,npd_suspicious
6820-R2-67125-03_NOHD-SS01_1.pdf,OTHER THAN SHOP MATERIALS,16,1.1/2,14-TE-68450 14-TE-68450,,1.0,6820-R2-67125-03,6820,bad_ident
6820-R2-67125-04_NOHD-SS01_0..pdf,OTHER THAN SHOP MATERIALS,18,4,14-FE-68180 14-FE-68180,,1.0,6820-R2-67125-04,6820,bad_ident
6820-R2-67125-05_NOHD-SS01_1.pdf,OTHER THAN SHOP MATERIALS,9,6,14-FV-68180 14-FV-68180,,1.0,6820-R2-67125-05,6820,bad_ident
6820-R2-67126-01_EPCW-CS01_0..pdf,OTHER THAN SHOP MATERIALS,73,,,,0.0,6820-R2-67126-01,6820,bad_qty
6820-R2-67127-03_EPCL-SS01_0..pdf,OTHER THAN SHOP MATERIALS,5,6,SP-6827 SP-6827,,1.0,6820-R2-67127-03,6820,bad_ident
6820-R2-67128-04_EPCL-SS01_0..pdf,OTHER THAN SHOP MATERIALS,5,6,SP-6827 SP-6827,,1.0,6820-R2-67128-04,6820,bad_ident
6820-R2-67129-06_EPCL-SS01_1.pdf,OTHER THAN SHOP MATERIALS,7,2,14-PI-68829 14-PI-68829,,1.0,6820-R2-67129-06,6820,bad_ident
6820-R2-67130-06_EPCL-SS01_0.pdf,OTHER THAN SHOP MATERIALS,12,8,14-LV-68280 14-LV-68280,,1.0,6820-R2-67130-06,6820,bad_ident
6820-R2-67130-09_EPCL-SS01_1.pdf,OTHER THAN SHOP MATERIALS,7,2,"14-PI-68819 14-PI-68819 1 TYPE: INSUL THK: SHOP: FIELD: PAINT CODE: MODULE: L Per LDT Per LDT N Y Per LDT - P&ID: 202998C-001-PID-0021-0329 UNIT#: EWP AREA: SPEC: STRESS CALC #: 6800 6820 EPCL-SS01 CN-0404 LINE No. 2""-R2-67130-EPCL-SS01-H Battleground DRAWING NUMBER REV. 6820-R2-67130-09 *6820-R2-67130-09*",,1.0,6820-R2-67130-09,6820,bad_ident
6820-R2-67130-12_EPCL-SS01_1.pdf,OTHER THAN SHOP MATERIALS,1,,"Ends, L = 3in, -, S-80S",,0.0,6820-R2-67130-12,6820,bad_qty
6820-R2-67131-02_EPCL-SS01_1..pdf,OTHER THAN SHOP MATERIALS,2,1X1/2,SP-6805 SP-6805,,1.0,6820-R2-67131-02,6820,bad_ident
6820-R2-67131-02_EPCL-SS01_1..pdf,OTHER THAN SHOP MATERIALS,4466,,CH-0276,,0.0,6820-R2-67131-02,6820,bad_no
6820-R2-67131-04_EPCL-SS01_0..pdf,OTHER THAN SHOP MATERIALS,2,6X1,SP-6878 SP-6878,,1.0,6820-R2-67131-04,6820,bad_ident
6820-R2-67132-02_EPCL-SS01_0..pdf,OTHER THAN SHOP MATERIALS,2,1X1/2,SP-6805 SP-6805,,1.0,6820-R2-67132-02,6820,bad_ident
6820-R2-67132-04_EPCL-SS01_0..pdf,OTHER THAN SHOP MATERIALS,2,6X1,SP-6877 SP-6877,,1.0,6820-R2-67132-04,6820,bad_ident
6820-R2-67133-02_EPCL-SS01_0..pdf,OTHER THAN SHOP MATERIALS,3,1X1,"Eq Te, ASME B16.11, ASTM A182 Gr.F304L, 3000 Lbs, NPTF Ends, Annealed,",C7BP525C,2.0,6820-R2-67133-02,6820,npd_suspicious
6820-R2-67133-02_EPCL-SS01_0..pdf,OTHER THAN SHOP MATERIALS,11,1,14-AE-68090 14-AE-68090,,1.0,6820-R2-67133-02,6820,bad_ident
6820-R2-67134-02_EPCL-SS01_1..pdf,OTHER THAN SHOP MATERIALS,1,1X1/2,SP-6805 SP-6805,,1.0,6820-R2-67134-02,6820,bad_ident
6820-R2-67134-02_EPCL-SS01_1..pdf,OTHER THAN SHOP MATERIALS,1,,,,0.0,6820-R2-67134-02,6820,bad_qty
6820-R2-67134-03_EPCL-SS01_0..pdf,OTHER THAN SHOP MATERIALS,6,1,14-FI-68119 14-FI-68119,,1.0,6820-R2-67134-03,6820,bad_ident
6820-R2-67134-04_EPCL-SS01_1.pdf,PIPE SUPPORTS,1,,,,0.0,6820-R2-67134-04,6820,bad_qty
6820-R2-67134-05_EPCL-SS01_0.pdf,OTHER THAN SHOP MATERIALS,4,PIPE,SUPPORTS,,0.0,6820-R2-67134-05,6820,bad_qty
6820-R2-67137-02_CTWL-CS01_1..pdf,OTHER THAN SHOP MATERIALS,9,3,SP-6840 SP-6840,,1.0,6820-R2-67137-02,6820,bad_ident
6820-R2-67138-02_CTWL-CS01_1..pdf,OTHER THAN SHOP MATERIALS,9,3,SP-6840 SP-6840,,1.0,6820-R2-67138-02,6820,bad_ident
6820-R2-67139-05_CTWL-CS01_0.pdf,OTHER THAN SHOP MATERIALS,1,1.1/2,"Nipple, ASTM A106 Gr.B Galv. as per ASTM A153, NPTM Ends, L = 6in, -, S-XS",C41B2D92,1.0,6820-R2-67139-05,6820,npd_suspicious
6820-R2-67139-05_CTWL-CS01_0.pdf,OTHER THAN SHOP MATERIALS,2,1.1/2,"THD Flg, ASME B16.5, ASTM A105N Galv. as per ASTM A153, 150 Lbs, RF/NPTF End, -,",C1DR2JP,1.0,6820-R2-67139-05,6820,npd_suspicious
6820-R2-67139-05_CTWL-CS01_0.pdf,OTHER THAN SHOP MATERIALS,3,1.1/2,"NM Flat Gk, Aramid Fiber Reinforced SBR, 150 Lbs, RF as per ASME B16.5, Full Face, Thk=1/8in, -,",C76KHSS1,2.0,6820-R2-67139-05,6820,npd_suspicious
6820-R2-67139-05_CTWL-CS01_0.pdf,OTHER THAN SHOP MATERIALS,6,1.1/2,"Plug Flg,SP, Inverted Tapered Plug, Non Lubricated, API 599, ASTM A395 Gr.60-40-18, 150 Lbs, RF, Ends as per ASME B16.5, -, LO,-, -, Valve Tag: PL-0546",C76RJXHW,1.0,6820-R2-67139-05,6820,npd_suspicious
6820-R2-67139-05_CTWL-CS01_0.pdf,OTHER THAN SHOP MATERIALS,7,1.1/2,"14-PI-68849 14-PI-68849 TYPE: INSUL THK: SHOP: FIELD: PAINT CODE: MODULE: L Per LDT Per LDT N Y Per LDT - P&ID: 202998C-001-PID-0021-0330 UNIT#: EWP AREA: SPEC: STRESS CALC #: 6800 6820 CTWL-CS01 CN-0406 LINE No. 1.5""-R2-67139-CTWL-CS01-N Battleground DRAWING NUMBER REV. 6820-R2-67139-05 *6820-R2-67139-05*",,1.0,6820-R2-67139-05,6820,bad_ident
6820-R2-67140-09_CTWL-CS01_0.pdf,OTHER THAN SHOP MATERIALS,1,1.1/2,"Nipple, ASTM A106 Gr.B Galv. as per ASTM A153, NPTM Ends, L = 6in, -, S-XS",C41B2D92,1.0,6820-R2-67140-09,6820,npd_suspicious
6820-R2-67140-09_CTWL-CS01_0.pdf,OTHER THAN SHOP MATERIALS,2,1.1/2,"THD Flg, ASME B16.5, ASTM A105N Galv. as per ASTM A153, 150 Lbs, RF/NPTF End, -,",C1DR2JP,1.0,6820-R2-67140-09,6820,npd_suspicious
6820-R2-67140-09_CTWL-CS01_0.pdf,OTHER THAN SHOP MATERIALS,3,1.1/2,"NM Flat Gk, Aramid Fiber Reinforced SBR, 150 Lbs, RF as per ASME B16.5, Full Face, Thk=1/8in, -,",C76KHSS1,2.0,6820-R2-67140-09,6820,npd_suspicious
6820-R2-67140-09_CTWL-CS01_0.pdf,OTHER THAN SHOP MATERIALS,6,1.1/2,"Plug Flg,SP, Inverted Tapered Plug, Non Lubricated, API 599, ASTM A395 Gr.60-40-18, 150 Lbs, RF, Ends as per ASME B16.5, -, LO,-, -, Valve Tag: PL-0546",C76RJXHW,1.0,6820-R2-67140-09,6820,npd_suspicious
6820-R2-67140-09_CTWL-CS01_0.pdf,OTHER THAN SHOP MATERIALS,7,1.1/2,"14-PI-68839 14-PI-68839 TYPE: INSUL THK: SHOP: FIELD: PAINT CODE: MODULE: L Per LDT Per LDT N Y Per LDT - P&ID: 202998C-001-PID-0021-0330 UNIT#: EWP AREA: SPEC: STRESS CALC #: 6800 6820 CTWL-CS01 CN-0406 LINE No. 1.5""-R2-67140-CTWL-CS01-N Battleground DRAWING NUMBER REV. 6820-R2-67140-09 *6820-R2-67140-09*",,1.0,6820-R2-67140-09,6820,bad_ident
6820-R2-67141-01_EPCL-SS01_1.pdf,OTHER THAN SHOP MATERIALS,1,,,,0.0,6820-R2-67141-01,6820,bad_qty
6820-R2-67141-03_EPCL-SS01_0..pdf,OTHER THAN SHOP MATERIALS,2,2X1,"Red Te, ASME B16.11, ASTM A182 Gr.F304L, 3000 Lbs, NPTF Ends, Annealed,",C7BP5GZ7,1.0,6820-R2-67141-03,6820,npd_suspicious
6820-R2-67141-03_EPCL-SS01_0..pdf,OTHER THAN SHOP MATERIALS,3,2X1,"Eccentric swage, MSS SP-95, ASTM A403 Gr.WP304L,NPTM Ends,-, Annealed, S-80S",C7BP5N1K,1.0,6820-R2-67141-03,6820,npd_suspicious
6820-R2-67143-01_NOHD-SS01_0..pdf,OTHER THAN SHOP MATERIALS,50,,"Gr.2H, -, Xylan PTFE Coated, - 5.75 in. Length",,0.0,6820-R2-67143-01,6820,bad_qty
6820-R2-67143-01_NOHD-SS01_0..pdf,OTHER THAN SHOP MATERIALS,10,2,14-PIT-68353 14-PIT-68353,,1.0,6820-R2-67143-01,6820,bad_ident
6820-R2-67143-02_NOHD-SS01_0..pdf,OTHER THAN SHOP MATERIALS,5,1.1/2,"NM Flat Gk, Barium Sulfate filled PTFE, 150 Lbs, RF as per ASME B16.5, -, Thk=1/8in, -,",C6S4K87H,2.0,6820-R2-67143-02,6820,npd_suspicious
6820-R2-67143-02_NOHD-SS01_0..pdf,OTHER THAN SHOP MATERIALS,7,1.1/2,"Plug Flg,SP, Tapered Plug, Non Lubricated, API 599, ASTM A351 Gr.CF8M, 150 Lbs, RF, Ends as per ASME B16.5, -, LO,-, -, Valve Tag: PL-0548",C76KHSRS,1.0,6820-R2-67143-02,6820,npd_suspicious
6820-R2-67146-02_EPCL-SS01_0..pdf,OTHER THAN SHOP MATERIALS,13,2,14-PIT-68370A 14-PIT-68370A,,1.0,6820-R2-67146-02,6820,bad_ident
6820-R2-67146-02_EPCL-SS01_0..pdf,OTHER THAN SHOP MATERIALS,14,2,14-PIT-68370B 14-PIT-68370B,,1.0,6820-R2-67146-02,6820,bad_ident
6820-R2-67147-01_EPCL-SS01_0..pdf,OTHER THAN SHOP MATERIALS,2,1X1,"Eq Te, ASME B16.11, ASTM A182 Gr.F304L, 3000 Lbs, NPTF Ends, Annealed,",C7BP525C,1.0,6820-R2-67147-01,6820,npd_suspicious
6820-R2-67147-01_EPCL-SS01_0..pdf,OTHER THAN SHOP MATERIALS,3,1X3/4,"Concentric swage, MSS SP-95, ASTM A403 Gr.WP304L,NPTM Ends,-, Annealed, S-80S",C7BP5XKV,1.0,6820-R2-67147-01,6820,npd_suspicious
6820-R2-67148-03_EPCL-SS01_0..pdf,OTHER THAN SHOP MATERIALS,3,1X1,"Eq Te, ASME B16.11, ASTM A182 Gr.F304L, 3000 Lbs, NPTF Ends, Annealed,",C7BP525C,1.0,6820-R2-67148-03,6820,npd_suspicious
6820-R2-67148-03_EPCL-SS01_0..pdf,OTHER THAN SHOP MATERIALS,4,1X3/4,"Concentric swage, MSS SP-95, ASTM A403 Gr.WP304L,NPTM Ends,-, Annealed, S-80S",C7BP5XKV,1.0,6820-R2-67148-03,6820,npd_suspicious
6820-R2-67148-03_EPCL-SS01_0..pdf,OTHER THAN SHOP MATERIALS,2,,,,0.0,6820-R2-67148-03,6820,bad_qty
6820-R2-67149-02_EPCL-SS01_0..pdf,OTHER THAN SHOP MATERIALS,660,,"B36.19/B36.10, ASTM A312 Gr.TP304L, NPTM Ends, w/ coupling, -, S-80S",,0.0,6820-R2-67149-02,6820,bad_no
6820-R2-67149-03_EPCL-SS01_0..pdf,OTHER THAN SHOP MATERIALS,3,1X1,"Eq Te, ASME B16.11, ASTM A182 Gr.F304L, 3000 Lbs, NPTF Ends, Annealed,",C7BP525C,1.0,6820-R2-67149-03,6820,npd_suspicious
6820-R2-67149-03_EPCL-SS01_0..pdf,OTHER THAN SHOP MATERIALS,4,1X3/4,"Concentric swage, MSS SP-95, ASTM A403 Gr.WP304L,NPTM Ends,-, Annealed, S-80S",C7BP5XKV,1.0,6820-R2-67149-03,6820,npd_suspicious
6820-R2-67150-02_EPCL-SS01_0..pdf,OTHER THAN SHOP MATERIALS,2,1X1,"Eq Te, ASME B16.11, ASTM A182 Gr.F304L, 3000 Lbs, NPTF Ends, Annealed,",C7BP525C,1.0,6820-R2-67150-02,6820,npd_suspicious
6820-R2-67150-02_EPCL-SS01_0..pdf,OTHER THAN SHOP MATERIALS,3,1X3/4,"Concentric swage, MSS SP-95, ASTM A403 Gr.WP304L,NPTM Ends,-, Annealed, S-80S",C7BP5XKV,1.0,6820-R2-67150-02,6820,npd_suspicious
6820-R2-67151-02_EPCL-SS01_0..pdf,OTHER THAN SHOP MATERIALS,2,1X1,"Eq Te, ASME B16.11, ASTM A182 Gr.F304L, 3000 Lbs, NPTF Ends, Annealed,",C7BP525C,1.0,6820-R2-67151-02,6820,npd_suspicious
6820-R2-67151-02_EPCL-SS01_0..pdf,OTHER THAN SHOP MATERIALS,3,1X3/4,"Concentric swage, MSS SP-95, ASTM A403 Gr.WP304L,NPTM Ends,-, Annealed, S-80S",C7BP5XKV,1.0,6820-R2-67151-02,6820,npd_suspicious
6820-R2-67154-02_EPCL-SS01_0..pdf,OTHER THAN SHOP MATERIALS,2,1X1,"Eq Te, ASME B16.11, ASTM A182 Gr.F304L, 3000 Lbs, NPTF Ends, Annealed,",C7BP525C,1.0,6820-R2-67154-02,6820,npd_suspicious
6820-R2-67154-02_EPCL-SS01_0..pdf,OTHER THAN SHOP MATERIALS,3,1X3/4,"Concentric swage, MSS SP-95, ASTM A403 Gr.WP304L,NPTM Ends,-, Annealed, S-80S",C7BP5XKV,1.0,6820-R2-67154-02,6820,npd_suspicious
6820-R2-67155-02_EPCL-SS01_0..pdf,OTHER THAN SHOP MATERIALS,2,1X1,"Eq Te, ASME B16.11, ASTM A182 Gr.F304L, 3000 Lbs, NPTF Ends, Annealed,",C7BP525C,1.0,6820-R2-67155-02,6820,npd_suspicious
6820-R2-67155-02_EPCL-SS01_0..pdf,OTHER THAN SHOP MATERIALS,3,1X3/4,"Concentric swage, MSS SP-95, ASTM A403 Gr.WP304L,NPTM Ends,-, Annealed, S-80S",C7BP5XKV,1.0,6820-R2-67155-02,6820,npd_suspicious
6820-R2-67160-03_CTWL-CS01_1.pdf,OTHER THAN SHOP MATERIALS,7,1.1/2,"SBlt 2 HHx N, A193 Gr.B7/A194 Gr.2H, -, Xylan PTFE Coated, - 11.25 in. Length",C6S4K8KS,64.0,6820-R2-67160-03,6820,npd_suspicious
6820-R2-67161-01_CTWL-CS01_1.pdf,OTHER THAN SHOP MATERIALS,990,,,,0.0,6820-R2-67161-01,6820,bad_no
6820-R2-67161-01_CTWL-CS01_1.pdf,OTHER THAN SHOP MATERIALS,1,,"Gr.2H, -, Xylan PTFE Coated, - 3.75 in. Length",,0.0,6820-R2-67161-01,6820,bad_qty
6820-R2-67161-04_CTWL-CS01_0.pdf,OTHER THAN SHOP MATERIALS,2,1.1/2,"Pipes, Seamless, ASME B36.10, ASTM ' A106 Gr.B Galv. as per ASTM A153, NPTM Ends, w/ coupling, -, S-XS",CPPD3S3F,5.7,6820-R2-67161-04,6820,npd_suspicious
6820-R2-67161-04_CTWL-CS01_0.pdf,OTHER THAN SHOP MATERIALS,3,1.1/2,"90° Elb, ASME B16.11, ASTM A105N Galv. as per ASTM A153, 3000 Lbs, NPTF Ends, -,",C1DMWEM,2.0,6820-R2-67161-04,6820,npd_suspicious
6820-R2-67161-04_CTWL-CS01_0.pdf,OTHER THAN SHOP MATERIALS,4,1.1/2,"Full Coup, ASME B16.11, ASTM A105N Galv. as per ASTM A153, 3000 Lbs, NPTF Ends, -,",CZ2LEZG,1.0,6820-R2-67161-04,6820,npd_suspicious
6820-R2-67161-04_CTWL-CS01_0.pdf,OTHER THAN SHOP MATERIALS,5,1.1/2,"THD Flg, ASME B16.5, ASTM A105N Galv. as per ASTM A153, 150 Lbs, RF/NPTF End, -,",C1DR2JP,1.0,6820-R2-67161-04,6820,npd_suspicious
6820-R2-67161-04_CTWL-CS01_0.pdf,OTHER THAN SHOP MATERIALS,6,1.1/2,"NM Flat Gk, Aramid Fiber Reinforced SBR, 150 Lbs, RF as per ASME B16.5, Full Face, Thk=1/8in, -,",C76KHSS1,1.0,6820-R2-67161-04,6820,npd_suspicious
6820-R2-67164-01_CTWL-CS01_1..pdf,OTHER THAN SHOP MATERIALS,6,1.1/2,"SBlt 2 HHx N, A193 Gr.B7/A194 Gr.2H, -, Xylan PTFE Coated, - 18.75 in. Length",C6S4K8LH,32.0,6820-R2-67164-01,6820,npd_suspicious
6820-R2-67164-02_CTWL-CS01_2.pdf,OTHER THAN SHOP MATERIALS,2,,"per ASTM A153, NPTM Ends, L = 6in, -, S-XS",,0.0,6820-R2-67164-02,6820,bad_qty
6820-R2-67164-02_CTWL-CS01_2.pdf,OTHER THAN SHOP MATERIALS,8,36,SP-6854 SP-6854,,1.0,6820-R2-67164-02,6820,bad_ident
6820-R2-67164-02_CTWL-CS01_2.pdf,OTHER THAN SHOP MATERIALS,16,36,14-FE-68170 14-FE-68170,,1.0,6820-R2-67164-02,6820,bad_ident
6820-R2-67164-03_CTWL-CS01_1.pdf,OTHER THAN SHOP MATERIALS,6,1.1/2,"Pipes, Seamless, ASME B36.10, ASTM ' A106 Gr.B Galv. as per ASTM A153, NPTM Ends, w/ coupling, -, S-XS",CPPD3S3F,0.5,6820-R2-67164-03,6820,npd_suspicious
6820-R2-67164-03_CTWL-CS01_1.pdf,OTHER THAN SHOP MATERIALS,7,1.1/2,"THD Flg, ASME B16.5, ASTM A105N Galv. as per ASTM A153, 150 Lbs, RF/NPTF End, -,",C1DR2JP,1.0,6820-R2-67164-03,6820,npd_suspicious
6820-R2-67164-03_CTWL-CS01_1.pdf,OTHER THAN SHOP MATERIALS,9,1.1/2,"NM Flat Gk, Aramid Fiber Reinforced SBR, 150 Lbs, RF as per ASME B16.5, Full Face, Thk=1/8in, -,",C76KHSS1,1.0,6820-R2-67164-03,6820,npd_suspicious
6820-R2-67164-03_CTWL-CS01_1.pdf,OTHER THAN SHOP MATERIALS,10,1.1/2,"SBlt 2 HHx N, A193 Gr.B7/A194 Gr.2H, -, Xylan PTFE Coated, - 18.75 in. Length",C6S4K8LH,32.0,6820-R2-67164-03,6820,npd_suspicious
6820-R2-67164-03_CTWL-CS01_1.pdf,OTHER THAN SHOP MATERIALS,12,1.1/2,14-TI-68709 14-TI-68709,,1.0,6820-R2-67164-03,6820,bad_ident
6820-R2-67164-04_CTWL-CS01_1..pdf,OTHER THAN SHOP MATERIALS,8,1.1/2,"SBlt 2 HHx N, A193 Gr.B7/A194 Gr.2H, -, Xylan PTFE Coated, - 11.25 in. Length",C6S4K8KS,32.0,6820-R2-67164-04,6820,npd_suspicious
6820-R2-67165-03_POWL-XX01_1.pdf,OTHER THAN SHOP MATERIALS,2,1.1/2,"Pipes, Seamless, ASME B36.10, ASTM ' A106 Gr.B Galv. as per ASTM A153, NPTM Ends, w/ coupling, NSF-61 Cert, S-XS",C76SD255,0.9,6820-R2-67165-03,6820,npd_suspicious
6820-R2-67165-03_POWL-XX01_1.pdf,OTHER THAN SHOP MATERIALS,4,2X1.1/2,"Red Te, ASME B16.3, ASTM A197 Galv. as per ASTM A153, 150 Lbs, NPTF Ends, NSF-61 Cert.,",C76SDEMP,1.0,6820-R2-67165-03,6820,npd_suspicious
6820-R2-67165-03_POWL-XX01_1.pdf,OTHER THAN SHOP MATERIALS,5,2X1,SP-6831 SP-6831,,1.0,6820-R2-67165-03,6820,bad_ident
6820-R2-67165-03_POWL-XX01_1.pdf,OTHER THAN SHOP MATERIALS,7,1.1/2X1/2,"Red Coup, ASME B16.3, ASTM A197 Galv. as per ASTM A153, 150 Lbs, NPTF Ends, NSF-61 Cert.,",C76SDENF,1.0,6820-R2-67165-03,6820,npd_suspicious
6820-R2-67165-03_POWL-XX01_1.pdf,OTHER THAN SHOP MATERIALS,9,1.1/2,"Bal Fem,FB, MSS SP-110, ASTM A351 Gr.CF8M,1000 PSI CWP, NPTF Ends, LO,NSF-61 Cert, Valve Tag: BA-1196",C9AYWETH,1.0,6820-R2-67165-03,6820,npd_suspicious
6820-R2-67165-03_POWL-XX01_1.pdf,OTHER THAN SHOP MATERIALS,11,1/2,PIT-68300 PIT-68300,,1.0,6820-R2-67165-03,6820,bad_ident
6820-R2-67165-04_POWL-XX01_0.pdf,OTHER THAN SHOP MATERIALS,2,2X2,"Eq Te, ASME B16.3, ASTM A197 Galv. as per ASTM A153, 150 Lbs, NPTF Ends, NSF-61 Cert.,",C76SD2FR,1.0,6820-R2-67165-04,6820,npd_suspicious
6820-R2-67165-04_POWL-XX01_0.pdf,OTHER THAN SHOP MATERIALS,3,2X1.1/2,"Red Coup, ASME B16.3, ASTM A197 Galv. as per ASTM A153, 150 Lbs, NPTF Ends, NSF-61 Cert.,",C76SDENM,1.0,6820-R2-67165-04,6820,npd_suspicious
6820-R2-67165-05_POWL-XX01_0.pdf,OTHER THAN SHOP MATERIALS,2,2X1.1/2,"Red Te, ASME B16.3, ASTM A197 Galv. as per ASTM A153, 150 Lbs, NPTF Ends, NSF-61 Cert.,",C76SDEMP,2.0,6820-R2-67165-05,6820,npd_suspicious
6820-R2-67165-06_POWL-XX01_0.pdf,OTHER THAN SHOP MATERIALS,2,2X1.1/2,"Red Te, ASME B16.3, ASTM A197 Galv. as per ASTM A153, 150 Lbs, NPTF Ends, NSF-61 Cert.,",C76SDEMP,1.0,6820-R2-67165-06,6820,npd_suspicious
6820-R2-67168-01_POWL-XX01_0.pdf,OTHER THAN SHOP MATERIALS,1,1.1/2,"Pipes, Seamless, ASME B36.10, ASTM ' A106 Gr.B Galv. as per ASTM A153, NPTM Ends, w/ coupling, NSF-61 Cert, S-XS",C76SD255,23.6,6820-R2-67168-01,6820,npd_suspicious
6820-R2-67168-01_POWL-XX01_0.pdf,OTHER THAN SHOP MATERIALS,2,1.1/2,"Full Coup, ASME B16.3, ASTM A197 Galv. as per ASTM A153, 150 Lbs, NPTF Ends, NSF-61 Cert.,",C76SDEMA,1.0,6820-R2-67168-01,6820,npd_suspicious
6820-R2-67168-01_POWL-XX01_0.pdf,OTHER THAN SHOP MATERIALS,3,1.1/2,"Union, ASME B16.39, ASTM A197 Galv. as per ASTM A153, 150 Lbs, NPTF Ends, NSF-61 Cert.,",C76SDEN4,1.0,6820-R2-67168-01,6820,npd_suspicious
6820-R2-67168-01_POWL-XX01_0.pdf,OTHER THAN SHOP MATERIALS,4,1.1/2,"90° Elb, ASME B16.3, ASTM A197 Galv. as per ASTM A153, 150 Lbs, NPTF Ends, NSF-61 Cert.,",C76SDEP7,4.0,6820-R2-67168-01,6820,npd_suspicious
6820-R2-67168-01_POWL-XX01_0.pdf,OTHER THAN SHOP MATERIALS,5,1.1/2,"Bal Fem,FB, MSS SP-110, ASTM A351 Gr.CF8M,1000 PSI CWP, NPTF Ends, LO,NSF-61 Cert, Valve Tag: BA-1196",C9AYWETH,1.0,6820-R2-67168-01,6820,npd_suspicious
6820-R2-67168-01_POWL-XX01_0.pdf,PIPE SUPPORTS,6,1.1/2,PS433-1.5,PS433,2.0,6820-R2-67168-01,6820,npd_suspicious
6820-R2-67168-01_POWL-XX01_0.pdf,PIPE SUPPORTS,7,1.1/2,PS201-1.5,PS201,2.0,6820-R2-67168-01,6820,npd_suspicious
6820-R2-67168-01_POWL-XX01_0.pdf,PIPE SUPPORTS,8,1.1/2,"PS718-A-9.84-12.50 TYPE: INSUL THK: SHOP: FIELD: PAINT CODE: MODULE: L Per LDT Per LDT N Y Per LDT - P&ID: 202998C-001-PID-0021-0334 UNIT#: EWP AREA: SPEC: STRESS CALC #: 6800 6820 POWL-XX01 - LINE No. 1.5""-R2-67168-POWL-XX01-N Battleground DRAWING NUMBER REV. 6820-R2-67168-01 *6820-R2-67168-01*",PS718,2.0,6820-R2-67168-01,6820,npd_suspicious
6820-R2-67169-01_POWL-XX01_0.pdf,OTHER THAN SHOP MATERIALS,1,1.1/2,"Pipes, Seamless, ASME B36.10, ASTM ' A106 Gr.B Galv. as per ASTM A153, NPTM Ends, w/ coupling, NSF-61 Cert, S-XS",C76SD255,7.4,6820-R2-67169-01,6820,npd_suspicious
6820-R2-67169-01_POWL-XX01_0.pdf,OTHER THAN SHOP MATERIALS,2,1.1/2,"90° Elb, ASME B16.3, ASTM A197 Galv. as per ASTM A153, 150 Lbs, NPTF Ends, NSF-61 Cert.,",C76SDEP7,2.0,6820-R2-67169-01,6820,npd_suspicious
6820-R2-67169-01_POWL-XX01_0.pdf,OTHER THAN SHOP MATERIALS,3,1.1/2,"Union, ASME B16.39, ASTM A197 Galv. as per ASTM A153, 150 Lbs, NPTF Ends, NSF-61 Cert.,",C76SDEN4,1.0,6820-R2-67169-01,6820,npd_suspicious
6820-R2-67169-01_POWL-XX01_0.pdf,PIPE SUPPORTS,4,1.1/2,PS201-1.5,PS201,1.0,6820-R2-67169-01,6820,npd_suspicious
6820-R2-67169-01_POWL-XX01_0.pdf,PIPE SUPPORTS,5,1.1/2,PS709-A-15.55-10,PS709,1.0,6820-R2-67169-01,6820,npd_suspicious
6820-R2-67169-01_POWL-XX01_0.pdf,PIPE SUPPORTS,6,1.1/2,"PS433-1.5 TYPE: INSUL THK: SHOP: FIELD: PAINT CODE: MODULE: L Per LDT Per LDT N Y Per LDT - P&ID: 202998C-001-PID-0021-0334 UNIT#: EWP AREA: SPEC: STRESS CALC #: 6800 6820 POWL-XX01 - LINE No. 1.5""-R2-67169-POWL-XX01-N Battleground DRAWING NUMBER REV. 6820-R2-67169-01 *6820-R2-67169-01*",PS433,1.0,6820-R2-67169-01,6820,npd_suspicious
6820-R2-67170-01_POWL-XX01_0.pdf,OTHER THAN SHOP MATERIALS,1,1.1/2,"Pipes, Seamless, ASME B36.10, ASTM ' A106 Gr.B Galv. as per ASTM A153, NPTM Ends, w/ coupling, NSF-61 Cert, S-XS",C76SD255,15.6,6820-R2-67170-01,6820,npd_suspicious
6820-R2-67170-01_POWL-XX01_0.pdf,OTHER THAN SHOP MATERIALS,2,1.1/2,"90° Elb, ASME B16.3, ASTM A197 Galv. as per ASTM A153, 150 Lbs, NPTF Ends, NSF-61 Cert.,",C76SDEP7,3.0,6820-R2-67170-01,6820,npd_suspicious
6820-R2-67170-01_POWL-XX01_0.pdf,PIPE SUPPORTS,3,1.1/2,PS211-1.5,PS211,1.0,6820-R2-67170-01,6820,npd_suspicious
6820-R2-67170-01_POWL-XX01_0.pdf,PIPE SUPPORTS,4,1.1/2,"PS718-40.24-12.62 TYPE: INSUL THK: SHOP: FIELD: PAINT CODE: MODULE: L Per LDT Per LDT N Y Per LDT - P&ID: 202998C-001-PID-0021-0334 UNIT#: EWP AREA: SPEC: STRESS CALC #: 6800 6820 POWL-XX01 - LINE No. 1.5""-R2-67170-POWL-XX01-N Battleground DRAWING NUMBER REV. 6820-R2-67170-01 *6820-R2-67170-01*",PS718,1.0,6820-R2-67170-01,6820,npd_suspicious
6820-R2-67170-02_POWL-XX01_0.pdf,OTHER THAN SHOP MATERIALS,1,1.1/2,"Pipes, Seamless, ASME B36.10, ASTM ' A106 Gr.B Galv. as per ASTM A153, NPTM Ends, w/ coupling, NSF-61 Cert, S-XS",C76SD255,3.8,6820-R2-67170-02,6820,npd_suspicious
6820-R2-67170-02_POWL-XX01_0.pdf,OTHER THAN SHOP MATERIALS,2,1.1/2,"Full Coup, ASME B16.3, ASTM A197 Galv. as per ASTM A153, 150 Lbs, NPTF Ends, NSF-61 Cert.,",C76SDEMA,1.0,6820-R2-67170-02,6820,npd_suspicious
6820-R2-67170-02_POWL-XX01_0.pdf,OTHER THAN SHOP MATERIALS,3,1.1/2,"Union, ASME B16.39, ASTM A197 Galv. as per ASTM A153, 150 Lbs, NPTF Ends, NSF-61 Cert.,",C76SDEN4,1.0,6820-R2-67170-02,6820,npd_suspicious
6820-R2-67170-02_POWL-XX01_0.pdf,OTHER THAN SHOP MATERIALS,4,1.1/2,"90° Elb, ASME B16.3, ASTM A197 Galv. as per ASTM A153, 150 Lbs, NPTF Ends, NSF-61 Cert.,",C76SDEP7,1.0,6820-R2-67170-02,6820,npd_suspicious
6820-R2-67170-02_POWL-XX01_0.pdf,OTHER THAN SHOP MATERIALS,5,1.1/2,"Bal Fem,FB, MSS SP-110, ASTM A351 Gr.CF8M,1000 PSI CWP, NPTF Ends, LO,NSF-61 Cert, Valve Tag: BA-1196 TYPE: INSUL THK: SHOP: FIELD: PAINT CODE: MODULE: L Per LDT Per LDT N Y Per LDT - P&ID: 202998C-001-PID-0021-0334 UNIT#: EWP AREA: SPEC: STRESS CALC #: 6800 6820 POWL-XX01 - LINE No. 1.5""-R2-67170-POWL-XX01-N Battleground DRAWING NUMBER REV. 6820-R2-67170-02 *6820-R2-67170-02*",C9AYWETH,1.0,6820-R2-67170-02,6820,npd_suspicious
6820-R2-67171-01_POWL-XX01_0.pdf,OTHER THAN SHOP MATERIALS,1,1.1/2,"Pipes, Seamless, ASME B36.10, ASTM ' A106 Gr.B Galv. as per ASTM A153, NPTM Ends, w/ coupling, NSF-61 Cert, S-XS",C76SD255,20.2,6820-R2-67171-01,6820,npd_suspicious
6820-R2-67171-01_POWL-XX01_0.pdf,OTHER THAN SHOP MATERIALS,2,1.1/2,"90° Elb, ASME B16.3, ASTM A197 Galv. as per ASTM A153, 150 Lbs, NPTF Ends, NSF-61 Cert.,",C76SDEP7,4.0,6820-R2-67171-01,6820,npd_suspicious
6820-R2-67171-01_POWL-XX01_0.pdf,OTHER THAN SHOP MATERIALS,3,1.1/2,"Union, ASME B16.39, ASTM A197 Galv. as per ASTM A153, 150 Lbs, NPTF Ends, NSF-61 Cert.,",C76SDEN4,1.0,6820-R2-67171-01,6820,npd_suspicious
6820-R2-67171-01_POWL-XX01_0.pdf,PIPE SUPPORTS,4,1.1/2,PS713-D-9,PS713,1.0,6820-R2-67171-01,6820,npd_suspicious
6820-R2-67171-01_POWL-XX01_0.pdf,PIPE SUPPORTS,5,1.1/2,PS210-1.5,PS210,1.0,6820-R2-67171-01,6820,npd_suspicious
6820-R2-67171-01_POWL-XX01_0.pdf,PIPE SUPPORTS,6,1.1/2,PS433-1.5,PS433,2.0,6820-R2-67171-01,6820,npd_suspicious
6820-R2-67171-01_POWL-XX01_0.pdf,PIPE SUPPORTS,7,1.1/2,PS719-H-19.18-8-/,PS719,1.0,6820-R2-67171-01,6820,npd_suspicious
6820-R2-67171-01_POWL-XX01_0.pdf,PIPE SUPPORTS,8,1.1/2,PS201-1.5,PS201,2.0,6820-R2-67171-01,6820,npd_suspicious
6820-R2-67171-01_POWL-XX01_0.pdf,PIPE SUPPORTS,9,1.1/2,"PS719-H-16.88-8-/ TYPE: INSUL THK: SHOP: FIELD: PAINT CODE: MODULE: L Per LDT Per LDT N Y Per LDT - P&ID: 202998C-001-PID-0021-0334 UNIT#: EWP AREA: SPEC: STRESS CALC #: 6800 6820 POWL-XX01 - LINE No. 1.5""-R2-67171-POWL-XX01-N Battleground DRAWING NUMBER REV. 6820-R2-67171-01 *6820-R2-67171-01*",PS719,1.0,6820-R2-67171-01,6820,npd_suspicious
6820-R2-67171-02_POWL-XX01_0.pdf,OTHER THAN SHOP MATERIALS,1,1.1/2,"Pipes, Seamless, ASME B36.10, ASTM ' A106 Gr.B Galv. as per ASTM A153, NPTM Ends, w/ coupling, NSF-61 Cert, S-XS",C76SD255,30.7,6820-R2-67171-02,6820,npd_suspicious
6820-R2-67171-02_POWL-XX01_0.pdf,OTHER THAN SHOP MATERIALS,2,1.1/2,"90° Elb, ASME B16.3, ASTM A197 Galv. as per ASTM A153, 150 Lbs, NPTF Ends, NSF-61 Cert.,",C76SDEP7,4.0,6820-R2-67171-02,6820,npd_suspicious
6820-R2-67171-02_POWL-XX01_0.pdf,PIPE SUPPORTS,3,1.1/2,PS712-D-32.93,PS712,1.0,6820-R2-67171-02,6820,npd_suspicious
6820-R2-67171-02_POWL-XX01_0.pdf,PIPE SUPPORTS,4,1.1/2,PS221-1.5,PS221,1.0,6820-R2-67171-02,6820,npd_suspicious
6820-R2-67171-02_POWL-XX01_0.pdf,PIPE SUPPORTS,5,1.1/2,PS210-1.5,PS210,1.0,6820-R2-67171-02,6820,npd_suspicious
6820-R2-67171-02_POWL-XX01_0.pdf,PIPE SUPPORTS,6,1.1/2,PS719-H-19.18-7-/,PS719,2.0,6820-R2-67171-02,6820,npd_suspicious
6820-R2-67171-02_POWL-XX01_0.pdf,PIPE SUPPORTS,7,1.1/2,PS201-1.5,PS201,3.0,6820-R2-67171-02,6820,npd_suspicious
6820-R2-67171-02_POWL-XX01_0.pdf,PIPE SUPPORTS,8,1.1/2,PS433-1.5,PS433,3.0,6820-R2-67171-02,6820,npd_suspicious
6820-R2-67171-02_POWL-XX01_0.pdf,PIPE SUPPORTS,9,1.1/2,"PS719-H-19.17-7-/ TYPE: INSUL THK: SHOP: FIELD: PAINT CODE: MODULE: L Per LDT Per LDT N Y Per LDT - P&ID: 202998C-001-PID-0021-0334 UNIT#: EWP AREA: SPEC: STRESS CALC #: 6800 6820 POWL-XX01 - LINE No. 1.5""-R2-67171-POWL-XX01-N Battleground DRAWING NUMBER REV. 6820-R2-67171-02 *6820-R2-67171-02*",PS719,1.0,6820-R2-67171-02,6820,npd_suspicious
6820-R2-67171-03_POWL-XX01_0.pdf,OTHER THAN SHOP MATERIALS,1,1.1/2,"Pipes, Seamless, ASME B36.10, ASTM ' A106 Gr.B Galv. as per ASTM A153, NPTM Ends, w/ coupling, NSF-61 Cert, S-XS",C76SD255,17.8,6820-R2-67171-03,6820,npd_suspicious
6820-R2-67171-03_POWL-XX01_0.pdf,OTHER THAN SHOP MATERIALS,2,1.1/2,"90° Elb, ASME B16.3, ASTM A197 Galv. as per ASTM A153, 150 Lbs, NPTF Ends, NSF-61 Cert.,",C76SDEP7,2.0,6820-R2-67171-03,6820,npd_suspicious
6820-R2-67171-03_POWL-XX01_0.pdf,PIPE SUPPORTS,3,1.1/2,PS433-1.5,PS433,3.0,6820-R2-67171-03,6820,npd_suspicious
6820-R2-67171-03_POWL-XX01_0.pdf,PIPE SUPPORTS,4,1.1/2,PS709-A-24.55-8,PS709,2.0,6820-R2-67171-03,6820,npd_suspicious
6820-R2-67171-03_POWL-XX01_0.pdf,PIPE SUPPORTS,5,1.1/2,"PS201-1.5 TYPE: INSUL THK: SHOP: FIELD: PAINT CODE: MODULE: L Per LDT Per LDT N Y Per LDT - P&ID: 202998C-001-PID-0021-0334 UNIT#: EWP AREA: SPEC: STRESS CALC #: 6800 6820 POWL-XX01 - LINE No. 1.5""-R2-67171-POWL-XX01-N Battleground DRAWING NUMBER REV. 6820-R2-67171-03 *6820-R2-67171-03*",PS201,2.0,6820-R2-67171-03,6820,npd_suspicious
6820-R2-67172-01_POWL-XX01_2.pdf,OTHER THAN SHOP MATERIALS,1,1.1/2,"Pipes, Seamless, ASME B36.10, ASTM ' A106 Gr.B Galv. as per ASTM A153, NPTM Ends, w/ coupling, NSF-61 Cert, S-XS",C76SD255,14.6,6820-R2-67172-01,6820,npd_suspicious
6820-R2-67172-01_POWL-XX01_2.pdf,OTHER THAN SHOP MATERIALS,1,1.1/2,"Full Coup, ASME B16.3, ASTM A197 Galv. as per ASTM A153, 150 Lbs, NPTF Ends, NSF-61 Cert.,",C76SDEMA,1.0,6820-R2-67172-01,6820,npd_suspicious
6820-R2-67172-01_POWL-XX01_2.pdf,OTHER THAN SHOP MATERIALS,3,1.1/2,"Union, ASME B16.39, ASTM A197 Galv. as per ASTM A153, 150 Lbs, NPTF Ends, NSF-61 Cert.,",C76SDEN4,1.0,6820-R2-67172-01,6820,npd_suspicious
6820-R2-67172-01_POWL-XX01_2.pdf,OTHER THAN SHOP MATERIALS,4,1.1/2,"90° Elb, ASME B16.3, ASTM A197 Galv. as per ASTM A153, 150 Lbs, NPTF Ends, NSF-61 Cert.,",C76SDEP7,2.0,6820-R2-67172-01,6820,npd_suspicious
6820-R2-67172-01_POWL-XX01_2.pdf,OTHER THAN SHOP MATERIALS,5,1.1/2,"Bal Fem,FB, MSS SP-110, ASTM A351 Gr.CF8M,1000 PSI CWP, NPTF Ends, LO,NSF-61 Cert, Valve Tag: BA-1196",C9AYWETH,1.0,6820-R2-67172-01,6820,npd_suspicious
6820-R2-67172-01_POWL-XX01_2.pdf,PIPE SUPPORTS,6,1.1/2,PS433-1.5,PS433,1.0,6820-R2-67172-01,6820,npd_suspicious
6820-R2-67172-01_POWL-XX01_2.pdf,PIPE SUPPORTS,7,1.1/2,PS719-H-12.96-9-/,PS719,1.0,6820-R2-67172-01,6820,npd_suspicious
6820-R2-67172-01_POWL-XX01_2.pdf,PIPE SUPPORTS,8,1.1/2,"PS201-1.5 TYPE: INSUL THK: SHOP: FIELD: PAINT CODE: MODULE: L Per LDT Per LDT N Y Per LDT - P&ID: 202998C-001-PID-0021-0334 UNIT#: EWP AREA: SPEC: STRESS CALC #: 6800 6820 POWL-XX01 - LINE No. 1.5""-R2-67172-POWL-XX01-N Battleground DRAWING NUMBER REV. 6820-R2-67172-01 *6820-R2-67172-01*",PS201,1.0,6820-R2-67172-01,6820,npd_suspicious
6820-R2-67173-01_POWL-XX01_0.pdf,OTHER THAN SHOP MATERIALS,1,1.1/2,"Pipes, Seamless, ASME B36.10, ASTM ' A106 Gr.B Galv. as per ASTM A153, NPTM Ends, w/ coupling, NSF-61 Cert, S-XS",C76SD255,1.5,6820-R2-67173-01,6820,npd_suspicious
6820-R2-67173-01_POWL-XX01_0.pdf,OTHER THAN SHOP MATERIALS,2,1.1/2,"90° Elb, ASME B16.3, ASTM A197 Galv. as per ASTM A153, 150 Lbs, NPTF Ends, NSF-61 Cert., TYPE: INSUL THK: SHOP: FIELD: PAINT CODE: MODULE: L Per LDT Per LDT N Y Per LDT - P&ID: 202998C-001-PID-0021-0334 UNIT#: EWP AREA: SPEC: STRESS CALC #: 6800 6820 POWL-XX01 - LINE No. 1.5""-R2-67173-POWL-XX01-N Battleground DRAWING NUMBER REV. 6820-R2-67173-01 *6820-R2-67173-01*",C76SDEP7,1.0,6820-R2-67173-01,6820,npd_suspicious
6820-R2-67178-03_EPCL-SS01_0..pdf,OTHER THAN SHOP MATERIALS,2,1X1,"Eq Te, ASME B16.11, ASTM A182 Gr.F304L, 3000 Lbs, NPTF Ends, Annealed,",C7BP525C,1.0,6820-R2-67178-03,6820,npd_suspicious
6820-R2-67178-03_EPCL-SS01_0..pdf,OTHER THAN SHOP MATERIALS,3,1X3/4,"Concentric swage, MSS SP-95, ASTM A403 Gr.WP304L,NPTM Ends,-, Annealed, S-80S",C7BP5XKV,1.0,6820-R2-67178-03,6820,npd_suspicious
6820-R2-67178-03_EPCL-SS01_0..pdf,OTHER THAN SHOP MATERIALS,6,3/4,SP-6830 SP-6830,,1.0,6820-R2-67178-03,6820,bad_ident
6820-R2-67179-02_EPCL-SS01_0..pdf,OTHER THAN SHOP MATERIALS,2,1X1,"Eq Te, ASME B16.11, ASTM A182 Gr.F304L, 3000 Lbs, NPTF Ends, Annealed,",C7BP525C,1.0,6820-R2-67179-02,6820,npd_suspicious
6820-R2-67179-02_EPCL-SS01_0..pdf,OTHER THAN SHOP MATERIALS,3,1X3/4,"Concentric swage, MSS SP-95, ASTM A403 Gr.WP304L,NPTM Ends,-, Annealed, S-80S",C7BP5XKV,1.0,6820-R2-67179-02,6820,npd_suspicious
6820-R2-67179-02_EPCL-SS01_0..pdf,OTHER THAN SHOP MATERIALS,6,3/4,SP-6830 SP-6830,,1.0,6820-R2-67179-02,6820,bad_ident
6820-R2-67180-06_EPCL-SS01_0..pdf,OTHER THAN SHOP MATERIALS,2,1X1,"Eq Te, ASME B16.11, ASTM A182 Gr.F304L, 3000 Lbs, NPTF Ends, Annealed,",C7BP525C,1.0,6820-R2-67180-06,6820,npd_suspicious
6820-R2-67180-06_EPCL-SS01_0..pdf,OTHER THAN SHOP MATERIALS,3,1X3/4,"Concentric swage, MSS SP-95, ASTM A403 Gr.WP304L,NPTM Ends,-, Annealed, S-80S",C7BP5XKV,1.0,6820-R2-67180-06,6820,npd_suspicious
6820-R2-67180-06_EPCL-SS01_0..pdf,OTHER THAN SHOP MATERIALS,6,3/4,SP-6830 SP-6830,,1.0,6820-R2-67180-06,6820,bad_ident
6820-R2-67181-01_SLPG-CS01_1.pdf,PIPE SUPPORTS,1,,,,0.0,6820-R2-67181-01,6820,bad_qty
6820-R2-67181-02_SLPG-CS01_1..pdf,OTHER THAN SHOP MATERIALS,8,1.1/2,"NM Flat Gk, Aramid Fiber Reinforced SBR, 150 Lbs, RF as per ASME B16.5, -, Thk=1/8in, -,",C7SM1YGP,1.0,6820-R2-67181-02,6820,npd_suspicious
6820-R2-67181-02_SLPG-CS01_1..pdf,OTHER THAN SHOP MATERIALS,12,1.1/2,07-PV-79370 07-PV-79370,,1.0,6820-R2-67181-02,6820,bad_ident
6820-R2-67181-03_SLPG-CS01_1.pdf,OTHER THAN SHOP MATERIALS,1,,"B16.11, ASTM A105N, NPTM End, -,",,0.0,6820-R2-67181-03,6820,bad_qty
6820-R2-67181-03_SLPG-CS01_1.pdf,OTHER THAN SHOP MATERIALS,9,1.1/2,"NM Flat Gk, Aramid Fiber Reinforced SBR, 150 Lbs, RF as per ASME B16.5, -, Thk=1/8in, -,",C7SM1YGP,1.0,6820-R2-67181-03,6820,npd_suspicious
6820-R2-67181-04_SLPG-CS01_2.pdf,OTHER THAN SHOP MATERIALS,9,1.1/2,"NM Flat Gk, Aramid Fiber Reinforced SBR, 150 Lbs, RF as per ASME B16.5, -, Thk=1/8in, -,",C7SM1YGP,2.0,6820-R2-67181-04,6820,npd_suspicious
6820-R2-67181-04_SLPG-CS01_2.pdf,OTHER THAN SHOP MATERIALS,13,1.1/2,"Gat Flg, -, API 600, ASTM A216 Gr.WCB,150 Lbs, RF, Ends as per ASME B16.5, HO,-, Valve Tag: GA-0215 SUPPORTS 2",C7SNM2BC,1.0,6820-R2-67181-04,6820,npd_suspicious
6820-R2-67181-04_SLPG-CS01_2.pdf,OTHER THAN SHOP MATERIALS,14,1.1/2,PS401-3-16-1,PS401,1.0,6820-R2-67181-04,6820,npd_suspicious
6820-R2-67181-04_SLPG-CS01_2.pdf,OTHER THAN SHOP MATERIALS,15,1.1/2,PS204-1.5,PS204,1.0,6820-R2-67181-04,6820,npd_suspicious
6820-R2-67181-05_SLPG-CS01_0..pdf,OTHER THAN SHOP MATERIALS,13,2,14-PIT-79370 14-PIT-79370,,1.0,6820-R2-67181-05,6820,bad_ident
6820-R2-67181-06_SLPG-CS01_1.pdf,OTHER THAN SHOP MATERIALS,6,1.1/2,"NM Flat Gk, Aramid Fiber Reinforced SBR, 150 Lbs, RF as per ASME B16.5, -, Thk=1/8in, -,",C7SM1YGP,1.0,6820-R2-67181-06,6820,npd_suspicious
6820-R2-67181-06_SLPG-CS01_1.pdf,OTHER THAN SHOP MATERIALS,8,1.1/2,"Gat Fem, API 602, ASTM A105N,800 Lbs, NPTF Ends, HO,-, Valve Tag: GA-0120",C8ADWXKL,1.0,6820-R2-67181-06,6820,npd_suspicious
6820-R2-67181-06_SLPG-CS01_1.pdf,OTHER THAN SHOP MATERIALS,9,1.1/2,14-PI-68869 14-PI-68869,,1.0,6820-R2-67181-06,6820,bad_ident
6820-R2-67181-11_SLPG-CS01_0.pdf,OTHER THAN SHOP MATERIALS,6,,,,0.0,6820-R2-67181-11,6820,bad_qty
6820-R2-67182-02_SCXL-CS01_1..pdf,OTHER THAN SHOP MATERIALS,6,1X1/2,SP-7903 SP-7903,,1.0,6820-R2-67182-02,6820,bad_ident
6820-R2-67182-03_SCXL-CS01_0..pdf,OTHER THAN SHOP MATERIALS,2,,,,0.0,6820-R2-67182-03,6820,bad_qty
6820-R2-67182-03_SCXL-CS01_0..pdf,OTHER THAN SHOP MATERIALS,7,1,SP-7902 SP-7902,,1.0,6820-R2-67182-03,6820,bad_ident
6820-R2-67183-03_SCXL-CS01_0..pdf,OTHER THAN SHOP MATERIALS,9,1,SP-6802 SP-6802,,1.0,6820-R2-67183-03,6820,bad_ident
6820-R2-67184-01_SIPG-CS01_1.pdf,OTHER THAN SHOP MATERIALS,13,1.1/2,"SBlt 2 HHx N, A193 Gr.B7/A194 Gr.2H, -, Xylan PTFE Coated, - 9.25 in. Length",C6S4K8MD,48.0,6820-R2-67184-01,6820,npd_suspicious
6820-R2-67184-01_SIPG-CS01_1.pdf,OTHER THAN SHOP MATERIALS,16,2,14-TE-68150 14-TE-68150,,1.0,6820-R2-67184-01,6820,bad_ident
6820-R2-67184-02_SIPG-CS01_1.pdf,OTHER THAN SHOP MATERIALS,1,,"Lbs, NPTF Ends, HO,-, Valve Tag: VG-7",,0.0,6820-R2-67184-02,6820,bad_qty
6820-R2-67184-02_SIPG-CS01_1.pdf,OTHER THAN SHOP MATERIALS,18,24x1/2,SP-6855,,1.0,6820-R2-67184-02,6820,bad_ident
6820-R2-67184-02_SIPG-CS01_1.pdf,OTHER THAN SHOP MATERIALS,15,2,14-PIT-68150 14-PIT-68150,,1.0,6820-R2-67184-02,6820,bad_ident
6820-R2-67184-02_SIPG-CS01_1.pdf,OTHER THAN SHOP MATERIALS,16,1/2,14-FIT-68150 14-FIT-68150,,1.0,6820-R2-67184-02,6820,bad_ident
6820-R2-67184-03_SIPG-CS01_1..pdf,OTHER THAN SHOP MATERIALS,11,1.1/2,"SBlt 2 HHx N, A193 Gr.B7/A194 Gr.2H, -, Xylan PTFE Coated, - 9.75 in. Length",C6S4K8MF,24.0,6820-R2-67184-03,6820,npd_suspicious
6820-R2-67184-03_SIPG-CS01_1..pdf,OTHER THAN SHOP MATERIALS,1,,"Lbs, NPTF Ends, HO,-, Valve Tag: VG-7",,0.0,6820-R2-67184-03,6820,bad_qty
6820-R2-67184-03_SIPG-CS01_1..pdf,OTHER THAN SHOP MATERIALS,20,24x1/2,SP-6855,,1.0,6820-R2-67184-03,6820,bad_ident
6820-R2-67184-03_SIPG-CS01_1..pdf,OTHER THAN SHOP MATERIALS,17,24,14-FE-68150 14-FE-68150,,1.0,6820-R2-67184-03,6820,bad_ident
6820-R2-67184-03_SIPG-CS01_1..pdf,OTHER THAN SHOP MATERIALS,18,1/2,14-FIT-68150 14-FIT-68150,,1.0,6820-R2-67184-03,6820,bad_ident
6820-R2-67184-04_SIPG-CS01_0.pdf,OTHER THAN SHOP MATERIALS,7,1.1/4,"SBlt 2 HHx N, A193 Gr.B7/A194 Gr.2H, -, Xylan PTFE Coated, - 7.75 in. Length",C6S4K8J4,24.0,6820-R2-67184-04,6820,npd_suspicious
6820-R2-67184-05_SIPG-CS01_0.pdf,OTHER THAN SHOP MATERIALS,4,1.1/4,"SBlt 2 HHx N, A193 Gr.B7/A194 Gr.2H, -, Xylan PTFE Coated, - 7.75 in. Length",C6S4K8J4,24.0,6820-R2-67184-05,6820,npd_suspicious
6820-R2-67184-05_SIPG-CS01_0.pdf,OTHER THAN SHOP MATERIALS,5,18,14-FV-68150 14-FV-68150,,1.0,6820-R2-67184-05,6820,bad_ident
6820-R2-67184-07_SIPG-CS01_0.pdf,OTHER THAN SHOP MATERIALS,11,1.1/2,"SBlt 2 HHx N, A193 Gr.B7/A194 Gr.2H, -, Xylan PTFE Coated, - 9.25 in. Length",C6S4K8MD,72.0,6820-R2-67184-07,6820,npd_suspicious
6820-R2-67184-07_SIPG-CS01_0.pdf,OTHER THAN SHOP MATERIALS,15,6X1,SP-6875 SP-6875,,1.0,6820-R2-67184-07,6820,bad_ident
6820-R2-67184-08_SIPG-CS01_0.pdf,OTHER THAN SHOP MATERIALS,11,1.1/2,"SBlt 2 HHx N, A193 Gr.B7/A194 Gr.2H, -, Xylan PTFE Coated, - 9.25 in. Length",C6S4K8MD,48.0,6820-R2-67184-08,6820,npd_suspicious
6820-R2-67184-08_SIPG-CS01_0.pdf,OTHER THAN SHOP MATERIALS,13,2,14-TE-68421 14-TE-68421,,1.0,6820-R2-67184-08,6820,bad_ident
6820-R2-67184-12_SIPG-CS01_1..pdf,OTHER THAN SHOP MATERIALS,1,,"Thk=1/8in, -, -,",,0.0,6820-R2-67184-12,6820,bad_qty
6820-R2-67184-12_SIPG-CS01_1..pdf,OTHER THAN SHOP MATERIALS,10,1,SP-6802 SP-6802,,1.0,6820-R2-67184-12,6820,bad_ident
6820-R2-67186-03_SLPG-CS01_0.pdf,OTHER THAN SHOP MATERIALS,8,1,SP-6832 SP-6832,,1.0,6820-R2-67186-03,6820,bad_ident
6820-R2-67188-02_SLPG-CS01_0.pdf,OTHER THAN SHOP MATERIALS,9,1,SP-6832 SP-6832,,1.0,6820-R2-67188-02,6820,bad_ident
6820-R2-67189-02_SIPG-CS01_0..pdf,OTHER THAN SHOP MATERIALS,6,2X1/2,SP-6834 SP-6834,,1.0,6820-R2-67189-02,6820,bad_ident
6820-R2-67189-03_SIPG-CS01_0..pdf,OTHER THAN SHOP MATERIALS,8,1.1/2,"SW Gk, AISI 304/Graphite, 300 Lbs, RF as per ASME B16.5, Thk=1/8in, -, -,",CGKFEG5X,1.0,6820-R2-67189-03,6820,npd_suspicious
6820-R2-67189-03_SIPG-CS01_0..pdf,OTHER THAN SHOP MATERIALS,10,1.1/2,"Gat Fem, API 602, ASTM A105N,800 Lbs, NPTF Ends, HO,-, Valve Tag: VG-7",C80U8UB2,1.0,6820-R2-67189-03,6820,npd_suspicious
6820-R2-67189-03_SIPG-CS01_0..pdf,OTHER THAN SHOP MATERIALS,11,1.1/2,14-PI-68899 14-PI-68899,,1.0,6820-R2-67189-03,6820,bad_ident
6820-R2-67191-02_ARDG-XX01_0.pdf,OTHER THAN SHOP MATERIALS,2,2X2,"Eq Te, ASME B16.11, ASTM A105N Galv. as per ASTM A153, 3000 Lbs, NPTF Ends, -,",C1DR2HX,2.0,6820-R2-67191-02,6820,npd_suspicious
6820-R2-67191-03_ARDG-XX01_1..pdf,OTHER THAN SHOP MATERIALS,2,2X2,"Eq Te, ASME B16.11, ASTM A105N Galv. as per ASTM A153, 3000 Lbs, NPTF Ends, -,",C1DR2HX,1.0,6820-R2-67191-03,6820,npd_suspicious
6820-R2-67191-03_ARDG-XX01_1..pdf,OTHER THAN SHOP MATERIALS,3,2X1,"Red Te, ASME B16.11, ASTM A105N Galv. as per ASTM A153, 3000 Lbs, NPTF Ends, -,",C1DR2J7,1.0,6820-R2-67191-03,6820,npd_suspicious
6820-R2-67191-03_ARDG-XX01_1..pdf,OTHER THAN SHOP MATERIALS,2,,"ASTM A153, NPTM Ends, L = 3in, -, S-XS",,0.0,6820-R2-67191-03,6820,bad_qty
6820-R2-67192-01_ARDG-XX01_0.pdf,OTHER THAN SHOP MATERIALS,2,2X2,"Eq Te, ASME B16.11, ASTM A105N Galv. as per ASTM A153, 3000 Lbs, NPTF Ends, -,",C1DR2HX,1.0,6820-R2-67192-01,6820,npd_suspicious
6820-R2-67192-01_ARDG-XX01_0.pdf,OTHER THAN SHOP MATERIALS,3,2X1,"Red Te, ASME B16.11, ASTM A105N Galv. as per ASTM A153, 3000 Lbs, NPTF Ends, -,",C1DR2J7,1.0,6820-R2-67192-01,6820,npd_suspicious
6820-R2-67192-02_ARDG-XX01_0.pdf,OTHER THAN SHOP MATERIALS,2,2X1,"Red Te, ASME B16.11, ASTM A105N Galv. as per ASTM A153, 3000 Lbs, NPTF Ends, -,",C1DR2J7,1.0,6820-R2-67192-02,6820,npd_suspicious
6820-R2-67192-03_ARDG-XX01_0..pdf,OTHER THAN SHOP MATERIALS,2,2X1,"Red Te, ASME B16.11, ASTM A105N Galv. as per ASTM A153, 3000 Lbs, NPTF Ends, -,",C1DR2J7,2.0,6820-R2-67192-03,6820,npd_suspicious
6820-R2-67192-03_ARDG-XX01_0..pdf,OTHER THAN SHOP MATERIALS,4735,2,"Full Coup, ASME B16.11, ASTM A105N Galv. as per ASTM A153, 3000 Lbs, NPTF Ends, -,",CZ2LEZH,1.0,6820-R2-67192-03,6820,bad_no
6820-R2-67192-03_ARDG-XX01_0.pdf,OTHER THAN SHOP MATERIALS,2,2X1,"Red Te, ASME B16.11, ASTM A105N Galv. as per ASTM A153, 3000 Lbs, NPTF Ends, -,",C1DR2J7,2.0,6820-R2-67192-03,6820,npd_suspicious
6820-R2-67193-01_ARDG-XX01_0.pdf,OTHER THAN SHOP MATERIALS,2,1X1/2,"Concentric swage, MSS SP-95, ASTM A234 Gr.WPB Galv. as per ASTM A153,NPTM Ends,-, -, S-XS",CDFD3U7Y,1.0,6820-R2-67193-01,6820,npd_suspicious
6820-R2-67194-01_ARDG-XX01_0.pdf,OTHER THAN SHOP MATERIALS,3,2X1,"Red Te, ASME B16.11, ASTM A105N Galv. as per ASTM A153, 3000 Lbs, NPTF Ends, -,",C1DR2J7,1.0,6820-R2-67194-01,6820,npd_suspicious
6820-R2-67194-02_ARDG-XX01_0.pdf,OTHER THAN SHOP MATERIALS,2,2X1,"Red Te, ASME B16.11, ASTM A105N Galv. as per ASTM A153, 3000 Lbs, NPTF Ends, -,",C1DR2J7,1.0,6820-R2-67194-02,6820,npd_suspicious
6820-R2-67194-03_ARDG-XX01_0.pdf,OTHER THAN SHOP MATERIALS,2,2X1,"Concentric swage, MSS SP-95, ASTM A234 Gr.WPB Galv. as per ASTM A153,NPTM Ends,-, -, S-XS",C53S7A7,1.0,6820-R2-67194-03,6820,npd_suspicious
6820-R2-67194-03_ARDG-XX01_0.pdf,OTHER THAN SHOP MATERIALS,3,1X1/2,"Concentric swage, MSS SP-95, ASTM A234 Gr.WPB Galv. as per ASTM A153,NPTM Ends,-, -, S-XS",CDFD3U7Y,1.0,6820-R2-67194-03,6820,npd_suspicious
6820-R2-67195-01_ARDG-XX01_0.pdf,OTHER THAN SHOP MATERIALS,2,1X1/2,"Concentric swage, MSS SP-95, ASTM A234 Gr.WPB Galv. as per ASTM A153,NPTM Ends,-, -, S-XS",CDFD3U7Y,1.0,6820-R2-67195-01,6820,npd_suspicious
6820-R2-67196-03_ARDG-XX01_0.pdf,OTHER THAN SHOP MATERIALS,2,1X1/2,"Concentric swage, MSS SP-95, ASTM A234 Gr.WPB Galv. as per ASTM A153,NPTM Ends,-, -, S-XS",CDFD3U7Y,1.0,6820-R2-67196-03,6820,npd_suspicious
6820-R2-67197-02_ARDG-XX01_0.pdf,OTHER THAN SHOP MATERIALS,3,1X1/2,"Concentric swage, MSS SP-95, ASTM A234 Gr.WPB Galv. as per ASTM A153,NPTM Ends,-, -, S-XS",CDFD3U7Y,1.0,6820-R2-67197-02,6820,npd_suspicious
6820-R2-67197-02_ARDG-XX01_0.pdf,OTHER THAN SHOP MATERIALS,6,1/2X1/2,"Eq Te, ASME B16.11, ASTM A105N Galv. as per ASTM A153, 3000 Lbs, NPTF Ends, -,",C5FX9CE,1.0,6820-R2-67197-02,6820,npd_suspicious
6820-R2-67199-01_ARDG-XX01_0.pdf,OTHER THAN SHOP MATERIALS,2,1X1/2,"Concentric swage, MSS SP-95, ASTM A234 Gr.WPB Galv. as per ASTM A153,NPTM Ends,-, -, S-XS",CDFD3U7Y,1.0,6820-R2-67199-01,6820,npd_suspicious
6820-R2-67200-01_ARDG-XX01_0.pdf,OTHER THAN SHOP MATERIALS,2,1X1/2,"Concentric swage, MSS SP-95, ASTM A234 Gr.WPB Galv. as per ASTM A153,NPTM Ends,-, -, S-XS",CDFD3U7Y,1.0,6820-R2-67200-01,6820,npd_suspicious
6820-R2-67201-01_ARDG-XX01_0.pdf,OTHER THAN SHOP MATERIALS,2,1X1/2,"Concentric swage, MSS SP-95, ASTM A234 Gr.WPB Galv. as per ASTM A153,NPTM Ends,-, -, S-XS",CDFD3U7Y,1.0,6820-R2-67201-01,6820,npd_suspicious
6820-R2-67202-01_ARDG-XX01_0.pdf,OTHER THAN SHOP MATERIALS,8,2X1,"Concentric swage, MSS SP-95, ASTM A234 Gr.WPB Galv. as per ASTM A153,NPTM Ends,-, -, S-XS",C53S7A7,1.0,6820-R2-67202-01,6820,npd_suspicious
6820-R2-67202-01_ARDG-XX01_0.pdf,OTHER THAN SHOP MATERIALS,4,1X1/2,"Concentric swage, MSS SP-95, ASTM A234 Gr.WPB Galv. as per ASTM A153,NPTM Ends,-, -, S-XS",CDFD3U7Y,1.0,6820-R2-67202-01,6820,npd_suspicious
6820-R2-67202-01_ARDG-XX01_0.pdf,OTHER THAN SHOP MATERIALS,6,1/2X1/2,"Eq Te, ASME B16.11, ASTM A105N Galv. as per ASTM A153, 3000 Lbs, NPTF Ends, -,",C5FX9CE,1.0,6820-R2-67202-01,6820,npd_suspicious
6820-R2-67203-01_ARDG-XX01_0.pdf,OTHER THAN SHOP MATERIALS,2,2X1,"Red Te, ASME B16.11, ASTM A105N Galv. as per ASTM A153, 3000 Lbs, NPTF Ends, -,",C1DR2J7,1.0,6820-R2-67203-01,6820,npd_suspicious
6820-R2-67203-02_ARDG-XX01_0..pdf,OTHER THAN SHOP MATERIALS,3,2X2,"Eq Te, ASME B16.11, ASTM A105N Galv. as per ASTM A153, 3000 Lbs, NPTF Ends, -,",C1DR2HX,1.0,6820-R2-67203-02,6820,npd_suspicious
6820-R2-67203-02_ARDG-XX01_0..pdf,OTHER THAN SHOP MATERIALS,4,2X1,"Red Te, ASME B16.11, ASTM A105N Galv. as per ASTM A153, 3000 Lbs, NPTF Ends, -,",C1DR2J7,1.0,6820-R2-67203-02,6820,npd_suspicious
6820-R2-67204-01_ARDG-XX01_0.pdf,OTHER THAN SHOP MATERIALS,2,2X1,"Red Te, ASME B16.11, ASTM A105N Galv. as per ASTM A153, 3000 Lbs, NPTF Ends, -,",C1DR2J7,3.0,6820-R2-67204-01,6820,npd_suspicious
6820-R2-67204-03_ARDG-XX01_0.pdf,OTHER THAN SHOP MATERIALS,3,1X1/2,"Concentric swage, MSS SP-95, ASTM A234 Gr.WPB Galv. as per ASTM A153,NPTM Ends,-, -, S-XS",CDFD3U7Y,1.0,6820-R2-67204-03,6820,npd_suspicious
6820-R2-67204-03_ARDG-XX01_0.pdf,OTHER THAN SHOP MATERIALS,6,1/2X1/2,"Eq Te, ASME B16.11, ASTM A105N Galv. as per ASTM A153, 3000 Lbs, NPTF Ends, -,",C5FX9CE,1.0,6820-R2-67204-03,6820,npd_suspicious
6820-R2-67205-04_ARDG-XX01_0.pdf,OTHER THAN SHOP MATERIALS,2,1X1/2,"Concentric swage, MSS SP-95, ASTM A234 Gr.WPB Galv. as per ASTM A153,NPTM Ends,-, -, S-XS",CDFD3U7Y,1.0,6820-R2-67205-04,6820,npd_suspicious
6820-R2-67207-01_ARDG-XX01_0.pdf,OTHER THAN SHOP MATERIALS,3,1X1/2,"Concentric swage, MSS SP-95, ASTM A234 Gr.WPB Galv. as per ASTM A153,NPTM Ends,-, -, S-XS",CDFD3U7Y,1.0,6820-R2-67207-01,6820,npd_suspicious
6820-R2-67207-01_ARDG-XX01_0.pdf,OTHER THAN SHOP MATERIALS,6,1/2X1/2,"Eq Te, ASME B16.11, ASTM A105N Galv. as per ASTM A153, 3000 Lbs, NPTF Ends, -,",C5FX9CE,1.0,6820-R2-67207-01,6820,npd_suspicious
6820-R2-67208-01_ARDG-XX01_0.pdf,OTHER THAN SHOP MATERIALS,2,2X2,"Eq Te, ASME B16.11, ASTM A105N Galv. as per ASTM A153, 3000 Lbs, NPTF Ends, -,",C1DR2HX,1.0,6820-R2-67208-01,6820,npd_suspicious
6820-R2-67208-01_ARDG-XX01_0.pdf,OTHER THAN SHOP MATERIALS,3,2X1,"Red Te, ASME B16.11, ASTM A105N Galv. as per ASTM A153, 3000 Lbs, NPTF Ends, -,",C1DR2J7,1.0,6820-R2-67208-01,6820,npd_suspicious
6820-R2-67208-01_ARDG-XX01_0.pdf,OTHER THAN SHOP MATERIALS,4,2X1,"Concentric swage, MSS SP-95, ASTM A234 Gr.WPB Galv. as per ASTM A153,NPTM Ends,-, -, S-XS",C53S7A7,1.0,6820-R2-67208-01,6820,npd_suspicious
6820-R2-67208-02_ARDG-XX01_0.pdf,OTHER THAN SHOP MATERIALS,3,1X1/2,"Concentric swage, MSS SP-95, ASTM A234 Gr.WPB Galv. as per ASTM A153,NPTM Ends,-, -, S-XS",CDFD3U7Y,1.0,6820-R2-67208-02,6820,npd_suspicious
6820-R2-67208-02_ARDG-XX01_0.pdf,OTHER THAN SHOP MATERIALS,6,1/2X1/2,"Eq Te, ASME B16.11, ASTM A105N Galv. as per ASTM A153, 3000 Lbs, NPTF Ends, -,",C5FX9CE,1.0,6820-R2-67208-02,6820,npd_suspicious
6820-R2-67208-03_ARDG-XX01_0.pdf,OTHER THAN SHOP MATERIALS,2,2X1,"Red Te, ASME B16.11, ASTM A105N Galv. as per ASTM A153, 3000 Lbs, NPTF Ends, -,",C1DR2J7,2.0,6820-R2-67208-03,6820,npd_suspicious
6820-R2-67209-01_ARDG-XX01_0.pdf,OTHER THAN SHOP MATERIALS,2,2X1,"Concentric swage, MSS SP-95, ASTM A234 Gr.WPB Galv. as per ASTM A153,NPTM Ends,-, -, S-XS",C53S7A7,1.0,6820-R2-67209-01,6820,npd_suspicious
6820-R2-67209-01_ARDG-XX01_0.pdf,OTHER THAN SHOP MATERIALS,3,1X1/2,"Concentric swage, MSS SP-95, ASTM A234 Gr.WPB Galv. as per ASTM A153,NPTM Ends,-, -, S-XS",CDFD3U7Y,1.0,6820-R2-67209-01,6820,npd_suspicious
6820-R2-67210-01_ARDG-XX01_0.pdf,OTHER THAN SHOP MATERIALS,2,1X1/2,"Concentric swage, MSS SP-95, ASTM A234 Gr.WPB Galv. as per ASTM A153,NPTM Ends,-, -, S-XS",CDFD3U7Y,1.0,6820-R2-67210-01,6820,npd_suspicious
6820-R2-67211-01_CTWL-CS01_0..pdf,OTHER THAN SHOP MATERIALS,3,1X3/4,"Concentric swage, MSS SP-95, ASTM A234 Gr.WPB Galv. as per ASTM A153,NPTM Ends,-, -, S-XS",CDFD3UL2,1.0,6820-R2-67211-01,6820,npd_suspicious
6820-R2-67212-01_CTWL-CS01_0..pdf,OTHER THAN SHOP MATERIALS,3,1X3/4,"Concentric swage, MSS SP-95, ASTM A234 Gr.WPB Galv. as per ASTM A153,NPTM Ends,-, -, S-XS",CDFD3UL2,1.0,6820-R2-67212-01,6820,npd_suspicious
6820-R2-67213-02_NOHD-SS03_0.pdf,OTHER THAN SHOP MATERIALS,9,1,SP-6841 SP-6841,,1.0,6820-R2-67213-02,6820,bad_ident
6820-R2-67214-01_CTWL-CS01_0..pdf,OTHER THAN SHOP MATERIALS,5,3,"14-LIT-68290 14-LIT-68290 TYPE: INSUL THK: SHOP: FIELD: PAINT CODE: MODULE: L Per LDT Per LDT N Y Per LDT - P&ID: 202998C-001-PID-0021-0330 UNIT#: EWP AREA: SPEC: STRESS CALC #: 6800 6820 CTWL-CS01 - LINE No. 3""-R2-67214-CTWL-CS01-N Battleground DRAWING NUMBER REV. 6820-R2-67214-01 *6820-R2-67214-01*",,1.0,6820-R2-67214-01,6820,bad_ident
6820-R2-67216-01_ARWW-XX01_0..pdf,OTHER THAN SHOP MATERIALS,2,1.1/2,"Pipes, Seamless, ASME B36.10, ASTM ' A53 Gr.B Galv. as per ASTM A153, NPTM Ends, w/ coupling, -, S-XS",C6SBR45H,0.3,6820-R2-67216-01,6820,npd_suspicious
6820-R2-67216-01_ARWW-XX01_0..pdf,OTHER THAN SHOP MATERIALS,3,2X2,"Eq Te, ASME B16.11, ASTM A105N Galv. as per ASTM A153, 3000 Lbs, NPTF Ends, -,",C1DR2HX,1.0,6820-R2-67216-01,6820,npd_suspicious
6820-R2-67216-01_ARWW-XX01_0..pdf,OTHER THAN SHOP MATERIALS,4,2X1.1/2,"Red Te, ASME B16.11, ASTM A105N Galv. as per ASTM A153, 3000 Lbs, NPTF Ends, -,",C1DR2J9,1.0,6820-R2-67216-01,6820,npd_suspicious
6820-R2-67216-01_ARWW-XX01_0..pdf,OTHER THAN SHOP MATERIALS,9,1.1/2,"THD Flg, ASME B16.5, ASTM A105N Galv. as per ASTM A153, 150 Lbs, RF/NPTF End, -,",C1DR2JP,1.0,6820-R2-67216-01,6820,npd_suspicious
6820-R2-67216-01_ARWW-XX01_0..pdf,OTHER THAN SHOP MATERIALS,11,1.1/2,"NM Flat Gk, Aramid Fiber Reinforced SBR, 150 Lbs, RF as per ASME B16.5, -, Thk=1/8in, -,",C7SM1YGP,1.0,6820-R2-67216-01,6820,npd_suspicious
6820-R2-67216-02_ARWW-XX01_0..pdf,OTHER THAN SHOP MATERIALS,2,1.1/2,"Pipes, Seamless, ASME B36.10, ASTM ' A53 Gr.B Galv. as per ASTM A153, NPTM Ends, w/ coupling, -, S-XS",C6SBR45H,0.6,6820-R2-67216-02,6820,npd_suspicious
6820-R2-67216-02_ARWW-XX01_0..pdf,OTHER THAN SHOP MATERIALS,4,2X2,"Eq Te, ASME B16.11, ASTM A105N Galv. as per ASTM A153, 3000 Lbs, NPTF Ends, -,",C1DR2HX,1.0,6820-R2-67216-02,6820,npd_suspicious
6820-R2-67216-02_ARWW-XX01_0..pdf,OTHER THAN SHOP MATERIALS,5,2X1.1/2,"Red Te, ASME B16.11, ASTM A105N Galv. as per ASTM A153, 3000 Lbs, NPTF Ends, -,",C1DR2J9,1.0,6820-R2-67216-02,6820,npd_suspicious
6820-R2-67216-02_ARWW-XX01_0..pdf,OTHER THAN SHOP MATERIALS,6,2X1,"Red Te, ASME B16.11, ASTM A105N Galv. as per ASTM A153, 3000 Lbs, NPTF Ends, -,",C1DR2J7,1.0,6820-R2-67216-02,6820,npd_suspicious
6820-R2-67216-02_ARWW-XX01_0..pdf,OTHER THAN SHOP MATERIALS,9,1.1/2,"THD Flg, ASME B16.5, ASTM A105N Galv. as per ASTM A153, 150 Lbs, RF/NPTF End, -,",C1DR2JP,1.0,6820-R2-67216-02,6820,npd_suspicious
6820-R2-67216-02_ARWW-XX01_0..pdf,OTHER THAN SHOP MATERIALS,12,1.1/2,"NM Flat Gk, Aramid Fiber Reinforced SBR, 150 Lbs, RF as per ASME B16.5, -, Thk=1/8in, -,",C7SM1YGP,1.0,6820-R2-67216-02,6820,npd_suspicious
6820-R2-67216-04_ARWW-XX01_0..pdf,OTHER THAN SHOP MATERIALS,2,1.1/2,"Pipes, Seamless, ASME B36.10, ASTM ' A53 Gr.B Galv. as per ASTM A153, NPTM Ends, w/ coupling, -, S-XS",C6SBR45H,2.4,6820-R2-67216-04,6820,npd_suspicious
6820-R2-67216-04_ARWW-XX01_0..pdf,OTHER THAN SHOP MATERIALS,4,2X2,"Eq Te, ASME B16.11, ASTM A105N Galv. as per ASTM A153, 3000 Lbs, NPTF Ends, -,",C1DR2HX,1.0,6820-R2-67216-04,6820,npd_suspicious
6820-R2-67216-04_ARWW-XX01_0..pdf,OTHER THAN SHOP MATERIALS,5,2X1.1/2,"Red Te, ASME B16.11, ASTM A105N Galv. as per ASTM A153, 3000 Lbs, NPTF Ends, -,",C1DR2J9,3.0,6820-R2-67216-04,6820,npd_suspicious
6820-R2-67216-04_ARWW-XX01_0..pdf,OTHER THAN SHOP MATERIALS,6,2X1,"Red Te, ASME B16.11, ASTM A105N Galv. as per ASTM A153, 3000 Lbs, NPTF Ends, -,",C1DR2J7,1.0,6820-R2-67216-04,6820,npd_suspicious
6820-R2-67216-04_ARWW-XX01_0..pdf,OTHER THAN SHOP MATERIALS,7,1.1/2,"90° Elb, ASME B16.11, ASTM A105N Galv. as per ASTM A153, 3000 Lbs, NPTF Ends, -,",C1DMWEM,1.0,6820-R2-67216-04,6820,npd_suspicious
6820-R2-67216-04_ARWW-XX01_0..pdf,OTHER THAN SHOP MATERIALS,9,1.1/2,"THD Flg, ASME B16.5, ASTM A105N Galv. as per ASTM A153, 150 Lbs, RF/NPTF End, -,",C1DR2JP,3.0,6820-R2-67216-04,6820,npd_suspicious
6820-R2-67216-04_ARWW-XX01_0..pdf,OTHER THAN SHOP MATERIALS,12,1.1/2,"NM Flat Gk, Aramid Fiber Reinforced SBR, 150 Lbs, RF as per ASME B16.5, -, Thk=1/8in, -,",C7SM1YGP,3.0,6820-R2-67216-04,6820,npd_suspicious
6820-R2-67216-06_ARWW-XX01_0..pdf,OTHER THAN SHOP MATERIALS,2,1.1/2,"Pipes, Seamless, ASME B36.10, ASTM ' A53 Gr.B Galv. as per ASTM A153, NPTM Ends, w/ coupling, -, S-XS",C6SBR45H,1.2,6820-R2-67216-06,6820,npd_suspicious
6820-R2-67216-06_ARWW-XX01_0..pdf,OTHER THAN SHOP MATERIALS,3,2X1.1/2,"Red Te, ASME B16.11, ASTM A105N Galv. as per ASTM A153, 3000",C1DR2J9,2.0,6820-R2-67216-06,6820,npd_suspicious
6820-R2-67216-06_ARWW-XX01_0..pdf,OTHER THAN SHOP MATERIALS,8,,"Lbs, NPTF Ends, -,",,0.0,6820-R2-67216-06,6820,bad_qty
6820-R2-67216-06_ARWW-XX01_0..pdf,OTHER THAN SHOP MATERIALS,5,1.1/2,"THD Flg, ASME B16.5, ASTM A105N Galv. as per ASTM A153, 150 Lbs, RF/NPTF End, -,",C1DR2JP,2.0,6820-R2-67216-06,6820,npd_suspicious
6820-R2-67216-06_ARWW-XX01_0..pdf,OTHER THAN SHOP MATERIALS,7,1.1/2,"NM Flat Gk, Aramid Fiber Reinforced SBR, 150 Lbs, RF as per ASME B16.5, -, Thk=1/8in, -,",C7SM1YGP,2.0,6820-R2-67216-06,6820,npd_suspicious
6820-R2-67216-06_ARWW-XX01_0.pdf,OTHER THAN SHOP MATERIALS,2,1.1/2,"Pipes, Seamless, ASME B36.10, ASTM ' A53 Gr.B Galv. as per ASTM A153, NPTM Ends, w/ coupling, -, S-XS",C6SBR45H,1.2,6820-R2-67216-06,6820,npd_suspicious
6820-R2-67216-06_ARWW-XX01_0.pdf,OTHER THAN SHOP MATERIALS,3,2X1.1/2,"Red Te, ASME B16.11, ASTM A105N Galv. as per ASTM A153, 3000 Lbs, NPTF Ends, -,",C1DR2J9,2.0,6820-R2-67216-06,6820,npd_suspicious
6820-R2-67216-06_ARWW-XX01_0.pdf,OTHER THAN SHOP MATERIALS,5,1.1/2,"THD Flg, ASME B16.5, ASTM A105N Galv. as per ASTM A153, 150 Lbs, RF/NPTF End, -,",C1DR2JP,2.0,6820-R2-67216-06,6820,npd_suspicious
6820-R2-67216-06_ARWW-XX01_0.pdf,OTHER THAN SHOP MATERIALS,7,1.1/2,"NM Flat Gk, Aramid Fiber Reinforced SBR, 150 Lbs, RF as per ASME B16.5, -, Thk=1/8in, -,",C7SM1YGP,2.0,6820-R2-67216-06,6820,npd_suspicious
6820-R2-67218-01_ARWW-CS01_0.pdf,PIPE SUPPORTS,6,1.1/2,PS433-1.5,PS433,1.0,6820-R2-67218-01,6820,npd_suspicious
6820-R2-67218-01_ARWW-CS01_0.pdf,PIPE SUPPORTS,7,1.1/2,PS201-1.5,PS201,1.0,6820-R2-67218-01,6820,npd_suspicious
6820-R2-67218-01_ARWW-CS01_0.pdf,PIPE SUPPORTS,8,1.1/2,PS712-D-10.82,PS712,1.0,6820-R2-67218-01,6820,npd_suspicious
6820-R2-67218-02_ARWW-CS01_0.pdf,OTHER THAN SHOP MATERIALS,7,3/4,SP-6833 SP-6833,,1.0,6820-R2-67218-02,6820,bad_ident
6820-R2-67219-01_ARWW-CS01_0.pdf,PIPE SUPPORTS,4,1.1/2,PS201-1.5,PS201,2.0,6820-R2-67219-01,6820,npd_suspicious
6820-R2-67219-01_ARWW-CS01_0.pdf,PIPE SUPPORTS,5,1.1/2,PS433-1.5,PS433,3.0,6820-R2-67219-01,6820,npd_suspicious
6820-R2-67219-01_ARWW-CS01_0.pdf,PIPE SUPPORTS,6,1.1/2,PS719-H-29.83-16.55-/,PS719,1.0,6820-R2-67219-01,6820,npd_suspicious
6820-R2-67219-02_ARWW-CS01_0.pdf,OTHER THAN SHOP MATERIALS,10,3/4,SP-6833 SP-6833,,1.0,6820-R2-67219-02,6820,bad_ident
6820-R2-67219-02_ARWW-CS01_0.pdf,PIPE SUPPORTS,12,1.1/2,PS221-1.5,PS221,1.0,6820-R2-67219-02,6820,npd_suspicious
6820-R2-67219-02_ARWW-CS01_0.pdf,PIPE SUPPORTS,13,1.1/2,PS210-1.5,PS210,1.0,6820-R2-67219-02,6820,npd_suspicious
6820-R2-67220-01_ARWW-CS01_0.pdf,PIPE SUPPORTS,7,1.1/2,PS210-1.5,PS210,2.0,6820-R2-67220-01,6820,npd_suspicious
6820-R2-67220-01_ARWW-CS01_0.pdf,PIPE SUPPORTS,8,1.1/2,PS715-E-11.8,PS715,2.0,6820-R2-67220-01,6820,npd_suspicious
6820-R2-67220-01_ARWW-CS01_0.pdf,PIPE SUPPORTS,9,1.1/2,PS221-1.5,PS221,1.0,6820-R2-67220-01,6820,npd_suspicious
6820-R2-67220-02_ARWW-CS01_0.pdf,OTHER THAN SHOP MATERIALS,8,3/4,SP-6833 SP-6833,,1.0,6820-R2-67220-02,6820,bad_ident
6820-R2-67221-02_SIPG-CS01_0..pdf,OTHER THAN SHOP MATERIALS,4,1.1/2,"SBlt 2 HHx N, A193 Gr.B7/A194 Gr.2H, -, Xylan PTFE Coated, - 9.25 in. Length",C6S4K8MD,24.0,6820-R2-67221-02,6820,npd_suspicious
6820-R2-67221-03_SIPG-CS01_0.pdf,OTHER THAN SHOP MATERIALS,9,1.1/2,"SW Gk, AISI 304/Graphite, 300 Lbs, RF as per ASME B16.5, Thk=1/8in, -, -,",CGKFEG5X,1.0,6820-R2-67221-03,6820,npd_suspicious
6820-R2-67221-03_SIPG-CS01_0.pdf,OTHER THAN SHOP MATERIALS,10,1.1/2,"SBlt 2 HHx N, A193 Gr.B7/A194 Gr.2H, -, Xylan PTFE Coated, - 9.25 in. Length",C6S4K8MD,72.0,6820-R2-67221-03,6820,npd_suspicious
6820-R2-67221-03_SIPG-CS01_0.pdf,OTHER THAN SHOP MATERIALS,13,1.1/2,"Gat Fem, API 602, ASTM A105N,800 Lbs, NPTF Ends, HO,-, Valve Tag: VG-7",C80U8UB2,1.0,6820-R2-67221-03,6820,npd_suspicious
6820-R2-67221-03_SIPG-CS01_0.pdf,OTHER THAN SHOP MATERIALS,14,1.1/2,14-PI-68859 14-PI-68859,,1.0,6820-R2-67221-03,6820,bad_ident
6820-R2-67222-02_EPCL-SS01_0..pdf,OTHER THAN SHOP MATERIALS,6,8X8,SP-6829 SP-6829,,1.0,6820-R2-67222-02,6820,bad_ident
6820-R2-67222-03_EPCL-SS01_1..pdf,OTHER THAN SHOP MATERIALS,6,,4.25 in. Length,,0.0,6820-R2-67222-03,6820,bad_qty
6820-R2-67222-03_EPCL-SS01_1..pdf,OTHER THAN SHOP MATERIALS,9,6,14-FIT-68190 14-FIT-68190,,1.0,6820-R2-67222-03,6820,bad_ident
6820-R2-67222-10_EPCL-SS01_1.pdf,OTHER THAN SHOP MATERIALS,2,2X1,"Red Te, ASME B16.11, ASTM A182 Gr.F304L, 3000 Lbs, NPTF Ends, Annealed,",C7BP5GZ7,1.0,6820-R2-67222-10,6820,npd_suspicious
6820-R2-67222-11_EPCL-SS01_1.pdf,OTHER THAN SHOP MATERIALS,2,2X1,"Red Te, ASME B16.11, ASTM A182 Gr.F304L, 3000 Lbs, NPTF Ends, Annealed,",C7BP5GZ7,2.0,6820-R2-67222-11,6820,npd_suspicious
6820-R2-67225-03_SLPG-CS01_0..pdf,OTHER THAN SHOP MATERIALS,8,10X8,14-PSV-68919A 14-PSV-68919A,,1.0,6820-R2-67225-03,6820,bad_ident
6820-R2-67226-01_NOHD-SS03_0.pdf,PIPE SUPPORTS,8380,8,PS433-8,PS433,6.0,6820-R2-67226-01,6820,bad_no
6820-R2-67229-02_SCXL-CS02_0..pdf,OTHER THAN SHOP MATERIALS,9,1.1/2,"NM Flat Gk, Barium Sulfate filled PTFE, 300 Lbs, RF as per ASME B16.5, Full Face, Thk=1/8in, -,",C7W3AL3N,2.0,6820-R2-67229-02,6820,npd_suspicious
6820-R2-67229-02_SCXL-CS02_0..pdf,OTHER THAN SHOP MATERIALS,12,1.1/2,"Gat Flg, -, API 602, ASTM A105N,300 Lbs, RF, Ends as per ASME B16.5, HO,-, Valve Tag: GA-1127",C99ZZ9DG,1.0,6820-R2-67229-02,6820,npd_suspicious
6820-R2-67229-02_SCXL-CS02_0..pdf,OTHER THAN SHOP MATERIALS,14,1.1/2,14-PI-68769 14-PI-68769,,1.0,6820-R2-67229-02,6820,bad_ident
6820-R2-67229-03_SCXL-CS02_0..pdf,PIPE SUPPORTS,88,,,,0.0,6820-R2-67229-03,6820,bad_qty
6820-R2-67233-03_NOHD-SS01_2..pdf,PIPE SUPPORTS,111444,888,PPPSSS999000222---SSSHHH---666888000000---RRR222---666777222333333---000000000111 PPPSSS999000222,,111.0,6820-R2-67233-03,6820,bad_no
6820-R2-67234-02_SCXL-CS01_0..pdf,OTHER THAN SHOP MATERIALS,4,1.1/2,"NM Flat Gk, Barium Sulfate filled PTFE, 150 Lbs, RF as per ASME B16.5, Full Face, Thk=1/8in, -,",C7CT1ZFK,3.0,6820-R2-67234-02,6820,npd_suspicious
6820-R2-67234-02_SCXL-CS01_0..pdf,OTHER THAN SHOP MATERIALS,6,1.1/2,"Gat Flg, -, API 600, ASTM A216 Gr.WCB,150 Lbs, RF, Ends as per ASME B16.5, HO,-, Valve Tag: GA-0215",C7SNM2BC,1.0,6820-R2-67234-02,6820,npd_suspicious
6820-R2-67234-02_SCXL-CS01_0..pdf,PIPE SUPPORTS,7,1.1/2,PS709-B-16.05-10,PS709,1.0,6820-R2-67234-02,6820,npd_suspicious
6820-R2-67234-02_SCXL-CS01_0..pdf,PIPE SUPPORTS,8,1.1/2,PS201-1.5,PS201,1.0,6820-R2-67234-02,6820,npd_suspicious
6820-R2-67234-02_SCXL-CS01_0..pdf,PIPE SUPPORTS,84,,,,0.0,6820-R2-67234-02,6820,bad_qty
6820-R2-67234-03_SCXL-CS01_0..pdf,OTHER THAN SHOP MATERIALS,3,1.1/2,"NM Flat Gk, Barium Sulfate filled PTFE, 150 Lbs, RF as per ASME B16.5, Full Face, Thk=1/8in, -,",C7CT1ZFK,3.0,6820-R2-67234-03,6820,npd_suspicious
6820-R2-67234-03_SCXL-CS01_0..pdf,OTHER THAN SHOP MATERIALS,5,1.1/2,"Gat Flg, -, API 600, ASTM A216 Gr.WCB,150 Lbs, RF, Ends as per ASME B16.5, HO,-, Valve Tag: GA-0215",C7SNM2BC,1.0,6820-R2-67234-03,6820,npd_suspicious
6820-R2-67262-02_EPCL-SS01_0..pdf,OTHER THAN SHOP MATERIALS,3,1X1,"Eq Te, ASME B16.11, ASTM A182 Gr.F304L, 3000 Lbs, NPTF Ends, Annealed,",C7BP525C,1.0,6820-R2-67262-02,6820,npd_suspicious
6820-R2-67262-02_EPCL-SS01_0..pdf,OTHER THAN SHOP MATERIALS,4,1X3/4,"Concentric swage, MSS SP-95, ASTM A403 Gr.WP304L,NPTM Ends,-, Annealed, S-80S",C7BP5XKV,1.0,6820-R2-67262-02,6820,npd_suspicious
6820-R2-67263-01_EPCL-SS01_0..pdf,OTHER THAN SHOP MATERIALS,2,1X1,"Eq Te, ASME B16.11, ASTM A182 Gr.F304L, 3000 Lbs, NPTF Ends,",C7BP525C,1.0,6820-R2-67263-01,6820,npd_suspicious
6820-R2-67263-01_EPCL-SS01_0..pdf,OTHER THAN SHOP MATERIALS,821,,"Annealed,",,0.0,6820-R2-67263-01,6820,bad_no
6820-R2-67263-01_EPCL-SS01_0..pdf,OTHER THAN SHOP MATERIALS,3,1X3/4,"Concentric swage, MSS SP-95, ASTM A403 Gr.WP304L,NPTM Ends,-, Annealed, S-80S",C7BP5XKV,1.0,6820-R2-67263-01,6820,npd_suspicious
6820-R2-67270-01_NOHD-NI01_0..pdf,OTHER THAN SHOP MATERIALS,1,1.1/2,"NM Flat Gk, Barium Sulfate filled PTFE, 150 Lbs, RF as per ASME B16.5, -, Thk=1/8in, -,",C6S4K87H,2.0,6820-R2-67270-01,6820,npd_suspicious
6820-R2-67270-01_NOHD-NI01_0..pdf,OTHER THAN SHOP MATERIALS,3,1.1/2,"Plug Flg,SP, Inverted Tapered Plug, Non Lubricated, API 599, ASTM B564 UNS N02200, 150 Lbs, RF, Ends as per ASME B16.5, -, LO,-, -, Valve Tag: PL-0503_LO",C8RR9V38,1.0,6820-R2-67270-01,6820,npd_suspicious
6820-R2-67270-01_NOHD-NI01_0..pdf,OTHER THAN SHOP MATERIALS,4,1.1/2,"Bld Flg, ASME B16.5, ASTM B564 UNS N02200, 150 Lbs, RF, -, TYPE: INSUL THK: SHOP: FIELD: PAINT CODE: MODULE: L Per LDT Per LDT N Y Per LDT - P&ID: 202998C-001-PID-0021-0320 UNIT#: EWP AREA: SPEC: STRESS CALC #: 6800 6820 NOHD-NI01 - LINE No. 1.5""-R2-67270-NOHD-NI01-H Battleground DRAWING NUMBER REV. 6820-R2-67270-01 *6820-R2-67270-01*",C7T63YAW,1.0,6820-R2-67270-01,6820,npd_suspicious
6820-R2-67271-01_NOHD-NI01_0..pdf,OTHER THAN SHOP MATERIALS,1,1.1/2,"NM Flat Gk, Barium Sulfate filled PTFE, 150 Lbs, RF as per ASME B16.5, -, Thk=1/8in, -,",C6S4K87H,2.0,6820-R2-67271-01,6820,npd_suspicious
6820-R2-67271-01_NOHD-NI01_0..pdf,OTHER THAN SHOP MATERIALS,3,1.1/2,"Plug Flg,SP, Inverted Tapered Plug, Non Lubricated, API 599, ASTM B564 UNS N02200, 150 Lbs, RF, Ends as per ASME B16.5, -, LO,-, -, Valve Tag: PL-0503_LO",C8RR9V38,1.0,6820-R2-67271-01,6820,npd_suspicious
6820-R2-67271-01_NOHD-NI01_0..pdf,OTHER THAN SHOP MATERIALS,4,1.1/2,"Bld Flg, ASME B16.5, ASTM B564 UNS N02200, 150 Lbs, RF, -, TYPE: INSUL THK: SHOP: FIELD: PAINT CODE: MODULE: L Per LDT Per LDT N Y Per LDT - P&ID: 202998C-001-PID-0021-0320 UNIT#: EWP AREA: SPEC: STRESS CALC #: 6800 6820 NOHD-NI01 - LINE No. 1.5""-R2-67271-NOHD-NI01-H Battleground DRAWING NUMBER REV. 6820-R2-67271-01 *6820-R2-67271-01*",C7T63YAW,1.0,6820-R2-67271-01,6820,npd_suspicious
6820-R2-67271-02_NOHD-NI01_0..pdf,OTHER THAN SHOP MATERIALS,5,3,"14-LT-68240B 14-LT-68240B TYPE: INSUL THK: SHOP: FIELD: PAINT CODE: MODULE: L Per LDT Per LDT N Y Per LDT - P&ID: 202998C-001-PID-0021-0320 UNIT#: EWP AREA: SPEC: STRESS CALC #: 6800 6820 NOHD-NI01 - LINE No. 3""-R2-67271-NOHD-NI01-H Battleground DRAWING NUMBER REV. 6820-R2-67271-02 *6820-R2-67271-02*",,1.0,6820-R2-67271-02,6820,bad_ident
6820-R2-67271-03_NOHD-NI01_0..pdf,OTHER THAN SHOP MATERIALS,8,3,14-LIT-68240B 14-LIT-68240B,,1.0,6820-R2-67271-03,6820,bad_ident
6820-R2-67271-04_NOHD-NI01_0..pdf,OTHER THAN SHOP MATERIALS,5,3,"14-LT-68240A 14-LT-68240A TYPE: INSUL THK: SHOP: FIELD: PAINT CODE: MODULE: L Per LDT Per LDT N Y Per LDT - P&ID: 202998C-001-PID-0021-0320 UNIT#: EWP AREA: SPEC: STRESS CALC #: 6800 6820 NOHD-NI01 - LINE No. 3""-R2-67271-NOHD-NI01-H Battleground DRAWING NUMBER REV. 6820-R2-67271-04 *6820-R2-67271-04*",,1.0,6820-R2-67271-04,6820,bad_ident
6820-R2-67271-05_NOHD-NI01_0..pdf,OTHER THAN SHOP MATERIALS,8,3,14-LIT-68240A 14-LIT-68240A,,1.0,6820-R2-67271-05,6820,bad_ident
6820-R2-67272-01_NOHD-NI01_0..pdf,OTHER THAN SHOP MATERIALS,12,2,14-PIT-68351 14-PIT-68351,,1.0,6820-R2-67272-01,6820,bad_ident
6820-R2-67272-02_NOHD-NI01_0..pdf,OTHER THAN SHOP MATERIALS,5,1.1/2,"NM Flat Gk, Barium Sulfate filled PTFE, 150 Lbs, RF as per ASME B16.5, -, Thk=1/8in, -,",C6S4K87H,2.0,6820-R2-67272-02,6820,npd_suspicious
6820-R2-67272-02_NOHD-NI01_0..pdf,OTHER THAN SHOP MATERIALS,7,1.1/2,"Plug Flg,SP, Inverted Tapered Plug, Non Lubricated, API 599, ASTM B564 UNS N02200, 150 Lbs, RF, Ends as per ASME B16.5, -, LO,-, -, Valve Tag: PL-0503_LO",C8RR9V38,1.0,6820-R2-67272-02,6820,npd_suspicious
6820-R2-67274-01_NOHD-NI01_0..pdf,OTHER THAN SHOP MATERIALS,1,1.1/2,"NM Flat Gk, Barium Sulfate filled PTFE, 150 Lbs, RF as per ASME B16.5, -, Thk=1/8in, -,",C6S4K87H,1.0,6820-R2-67274-01,6820,npd_suspicious
6820-R2-67274-01_NOHD-NI01_0..pdf,OTHER THAN SHOP MATERIALS,3,1.1/2,"14-TE-68411 14-TE-68411 TYPE: INSUL THK: SHOP: FIELD: PAINT CODE: MODULE: L Per LDT Per LDT Y Y Per LDT - P&ID: 202998C-001-PID-0021-0320 UNIT#: EWP AREA: SPEC: STRESS CALC #: 6800 6820 NOHD-NI01 - LINE No. 1.5""-R2-67274-NOHD-NI01-H Battleground DRAWING NUMBER REV. 6820-R2-67274-01 *6820-R2-67274-01*",,1.0,6820-R2-67274-01,6820,bad_ident
6820-R2-67274-02_NOHD-NI01_0..pdf,OTHER THAN SHOP MATERIALS,1,1.1/2,"NM Flat Gk, Barium Sulfate filled PTFE, 150 Lbs, RF as per ASME B16.5, -, Thk=1/8in, -,",C6S4K87H,2.0,6820-R2-67274-02,6820,npd_suspicious
6820-R2-67274-02_NOHD-NI01_0..pdf,OTHER THAN SHOP MATERIALS,3,1.1/2,"Plug Flg,SP, Inverted Tapered Plug, Non Lubricated, API 599, ASTM B564 UNS N02200, 150 Lbs, RF, Ends as per ASME B16.5, -, LO,-, -, Valve Tag: PL-0503_LO",C8RR9V38,1.0,6820-R2-67274-02,6820,npd_suspicious
6820-R2-67274-02_NOHD-NI01_0..pdf,OTHER THAN SHOP MATERIALS,4,1.1/2,"Bld Flg, ASME B16.5, ASTM B564 UNS N02200, 150 Lbs, RF, -, TYPE: INSUL THK: SHOP: FIELD: PAINT CODE: MODULE: L Per LDT Per LDT Y Y Per LDT - P&ID: 202998C-001-PID-0021-0320 UNIT#: EWP AREA: SPEC: STRESS CALC #: 6800 6820 NOHD-NI01 - LINE No. 1.5""-R2-67274-NOHD-NI01-H Battleground DRAWING NUMBER REV. 6820-R2-67274-02 *6820-R2-67274-02*",C7T63YAW,1.0,6820-R2-67274-02,6820,npd_suspicious
6820-R2-67275-01_SCXL-CS01_0..pdf,OTHER THAN SHOP MATERIALS,1,1.1/2,"NM Flat Gk, Barium Sulfate filled PTFE, 150 Lbs, RF as per ASME B16.5, Full Face, Thk=1/8in, -,",C7CT1ZFK,2.0,6820-R2-67275-01,6820,npd_suspicious
6820-R2-67275-01_SCXL-CS01_0..pdf,OTHER THAN SHOP MATERIALS,3,1.1/2,"Gat Flg, -, API 600, ASTM A216 Gr.WCB,150 Lbs, RF, Ends as per ASME B16.5, HO,-, Valve Tag: GA-0215 TYPE: INSUL THK: SHOP: FIELD: PAINT CODE: MODULE: Per LDT Per LDT N Y Per LDT - P&ID: 202998C-001-PID-0021-0321 UNIT#: EWP AREA: SPEC: STRESS CALC #: 6800 6820 SCXL-CS01 - LINE No. 1.5""-R2-67275-SCXL-CS01-H Battleground DRAWING NUMBER REV. 6820-R2-67275-01 *6820-R2-67275-01*",C7SNM2BC,1.0,6820-R2-67275-01,6820,npd_suspicious
6820-R2-67275-02_SCXL-CS01_0..pdf,OTHER THAN SHOP MATERIALS,1,1.1/2,"NM Flat Gk, Barium Sulfate filled PTFE, 150 Lbs, RF as per ASME B16.5, Full Face, Thk=1/8in, -,",C7CT1ZFK,2.0,6820-R2-67275-02,6820,npd_suspicious
6820-R2-67275-02_SCXL-CS01_0..pdf,OTHER THAN SHOP MATERIALS,3,1.1/2,"Gat Flg, -, API 600, ASTM A216 Gr.WCB,150 Lbs, RF, Ends as per ASME B16.5, HO,-, Valve Tag: GA-0215 TYPE: INSUL THK: SHOP: FIELD: PAINT CODE: MODULE: Per LDT Per LDT N Y Per LDT - P&ID: 202998C-001-PID-0021-0321 UNIT#: EWP AREA: SPEC: STRESS CALC #: 6800 6820 SCXL-CS01 - LINE No. 1.5""-R2-67275-SCXL-CS01-H Battleground DRAWING NUMBER REV. 6820-R2-67275-02 *6820-R2-67275-02*",C7SNM2BC,1.0,6820-R2-67275-02,6820,npd_suspicious
6820-R2-67275-05_SCXL-CS01_0..pdf,OTHER THAN SHOP MATERIALS,1,1.1/2,"NM Flat Gk, Barium Sulfate filled PTFE, 150 Lbs, RF as per ASME B16.5, Full Face, Thk=1/8in, -,",C7CT1ZFK,2.0,6820-R2-67275-05,6820,npd_suspicious
6820-R2-67275-05_SCXL-CS01_0..pdf,OTHER THAN SHOP MATERIALS,3,1.1/2,"Gat Flg, -, API 600, ASTM A216 Gr.WCB,150 Lbs, RF, Ends as per ASME B16.5, HO,-, Valve Tag: GA-0215",C7SNM2BC,1.0,6820-R2-67275-05,6820,npd_suspicious
6820-R2-67275-05_SCXL-CS01_0..pdf,OTHER THAN SHOP MATERIALS,4,1.1/2,"14-LIT-68200 14-LIT-68200 TYPE: INSUL THK: SHOP: FIELD: PAINT CODE: MODULE: Per LDT Per LDT N Y Per LDT - P&ID: 202998C-001-PID-0021-0321 UNIT#: EWP AREA: SPEC: STRESS CALC #: 6800 6820 SCXL-CS01 - LINE No. 1.5""-R2-67275-SCXL-CS01-H Battleground DRAWING NUMBER REV. 6820-R2-67275-05 *6820-R2-67275-05*",,1.0,6820-R2-67275-05,6820,bad_ident
6820-R2-67275-06_SCXL-CS01_0..pdf,OTHER THAN SHOP MATERIALS,1,1.1/2,"NM Flat Gk, Barium Sulfate filled PTFE, 150 Lbs, RF as per ASME B16.5, Full Face, Thk=1/8in, -,",C7CT1ZFK,2.0,6820-R2-67275-06,6820,npd_suspicious
6820-R2-67275-06_SCXL-CS01_0..pdf,OTHER THAN SHOP MATERIALS,3,1.1/2,"Gat Flg, -, API 600, ASTM A216 Gr.WCB,150 Lbs, RF, Ends as per ASME B16.5, HO,-, Valve Tag: GA-0215",C7SNM2BC,1.0,6820-R2-67275-06,6820,npd_suspicious
6820-R2-67275-06_SCXL-CS01_0..pdf,OTHER THAN SHOP MATERIALS,4,1.1/2,"14-LIT-68200 14-LIT-68200 TYPE: INSUL THK: SHOP: FIELD: PAINT CODE: MODULE: Per LDT Per LDT N Y Per LDT - P&ID: 202998C-001-PID-0021-0321 UNIT#: EWP AREA: SPEC: STRESS CALC #: 6800 6820 SCXL-CS01 - LINE No. 1.5""-R2-67275-SCXL-CS01-H Battleground DRAWING NUMBER REV. 6820-R2-67275-06 *6820-R2-67275-06*",,1.0,6820-R2-67275-06,6820,bad_ident
6820-R2-67278-02_NOHD-NI01_0..pdf,OTHER THAN SHOP MATERIALS,4,3,"14-LIT-68250B 14-LIT-68250B TYPE: INSUL THK: SHOP: FIELD: PAINT CODE: MODULE: Per LDT Per LDT N Y Per LDT - P&ID: 202998C-001-PID-0021-0322 UNIT#: EWP AREA: SPEC: STRESS CALC #: 6800 6820 NOHD-NI01 - LINE No. 3""-R2-67278-NOHD-NI01-H Battleground DRAWING NUMBER REV. 6820-R2-67278-02 *6820-R2-67278-02*",,1.0,6820-R2-67278-02,6820,bad_ident
6820-R2-67278-03_NOHD-NI01_0..pdf,OTHER THAN SHOP MATERIALS,5,3,"14-LT-68250B 14-LT-68250B TYPE: INSUL THK: SHOP: FIELD: PAINT CODE: MODULE: Per LDT Per LDT N Y Per LDT - P&ID: 202998C-001-PID-0021-0322 UNIT#: EWP AREA: SPEC: STRESS CALC #: 6800 6820 NOHD-NI01 - LINE No. 3""-R2-67278-NOHD-NI01-H Battleground DRAWING NUMBER REV. 6820-R2-67278-03 *6820-R2-67278-03*",,1.0,6820-R2-67278-03,6820,bad_ident
6820-R2-67278-04_NOHD-NI01_0..pdf,OTHER THAN SHOP MATERIALS,5,3,"14-LT-68250A 14-LT-68250A TYPE: INSUL THK: SHOP: FIELD: PAINT CODE: MODULE: Per LDT Per LDT N Y Per LDT - P&ID: 202998C-001-PID-0021-0322 UNIT#: EWP AREA: SPEC: STRESS CALC #: 6800 6820 NOHD-NI01 - LINE No. 3""-R2-67278-NOHD-NI01-H Battleground DRAWING NUMBER REV. 6820-R2-67278-04 *6820-R2-67278-04*",,1.0,6820-R2-67278-04,6820,bad_ident
6820-R2-67281-01_NOHD-NI01_0..pdf,OTHER THAN SHOP MATERIALS,1,1.1/2,"NM Flat Gk, Barium Sulfate filled PTFE, 150 Lbs, RF as per ASME B16.5, -, Thk=1/8in, -,",C6S4K87H,2.0,6820-R2-67281-01,6820,npd_suspicious
6820-R2-67281-01_NOHD-NI01_0..pdf,OTHER THAN SHOP MATERIALS,3,1.1/2,"Plug Flg,SP, Inverted Tapered Plug, Non Lubricated, API 599, ASTM B564 UNS N02200, 150 Lbs, RF, Ends as per ASME B16.5, -, LO,-, -, Valve Tag: PL-0503_LO",C8RR9V38,1.0,6820-R2-67281-01,6820,npd_suspicious
6820-R2-67281-01_NOHD-NI01_0..pdf,OTHER THAN SHOP MATERIALS,4,1.1/2,"Bld Flg, ASME B16.5, ASTM B564 UNS N02200, 150 Lbs, RF, -, TYPE: INSUL THK: SHOP: FIELD: PAINT CODE: MODULE: L Per LDT Per LDT N Y Per LDT - P&ID: 202998C-001-PID-0021-0323 UNIT#: EWP AREA: SPEC: STRESS CALC #: 6800 6820 NOHD-NI01 - LINE No. 1.5""-R2-67281-NOHD-NI01-H Battleground DRAWING NUMBER REV. 6820-R2-67281-01 *6820-R2-67281-01*",C7T63YAW,1.0,6820-R2-67281-01,6820,npd_suspicious
6820-R2-67282-01_SCXL-CS02_0..pdf,OTHER THAN SHOP MATERIALS,1,1.1/2,"NM Flat Gk, Barium Sulfate filled PTFE, 300 Lbs, RF as per ASME B16.5, Full Face, Thk=1/8in, -,",C7W3AL3N,2.0,6820-R2-67282-01,6820,npd_suspicious
6820-R2-67282-01_SCXL-CS02_0..pdf,OTHER THAN SHOP MATERIALS,3,1.1/2,"Gat Flg, -, API 602, ASTM A105N,300 Lbs, RF, Ends as per ASME B16.5, HO,-, Valve Tag: GA-1127",C99ZZ9DG,1.0,6820-R2-67282-01,6820,npd_suspicious
6820-R2-67282-01_SCXL-CS02_0..pdf,OTHER THAN SHOP MATERIALS,4,1.1/2,"Bld Flg, ASME B16.5, ASTM A105N, 300 Lbs, RF, -, TYPE: INSUL THK: SHOP: FIELD: PAINT CODE: MODULE: L Per LDT Per LDT N Y Per LDT - P&ID: 202998C-001-PID-0021-0323 UNIT#: EWP AREA: SPEC: STRESS CALC #: 6800 6820 SCXL-CS02 - LINE No. 1.5""-R2-67282-SCXL-CS02-H Battleground DRAWING NUMBER REV. 6820-R2-67282-01 *6820-R2-67282-01*",CFG6WM71,1.0,6820-R2-67282-01,6820,npd_suspicious
6820-R2-67282-02_SCXL-CS02_0..pdf,OTHER THAN SHOP MATERIALS,1,1.1/2,"NM Flat Gk, Barium Sulfate filled PTFE, 300 Lbs, RF as per ASME B16.5, Full Face, Thk=1/8in, -,",C7W3AL3N,2.0,6820-R2-67282-02,6820,npd_suspicious
6820-R2-67282-02_SCXL-CS02_0..pdf,OTHER THAN SHOP MATERIALS,3,1.1/2,"Gat Flg, -, API 602, ASTM A105N,300 Lbs, RF, Ends as per ASME B16.5, HO,-, Valve Tag: GA-1127",C99ZZ9DG,1.0,6820-R2-67282-02,6820,npd_suspicious
6820-R2-67282-02_SCXL-CS02_0..pdf,OTHER THAN SHOP MATERIALS,4,1.1/2,"Bld Flg, ASME B16.5, ASTM A105N, 300 Lbs, RF, -, TYPE: INSUL THK: SHOP: FIELD: PAINT CODE: MODULE: L Per LDT Per LDT N Y Per LDT - P&ID: 202998C-001-PID-0021-0323 UNIT#: EWP AREA: SPEC: STRESS CALC #: 6800 6820 SCXL-CS02 - LINE No. 1.5""-R2-67282-SCXL-CS02-H Battleground DRAWING NUMBER REV. 6820-R2-67282-02 *6820-R2-67282-02*",CFG6WM71,1.0,6820-R2-67282-02,6820,npd_suspicious
6820-R2-67282-03_SCXL-CS02_0..pdf,OTHER THAN SHOP MATERIALS,1,1.1/2,"NM Flat Gk, Barium Sulfate filled PTFE, 300 Lbs, RF as per ASME B16.5, Full Face, Thk=1/8in, -,",C7W3AL3N,2.0,6820-R2-67282-03,6820,npd_suspicious
6820-R2-67282-03_SCXL-CS02_0..pdf,OTHER THAN SHOP MATERIALS,3,1.1/2,"Gat Flg, -, API 602, ASTM A105N,300 Lbs, RF, Ends as per ASME B16.5, HO,-, Valve Tag: GA-1127",C99ZZ9DG,1.0,6820-R2-67282-03,6820,npd_suspicious
6820-R2-67282-03_SCXL-CS02_0..pdf,OTHER THAN SHOP MATERIALS,4,1.1/2,"Bld Flg, ASME B16.5, ASTM A105N, 300 Lbs, RF, -, TYPE: INSUL THK: SHOP: FIELD: PAINT CODE: MODULE: L Per LDT Per LDT N Y Per LDT - P&ID: 202998C-001-PID-0021-0323 UNIT#: EWP AREA: SPEC: STRESS CALC #: 6800 6820 SCXL-CS02 - LINE No. 1.5""-R2-67282-SCXL-CS02-H Battleground DRAWING NUMBER REV. 6820-R2-67282-03 *6820-R2-67282-03*",CFG6WM71,1.0,6820-R2-67282-03,6820,npd_suspicious
6820-R2-67283-01_NOHD-NI01_0..pdf,OTHER THAN SHOP MATERIALS,1,1.1/2,"NM Flat Gk, Barium Sulfate filled PTFE, 150 Lbs, RF as per ASME B16.5, -, Thk=1/8in, -,",C6S4K87H,2.0,6820-R2-67283-01,6820,npd_suspicious
6820-R2-67283-01_NOHD-NI01_0..pdf,OTHER THAN SHOP MATERIALS,3,1.1/2,"Plug Flg,SP, Inverted Tapered Plug, Non Lubricated, API 599, ASTM B564 UNS N02200, 150 Lbs, RF, Ends as per ASME B16.5, -, LO,-, -, Valve Tag: PL-0503_LO",C8RR9V38,1.0,6820-R2-67283-01,6820,npd_suspicious
6820-R2-67283-01_NOHD-NI01_0..pdf,OTHER THAN SHOP MATERIALS,4,1.1/2,"Bld Flg, ASME B16.5, ASTM B564 UNS N02200, 150 Lbs, RF, -, TYPE: INSUL THK: SHOP: FIELD: PAINT CODE: MODULE: L Per LDT Per LDT N Y Per LDT - P&ID: 202998C-001-PID-0021-0324 UNIT#: EWP AREA: SPEC: STRESS CALC #: 6800 6820 NOHD-NI01 - LINE No. 1.5""-R2-67283-NOHD-NI01-H Battleground DRAWING NUMBER REV. 6820-R2-67283-01 *6820-R2-67283-01*",C7T63YAW,1.0,6820-R2-67283-01,6820,npd_suspicious
6820-R2-67284-01_EPCW-CS01_0..pdf,OTHER THAN SHOP MATERIALS,1,1.1/2,"Pipes, Seamless, ASME B36.10, ASTM ' A106 Gr.B, NPTM Ends, w/ coupling, -, S-XS",CEZCLVN,2.6,6820-R2-67284-01,6820,npd_suspicious
6820-R2-67284-01_EPCW-CS01_0..pdf,OTHER THAN SHOP MATERIALS,2,1.1/2,"90° Elb, ASME B16.11, ASTM A105N, 3000 Lbs, NPTF Ends, -,",C2JCKFK,2.0,6820-R2-67284-01,6820,npd_suspicious
6820-R2-67284-01_EPCW-CS01_0..pdf,OTHER THAN SHOP MATERIALS,3,1.1/2,"THD Flg, ASME B16.5, ASTM A105N, 150 Lbs, RF/NPTF End, -,",CFG8U740,4.0,6820-R2-67284-01,6820,npd_suspicious
6820-R2-67284-01_EPCW-CS01_0..pdf,OTHER THAN SHOP MATERIALS,4,1.1/2,"NM Flat Gk, Barium Sulfate filled PTFE, 150 Lbs, RF as per ASME",C7CT1ZFK,5.0,6820-R2-67284-01,6820,npd_suspicious
6820-R2-67284-01_EPCW-CS01_0..pdf,OTHER THAN SHOP MATERIALS,4,,"B16.5, Full Face, Thk=1/8in, -,",,0.0,6820-R2-67284-01,6820,bad_qty
6820-R2-67284-01_EPCW-CS01_0..pdf,OTHER THAN SHOP MATERIALS,7,1.1/2,"Gat Flg, -, API 600, ASTM A216 Gr.WCB,150 Lbs, RF, Ends as per ASME B16.5, HO,-, Valve Tag: GA-0215",C7SNM2BC,1.0,6820-R2-67284-01,6820,npd_suspicious
6820-R2-67284-01_EPCW-CS01_0..pdf,OTHER THAN SHOP MATERIALS,8,1.1/2,"14-PIT-68342 14-PIT-68342 TYPE: INSUL THK: SHOP: FIELD: PAINT CODE: MODULE: V Per LDT Per LDT N Y Per LDT - P&ID: 202998C-001-PID-0021-0324 UNIT#: EWP AREA: SPEC: STRESS CALC #: 6800 6820 EPCW-CS01 - LINE No. 1.5""-R2-67284-EPCW-CS01-H Battleground DRAWING NUMBER REV. 6820-R2-67284-01 *6820-R2-67284-01*",,1.0,6820-R2-67284-01,6820,bad_ident
6820-R2-67284-02_EPCW-CS01_0..pdf,OTHER THAN SHOP MATERIALS,1,1.1/2,"Pipes, Seamless, ASME B36.10, ASTM ' A106 Gr.B, NPTM Ends, w/ coupling, -, S-XS",CEZCLVN,5.2,6820-R2-67284-02,6820,npd_suspicious
6820-R2-67284-02_EPCW-CS01_0..pdf,OTHER THAN SHOP MATERIALS,2,1.1/2,"90° Elb, ASME B16.11, ASTM A105N, 3000 Lbs, NPTF Ends, -,",C2JCKFK,2.0,6820-R2-67284-02,6820,npd_suspicious
6820-R2-67284-02_EPCW-CS01_0..pdf,OTHER THAN SHOP MATERIALS,3,1.1/2,"THD Flg, ASME B16.5, ASTM A105N, 150 Lbs, RF/NPTF End, -,",CFG8U740,2.0,6820-R2-67284-02,6820,npd_suspicious
6820-R2-67284-02_EPCW-CS01_0..pdf,OTHER THAN SHOP MATERIALS,4,1.1/2,"NM Flat Gk, Barium Sulfate filled PTFE, 150 Lbs, RF as per ASME B16.5, Full Face, Thk=1/8in, -,",C7CT1ZFK,3.0,6820-R2-67284-02,6820,npd_suspicious
6820-R2-67284-02_EPCW-CS01_0..pdf,OTHER THAN SHOP MATERIALS,6,1.1/2,"Gat Flg, -, API 600, ASTM A216 Gr.WCB,150 Lbs, RF, Ends as per ASME B16.5, HO,-, Valve Tag: GA-0215",C7SNM2BC,1.0,6820-R2-67284-02,6820,npd_suspicious
6820-R2-67284-02_EPCW-CS01_0..pdf,PIPE SUPPORTS,7,1.1/2,PS433-1.5,PS433,1.0,6820-R2-67284-02,6820,npd_suspicious
6820-R2-67284-02_EPCW-CS01_0..pdf,PIPE SUPPORTS,8,1.1/2,PS719-G-21.45-7.84-/,PS719,1.0,6820-R2-67284-02,6820,npd_suspicious
6820-R2-67284-02_EPCW-CS01_0..pdf,PIPE SUPPORTS,150,,"TYPE: INSUL THK: SHOP: FIELD: PAINT CODE: MODULE: V Per LDT Per LDT N Y Per LDT - P&ID: 202998C-001-PID-0021-0324 UNIT#: EWP AREA: SPEC: STRESS CALC #: 6800 6820 EPCW-CS01 - LINE No. 1.5""-R2-67284-EPCW-CS01-H Battleground DRAWING NUMBER REV. 6820-R2-67284-02 *6820-R2-67284-02*",,0.0,6820-R2-67284-02,6820,bad_qty
6820-R2-67284-03_EPCW-CS01_0..pdf,OTHER THAN SHOP MATERIALS,1,1.1/2,"Pipes, Seamless, ASME B36.10, ASTM ' A106 Gr.B, NPTM Ends, w/ coupling, -, S-XS",CEZCLVN,4.9,6820-R2-67284-03,6820,npd_suspicious
6820-R2-67284-03_EPCW-CS01_0..pdf,OTHER THAN SHOP MATERIALS,2,1.1/2,"90° Elb, ASME B16.11, ASTM A105N, 3000 Lbs, NPTF Ends, -,",C2JCKFK,2.0,6820-R2-67284-03,6820,npd_suspicious
6820-R2-67284-03_EPCW-CS01_0..pdf,OTHER THAN SHOP MATERIALS,3,1.1/2,"THD Flg, ASME B16.5, ASTM A105N, 150 Lbs, RF/NPTF End, -,",CFG8U740,2.0,6820-R2-67284-03,6820,npd_suspicious
6820-R2-67284-03_EPCW-CS01_0..pdf,OTHER THAN SHOP MATERIALS,4,1.1/2,"NM Flat Gk, Barium Sulfate filled PTFE, 150 Lbs, RF as per ASME B16.5, Full Face, Thk=1/8in, -,",C7CT1ZFK,3.0,6820-R2-67284-03,6820,npd_suspicious
6820-R2-67284-03_EPCW-CS01_0..pdf,OTHER THAN SHOP MATERIALS,6,1.1/2,"Gat Flg, -, API 600, ASTM A216 Gr.WCB,150 Lbs, RF, Ends as per ASME B16.5, HO,-, Valve Tag: GA-0215",C7SNM2BC,1.0,6820-R2-67284-03,6820,npd_suspicious
6820-R2-67284-03_EPCW-CS01_0..pdf,PIPE SUPPORTS,7,1.1/2,PS709-B-21.55-8,PS709,1.0,6820-R2-67284-03,6820,npd_suspicious
6820-R2-67284-03_EPCW-CS01_0..pdf,PIPE SUPPORTS,8,1.1/2,PS433-1.5,PS433,1.0,6820-R2-67284-03,6820,npd_suspicious
6820-R2-67284-03_EPCW-CS01_0..pdf,PIPE SUPPORTS,150,,"TYPE: INSUL THK: SHOP: FIELD: PAINT CODE: MODULE: V Per LDT Per LDT N Y Per LDT - P&ID: 202998C-001-PID-0021-0324 UNIT#: EWP AREA: SPEC: STRESS CALC #: 6800 6820 EPCW-CS01 - LINE No. 1.5""-R2-67284-EPCW-CS01-H Battleground DRAWING NUMBER REV. 6820-R2-67284-03 *6820-R2-67284-03*",,0.0,6820-R2-67284-03,6820,bad_qty
6820-R2-67285-01_NOHD-NI01_0..pdf,OTHER THAN SHOP MATERIALS,1,1.1/2,"NM Flat Gk, Barium Sulfate filled PTFE, 150 Lbs, RF as per ASME B16.5, -, Thk=1/8in, -,",C6S4K87H,2.0,6820-R2-67285-01,6820,npd_suspicious
6820-R2-67285-01_NOHD-NI01_0..pdf,OTHER THAN SHOP MATERIALS,3,1.1/2,"Plug Flg,SP, Inverted Tapered Plug, Non Lubricated, API 599, ASTM B564 UNS N02200, 150 Lbs, RF, Ends as per ASME B16.5, -, LO,-, -, Valve Tag: PL-0503_LO",C8RR9V38,1.0,6820-R2-67285-01,6820,npd_suspicious
6820-R2-67285-01_NOHD-NI01_0..pdf,OTHER THAN SHOP MATERIALS,4,1.1/2,"Bld Flg, ASME B16.5, ASTM B564 UNS N02200, 150 Lbs, RF, -, TYPE: INSUL THK: SHOP: FIELD: PAINT CODE: MODULE: L Per LDT Per LDT N Y Per LDT - P&ID: 202998C-001-PID-0021-0324 UNIT#: EWP AREA: SPEC: STRESS CALC #: 6800 6820 NOHD-NI01 - LINE No. 1.5""-R2-67285-NOHD-NI01-H Battleground DRAWING NUMBER REV. 6820-R2-67285-01 *6820-R2-67285-01*",C7T63YAW,1.0,6820-R2-67285-01,6820,npd_suspicious
6820-R2-67285-02_NOHD-NI01_0..pdf,OTHER THAN SHOP MATERIALS,5,3,"14-LT-68260B 14-LT-68260B TYPE: INSUL THK: SHOP: FIELD: PAINT CODE: MODULE: L Per LDT Per LDT N Y Per LDT - P&ID: 202998C-001-PID-0021-0324 UNIT#: EWP AREA: SPEC: STRESS CALC #: 6800 6820 NOHD-NI01 - LINE No. 3""-R2-67285-NOHD-NI01-H Battleground DRAWING NUMBER REV. 6820-R2-67285-02 *6820-R2-67285-02*",,1.0,6820-R2-67285-02,6820,bad_ident
6820-R2-67285-03_NOHD-NI01_0..pdf,OTHER THAN SHOP MATERIALS,8,3,14-LIT-68260B 14-LIT-68260B,,1.0,6820-R2-67285-03,6820,bad_ident
6820-R2-67285-04_NOHD-NI01_0..pdf,OTHER THAN SHOP MATERIALS,5,3,"14-LT-68260A 14-LT-68260A TYPE: INSUL THK: SHOP: FIELD: PAINT CODE: MODULE: L Per LDT Per LDT N Y Per LDT - P&ID: 202998C-001-PID-0021-0324 UNIT#: EWP AREA: SPEC: STRESS CALC #: 6800 6820 NOHD-NI01 - LINE No. 3""-R2-67285-NOHD-NI01-H Battleground DRAWING NUMBER REV. 6820-R2-67285-04 *6820-R2-67285-04*",,1.0,6820-R2-67285-04,6820,bad_ident
6820-R2-67285-05_NOHD-NI01_0..pdf,OTHER THAN SHOP MATERIALS,8,3,14-LIT-68260A 14-LIT-68260A,,1.0,6820-R2-67285-05,6820,bad_ident
6820-R2-67286-01_NOHD-NI01_0.pdf,OTHER THAN SHOP MATERIALS,11,2,14-PIT-68352 14-PIT-68352,,1.0,6820-R2-67286-01,6820,bad_ident
6820-R2-67286-02_NOHD-NI01_0..pdf,OTHER THAN SHOP MATERIALS,5,1.1/2,"NM Flat Gk, Barium Sulfate filled PTFE, 150 Lbs, RF as per ASME B16.5, -, Thk=1/8in, -,",C6S4K87H,2.0,6820-R2-67286-02,6820,npd_suspicious
6820-R2-67286-02_NOHD-NI01_0..pdf,OTHER THAN SHOP MATERIALS,7,1.1/2,"Plug Flg,SP, Inverted Tapered Plug, Non Lubricated, API 599, ASTM B564 UNS N02200, 150 Lbs, RF, Ends as per ASME B16.5, -, LO,-, -, Valve Tag: PL-0503_LO",C8RR9V38,1.0,6820-R2-67286-02,6820,npd_suspicious
6820-R2-67287-02_NOHD-NI01_0..pdf,OTHER THAN SHOP MATERIALS,1,1.1/2,"NM Flat Gk, Barium Sulfate filled PTFE, 150 Lbs, RF as per ASME B16.5, -, Thk=1/8in, -,",C6S4K87H,2.0,6820-R2-67287-02,6820,npd_suspicious
6820-R2-67287-02_NOHD-NI01_0..pdf,OTHER THAN SHOP MATERIALS,3,1.1/2,"Plug Flg,SP, Inverted Tapered Plug, Non Lubricated, API 599, ASTM B564 UNS N02200, 150 Lbs, RF, Ends as per ASME B16.5, -, LO,-, -, Valve Tag: PL-0503_LO",C8RR9V38,1.0,6820-R2-67287-02,6820,npd_suspicious
6820-R2-67287-02_NOHD-NI01_0..pdf,OTHER THAN SHOP MATERIALS,4,1.1/2,"Bld Flg, ASME B16.5, ASTM B564 UNS N02200, 150 Lbs, RF, -, TYPE: INSUL THK: SHOP: FIELD: PAINT CODE: MODULE: L Per LDT Per LDT N Y Per LDT - P&ID: 202998C-001-PID-0021-0324 UNIT#: EWP AREA: SPEC: STRESS CALC #: 6800 6820 NOHD-NI01 - LINE No. 1.5""-R2-67287-NOHD-NI01-H Battleground DRAWING NUMBER REV. 6820-R2-67287-02 *6820-R2-67287-02*",C7T63YAW,1.0,6820-R2-67287-02,6820,npd_suspicious
6820-R2-67287-03_NOHD-NI01_0..pdf,OTHER THAN SHOP MATERIALS,1,1.1/2,"NM Flat Gk, Barium Sulfate filled PTFE, 150 Lbs, RF as per ASME B16.5, -, Thk=1/8in, -,",C6S4K87H,1.0,6820-R2-67287-03,6820,npd_suspicious
6820-R2-67287-03_NOHD-NI01_0..pdf,OTHER THAN SHOP MATERIALS,3,1.1/2,"14-TE-68412 14-TE-68412 TYPE: INSUL THK: SHOP: FIELD: PAINT CODE: MODULE: L Per LDT Per LDT N Y Per LDT - P&ID: 202998C-001-PID-0021-0324 UNIT#: EWP AREA: SPEC: STRESS CALC #: 6800 6820 NOHD-NI01 - LINE No. 1.5""-R2-67287-NOHD-NI01-H Battleground DRAWING NUMBER REV. 6820-R2-67287-03 *6820-R2-67287-03*",,1.0,6820-R2-67287-03,6820,bad_ident
6820-R2-67287-04_NOHD-NI01_0..pdf,OTHER THAN SHOP MATERIALS,1,1.1/2,"NM Flat Gk, Barium Sulfate filled PTFE, 150 Lbs, RF as per ASME B16.5, -, Thk=1/8in, -,",C6S4K87H,2.0,6820-R2-67287-04,6820,npd_suspicious
6820-R2-67287-04_NOHD-NI01_0..pdf,OTHER THAN SHOP MATERIALS,3,1.1/2,"Plug Flg,SP, Inverted Tapered Plug, Non Lubricated, API 599, ASTM B564 UNS N02200, 150 Lbs, RF, Ends as per ASME B16.5, -, LO,-, -, Valve Tag: PL-0503_LO",C8RR9V38,1.0,6820-R2-67287-04,6820,npd_suspicious
6820-R2-67287-04_NOHD-NI01_0..pdf,OTHER THAN SHOP MATERIALS,4,1.1/2,"Bld Flg, ASME B16.5, ASTM B564 UNS N02200, 150 Lbs, RF, -, TYPE: INSUL THK: SHOP: FIELD: PAINT CODE: MODULE: L Per LDT Per LDT N Y Per LDT - P&ID: 202998C-001-PID-0021-0324 UNIT#: EWP AREA: SPEC: STRESS CALC #: 6800 6820 NOHD-NI01 - LINE No. 1.5""-R2-67287-NOHD-NI01-H Battleground DRAWING NUMBER REV. 6820-R2-67287-04 *6820-R2-67287-04*",C7T63YAW,1.0,6820-R2-67287-04,6820,npd_suspicious
6820-R2-67291-01_NOHD-SS01_0..pdf,OTHER THAN SHOP MATERIALS,1,1.1/2,"NM Flat Gk, Barium Sulfate filled PTFE, 150 Lbs, RF as per ASME B16.5, -, Thk=1/8in, -,",C6S4K87H,2.0,6820-R2-67291-01,6820,npd_suspicious
6820-R2-67291-01_NOHD-SS01_0..pdf,OTHER THAN SHOP MATERIALS,3,1.1/2,"Plug Flg,SP, Tapered Plug, Non Lubricated, API 599, ASTM A351 Gr.CF8M, 150 Lbs, RF, Ends as per ASME B16.5, -, LO,-, -, Valve Tag: PL-0548",C76KHSRS,1.0,6820-R2-67291-01,6820,npd_suspicious
6820-R2-67291-01_NOHD-SS01_0..pdf,OTHER THAN SHOP MATERIALS,4,1.1/2,"Bld Flg, ASME B16.5, ASTM A182 Gr.F316L, 150 Lbs, RF, Annealed, TYPE: INSUL THK: SHOP: FIELD: PAINT CODE: MODULE: L Per LDT Per LDT N Y Per LDT - P&ID: 202998C-001-PID-0021-0326 UNIT#: EWP AREA: SPEC: STRESS CALC #: 6800 6820 NOHD-SS01 - LINE No. 1.5""-R2-67291-NOHD-SS01-H Battleground DRAWING NUMBER REV. 6820-R2-67291-01 *6820-R2-67291-01*",C80R6Y1K,1.0,6820-R2-67291-01,6820,npd_suspicious
6820-R2-67292-01_EPCW-CS01_0..pdf,OTHER THAN SHOP MATERIALS,1,1.1/2,"Pipes, Seamless, ASME B36.10, ASTM ' A106 Gr.B, NPTM Ends, w/ coupling, -, S-XS",CEZCLVN,0.9,6820-R2-67292-01,6820,npd_suspicious
6820-R2-67292-01_EPCW-CS01_0..pdf,OTHER THAN SHOP MATERIALS,2,1.1/2,"90° Elb, ASME B16.11, ASTM A105N, 3000 Lbs, NPTF Ends, -,",C2JCKFK,1.0,6820-R2-67292-01,6820,npd_suspicious
6820-R2-67292-01_EPCW-CS01_0..pdf,OTHER THAN SHOP MATERIALS,3,1.1/2,"THD Flg, ASME B16.5, ASTM A105N, 150 Lbs, RF/NPTF End, -,",CFG8U740,2.0,6820-R2-67292-01,6820,npd_suspicious
6820-R2-67292-01_EPCW-CS01_0..pdf,OTHER THAN SHOP MATERIALS,4,1.1/2,"NM Flat Gk, Barium Sulfate filled PTFE, 150 Lbs, RF as per ASME B16.5, Full Face, Thk=1/8in, -,",C7CT1ZFK,4.0,6820-R2-67292-01,6820,npd_suspicious
6820-R2-67292-01_EPCW-CS01_0..pdf,OTHER THAN SHOP MATERIALS,7,1.1/2,"Gat Flg, -, API 600, ASTM A216 Gr.WCB,150 Lbs, RF, Ends as per ASME B16.5, HO,-, Valve Tag: GA-0215",C7SNM2BC,1.0,6820-R2-67292-01,6820,npd_suspicious
6820-R2-67292-01_EPCW-CS01_0..pdf,OTHER THAN SHOP MATERIALS,8,1.1/2,"14-PIT-68343 14-PIT-68343 TYPE: INSUL THK: SHOP: FIELD: PAINT CODE: MODULE: V Per LDT Per LDT N Y Per LDT - P&ID: 202998C-001-PID-0021-0326 UNIT#: EWP AREA: SPEC: STRESS CALC #: 6800 6820 EPCW-CS01 - LINE No. 1.5""-R2-67292-EPCW-CS01-H Battleground DRAWING NUMBER REV. 6820-R2-67292-01 *6820-R2-67292-01*",,1.0,6820-R2-67292-01,6820,bad_ident
6820-R2-67293-01_NOHD-SS01_0..pdf,OTHER THAN SHOP MATERIALS,1,1.1/2,"NM Flat Gk, Barium Sulfate filled PTFE, 150 Lbs, RF as per ASME B16.5, -, Thk=1/8in, -,",C6S4K87H,2.0,6820-R2-67293-01,6820,npd_suspicious
6820-R2-67293-01_NOHD-SS01_0..pdf,OTHER THAN SHOP MATERIALS,3,1.1/2,"Plug Flg,SP, Tapered Plug, Non Lubricated, API 599, ASTM A351 Gr.CF8M, 150 Lbs, RF, Ends as per ASME B16.5, -, LO,-, -, Valve Tag: PL-0548",C76KHSRS,1.0,6820-R2-67293-01,6820,npd_suspicious
6820-R2-67293-01_NOHD-SS01_0..pdf,OTHER THAN SHOP MATERIALS,4,1.1/2,"Bld Flg, ASME B16.5, ASTM A182 Gr.F316L, 150 Lbs, RF, Annealed, TYPE: INSUL THK: SHOP: FIELD: PAINT CODE: MODULE: L Per LDT Per LDT N Y Per LDT - P&ID: 202998C-001-PID-0021-0326 UNIT#: EWP AREA: SPEC: STRESS CALC #: 6800 6820 NOHD-SS01 - LINE No. 1.5""-R2-67293-NOHD-SS01-H Battleground DRAWING NUMBER REV. 6820-R2-67293-01 *6820-R2-67293-01*",C80R6Y1K,1.0,6820-R2-67293-01,6820,npd_suspicious
6820-R2-67293-02_NOHD-SS01_0..pdf,OTHER THAN SHOP MATERIALS,5,3,"14-LT-68270A 14-LT-68270A TYPE: INSUL THK: SHOP: FIELD: PAINT CODE: MODULE: L Per LDT Per LDT N Y Per LDT - P&ID: 202998C-001-PID-0021-0326 UNIT#: EWP AREA: SPEC: STRESS CALC #: 6800 6820 NOHD-SS01 - LINE No. 3""-R2-67293-NOHD-SS01-H Battleground DRAWING NUMBER REV. 6820-R2-67293-02 *6820-R2-67293-02*",,1.0,6820-R2-67293-02,6820,bad_ident
6820-R2-67293-03_NOHD-SS01_0..pdf,OTHER THAN SHOP MATERIALS,9,3,14-LIT-68270B 14-LIT-68270B,,1.0,6820-R2-67293-03,6820,bad_ident
6820-R2-67293-04_NOHD-SS01_0..pdf,OTHER THAN SHOP MATERIALS,9,3,14-LIT-68270A 14-LIT-68270A,,1.0,6820-R2-67293-04,6820,bad_ident
6820-R2-67293-05_NOHD-SS01_0..pdf,OTHER THAN SHOP MATERIALS,5,3,"14-LT-68270B 14-LT-68270B TYPE: INSUL THK: SHOP: FIELD: PAINT CODE: MODULE: L Per LDT Per LDT N Y Per LDT - P&ID: 202998C-001-PID-0021-0326 UNIT#: EWP AREA: SPEC: STRESS CALC #: 6800 6820 NOHD-SS01 - LINE No. 3""-R2-67293-NOHD-SS01-H Battleground DRAWING NUMBER REV. 6820-R2-67293-05 *6820-R2-67293-05*",,1.0,6820-R2-67293-05,6820,bad_ident
6820-R2-67294-02_NOHD-NI01_0..pdf,OTHER THAN SHOP MATERIALS,1,1.1/2,"NM Flat Gk, Barium Sulfate filled PTFE, 150 Lbs, RF as per ASME B16.5, -, Thk=1/8in, -,",C6S4K87H,2.0,6820-R2-67294-02,6820,npd_suspicious
6820-R2-67294-02_NOHD-NI01_0..pdf,OTHER THAN SHOP MATERIALS,3,1.1/2,"Plug Flg,SP, Inverted Tapered Plug, Non Lubricated, API 599, ASTM B564 UNS N02200, 150 Lbs, RF, Ends as per ASME B16.5, -, LO,-, -, Valve Tag: PL-0503_LO",C8RR9V38,1.0,6820-R2-67294-02,6820,npd_suspicious
6820-R2-67294-02_NOHD-NI01_0..pdf,OTHER THAN SHOP MATERIALS,4,1.1/2,"Bld Flg, ASME B16.5, ASTM B564 UNS N02200, 150 Lbs, RF, -, TYPE: INSUL THK: SHOP: FIELD: PAINT CODE: MODULE: L Per LDT Per LDT N Y Per LDT - P&ID: 202998C-001-PID-0021-0326 UNIT#: EWP AREA: SPEC: STRESS CALC #: 6800 6820 NOHD-NI01 - LINE No. 1.5""-R2-67294-NOHD-NI01-P Battleground DRAWING NUMBER REV. 6820-R2-67294-02 *6820-R2-67294-02*",C7T63YAW,1.0,6820-R2-67294-02,6820,npd_suspicious
6820-R2-67294-03_NOHD-NI01_0..pdf,OTHER THAN SHOP MATERIALS,1,1.1/2,"NM Flat Gk, Barium Sulfate filled PTFE, 150 Lbs, RF as per ASME B16.5, -, Thk=1/8in, -,",C6S4K87H,1.0,6820-R2-67294-03,6820,npd_suspicious
6820-R2-67294-03_NOHD-NI01_0..pdf,OTHER THAN SHOP MATERIALS,3,1.1/2,"14-TE-68413 14-TE-68413 TYPE: INSUL THK: SHOP: FIELD: PAINT CODE: MODULE: L Per LDT Per LDT N Y Per LDT - P&ID: 202998C-001-PID-0021-0326 UNIT#: EWP AREA: SPEC: STRESS CALC #: 6800 6820 NOHD-NI01 - LINE No. 1.5""-R2-67294-NOHD-NI01-P Battleground DRAWING NUMBER REV. 6820-R2-67294-03 *6820-R2-67294-03*",,1.0,6820-R2-67294-03,6820,bad_ident
6820-R2-67294-04_NOHD-NI01_0..pdf,OTHER THAN SHOP MATERIALS,1,1.1/2,"NM Flat Gk, Barium Sulfate filled PTFE, 150 Lbs, RF as per ASME B16.5, -, Thk=1/8in, -,",C6S4K87H,2.0,6820-R2-67294-04,6820,npd_suspicious
6820-R2-67294-04_NOHD-NI01_0..pdf,OTHER THAN SHOP MATERIALS,3,1.1/2,"Plug Flg,SP, Inverted Tapered Plug, Non Lubricated, API 599, ASTM B564 UNS N02200, 150 Lbs, RF, Ends as per ASME B16.5, -, LO,-, -, Valve Tag: PL-0503_LO",C8RR9V38,1.0,6820-R2-67294-04,6820,npd_suspicious
6820-R2-67294-04_NOHD-NI01_0..pdf,OTHER THAN SHOP MATERIALS,4,1.1/2,"Bld Flg, ASME B16.5, ASTM B564 UNS N02200, 150 Lbs, RF, -, TYPE: INSUL THK: SHOP: FIELD: PAINT CODE: MODULE: L Per LDT Per LDT N Y Per LDT - P&ID: 202998C-001-PID-0021-0326 UNIT#: EWP AREA: SPEC: STRESS CALC #: 6800 6820 NOHD-NI01 - LINE No. 1.5""-R2-67294-NOHD-NI01-P Battleground DRAWING NUMBER REV. 6820-R2-67294-04 *6820-R2-67294-04*",C7T63YAW,1.0,6820-R2-67294-04,6820,npd_suspicious
6820-R2-67296-01_EPCL-SS01_0..pdf,OTHER THAN SHOP MATERIALS,1,1.1/2,"NM Flat Gk, Barium Sulfate filled PTFE, 150 Lbs, RF as per ASME B16.5, Full Face, Thk=1/8in, -,",C7CT1ZFK,2.0,6820-R2-67296-01,6820,npd_suspicious
6820-R2-67296-01_EPCL-SS01_0..pdf,OTHER THAN SHOP MATERIALS,3,1.1/2,"Plug Flg,SP, Tapered Plug, Non Lubricated, API 599, ASTM A351 Gr.CF8M, 150 Lbs, RF, Ends as per ASME B16.5, -, LO,-, -, Valve Tag: PL-0548 TYPE: INSUL THK: SHOP: FIELD: PAINT CODE: MODULE: Per LDT Per LDT N Y Per LDT - P&ID: 202998C-001-PID-0021-0329 UNIT#: EWP AREA: SPEC: STRESS CALC #: 6800 6820 EPCL-SS01 - LINE No. 1.5""-R2-67296-EPCL-SS01-H Battleground DRAWING NUMBER REV. 6820-R2-67296-01 *6820-R2-67296-01*",C76KHSRS,1.0,6820-R2-67296-01,6820,npd_suspicious
6820-R2-67296-02_EPCL-SS01_0..pdf,OTHER THAN SHOP MATERIALS,1,1.1/2,"NM Flat Gk, Barium Sulfate filled PTFE, 150 Lbs, RF as per ASME B16.5, Full Face, Thk=1/8in, -,",C7CT1ZFK,2.0,6820-R2-67296-02,6820,npd_suspicious
6820-R2-67296-02_EPCL-SS01_0..pdf,OTHER THAN SHOP MATERIALS,3,1.1/2,"Plug Flg,SP, Tapered Plug, Non Lubricated, API 599, ASTM A351 Gr.CF8M, 150 Lbs, RF, Ends as per ASME B16.5, -, LO,-, -, Valve Tag: PL-0548 TYPE: INSUL THK: SHOP: FIELD: PAINT CODE: MODULE: Per LDT Per LDT N Y Per LDT - P&ID: 202998C-001-PID-0021-0329 UNIT#: EWP AREA: SPEC: STRESS CALC #: 6800 6820 EPCL-SS01 - LINE No. 1.5""-R2-67296-EPCL-SS01-H Battleground DRAWING NUMBER REV. 6820-R2-67296-02 *6820-R2-67296-02*",C76KHSRS,1.0,6820-R2-67296-02,6820,npd_suspicious
6820-R2-67296-05_EPCL-SS01_0..pdf,OTHER THAN SHOP MATERIALS,1,1.1/2,"NM Flat Gk, Barium Sulfate filled PTFE, 150 Lbs, RF as per ASME B16.5, Full Face, Thk=1/8in, -,",C7CT1ZFK,2.0,6820-R2-67296-05,6820,npd_suspicious
6820-R2-67296-05_EPCL-SS01_0..pdf,OTHER THAN SHOP MATERIALS,3,1.1/2,"Plug Flg,SP, Tapered Plug, Non Lubricated, API 599, ASTM A351 Gr.CF8M, 150 Lbs, RF, Ends as per ASME B16.5, -, LO,-, -, Valve Tag: PL-0548",C76KHSRS,1.0,6820-R2-67296-05,6820,npd_suspicious
6820-R2-67296-05_EPCL-SS01_0..pdf,OTHER THAN SHOP MATERIALS,4,1.1/2,"14-LIT-68280 14-LIT-68280 TYPE: INSUL THK: SHOP: FIELD: PAINT CODE: MODULE: Per LDT Per LDT N Y Per LDT - P&ID: 202998C-001-PID-0021-0329 UNIT#: EWP AREA: SPEC: STRESS CALC #: 6800 6820 EPCL-SS01 - LINE No. 1.5""-R2-67296-EPCL-SS01-H Battleground DRAWING NUMBER REV. 6820-R2-67296-05 *6820-R2-67296-05*",,1.0,6820-R2-67296-05,6820,bad_ident
6820-R2-67296-06_EPCL-SS01_0..pdf,OTHER THAN SHOP MATERIALS,1,1.1/2,"NM Flat Gk, Barium Sulfate filled PTFE, 150 Lbs, RF as per ASME B16.5, Full Face, Thk=1/8in, -,",C7CT1ZFK,2.0,6820-R2-67296-06,6820,npd_suspicious
6820-R2-67296-06_EPCL-SS01_0..pdf,OTHER THAN SHOP MATERIALS,3,1.1/2,"Plug Flg,SP, Tapered Plug, Non Lubricated, API 599, ASTM A351 Gr.CF8M, 150 Lbs, RF, Ends as per ASME B16.5, -, LO,-, -, Valve Tag: PL-0548",C76KHSRS,1.0,6820-R2-67296-06,6820,npd_suspicious
6820-R2-67296-06_EPCL-SS01_0..pdf,OTHER THAN SHOP MATERIALS,4,1.1/2,"14-LIT-68280 14-LIT-68280 TYPE: INSUL THK: SHOP: FIELD: PAINT CODE: MODULE: Per LDT Per LDT N Y Per LDT - P&ID: 202998C-001-PID-0021-0329 UNIT#: EWP AREA: SPEC: STRESS CALC #: 6800 6820 EPCL-SS01 - LINE No. 1.5""-R2-67296-EPCL-SS01-H Battleground DRAWING NUMBER REV. 6820-R2-67296-06 *6820-R2-67296-06*",,1.0,6820-R2-67296-06,6820,bad_ident
6820-R2-67299-01_EPCW-CS01_1..pdf,OTHER THAN SHOP MATERIALS,6,1.1/4,"SBlt 2 HHx N, A193 Gr.B7/A194 Gr.2H, -, Xylan PTFE Coated, - 7 in. Length",C6S4K8J1,40.0,6820-R2-67299-01,6820,npd_suspicious
6820-R2-67299-01_EPCW-CS01_1..pdf,OTHER THAN SHOP MATERIALS,7,1.1/4,"SBlt 2 HHx N, A193 Gr.B7/A194 Gr.2H, -, Xylan PTFE Coated, - 7.25 in. Length",C6S4K8J2,20.0,6820-R2-67299-01,6820,npd_suspicious
6820-R2-67299-02_EPCW-CS01_0..pdf,OTHER THAN SHOP MATERIALS,6,1.1/4,"SBlt 2 HHx N, A193 Gr.B7/A194 Gr.2H, -, Xylan PTFE Coated, - 7 in. Length",C6S4K8J1,20.0,6820-R2-67299-02,6820,npd_suspicious
6820-R2-67301-01_NOHD-NI01_0..pdf,OTHER THAN SHOP MATERIALS,1,1.1/2,"NM Flat Gk, Barium Sulfate filled PTFE, 150 Lbs, RF as per ASME B16.5, -, Thk=1/8in, -,",C6S4K87H,2.0,6820-R2-67301-01,6820,npd_suspicious
6820-R2-67301-01_NOHD-NI01_0..pdf,OTHER THAN SHOP MATERIALS,3,1.1/2,"Plug Flg,SP, Inverted Tapered Plug, Non Lubricated, API 599, ASTM B564 UNS N02200, 150 Lbs, RF, Ends as per ASME B16.5, -, LO,-, -, Valve Tag: PL-0503_LO TYPE: INSUL THK: SHOP: FIELD: PAINT CODE: MODULE: L Per LDT Per LDT N Y Per LDT - P&ID: 202998C-001-PID-0021-0320 UNIT#: EWP AREA: SPEC: STRESS CALC #: 6800 6820 NOHD-NI01 - LINE No. 1.5""-R2-67301-NOHD-NI01-H Battleground DRAWING NUMBER REV. 6820-R2-67301-01 *6820-R2-67301-01*",C8RR9V38,1.0,6820-R2-67301-01,6820,npd_suspicious
6820-R2-67303-01_NOHD-NI01_0..pdf,OTHER THAN SHOP MATERIALS,1,1.1/2,"NM Flat Gk, Barium Sulfate filled PTFE, 150 Lbs, RF as per ASME B16.5, -, Thk=1/8in, -,",C6S4K87H,2.0,6820-R2-67303-01,6820,npd_suspicious
6820-R2-67303-01_NOHD-NI01_0..pdf,OTHER THAN SHOP MATERIALS,3,1.1/2,"Plug Flg,SP, Inverted Tapered Plug, Non Lubricated, API 599, ASTM B564 UNS N02200, 150 Lbs, RF, Ends as per ASME B16.5, -, LO,-, -, Valve Tag: PL-0503_LO TYPE: INSUL THK: SHOP: FIELD: PAINT CODE: MODULE: L Per LDT Per LDT N Y Per LDT - P&ID: 202998C-001-PID-0021-0324 UNIT#: EWP AREA: SPEC: STRESS CALC #: 6800 6820 NOHD-NI01 - LINE No. 1.5""-R2-67303-NOHD-NI01-H Battleground DRAWING NUMBER REV. 6820-R2-67303-01 *6820-R2-67303-01*",C8RR9V38,1.0,6820-R2-67303-01,6820,npd_suspicious
6820-R2-67305-01_NOHD-SS01_0..pdf,OTHER THAN SHOP MATERIALS,1,1.1/2,"NM Flat Gk, Barium Sulfate filled PTFE, 150 Lbs, RF as per ASME B16.5, -, Thk=1/8in, -,",C6S4K87H,2.0,6820-R2-67305-01,6820,npd_suspicious
6820-R2-67305-01_NOHD-SS01_0..pdf,OTHER THAN SHOP MATERIALS,3,1.1/2,"Plug Flg,SP, Tapered Plug, Non Lubricated, API 599, ASTM A351 Gr.CF8M, 150 Lbs, RF, Ends as per ASME B16.5, -, LO,-, -, Valve Tag: PL-0548 TYPE: INSUL THK: SHOP: FIELD: PAINT CODE: MODULE: L Per LDT Per LDT N Y Per LDT - P&ID: 202998C-001-PID-0021-0326 UNIT#: EWP AREA: SPEC: STRESS CALC #: 6800 6820 NOHD-SS01 - LINE No. 1.5""-R2-67305-NOHD-SS01-H Battleground DRAWING NUMBER REV. 6820-R2-67305-01 *6820-R2-67305-01*",C76KHSRS,1.0,6820-R2-67305-01,6820,npd_suspicious
6820-R2-67308-01_NOHD-NI01_0..pdf,OTHER THAN SHOP MATERIALS,5,1.1/2,"NM Flat Gk, Barium Sulfate filled PTFE, 150 Lbs, RF as per ASME B16.5, -, Thk=1/8in, -,",C6S4K87H,2.0,6820-R2-67308-01,6820,npd_suspicious
6820-R2-67309-01_NOHD-NI01_1..pdf,OTHER THAN SHOP MATERIALS,5,1.1/2,"NM Flat Gk, Barium Sulfate filled PTFE, 150 Lbs, RF as per ASME B16.5, -, Thk=1/8in, -,",C6S4K87H,2.0,6820-R2-67309-01,6820,npd_suspicious
6820-R2-67310-01_NOHD-NI01_0..pdf,OTHER THAN SHOP MATERIALS,5,1.1/2,"NM Flat Gk, Barium Sulfate filled PTFE, 150 Lbs, RF as per ASME B16.5, -, Thk=1/8in, -,",C6S4K87H,2.0,6820-R2-67310-01,6820,npd_suspicious
6820-R2-67312-01_CTWL-CS01_0..pdf,OTHER THAN SHOP MATERIALS,3,1X1,"Eq Te, ASME B16.11, ASTM A105N Galv. as per ASTM A153, 3000 Lbs, NPTF Ends, -,",C1DR2HU,1.0,6820-R2-67312-01,6820,npd_suspicious
6820-R2-67312-01_CTWL-CS01_0..pdf,OTHER THAN SHOP MATERIALS,4,1X1/2,"Concentric swage, MSS SP-95, ASTM A234 Gr.WPB Galv. as per ASTM A153,NPTM Ends,-, -, S-XS",CDFD3U7Y,1.0,6820-R2-67312-01,6820,npd_suspicious
6820-R2-67313-02_CTWL-CS01_0..pdf,OTHER THAN SHOP MATERIALS,2,1X1,"Eq Te, ASME B16.11, ASTM A105N Galv. as per ASTM A153, 3000 Lbs, NPTF Ends, -,",C1DR2HU,1.0,6820-R2-67313-02,6820,npd_suspicious
6820-R2-67313-03_CTWL-CS01_0..pdf,OTHER THAN SHOP MATERIALS,3,1X1,"Eq Te, ASME B16.11, ASTM A105N Galv. as per ASTM A153, 3000 Lbs, NPTF Ends, -,",C1DR2HU,1.0,6820-R2-67313-03,6820,npd_suspicious
6820-R2-67313-03_CTWL-CS01_0..pdf,OTHER THAN SHOP MATERIALS,4,1X1/2,"Concentric swage, MSS SP-95, ASTM A234 Gr.WPB Galv. as per ASTM A153,NPTM Ends,-, -, S-XS",CDFD3U7Y,1.0,6820-R2-67313-03,6820,npd_suspicious
6820-R2-67314-01_CTWL-CS01_0..pdf,OTHER THAN SHOP MATERIALS,3,1X1,"Eq Te, ASME B16.11, ASTM A105N Galv. as per ASTM A153, 3000 Lbs, NPTF Ends, -,",C1DR2HU,1.0,6820-R2-67314-01,6820,npd_suspicious
6820-R2-67314-01_CTWL-CS01_0..pdf,OTHER THAN SHOP MATERIALS,4,1X1/2,"Concentric swage, MSS SP-95, ASTM A234 Gr.WPB Galv. as per ASTM A153,NPTM Ends,-, -, S-XS",CDFD3U7Y,1.0,6820-R2-67314-01,6820,npd_suspicious
6820-R2-67315-02_CTWL-CS01_0..pdf,OTHER THAN SHOP MATERIALS,2,1X1,"Eq Te, ASME B16.11, ASTM A105N Galv. as per ASTM A153, 3000 Lbs, NPTF Ends, -,",C1DR2HU,1.0,6820-R2-67315-02,6820,npd_suspicious
6820-R2-67315-03_CTWL-CS01_0..pdf,OTHER THAN SHOP MATERIALS,3,1X1,"Eq Te, ASME B16.11, ASTM A105N Galv. as per ASTM A153, 3000 Lbs, NPTF Ends, -,",C1DR2HU,1.0,6820-R2-67315-03,6820,npd_suspicious
6820-R2-67315-03_CTWL-CS01_0..pdf,OTHER THAN SHOP MATERIALS,4,1X1/2,"Concentric swage, MSS SP-95, ASTM A234 Gr.WPB Galv. as per ASTM A153,NPTM Ends,-, -, S-XS",CDFD3U7Y,1.0,6820-R2-67315-03,6820,npd_suspicious
6820-R2-67318-02_SIPG-CS01_0..pdf,OTHER THAN SHOP MATERIALS,9,10X6,14-PSV-68909B 14-PSV-68909B,,1.0,6820-R2-67318-02,6820,bad_ident
6820-R2-67320-02_SIPG-CS01_0..pdf,OTHER THAN SHOP MATERIALS,9,10X6,14-PSV-68909A 14-PSV-68909A,,1.0,6820-R2-67320-02,6820,bad_ident
6820-R2-67321-01_NOHD-NI01_0..pdf,OTHER THAN SHOP MATERIALS,13,1X3/4,14-PSV-68359 14-PSV-68359,,1.0,6820-R2-67321-01,6820,bad_ident
6820-R2-67322-01_NOHD-NI01_0..pdf,OTHER THAN SHOP MATERIALS,17,2X1,14-PSV-68719 14-PSV-68719,,1.0,6820-R2-67322-01,6820,bad_ident
6820-R2-67323-01_NOHD-NI01_0..pdf,OTHER THAN SHOP MATERIALS,13,1X3/4,14-PSV-68729 14-PSV-68729,,1.0,6820-R2-67323-01,6820,bad_ident
6820-R2-67325-01_POWL-XX01_0..pdf,OTHER THAN SHOP MATERIALS,1,1.1/2,"Pipes, Seamless, ASME B36.10, ASTM ' A106 Gr.B Galv. as per ASTM A153, NPTM Ends, w/ coupling, NSF-61 Cert, S-XS",C76SD255,62.0,6820-R2-67325-01,6820,npd_suspicious
6820-R2-67325-01_POWL-XX01_0..pdf,OTHER THAN SHOP MATERIALS,2,1.1/2,"45° Elb, ASME B16.3, ASTM A197 Galv. as per ASTM A153, 150 Lbs, NPTF Ends, NSF-61 Cert.,",C76SD2FG,2.0,6820-R2-67325-01,6820,npd_suspicious
6820-R2-67325-01_POWL-XX01_0..pdf,OTHER THAN SHOP MATERIALS,3,1.1/2,"90° Elb, ASME B16.3, ASTM A197 Galv. as per ASTM A153, 150 Lbs, NPTF Ends, NSF-61 Cert.,",C76SDEP7,3.0,6820-R2-67325-01,6820,npd_suspicious
6820-R2-67325-01_POWL-XX01_0..pdf,OTHER THAN SHOP MATERIALS,4,1.1/2,"Full Coup, ASME B16.3, ASTM A197 Galv. as per ASTM A153, 150 Lbs, NPTF Ends, NSF-61 Cert.,",C76SDEMA,1.0,6820-R2-67325-01,6820,npd_suspicious
6820-R2-67325-01_POWL-XX01_0..pdf,PIPE SUPPORTS,5,1.1/2,PS210-1.5,PS210,1.0,6820-R2-67325-01,6820,npd_suspicious
6820-R2-67325-01_POWL-XX01_0..pdf,PIPE SUPPORTS,6,1.1/2,PS433-1.5,PS433,5.0,6820-R2-67325-01,6820,npd_suspicious
6820-R2-67325-01_POWL-XX01_0..pdf,PIPE SUPPORTS,7,1.1/2,PS201-1.5,PS201,5.0,6820-R2-67325-01,6820,npd_suspicious
6820-R2-67325-01_POWL-XX01_0..pdf,PIPE SUPPORTS,8,1.1/2,PS211-1.5,PS211,1.0,6820-R2-67325-01,6820,npd_suspicious
6820-R2-67325-01_POWL-XX01_0..pdf,PIPE SUPPORTS,9,1.1/2,"PS718-A-40-22.75 TYPE: INSUL THK: SHOP: FIELD: PAINT CODE: MODULE: L Per LDT Per LDT N Y Per LDT - P&ID: 202998C-001-PID-0021-0334 UNIT#: EWP AREA: SPEC: STRESS CALC #: 6800 6820 POWL-XX01 - LINE No. 1.5""-R2-67325-POWL-XX01-N Battleground DRAWING NUMBER REV. 6820-R2-67325-01 *6820-R2-67325-01*",PS718,1.0,6820-R2-67325-01,6820,npd_suspicious
6820-R2-67325-02_POWL-XX01_0..pdf,OTHER THAN SHOP MATERIALS,1,1.1/2,"Pipes, Seamless, ASME B36.10, ASTM ' A106 Gr.B Galv. as per ASTM A153, NPTM Ends, w/ coupling, NSF-61 Cert, S-XS",C76SD255,3.7,6820-R2-67325-02,6820,npd_suspicious
6820-R2-67325-02_POWL-XX01_0..pdf,OTHER THAN SHOP MATERIALS,2,1.1/2,"Full Coup, ASME B16.3, ASTM A197 Galv. as per ASTM A153, 150 Lbs, NPTF Ends, NSF-61 Cert.,",C76SDEMA,1.0,6820-R2-67325-02,6820,npd_suspicious
6820-R2-67325-02_POWL-XX01_0..pdf,OTHER THAN SHOP MATERIALS,3,1.1/2,"Union, ASME B16.39, ASTM A197 Galv. as per ASTM A153, 150 Lbs, NPTF Ends, NSF-61 Cert.,",C76SDEN4,1.0,6820-R2-67325-02,6820,npd_suspicious
6820-R2-67325-02_POWL-XX01_0..pdf,OTHER THAN SHOP MATERIALS,4,1.1/2,"90° Elb, ASME B16.3, ASTM A197 Galv. as per ASTM A153, 150 Lbs, NPTF Ends, NSF-61 Cert.,",C76SDEP7,1.0,6820-R2-67325-02,6820,npd_suspicious
6820-R2-67325-02_POWL-XX01_0..pdf,OTHER THAN SHOP MATERIALS,5,1.1/2,"Bal Fem,FB, MSS SP-110, ASTM A351 Gr.CF8M,1000 PSI CWP, NPTF Ends, LO,NSF-61 Cert, Valve Tag: BA-1196 TYPE: INSUL THK: SHOP: FIELD: PAINT CODE: MODULE: L Per LDT Per LDT N Y Per LDT - P&ID: 202998C-001-PID-0021-0334 UNIT#: EWP AREA: SPEC: STRESS CALC #: 6800 6820 POWL-XX01 - LINE No. 1.5""-R2-67325-POWL-XX01-N Battleground DRAWING NUMBER REV. 6820-R2-67325-02 *6820-R2-67325-02*",C9AYWETH,1.0,6820-R2-67325-02,6820,npd_suspicious
6820-R2-67326-01_POWL-XX01_0..pdf,OTHER THAN SHOP MATERIALS,1,1.1/2,"Pipes, Seamless, ASME B36.10, ASTM ' A106 Gr.B Galv. as per ASTM A153, NPTM Ends, w/ coupling, NSF-61 Cert, S-XS",C76SD255,6.8,6820-R2-67326-01,6820,npd_suspicious
6820-R2-67326-01_POWL-XX01_0..pdf,OTHER THAN SHOP MATERIALS,2,1.1/2,"Union, ASME B16.39, ASTM A197 Galv. as per ASTM A153, 150 Lbs, NPTF Ends, NSF-61 Cert.,",C76SDEN4,1.0,6820-R2-67326-01,6820,npd_suspicious
6820-R2-67326-01_POWL-XX01_0..pdf,OTHER THAN SHOP MATERIALS,3,1.1/2,"90° Elb, ASME B16.3, ASTM A197 Galv. as per ASTM A153, 150 Lbs, NPTF Ends, NSF-61 Cert.,",C76SDEP7,2.0,6820-R2-67326-01,6820,npd_suspicious
6820-R2-67326-01_POWL-XX01_0..pdf,PIPE SUPPORTS,4,1.1/2,PS713-E-11,PS713,1.0,6820-R2-67326-01,6820,npd_suspicious
6820-R2-67326-01_POWL-XX01_0..pdf,PIPE SUPPORTS,5,1.1/2,"PS210-1.5 TYPE: INSUL THK: SHOP: FIELD: PAINT CODE: MODULE: L Per LDT Per LDT N Y Per LDT - P&ID: 202998C-001-PID-0021-0334 UNIT#: EWP AREA: SPEC: STRESS CALC #: 6800 6820 POWL-XX01 - LINE No. 1.5""-R2-67326-POWL-XX01-N Battleground DRAWING NUMBER REV. 6820-R2-67326-01 *6820-R2-67326-01*",PS210,1.0,6820-R2-67326-01,6820,npd_suspicious
6820-R2-67326-02_POWL-XX01_0..pdf,OTHER THAN SHOP MATERIALS,1,1.1/2,"Pipes, Seamless, ASME B36.10, ASTM ' A106 Gr.B Galv. as per ASTM A153, NPTM Ends, w/ coupling, NSF-61 Cert, S-XS",C76SD255,20.0,6820-R2-67326-02,6820,npd_suspicious
6820-R2-67326-02_POWL-XX01_0..pdf,OTHER THAN SHOP MATERIALS,2,1.1/2,"Full Coup, ASME B16.3, ASTM A197 Galv. as per ASTM A153, 150 Lbs, NPTF Ends, NSF-61 Cert.,",C76SDEMA,1.0,6820-R2-67326-02,6820,npd_suspicious
6820-R2-67326-02_POWL-XX01_0..pdf,OTHER THAN SHOP MATERIALS,3,1.1/2,"90° Elb, ASME B16.3, ASTM A197 Galv. as per ASTM A153, 150 Lbs, NPTF Ends, NSF-61 Cert.,",C76SDEP7,1.0,6820-R2-67326-02,6820,npd_suspicious
6820-R2-67326-02_POWL-XX01_0..pdf,PIPE SUPPORTS,3,,,,0.0,6820-R2-67326-02,6820,bad_qty
6820-R2-67326-02_POWL-XX01_0..pdf,PIPE SUPPORTS,4,1.1/2,PS433-1.5,PS433,3.0,6820-R2-67326-02,6820,npd_suspicious
6820-R2-67326-02_POWL-XX01_0..pdf,PIPE SUPPORTS,5,1.1/2,PS201-1.5,PS201,3.0,6820-R2-67326-02,6820,npd_suspicious
6820-R2-67326-02_POWL-XX01_0..pdf,PIPE SUPPORTS,6,1.1/2,"PS719-H-21.49-11-/ TYPE: INSUL THK: SHOP: FIELD: PAINT CODE: MODULE: L Per LDT Per LDT N Y Per LDT - P&ID: 202998C-001-PID-0021-0334 UNIT#: EWP AREA: SPEC: STRESS CALC #: 6800 6820 POWL-XX01 - LINE No. 1.5""-R2-67326-POWL-XX01-N Battleground DRAWING NUMBER REV. 6820-R2-67326-02 *6820-R2-67326-02*",PS719,3.0,6820-R2-67326-02,6820,npd_suspicious
6820-R2-67326-03_POWL-XX01_0..pdf,OTHER THAN SHOP MATERIALS,1,1.1/2,"Pipes, Seamless, ASME B36.10, ASTM ' A106 Gr.B Galv. as per ASTM A153, NPTM Ends, w/ coupling, NSF-61 Cert, S-XS",C76SD255,33.3,6820-R2-67326-03,6820,npd_suspicious
6820-R2-67326-03_POWL-XX01_0..pdf,OTHER THAN SHOP MATERIALS,2,1.1/2,"90° Elb, ASME B16.3, ASTM A197 Galv. as per ASTM A153, 150 Lbs, NPTF Ends, NSF-61 Cert.,",C76SDEP7,2.0,6820-R2-67326-03,6820,npd_suspicious
6820-R2-67326-03_POWL-XX01_0..pdf,PIPE SUPPORTS,3,1.1/2,PS720-E-38-38-/,PS720,1.0,6820-R2-67326-03,6820,npd_suspicious
6820-R2-67326-03_POWL-XX01_0..pdf,PIPE SUPPORTS,4,1.1/2,PS210-1.5,PS210,1.0,6820-R2-67326-03,6820,npd_suspicious
6820-R2-67326-03_POWL-XX01_0..pdf,PIPE SUPPORTS,5,1.1/2,PS433-1.5,PS433,2.0,6820-R2-67326-03,6820,npd_suspicious
6820-R2-67326-03_POWL-XX01_0..pdf,PIPE SUPPORTS,6,1.1/2,PS719-H-21.49-11-/,PS719,1.0,6820-R2-67326-03,6820,npd_suspicious
6820-R2-67326-03_POWL-XX01_0..pdf,PIPE SUPPORTS,7,1.1/2,PS201-1.5,PS201,2.0,6820-R2-67326-03,6820,npd_suspicious
6820-R2-67326-03_POWL-XX01_0..pdf,PIPE SUPPORTS,8,1.1/2,"PS719-H-4.69-11-/ TYPE: INSUL THK: SHOP: FIELD: PAINT CODE: MODULE: L Per LDT Per LDT N Y Per LDT - P&ID: 202998C-001-PID-0021-0334 UNIT#: EWP AREA: SPEC: STRESS CALC #: 6800 6820 POWL-XX01 - LINE No. 1.5""-R2-67326-POWL-XX01-N Battleground DRAWING NUMBER REV. 6820-R2-67326-03 *6820-R2-67326-03*",PS719,1.0,6820-R2-67326-03,6820,npd_suspicious
6820-R2-67326-04_POWL-XX01_0..pdf,OTHER THAN SHOP MATERIALS,1,1.1/2,"Pipes, Seamless, ASME B36.10, ASTM ' A106 Gr.B Galv. as per ASTM A153, NPTM Ends, w/ coupling, NSF-61 Cert, S-XS",C76SD255,18.9,6820-R2-67326-04,6820,npd_suspicious
6820-R2-67326-04_POWL-XX01_0..pdf,OTHER THAN SHOP MATERIALS,2,1.1/2,"90° Elb, ASME B16.3, ASTM A197 Galv. as per ASTM A153, 150 Lbs, NPTF Ends, NSF-61 Cert.,",C76SDEP7,4.0,6820-R2-67326-04,6820,npd_suspicious
6820-R2-67326-04_POWL-XX01_0..pdf,PIPE SUPPORTS,3,1.1/2,PS712-D-14.30,PS712,1.0,6820-R2-67326-04,6820,npd_suspicious
6820-R2-67326-04_POWL-XX01_0..pdf,PIPE SUPPORTS,4,1.1/2,PS433-1.5,PS433,1.0,6820-R2-67326-04,6820,npd_suspicious
6820-R2-67326-04_POWL-XX01_0..pdf,PIPE SUPPORTS,5,1.1/2,PS201-1.5,PS201,1.0,6820-R2-67326-04,6820,npd_suspicious
6820-R2-67326-04_POWL-XX01_0..pdf,PIPE SUPPORTS,6,1.1/2,PS713-E-17,PS713,1.0,6820-R2-67326-04,6820,npd_suspicious
6820-R2-67326-04_POWL-XX01_0..pdf,PIPE SUPPORTS,7,1.1/2,"PS210-1.5 TYPE: INSUL THK: SHOP: FIELD: PAINT CODE: MODULE: L Per LDT Per LDT N Y Per LDT - P&ID: 202998C-001-PID-0021-0334 UNIT#: EWP AREA: SPEC: STRESS CALC #: 6800 6820 POWL-XX01 - LINE No. 1.5""-R2-67326-POWL-XX01-N Battleground DRAWING NUMBER REV. 6820-R2-67326-04 *6820-R2-67326-04*",PS210,1.0,6820-R2-67326-04,6820,npd_suspicious
6820-R2-67326-05_POWL-XX01_0..pdf,OTHER THAN SHOP MATERIALS,1,1.1/2,"Pipes, Seamless, ASME B36.10, ASTM ' A106 Gr.B Galv. as per ASTM A153, NPTM Ends, w/ coupling, NSF-61 Cert, S-XS",C76SD255,16.1,6820-R2-67326-05,6820,npd_suspicious
6820-R2-67326-05_POWL-XX01_0..pdf,OTHER THAN SHOP MATERIALS,2,1.1/2,"90° Elb, ASME B16.3, ASTM A197 Galv. as per ASTM A153, 150 Lbs, NPTF Ends, NSF-61 Cert.,",C76SDEP7,5.0,6820-R2-67326-05,6820,npd_suspicious
6820-R2-67326-05_POWL-XX01_0..pdf,PIPE SUPPORTS,3,1.1/2,PS433-1,PS433,2.0,6820-R2-67326-05,6820,npd_suspicious
6820-R2-67326-05_POWL-XX01_0..pdf,PIPE SUPPORTS,4,1.1/2,PS201-1.5,PS201,2.0,6820-R2-67326-05,6820,npd_suspicious
6820-R2-67326-05_POWL-XX01_0..pdf,PIPE SUPPORTS,5,1.1/2,"PS709-A-24-15 TYPE: INSUL THK: SHOP: FIELD: PAINT CODE: MODULE: L Per LDT Per LDT N Y Per LDT - P&ID: 202998C-001-PID-0021-0334 UNIT#: EWP AREA: SPEC: STRESS CALC #: 6800 6820 POWL-XX01 - LINE No. 1.5""-R2-67326-POWL-XX01-N Battleground DRAWING NUMBER REV. 6820-R2-67326-05 *6820-R2-67326-05*",PS709,1.0,6820-R2-67326-05,6820,npd_suspicious
6820-R2-67327-02_SCXL-CS02_1..pdf,OTHER THAN SHOP MATERIALS,6,4,SP-6804 SP-6804,,1.0,6820-R2-67327-02,6820,bad_ident
6820-R2-67328-02_SCXL-CS02_1..pdf,OTHER THAN SHOP MATERIALS,6,4,SP-6804 SP-6804,,1.0,6820-R2-67328-02,6820,bad_ident
6820-R2-67329-02_NOHD-NI03_1..pdf,OTHER THAN SHOP MATERIALS,7,6,SP-6809 SP-6809,,1.0,6820-R2-67329-02,6820,bad_ident
6820-R2-67329-02_NOHD-NI03_1..pdf,PIPE SUPPORTS,1,,,,0.0,6820-R2-67329-02,6820,bad_qty
6820-R2-67333-01_ARWW-CS01_0..pdf,PIPE SUPPORTS,4,1.1/2,PS433-1.5,PS433,2.0,6820-R2-67333-01,6820,npd_suspicious
6820-R2-67333-01_ARWW-CS01_0..pdf,PIPE SUPPORTS,5,1.1/2,PS201-1.5,PS201,1.0,6820-R2-67333-01,6820,npd_suspicious
6820-R2-67333-02_ARWW-CS01_0..pdf,OTHER THAN SHOP MATERIALS,11,3/4,SP-6833 SP-6833,,1.0,6820-R2-67333-02,6820,bad_ident
6820-R2-67334-01_ARWW-CS01_0..pdf,PIPE SUPPORTS,4,1.1/2,PS201-1.5,PS201,1.0,6820-R2-67334-01,6820,npd_suspicious
6820-R2-67334-01_ARWW-CS01_0..pdf,PIPE SUPPORTS,5,1.1/2,PS719-H-14.12-7-/,PS719,1.0,6820-R2-67334-01,6820,npd_suspicious
6820-R2-67334-01_ARWW-CS01_0..pdf,PIPE SUPPORTS,6,1.1/2,PS433-1.5,PS433,1.0,6820-R2-67334-01,6820,npd_suspicious
6820-R2-67334-02_ARWW-CS01_0..pdf,PIPE SUPPORTS,5,1.1/2,PS433-1.5,PS433,3.0,6820-R2-67334-02,6820,npd_suspicious
6820-R2-67334-02_ARWW-CS01_0..pdf,PIPE SUPPORTS,6,1.1/2,PS201-1.5,PS201,3.0,6820-R2-67334-02,6820,npd_suspicious
6820-R2-67334-02_ARWW-CS01_0..pdf,PIPE SUPPORTS,7,1.1/2,PS719-H-14.52-7-/,PS719,1.0,6820-R2-67334-02,6820,npd_suspicious
6820-R2-67334-04-ARWW-CS01_..pdf,OTHER THAN SHOP MATERIALS,7,3/4,SP-6833 SP-6833,,1.0,6820-R2-67334-04,6820,bad_ident
6820-R2-67335-01_ARWW-CS01_0..pdf,PIPE SUPPORTS,5,1.1/2,PS201-1.5,PS201,1.0,6820-R2-67335-01,6820,npd_suspicious
6820-R2-67335-01_ARWW-CS01_0..pdf,PIPE SUPPORTS,6,1.1/2,PS433-1.5,PS433,2.0,6820-R2-67335-01,6820,npd_suspicious
6820-R2-67335-01_ARWW-CS01_0..pdf,PIPE SUPPORTS,7,1.1/2,PS210-1.5,PS210,1.0,6820-R2-67335-01,6820,npd_suspicious
6820-R2-67335-01_ARWW-CS01_0..pdf,PIPE SUPPORTS,8,1.1/2,PS732-4-18-28.5,PS732,1.0,6820-R2-67335-01,6820,npd_suspicious
6820-R2-67335-01_ARWW-CS01_0..pdf,PIPE SUPPORTS,9,1.1/2,PS719-H-15.71-24-/,PS719,1.0,6820-R2-67335-01,6820,npd_suspicious
6820-R2-67335-02_ARWW-CS01_0..pdf,PIPE SUPPORTS,3,1.1/2,PS433-1.5,PS433,3.0,6820-R2-67335-02,6820,npd_suspicious
6820-R2-67335-02_ARWW-CS01_0..pdf,PIPE SUPPORTS,4,1.1/2,PS201-1.5,PS201,3.0,6820-R2-67335-02,6820,npd_suspicious
6820-R2-67335-02_ARWW-CS01_0..pdf,PIPE SUPPORTS,5,1.1/2,PS721-H-16.27-24-4,PS721,1.0,6820-R2-67335-02,6820,npd_suspicious
6820-R2-67335-02_ARWW-CS01_0..pdf,PIPE SUPPORTS,6,1.1/2,PS210-1.5,PS210,2.0,6820-R2-67335-02,6820,npd_suspicious
6820-R2-67335-02_ARWW-CS01_0..pdf,PIPE SUPPORTS,7,1.1/2,PS715-E-12.3,PS715,1.0,6820-R2-67335-02,6820,npd_suspicious
6820-R2-67335-03_ARWW-CS01_0..pdf,OTHER THAN SHOP MATERIALS,10,3/4,SP-6833 SP-6833,,1.0,6820-R2-67335-03,6820,bad_ident
6820-R2-67337-01_ARWW-CS01_0..pdf,OTHER THAN SHOP MATERIALS,12,3/4,SP-6833 SP-6833,,1.0,6820-R2-67337-01,6820,bad_ident
6820-R2-67337-01_ARWW-CS01_0..pdf,PIPE SUPPORTS,14,1.1/2,PS433-1.5,PS433,1.0,6820-R2-67337-01,6820,npd_suspicious
6820-R2-67337-01_ARWW-CS01_0..pdf,PIPE SUPPORTS,15,1.1/2,PS721-H-14.5-35.6-/,PS721,1.0,6820-R2-67337-01,6820,npd_suspicious
6820-R2-67338-03_SLPG-CS01_0..pdf,OTHER THAN SHOP MATERIALS,7,1,SP-6832 SP-6832,,1.0,6820-R2-67338-03,6820,bad_ident
6820-R2-67339-02_SLPG-CS01_0..pdf,OTHER THAN SHOP MATERIALS,8,1,SP-6832 SP-6832,,1.0,6820-R2-67339-02,6820,bad_ident
6820-R2-67340-02_SLPG-CS01_1..pdf,OTHER THAN SHOP MATERIALS,1,PIPE,SUPPORTS,,0.0,6820-R2-67340-02,6820,bad_qty
6820-R2-67340-03_SLPG-CS01_0..pdf,OTHER THAN SHOP MATERIALS,8,1,SP-6832 SP-6832,,1.0,6820-R2-67340-03,6820,bad_ident
6820-R2-67342-02_SLPG-CS01_0..pdf,OTHER THAN SHOP MATERIALS,8,1,SP-6832 SP-6832,,1.0,6820-R2-67342-02,6820,bad_ident
6820-R2-67343-03_EPCL-SS01_0..pdf,OTHER THAN SHOP MATERIALS,2,1X1,"Eq Te, ASME B16.11, ASTM A182 Gr.F304L, 3000 Lbs, NPTF Ends, Annealed,",C7BP525C,1.0,6820-R2-67343-03,6820,npd_suspicious
6820-R2-67343-03_EPCL-SS01_0..pdf,OTHER THAN SHOP MATERIALS,3,1X3/4,"Concentric swage, MSS SP-95, ASTM A403 Gr.WP304L,NPTM Ends,-, Annealed, S-80S",C7BP5XKV,1.0,6820-R2-67343-03,6820,npd_suspicious
6820-R2-67343-03_EPCL-SS01_0..pdf,OTHER THAN SHOP MATERIALS,6,3/4,SP-6830 SP-6830,,1.0,6820-R2-67343-03,6820,bad_ident
6820-R2-67344-02_EPCL-SS01_0..pdf,OTHER THAN SHOP MATERIALS,2,1X1,"Eq Te, ASME B16.11, ASTM A182 Gr.F304L, 3000 Lbs, NPTF Ends, Annealed,",C7BP525C,1.0,6820-R2-67344-02,6820,npd_suspicious
6820-R2-67344-02_EPCL-SS01_0..pdf,OTHER THAN SHOP MATERIALS,3,1X3/4,"Concentric swage, MSS SP-95, ASTM A403 Gr.WP304L,NPTM Ends,-, Annealed, S-80S",C7BP5XKV,1.0,6820-R2-67344-02,6820,npd_suspicious
6820-R2-67344-02_EPCL-SS01_0..pdf,OTHER THAN SHOP MATERIALS,6,3/4,SP-6830 SP-6830,,1.0,6820-R2-67344-02,6820,bad_ident
6820-R2-67345-03_EPCL-SS01_0..pdf,OTHER THAN SHOP MATERIALS,2,1X1,"Eq Te, ASME B16.11, ASTM A182 Gr.F304L, 3000 Lbs, NPTF Ends, Annealed,",C7BP525C,1.0,6820-R2-67345-03,6820,npd_suspicious
6820-R2-67345-03_EPCL-SS01_0..pdf,OTHER THAN SHOP MATERIALS,3,1X3/4,"Concentric swage, MSS SP-95, ASTM A403 Gr.WP304L,NPTM Ends,-, Annealed, S-80S",C7BP5XKV,1.0,6820-R2-67345-03,6820,npd_suspicious
6820-R2-67345-03_EPCL-SS01_0..pdf,OTHER THAN SHOP MATERIALS,7,3/4,SP-6830 SP-6830,,1.0,6820-R2-67345-03,6820,bad_ident
6820-R2-67347-02_EPCL-SS01_0..pdf,OTHER THAN SHOP MATERIALS,2,1X1,"Eq Te, ASME B16.11, ASTM A182 Gr.F304L, 3000 Lbs, NPTF Ends, Annealed,",C7BP525C,1.0,6820-R2-67347-02,6820,npd_suspicious
6820-R2-67347-02_EPCL-SS01_0..pdf,OTHER THAN SHOP MATERIALS,3,1X3/4,"Concentric swage, MSS SP-95, ASTM A403 Gr.WP304L,NPTM Ends,-, Annealed, S-80S",C7BP5XKV,1.0,6820-R2-67347-02,6820,npd_suspicious
6820-R2-67347-02_EPCL-SS01_0..pdf,OTHER THAN SHOP MATERIALS,6,3/4,SP-6830 SP-6830,,1.0,6820-R2-67347-02,6820,bad_ident
6820-R2-67350-01_NOHD-CS01_0..pdf,OTHER THAN SHOP MATERIALS,7,1.1/8,"SBlt 2 HHx N, A193 Gr.B7/A194 Gr.2H, -, Xylan PTFE Coated, - 6.5 in. Length",C6S4K8G2,20.0,6820-R2-67350-01,6820,npd_suspicious
6820-R2-67351-01_NOHD-CS01_0..pdf,OTHER THAN SHOP MATERIALS,7,12,14-PSE-68399 14-PSE-68399,,1.0,6820-R2-67351-01,6820,bad_ident
6820-R2-67356-01_ARDG-XX01_0..pdf,OTHER THAN SHOP MATERIALS,2,1X1/2,"Concentric swage, MSS SP-95, ASTM A234 Gr.WPB Galv. as per ASTM A153,NPTM Ends,-, -, S-XS",CDFD3U7Y,1.0,6820-R2-67356-01,6820,npd_suspicious
6820-R2-67361-01_SCXL-CS02_0..pdf,OTHER THAN SHOP MATERIALS,1115,5/8,"SBlt 2 HHx N, A193 Gr.B7/A194 Gr.2H, -, Xylan PTFE Coated, - 3 in. Length",C6S4K88N,8.0,6820-R2-67361-01,6820,bad_no
6820-R2-67361-02_SCXL-CS02_1..pdf,OTHER THAN SHOP MATERIALS,17,2,14-AE-68001 14-AE-68001,,1.0,6820-R2-67361-02,6820,bad_ident
6820-R2-67361-04_SCXL-CS02_0..pdf,OTHER THAN SHOP MATERIALS,16,4,14-LV-68200 14-LV-68200,,1.0,6820-R2-67361-04,6820,bad_ident
6820-R2-67361-05_SCXL-CS02_1..pdf,OTHER THAN SHOP MATERIALS,359,,"PTFE, 300 Lbs, RF as per ASME B16.5, Full Face, Thk=1/8in, -,",,0.0,6820-R2-67361-05,6820,bad_qty
6820-R2-67361-05_SCXL-CS02_1..pdf,OTHER THAN SHOP MATERIALS,15,6,14-HV-68510 14-HV-68510,,1.0,6820-R2-67361-05,6820,bad_ident
6820-R2-67367-03_SLPG-CS01_0..pdf,OTHER THAN SHOP MATERIALS,8,10X8,14-PSV-68919B 14-PSV-68919B,,1.0,6820-R2-67367-03,6820,bad_ident
6820-R2-67368-01_POWL-XX01_0..pdf,OTHER THAN SHOP MATERIALS,1,1.1/2,"Pipes, Seamless, ASME B36.10, ASTM ' A106 Gr.B Galv. as per ASTM A153, NPTM Ends, w/ coupling, NSF-61 Cert, S-XS",C76SD255,1.5,6820-R2-67368-01,6820,npd_suspicious
6820-R2-67368-01_POWL-XX01_0..pdf,OTHER THAN SHOP MATERIALS,2,1.1/2,"90° Elb, ASME B16.3, ASTM A197 Galv. as per ASTM A153, 150 Lbs, NPTF Ends, NSF-61 Cert., TYPE: INSUL THK: SHOP: FIELD: PAINT CODE: MODULE: L Per LDT Per LDT N Y Per LDT - P&ID: 202998C-001-PID-0021-0334 UNIT#: EWP AREA: SPEC: STRESS CALC #: 6800 6820 POWL-XX01 - LINE No. 1.5""-R2-67368-POWL-XX01-N Battleground DRAWING NUMBER REV. 6820-R2-67368-01 *6820-R2-67368-01*",C76SDEP7,1.0,6820-R2-67368-01,6820,npd_suspicious
6820-R2-67369-01_SCXL-CS01_0..pdf,OTHER THAN SHOP MATERIALS,1,PIPE,SUPPORTS,,0.0,6820-R2-67369-01,6820,bad_qty
6820-R2-67369-02_SCXL-CS01_1..pdf,OTHER THAN SHOP MATERIALS,4350,,"B16.5, Full Face, Thk=1/8in, -,",,0.0,6820-R2-67369-02,6820,bad_no
6820-R2-67369-02_SCXL-CS01_1..pdf,OTHER THAN SHOP MATERIALS,10,1,SP-6802 SP-6802,,1.0,6820-R2-67369-02,6820,bad_ident
6820-R2-67375-01_EPCW-CS01_0..pdf,OTHER THAN SHOP MATERIALS,1,1.1/2,"NM Flat Gk, Barium Sulfate filled PTFE, 150 Lbs, RF as per ASME B16.5, Full Face, Thk=1/8in, -,",C7CT1ZFK,1.0,6820-R2-67375-01,6820,npd_suspicious
6820-R2-67375-01_EPCW-CS01_0..pdf,OTHER THAN SHOP MATERIALS,3,1.1/2,"14-TE-68423 14-TE-68423 TYPE: INSUL THK: SHOP: FIELD: PAINT CODE: MODULE: V Per LDT Per LDT N Y Per LDT - P&ID: 202998C-001-PID-0021-0326 UNIT#: EWP AREA: SPEC: STRESS CALC #: 6800 6820 EPCW-CS01 - LINE No. 1.5""-R2-67375-EPCW-CS01-H Battleground DRAWING NUMBER REV. 6820-R2-67375-01 *6820-R2-67375-01*",,1.0,6820-R2-67375-01,6820,bad_ident
6820-R2-67377-01_SLPG-CS01_0..pdf,OTHER THAN SHOP MATERIALS,1,1.1/2,"NM Flat Gk, Aramid Fiber Reinforced SBR, 150 Lbs, RF as per ASME B16.5, -, Thk=1/8in, -,",C7SM1YGP,1.0,6820-R2-67377-01,6820,npd_suspicious
6820-R2-67377-01_SLPG-CS01_0..pdf,OTHER THAN SHOP MATERIALS,3,1.1/2,"14-TE-68422 14-TE-68422 TYPE: INSUL THK: SHOP: FIELD: PAINT CODE: MODULE: V Per LDT Per LDT N Y Per LDT - P&ID: 202998C-001-PID-0021-0324 UNIT#: EWP AREA: SPEC: STRESS CALC #: 6800 6820 SLPG-CS01 - LINE No. 1.5""-R2-67377-SLPG-CS01-H Battleground DRAWING NUMBER REV. 6820-R2-67377-01 *6820-R2-67377-01*",,1.0,6820-R2-67377-01,6820,bad_ident
6820-R2-67379-01_SCXL-CS01_0..pdf,OTHER THAN SHOP MATERIALS,3,,,,0.0,6820-R2-67379-01,6820,bad_qty
6820-R2-67380-01_SIPG-CS01_0..pdf,OTHER THAN SHOP MATERIALS,4,1.1/2,"SW Gk, AISI 304/Graphite, 300 Lbs, RF as per ASME B16.5, Thk=1/8in, -, -,",CGKFEG5X,2.0,6820-R2-67380-01,6820,npd_suspicious
6820-R2-67380-02_SIPG-CS01_0..pdf,OTHER THAN SHOP MATERIALS,4,1.1/2,"SW Gk, AISI 304/Graphite, 300 Lbs, RF as per ASME B16.5, Thk=1/8in, -, -,",CGKFEG5X,2.0,6820-R2-67380-02,6820,npd_suspicious
6820-R2-67381-01_EPCW-CS01_0..pdf,OTHER THAN SHOP MATERIALS,1,1.1/2,"Pipes, Seamless, ASME B36.10, ASTM ' A106 Gr.B, NPTM Ends, w/ coupling, -, S-XS",CEZCLVN,4.0,6820-R2-67381-01,6820,npd_suspicious
6820-R2-67381-01_EPCW-CS01_0..pdf,OTHER THAN SHOP MATERIALS,2,1.1/2,"90° Elb, ASME B16.11, ASTM A105N, 3000 Lbs, NPTF Ends, -,",C2JCKFK,2.0,6820-R2-67381-01,6820,npd_suspicious
6820-R2-67381-01_EPCW-CS01_0..pdf,OTHER THAN SHOP MATERIALS,3,1.1/2,"THD Flg, ASME B16.5, ASTM A105N, 150 Lbs, RF/NPTF End, -,",CFG8U740,4.0,6820-R2-67381-01,6820,npd_suspicious
6820-R2-67381-01_EPCW-CS01_0..pdf,OTHER THAN SHOP MATERIALS,4,1.1/2,"NM Flat Gk, Barium Sulfate filled PTFE, 150 Lbs, RF as per ASME B16.5, Full Face, Thk=1/8in, -,",C7CT1ZFK,4.0,6820-R2-67381-01,6820,npd_suspicious
6820-R2-67381-01_EPCW-CS01_0..pdf,OTHER THAN SHOP MATERIALS,6,1.1/2,"Gat Flg, -, API 600, ASTM A216 Gr.WCB,150 Lbs, RF, Ends as per ASME B16.5, HO,-, Valve Tag: GA-0215",C7SNM2BC,1.0,6820-R2-67381-01,6820,npd_suspicious
6820-R2-67381-01_EPCW-CS01_0..pdf,PIPE SUPPORTS,7,1.1/2,PS719-B-9.75-6-/,PS719,1.0,6820-R2-67381-01,6820,npd_suspicious
6820-R2-67381-01_EPCW-CS01_0..pdf,PIPE SUPPORTS,8,1.1/2,"PS433-1.5 TYPE: INSUL THK: SHOP: FIELD: PAINT CODE: MODULE: L Per LDT Per LDT N Y Per LDT - P&ID: 202998C-001-PID-0021-0326 UNIT#: EWP AREA: SPEC: STRESS CALC #: 6800 6820 EPCW-CS01 - LINE No. 1.5""-R2-67381-EPCW-CS01-P Battleground DRAWING NUMBER REV. 6820-R2-67381-01 *6820-R2-67381-01*",PS433,1.0,6820-R2-67381-01,6820,npd_suspicious
6820-R2-67381-02_EPCW-CS01_0..pdf,OTHER THAN SHOP MATERIALS,1,1.1/2,"Pipes, Seamless, ASME B36.10, ASTM ' A106 Gr.B, NPTM Ends, w/ coupling, -, S-XS",CEZCLVN,1.9,6820-R2-67381-02,6820,npd_suspicious
6820-R2-67381-02_EPCW-CS01_0..pdf,OTHER THAN SHOP MATERIALS,2,1.1/2,"THD Flg, ASME B16.5, ASTM A105N, 150 Lbs, RF/NPTF End, -,",CFG8U740,2.0,6820-R2-67381-02,6820,npd_suspicious
6820-R2-67381-02_EPCW-CS01_0..pdf,OTHER THAN SHOP MATERIALS,3,1.1/2,"NM Flat Gk, Barium Sulfate filled PTFE, 150 Lbs, RF as per ASME B16.5, Full Face, Thk=1/8in, -,",C7CT1ZFK,3.0,6820-R2-67381-02,6820,npd_suspicious
6820-R2-67381-02_EPCW-CS01_0..pdf,OTHER THAN SHOP MATERIALS,5,1.1/2,"Gat Flg, -, API 600, ASTM A216 Gr.WCB,150 Lbs, RF, Ends as per ASME B16.5, HO,-, Valve Tag: GA-0215",C7SNM2BC,1.0,6820-R2-67381-02,6820,npd_suspicious
6820-R2-67381-02_EPCW-CS01_0..pdf,PIPE SUPPORTS,6,1.1/2,PS433-1.5,PS433,1.0,6820-R2-67381-02,6820,npd_suspicious
6820-R2-67381-02_EPCW-CS01_0..pdf,PIPE SUPPORTS,7,1.1/2,"PS709-B-31.55-8 TYPE: INSUL THK: SHOP: FIELD: PAINT CODE: MODULE: L Per LDT Per LDT N Y Per LDT - P&ID: 202998C-001-PID-0021-0326 UNIT#: EWP AREA: SPEC: STRESS CALC #: 6800 6820 EPCW-CS01 - LINE No. 1.5""-R2-67381-EPCW-CS01-P Battleground DRAWING NUMBER REV. 6820-R2-67381-02 *6820-R2-67381-02*",PS709,1.0,6820-R2-67381-02,6820,npd_suspicious
6820-R2-67382-01_SIPG-CS01_0..pdf,OTHER THAN SHOP MATERIALS,6,1.1/2,"SW Gk, AISI 304/Graphite, 300 Lbs, RF as per ASME B16.5, Thk=1/8in, -, -,",CGKFEG5X,3.0,6820-R2-67382-01,6820,npd_suspicious
6820-R2-67382-01_SIPG-CS01_0..pdf,OTHER THAN SHOP MATERIALS,9,1.1/2,14-PIT-68341 14-PIT-68341,,1.0,6820-R2-67382-01,6820,bad_ident
